SPECIES	AUTHOR	STATUS	kingdom	phylum	class	order	family	genus	maybe_accepted_name	taxon_id	rank	accepted_name	authorship	synonyms	messages
Abortiporus biennis	(Bull.: Fr.) Singer	VU	Fungi	Basidiomycota	Agaricomycetes	Polyporales	Podoscyphaceae	Abortiporus	Abortiporus biennis	2544114	species	Abortiporus biennis	(Bull.) Singer		
Achroomyces effusus	(J. Schroet.) Mig.	DD	Fungi	Basidiomycota	Microbotryomycetes		Colacogloeaceae	Colacogloea	Colacogloea effusa	11528454	species	Colacogloea effusa	(J.Schröt.) Malysheva, Schoutteten & Spirin		
Achroomyces peniophorae	(Bourdot et Galzin) Wojewoda	DD	Fungi	Basidiomycota	Microbotryomycetes		Colacogloeaceae	Colacogloea	Colacogloea peniophorae	2556408	species	Colacogloea peniophorae	(Bourdot & Galzin) Oberw., R.Bauer & Bandoni		
Achroomyces sebaceus	(Berk. et Broome) Wojewoda	DD	Fungi	Basidiomycota	Cystobasidiomycetes	Naohideales	Naohideaceae	Naohidea	Naohidea sebacea	2555989	species	Naohidea sebacea	(Berk. & Broome) Oberw.		
Acrospermum compressum	Tode	LC	Fungi	Ascomycota	Dothideomycetes	Acrospermales	Acrospermaceae	Acrospermum	Acrospermum compressum	2612450	species	Acrospermum compressum	Tode		
Actinoscypha muelleri	Graddon	DD	Fungi	Ascomycota	Leotiomycetes	Helotiales	Pezizellaceae	Actinoscypha	Actinoscypha muelleri	3286587	species	Actinoscypha muelleri	Graddon		
Adelphella babingtonii	(Berk. & Broome) Pfister, Matočec & I. Kušan	LC	Fungi	Ascomycota	Pezizomycetes	Pezizales	Pezizaceae	Adelphella	Adelphella babingtonii	3494731	species	Adelphella babingtonii	(Berk. & Broome) Pfister, Matočec & I.Kušan		
Agaricus aestivalis	(F.H. Moeller) Pilat	LC	Fungi	Basidiomycota	Agaricomycetes	Agaricales	Agaricaceae	Agaricus	Agaricus altipes	5243464	species	Agaricus altipes	(F.H.Møller) F.H.Møller		
Agaricus altipes	(F.H. Moeller) Pilat	EN	Fungi	Basidiomycota	Agaricomycetes	Agaricales	Agaricaceae	Agaricus	Agaricus altipes	5243464	species	Agaricus altipes	(F.H.Møller) F.H.Møller		
Agaricus annae	Pilat	DD	Fungi	Basidiomycota	Agaricomycetes	Agaricales	Agaricaceae	Agaricus	Agaricus annae	5455722	species	Agaricus annae	Pilát		
Agaricus arvensis	Schff.:Fr.	LC	Fungi	Basidiomycota	Agaricomycetes	Agaricales	Agaricaceae	Agaricus	Agaricus arvensis	5243403	species	Agaricus arvensis	Schaeff.		
Agaricus augustus	Fr.	LC	Fungi	Basidiomycota	Agaricomycetes	Agaricales	Agaricaceae	Agaricus	Agaricus augustus	5243429	species	Agaricus augustus	Fr.		
Agaricus benesii	Pilat	VU	Fungi	Basidiomycota	Agaricomycetes	Agaricales	Agaricaceae	Agaricus	Agaricus benesii	8353373	species	Agaricus benesii	(Pilát) Pilát		
Agaricus bernardii	(Quel.) Sacc.	DD	Fungi	Basidiomycota	Agaricomycetes	Agaricales	Agaricaceae	Agaricus	Agaricus bernardii	5243392	species	Agaricus bernardii	Quél.		
Agaricus bisporus	(J.E. Lange) Imbach	LC	Fungi	Basidiomycota	Agaricomycetes	Agaricales	Agaricaceae	Agaricus	Agaricus bisporus	5243447	species	Agaricus bisporus	(J.E.Lange) Imbach		
Agaricus bitorquis	(Quel.) Sacc.	LC	Fungi	Basidiomycota	Agaricomycetes	Agaricales	Agaricaceae	Agaricus	Agaricus bitorquis	5243374	species	Agaricus bitorquis	(Quél.) Sacc.		
Agaricus bresadolae	Schulzer	DD	Fungi	Basidiomycota	Agaricomycetes	Agaricales	Agaricaceae	Leucoagaricus	Leucoagaricus americanus	2535839	species	Leucoagaricus americanus	(Peck) Vellinga		
Agaricus bresadolanus	Bohus	DD	Fungi	Basidiomycota	Agaricomycetes	Agaricales	Agaricaceae	Agaricus	Agaricus bresadolanus	5243347	species	Agaricus bresadolanus	Bohus		
Agaricus campestris	L.: Fr.	LC	Fungi	Basidiomycota	Agaricomycetes	Agaricales	Agaricaceae	Agaricus	Agaricus campestris	5243458	species	Agaricus campestris	L.		
Agaricus chionodermus	Pilat	DD	Fungi	Basidiomycota	Agaricomycetes	Agaricales	Agaricaceae	Agaricus	Agaricus chionodermus	5458123	species	Agaricus chionodermus	Pilát		
Agaricus comtulus	Fr.	NT	Fungi	Basidiomycota	Agaricomycetes	Agaricales	Agaricaceae	Agaricus	Agaricus comtulus	5243354	species	Agaricus comtulus	Fr.		
Agaricus cupreobrunneus	(Jul. Schaeff. et Steer) F.H. Moeller	DD	Fungi	Basidiomycota	Agaricomycetes	Agaricales	Agaricaceae	Agaricus	Agaricus cupreobrunneus	5243433	species	Agaricus cupreobrunneus	(Jul.Schäff. & Steer) Pilát		
Agaricus essettei	Bon	LC	Fungi	Basidiomycota	Agaricomycetes	Agaricales	Agaricaceae	Agaricus	Agaricus sylvicola	8365581	species	Agaricus sylvicola	(Vittad.) Peck		
Agaricus excellens	(F.H. Moeller) F.H. Moeller	VU	Fungi	Basidiomycota	Agaricomycetes	Agaricales	Agaricaceae	Agaricus	Agaricus urinascens	3336440	species	Agaricus urinascens	(Jul.Schäff. & F.H.Møller) Singer		
Agaricus floccipes	(Moeller) Bohus em. Bohus	DD	Fungi	Basidiomycota	Agaricomycetes	Agaricales	Agaricaceae	Agaricus	Agaricus moellerianus	5243441	species	Agaricus moellerianus	Bon		
Agaricus fuscofibrillosus	(F.H. Moeller) Pilat	DD	Fungi	Basidiomycota	Agaricomycetes	Agaricales	Agaricaceae	Agaricus	Agaricus fuscofibrillosus	5243473	species	Agaricus fuscofibrillosus	(F.H.Møller) Pilát		
Agaricus impudicus	(Rea) M.Lange	DD	Fungi	Basidiomycota	Agaricomycetes	Agaricales	Agaricaceae	Agaricus	Agaricus impudicus	5243420	species	Agaricus impudicus	(Rea) Pilát		author_mismatch
Agaricus langei	(F.H. Moeller) F.H. Moeller	LC	Fungi	Basidiomycota	Agaricomycetes	Agaricales	Agaricaceae	Agaricus	Agaricus langei	8336113	species	Agaricus langei	(F.H.Møller) F.H.Møller		
Agaricus lanipes	(F.H. Moeller et Jul. Schaeff.) Singer	VU	Fungi	Basidiomycota	Agaricomycetes	Agaricales	Agaricaceae	Agaricus	Agaricus lanipes	5243351	species	Agaricus lanipes	(F.H.Møller & Jul.Schäff.) Hlaváček		
Agaricus leucotrichus	(F.H. Moeller) F.H. Moeller	EN	Fungi	Basidiomycota	Agaricomycetes	Agaricales	Agaricaceae	Agaricus	Agaricus arvensis	5243403	species	Agaricus arvensis	Schaeff.		
Agaricus luteomaculatus	(F.H. Moeller) F.H. Moeller	VU	Fungi	Basidiomycota	Agaricomycetes	Agaricales	Agaricaceae	Agaricus	Agaricus luteomaculatus	7755728	species	Agaricus luteomaculatus	F.H.Møller		
Agaricus lutosus	(F.H. Moeller) F.H. Moeller	EN	Fungi	Basidiomycota	Agaricomycetes	Agaricales	Agaricaceae	Agaricus	Agaricus lutosus	5243399	species	Agaricus lutosus	F.H.Møller		
Agaricus macrocarpus	(F.H. Moeller) F.H. Moeller	VU	Fungi	Basidiomycota	Agaricomycetes	Agaricales	Agaricaceae	Agaricus	Agaricus macrocarpus	7937063	species	Agaricus macrocarpus	F.H.Møller		
Agaricus macrosporus	(Moell.et Schaeff.) Pilat	LC	Fungi	Basidiomycota	Agaricomycetes	Agaricales	Agaricaceae	Agaricus	Agaricus urinascens	3336440	species	Agaricus urinascens	(Jul.Schäff. & F.H.Møller) Singer		
Agaricus maleolens	F.H. Moeller	VU	Fungi	Basidiomycota	Agaricomycetes	Agaricales	Agaricaceae	Agaricus	Agaricus bernardii	5243392	species	Agaricus bernardii	Quél.		
Agaricus maskae	Pilat	DD	Fungi	Basidiomycota	Agaricomycetes	Agaricales	Agaricaceae	Agaricus	Agaricus litoralis	5243438	species	Agaricus litoralis	(Wakef. & A.Pearson) Pilát		
Agaricus mediofuscus	(F.H. Moeller) Pilat	DD	Fungi	Basidiomycota	Agaricomycetes	Agaricales	Agaricaceae	Agaricus	Agaricus langei	8336113	species	Agaricus langei	(F.H.Møller) F.H.Møller		
Agaricus niveolutescens	Huijsman	LC	Fungi	Basidiomycota	Agaricomycetes	Agaricales	Agaricaceae	Agaricus	Agaricus comtulus	5243354	species	Agaricus comtulus	Fr.		
Agaricus nivescens	(F.H. Moeller) F.H. Moeller	VU	Fungi	Basidiomycota	Agaricomycetes	Agaricales	Agaricaceae	Agaricus	Agaricus urinascens	3336440	species	Agaricus urinascens	(Jul.Schäff. & F.H.Møller) Singer		
Agaricus pampeanus	Speg.	DD	Fungi	Basidiomycota	Agaricomycetes	Agaricales	Hymenogastraceae	Naucoria	Naucoria pampeana	12240467	species	Naucoria pampeana	(Speg.) Rick		
Agaricus phaeolepidotus	(F.H. Moeller) F.H. Moeller	DD	Fungi	Basidiomycota	Agaricomycetes	Agaricales	Agaricaceae	Agaricus	Agaricus phaeolepidotus	8240628	species	Agaricus phaeolepidotus	F.H.Møller		
Agaricus pilatianus	Bohus	DD	Fungi	Basidiomycota	Agaricomycetes	Agaricales	Agaricaceae	Agaricus	Agaricus pilatianus	6014790	species	Agaricus pilatianus	(Bohus) Bohus		
Agaricus porphyrizon	P.D. Orton	VU	Fungi	Basidiomycota	Agaricomycetes	Agaricales	Agaricaceae	Agaricus	Agaricus porphyrizon	5243397	species	Agaricus porphyrizon	P.D.Orton		
Agaricus praeclaresquamosus	Freeman	LC	Fungi	Basidiomycota	Agaricomycetes	Agaricales	Agaricaceae	Agaricus	Agaricus moelleri	5243496	species	Agaricus moelleri	Wasser		
Agaricus pseudopratensis	(Bohus) Wasser	LC	Fungi	Basidiomycota	Agaricomycetes	Agaricales	Agaricaceae	Agaricus	Agaricus pseudopratensis	5243346	species	Agaricus pseudopratensis	(Bohus) Wasser		
Agaricus radicatus	Vittad. sensu Romagn.	DD	Fungi	Basidiomycota	Agaricomycetes	Agaricales	Agaricaceae	Agaricus	Agaricus bresadolanus	5243347	species	Agaricus bresadolanus	Bohus		
Agaricus rusiophyllus	Lasch	DD	Fungi	Basidiomycota	Agaricomycetes	Agaricales	Agaricaceae	Agaricus	Agaricus rusiophyllus	6014724	species	Agaricus rusiophyllus	Lasch		
Agaricus sagatus	Fr.	DD	Fungi	Basidiomycota	Agaricomycetes	Agaricales	Agaricaceae	Agaricus	Agaricus sagatus	5455981	species	Agaricus sagatus	Fr.		
Agaricus semotus	Fr.	LC	Fungi	Basidiomycota	Agaricomycetes	Agaricales	Agaricaceae	Agaricus	Agaricus semotus	5243428	species	Agaricus semotus	Fr.		
Agaricus squamuliferus	(F.H. Moeller) Pilat	LC	Fungi	Basidiomycota	Agaricomycetes	Agaricales	Agaricaceae	Agaricus	Agaricus benesii	8353373	species	Agaricus benesii	(Pilát) Pilát		
Agaricus subfloccosus	(J.E. Lange) Pilat	LC	Fungi	Basidiomycota	Agaricomycetes	Agaricales	Agaricaceae	Agaricus	Agaricus subfloccosus	7581021	species	Agaricus subfloccosus	(J.E.Lange) Pilát		
Agaricus subperonatus	(J.E. Lange) Singer	EN	Fungi	Basidiomycota	Agaricomycetes	Agaricales	Agaricaceae	Agaricus	Agaricus subperonatus	5243507	species	Agaricus subperonatus	(J.E.Lange) Singer		
Agaricus sylvaticus	Schaeff.	LC	Fungi	Basidiomycota	Agaricomycetes	Agaricales	Agaricaceae	Agaricus	Agaricus sylvaticus	8108291	species	Agaricus sylvaticus	Schaeff.		
Agaricus sylvicola	(Vittad.) Sacc.	LC	Fungi	Basidiomycota	Agaricomycetes	Agaricales	Agaricaceae	Agaricus	Agaricus sylvicola	8365581	species	Agaricus sylvicola	(Vittad.) Peck		
Agaricus tenuivolvatus	(F.H. Moeller) F.H. Moeller	DD	Fungi	Basidiomycota	Agaricomycetes	Agaricales	Agaricaceae	Agaricus	Agaricus tenuivolvatus	5455873	species	Agaricus tenuivolvatus	F.H.Møller		
Agaricus vaporarius	(Pers.) Cappelli	NT	Fungi	Basidiomycota	Agaricomycetes	Agaricales	Agaricaceae	Agaricus	Agaricus subperonatus	5243507	species	Agaricus subperonatus	(J.E.Lange) Singer		
Agaricus xanthodermus	Genev.	LC	Fungi	Basidiomycota	Agaricomycetes	Agaricales	Agaricaceae	Agaricus	Agaricus xanthodermus	5243412	species	Agaricus xanthodermus	Genev.		
Agrocybe arenicola	(Berk.) Singer	DD	Fungi	Basidiomycota	Agaricomycetes	Agaricales	Strophariaceae	Agrocybe	Agrocybe pediades	9050242	species	Agrocybe pediades	(Fr.) Fayod		
Agrocybe arvalis	(Fr.: Fr.) Singer	LC	Fungi	Basidiomycota	Agaricomycetes	Agaricales	Strophariaceae	Agrocybe	Agrocybe arvalis	2533170	species	Agrocybe arvalis	(Fr.) Singer		
Agrocybe cylindracea	(DC : Fr.) Maire	LC	Fungi	Basidiomycota	Agaricomycetes	Agaricales	Tubariaceae	Cyclocybe	Cyclocybe cylindracea	8138987	species	Cyclocybe cylindracea	(DC.) Vizzini & Angelini		
Agrocybe dura	(Bolton) Singer	LC	Fungi	Basidiomycota	Agaricomycetes	Agaricales	Strophariaceae	Agrocybe	Agrocybe dura	2533128	species	Agrocybe dura	(Bolton) Singer		
Agrocybe elatella	(P. Karst.) Vesterholt	VU	Fungi	Basidiomycota	Agaricomycetes	Agaricales	Strophariaceae	Agrocybe	Agrocybe elatella	3344350	species	Agrocybe elatella	(P.Karst.) Vesterh.		
Agrocybe erebia	(Fr.: Fr.) Kuehner	LC	Fungi	Basidiomycota	Agaricomycetes	Agaricales	Tubariaceae	Cyclocybe	Cyclocybe erebia	8191641	species	Cyclocybe erebia	(Fr.) Vizzini & Matheny		
Agrocybe firma	(Peck) Kuehner	VU	Fungi	Basidiomycota	Agaricomycetes	Agaricales	Strophariaceae	Agrocybe	Agrocybe firma	2533182	species	Agrocybe firma	(Peck) Singer		
Agrocybe gibberosa	(Fr.) Fayod	DD	Fungi	Basidiomycota	Agaricomycetes	Agaricales	Strophariaceae	Agrocybe	Agrocybe praecox	8997022	species	Agrocybe praecox	(Pers.) Fayod		
Agrocybe pediades	(Fr.) Fayod	LC	Fungi	Basidiomycota	Agaricomycetes	Agaricales	Strophariaceae	Agrocybe	Agrocybe pediades	9050242	species	Agrocybe pediades	(Fr.) Fayod		
Agrocybe praecox	(Pers.: Fr.) Fayod	LC	Fungi	Basidiomycota	Agaricomycetes	Agaricales	Strophariaceae	Agrocybe	Agrocybe praecox	8997022	species	Agrocybe praecox	(Pers.) Fayod		
Agrocybe pusiola	(Fr.: Fr.) R. Heim	DD	Fungi	Basidiomycota	Agaricomycetes	Agaricales	Strophariaceae	Agrocybe	Agrocybe pusiola	2533136	species	Agrocybe pusiola	(Fr.) R.Heim		
Agrocybe putaminum	(Maire) Singer	LC	Fungi	Basidiomycota	Agaricomycetes	Agaricales	Strophariaceae	Agrocybe	Agrocybe putaminum	2533207	species	Agrocybe putaminum	(Maire) Singer		
Agrocybe sphaleromorpha	(Bull.: Fr.) Fayod	LC	Fungi	Basidiomycota	Agaricomycetes	Agaricales	Strophariaceae	Agrocybe	Agrocybe praecox	8997022	species	Agrocybe praecox	(Pers.) Fayod		
Agrocybe splendida	Clemencon	LC	Fungi	Basidiomycota	Agaricomycetes	Agaricales	Strophariaceae	Agrocybe	Agrocybe splendida	3344375	species	Agrocybe splendida	Clémençon		
Agrocybe subpediades	(Murrill) Watling	DD	Fungi	Basidiomycota	Agaricomycetes	Agaricales	Strophariaceae	Agrocybe	Agrocybe pediades	9050242	species	Agrocybe pediades	(Fr.) Fayod		
Agrocybe vervacti	(Fr.: Fr.) Singer	VU	Fungi	Basidiomycota	Agaricomycetes	Agaricales	Strophariaceae	Agrocybe	Agrocybe vervacti	9151391	species	Agrocybe vervacti	(Fr.) Singer		
Albotricha albotestacea	(Desm.) Raitv.	DD	Fungi	Ascomycota	Leotiomycetes	Helotiales	Lachnaceae	Albotricha	Albotricha albotestacea	2586646	species	Albotricha albotestacea	(Desm.) Raitv.		
Aleuria aurantia	(Pers.) Fuckel	LC	Fungi	Ascomycota	Pezizomycetes	Pezizales	Pyronemataceae	Aleuria	Aleuria aurantia	5258678	species	Aleuria aurantia	(Pers.) Fuckel		
Aleuria bicucullata	(Boud.) Gillet	DD	Fungi	Ascomycota	Pezizomycetes	Pezizales	Pyronemataceae	Aleuria	Aleuria bicucullata	7879420	species	Aleuria bicucullata	(Boud.) Gillet		
Aleuria hortensis	(Crouan) Boud. sensu. le Gal	DD	Fungi	Ascomycota	Pezizomycetes	Pezizales	Pezizaceae	Peziza	Peziza hortensis	5259359	species	Peziza hortensis	P.Crouan & H.Crouan		
Aleuria luteonitens	(Berk. et Broome) Gillet	DD	Fungi	Ascomycota	Pezizomycetes	Pezizales	Pyronemataceae	Aleuria	Aleuria luteonitens	5258669	species	Aleuria luteonitens	(Berk. & Broome) Gillet		
Aleuria rhenana	Fuckel	DD	Fungi	Ascomycota	Pezizomycetes	Pezizales	Pyronemataceae	Sowerbyella	Sowerbyella rhenana	8258955	species	Sowerbyella rhenana	(Fuckel) J.Moravec		
Aleurina olivaceofusca	(Svrcek et J. Moravec) W.Y. Zhuang et Korf	DD	Fungi	Ascomycota	Pezizomycetes	Pezizales	Pyronemataceae	Aleurina	Aleurina olivaceofusca	5499871	species	Aleurina olivaceofusca	(Svrček & J.Moravec) W.Y.Zhuang & Korf		
Aleurobotrys botryosus	(Burt) Boidin, Lanq. & Gilles	DD	Fungi	Basidiomycota	Agaricomycetes	Russulales	Stereaceae	Aleurodiscus	Aleurodiscus botryosus	2552978	species	Aleurodiscus botryosus	Burt		
Aleurocystidiellum disciforme	(DC.: Fr.) Telleria	NT	Fungi	Basidiomycota	Agaricomycetes	Russulales	Stereaceae	Aleurodiscus	Aleurodiscus disciformis	2552879	species	Aleurodiscus disciformis	(DC.) Pat.		
Aleurocystidiellum subcruentatum	(Berk. et M.A. Curtis) P.A. Lemke	CR	Fungi	Basidiomycota	Agaricomycetes	Russulales	Stereaceae	Aleurocystidiellum	Aleurocystidiellum subcruentatum	2550628	species	Aleurocystidiellum subcruentatum	(Berk. & M.A.Curtis) P.A.Lemke		
Aleurodiscus amorphus	(Pers.: Fr.) J. Schroet.	VU	Fungi	Basidiomycota	Agaricomycetes	Russulales	Stereaceae	Aleurodiscus	Aleurodiscus amorphus	9200548	species	Aleurodiscus amorphus	(Pers.) J.Schröt.		
Aleurodiscus aurantius	(Pers.: Fr.) J. Schroet.	VU	Fungi	Basidiomycota	Agaricomycetes	Russulales	Stereaceae	Aleurodiscus	Aleurodiscus aurantius	2552845	species	Aleurodiscus aurantius	(Pers.) J.Schröt.		
Aleurodiscus cerussatus	(Bres.) Hoehn. et Litsch.	DD	Fungi	Basidiomycota	Agaricomycetes	Russulales	Stereaceae	Aleurodiscus	Aleurodiscus cerussatus	2552911	species	Aleurodiscus cerussatus	(Bres.) Höhn. & Litsch.		
Allophylaria campanuliformis	(Fuckel) Svrcek	DD	Fungi	Ascomycota	Leotiomycetes	Helotiales	Pezizellaceae	Allophylaria	Allophylaria campanuliformis	2581835	species	Allophylaria campanuliformis	(Fuckel) Svrček		
Allophylaria filicum	(W. Phillips) Svrcek	DD	Fungi	Ascomycota	Leotiomycetes	Helotiales	Pezizellaceae	Allophylaria	Allophylaria campanuliformis	2581835	species	Allophylaria campanuliformis	(Fuckel) Svrček		
Allophylaria subhyalina	(Rehm) Baral	DD	Fungi	Ascomycota	Leotiomycetes	Helotiales	Pezizellaceae	Allophylaria	Allophylaria subhyalina	2582519	species	Allophylaria subhyalina	(Rehm) Baral		
Alpova alpestris	P.-A.Moreau et F. Richard	LC	Fungi	Basidiomycota	Agaricomycetes	Boletales	Paxillaceae	Alpova	Alpova alpestris	8429488	species	Alpova alpestris	P.-A.Moreau & F.Rich.		
Alpova microsporus	(Velen.) Trappe	DD	Fungi	Basidiomycota	Agaricomycetes	Boletales	Paxillaceae	Alpova	Alpova microsporus	3353459	species	Alpova microsporus	(Velen.) Trappe		
Alutaceodontia alutacea	(Fr.) Hjortstam & Ryvarden	LC	Fungi	Basidiomycota	Agaricomycetes	Hymenochaetales	Schizoporaceae	Alutaceodontia	Alutaceodontia alutacea	2519039	species	Alutaceodontia alutacea	(Fr.) Hjortstam & Ryvarden		
Amanita alba	Gillet	LC	Fungi	Basidiomycota	Agaricomycetes	Agaricales	Amanitaceae	Amanita	Amanita alba	10372680	species	Amanita alba	(De Seynes) Gillet		
Amanita battarrae	Boud.	LC	Fungi	Basidiomycota	Agaricomycetes	Agaricales	Amanitaceae	Amanita	Amanita battarrae	5240259	species	Amanita battarrae	(Boud.) Bon		author_mismatch
Amanita beckeri	Huijsman	EN	Fungi	Basidiomycota	Agaricomycetes	Agaricales	Amanitaceae	Amanita	Amanita beckeri	5451688	species	Amanita beckeri	Huijsman		
Amanita caesarea	(Scop.: Fr.) Pers.	VU	Fungi	Basidiomycota	Agaricomycetes	Agaricales	Amanitaceae	Amanita	Amanita caesarea	5240269	species	Amanita caesarea	(Scop.) Pers.		
Amanita ceciliae	(Berk. et Broome) Sacc.	LC	Fungi	Basidiomycota	Agaricomycetes	Agaricales	Amanitaceae	Amanita	Amanita ceciliae	5240213	species	Amanita ceciliae	(Berk. & Broome) Bas		author_mismatch
Amanita citrina	(Schaeff.) Pers.	LC	Fungi	Basidiomycota	Agaricomycetes	Agaricales	Amanitaceae	Amanita	Amanita citrina	3328320	species	Amanita citrina	Pers.		
Amanita crocea	(Quel.) Singer	LC	Fungi	Basidiomycota	Agaricomycetes	Agaricales	Amanitaceae	Amanita	Amanita crocea	5240282	species	Amanita crocea	(Quél.) Singer		
Amanita eliae	Quel.	VU	Fungi	Basidiomycota	Agaricomycetes	Agaricales	Amanitaceae	Amanita	Amanita eliae	5240246	species	Amanita eliae	Quél.		
Amanita excelsa	(Fr.: Fr.) Bertillon	LC	Fungi	Basidiomycota	Agaricomycetes	Agaricales	Amanitaceae	Amanita	Amanita excelsa	8935018	species	Amanita excelsa	(Fr.) Bertill.		
Amanita franchetii	(Boud.) Fayod	VU	Fungi	Basidiomycota	Agaricomycetes	Agaricales	Amanitaceae	Amanita	Amanita franchetii	5240284	species	Amanita franchetii	(Boud.) Fayod		
Amanita friabilis	(P. Karst.) Bas	EN	Fungi	Basidiomycota	Agaricomycetes	Agaricales	Amanitaceae	Amanita	Amanita friabilis	5240288	species	Amanita friabilis	(P.Karst.) Bas		
Amanita fulva	Singer	LC	Fungi	Basidiomycota	Agaricomycetes	Agaricales	Amanitaceae	Amanita	Amanita fulva	7765582	species	Amanita fulva	Fr.		no_author_match
Amanita fusco-olivacea	Kuehner	DD	Fungi	Basidiomycota	Agaricomycetes	Agaricales	Amanitaceae	Amanita	Amanita battarrae	5240259	species	Amanita battarrae	(Boud.) Bon		author_mismatch
Amanita gemmata	(Fr.) Bertillon	NT	Fungi	Basidiomycota	Agaricomycetes	Agaricales	Amanitaceae	Amanita	Amanita gemmata	5240292	species	Amanita gemmata	(Fr.) Bertill.		
Amanita lividopallescens	(Gillet) Seyot	VU	Fungi	Basidiomycota	Agaricomycetes	Agaricales	Amanitaceae	Amanita	Amanita lividopallescens	9289289	species	Amanita lividopallescens	(Gillet) Seyot		
Amanita magnivolvata	Aalton	VU	Fungi	Basidiomycota	Agaricomycetes	Agaricales	Amanitaceae	Amanita	Amanita magnivolvata	5452669	species	Amanita magnivolvata	Aalto		
Amanita mairei	Foley	NT	Fungi	Basidiomycota	Agaricomycetes	Agaricales	Amanitaceae	Amanita	Amanita mairei	5240290	species	Amanita mairei	Foley		
Amanita malleata	(Piane) Bon	LC	Fungi	Basidiomycota	Agaricomycetes	Agaricales	Amanitaceae	Amanita	Amanita lividopallescens	9354572	species	Amanita lividopallescens	(Gillet) Bigeard & H.Guill.		author_mismatch
Amanita muscaria	(L.: Fr.) Pers.	LC	Fungi	Basidiomycota	Agaricomycetes	Agaricales	Amanitaceae	Amanita	Amanita muscaria	8168319	species	Amanita muscaria	(L.) Lam.		
Amanita nivalis	Grev.	VU	Fungi	Basidiomycota	Agaricomycetes	Agaricales	Amanitaceae	Amanita	Amanita nivalis	5240226	species	Amanita nivalis	Grev.		
Amanita ochraceomaculata	Neville, Poumarat et Fraiture	DD	Fungi	Basidiomycota	Agaricomycetes	Agaricales	Amanitaceae	Amanita	Amanita brunneofuliginea	5452378	species	Amanita brunneofuliginea	Zhu L.Yang		
Amanita ovoidea	(Bull.: Fr.) Link	DD	Fungi	Basidiomycota	Agaricomycetes	Agaricales	Amanitaceae	Amanita	Amanita ovoidea	5240329	species	Amanita ovoidea	(Bull.) Link		
Amanita pachyvolvata	(Bon) Krieglsteiner	VU	Fungi	Basidiomycota	Agaricomycetes	Agaricales	Amanitaceae	Amanita	Amanita pachyvolvata	5240301	species	Amanita pachyvolvata	(Bon) Krieglst.		
Amanita pantherina	(DC.: Fr.) Krombh.	LC	Fungi	Basidiomycota	Agaricomycetes	Agaricales	Amanitaceae	Amanita	Amanita pantherina	8961574	species	Amanita pantherina	(DC.) Krombh.		
Amanita phalloides	(Fr.: Fr.) Link	LC	Fungi	Basidiomycota	Agaricomycetes	Agaricales	Amanitaceae	Amanita	Amanita phalloides	5240325	species	Amanita phalloides	(Vaill. ex Fr.) Link		
Amanita porphyria	Alb. et Schwein.: Fr.	LC	Fungi	Basidiomycota	Agaricomycetes	Agaricales	Amanitaceae	Amanita	Amanita porphyria	5240279	species	Amanita porphyria	Alb. & Schwein.		
Amanita rubescens	Pers.: Fr.	LC	Fungi	Basidiomycota	Agaricomycetes	Agaricales	Amanitaceae	Amanita	Amanita rubescens	7881571	species	Amanita rubescens	(Pers.) Fr.		
Amanita solitaria	(Bull.:Fr.) Merat	VU	Fungi	Basidiomycota	Agaricomycetes	Agaricales	Amanitaceae	Aspidella	Aspidella solitaria	7242066	species	Aspidella solitaria	(Bull.) E.-J.Gilbert		
Amanita strobiliformis	(Paulet) Bertillon	LC	Fungi	Basidiomycota	Agaricomycetes	Agaricales	Amanitaceae	Amanita	Amanita strobiliformis	5240217	species	Amanita strobiliformis	(Paulet ex Vittad.) Bertill.		
Amanita submembranacea	(Bon) Groeger	LC	Fungi	Basidiomycota	Agaricomycetes	Agaricales	Amanitaceae	Amanita	Amanita submembranacea	8391120	species	Amanita submembranacea	(Bon) Gröger		
Amanita vaginata	(Bull.: Fr.) Vittad.	LC	Fungi	Basidiomycota	Agaricomycetes	Agaricales	Amanitaceae	Amanita	Amanita vaginata	5240306	species	Amanita vaginata	(Bull.) Lam.		
Amanita verna	(Bull.) Pers.	VU	Fungi	Basidiomycota	Agaricomycetes	Agaricales	Amanitaceae	Amanita	Amanita verna	5240320	species	Amanita verna	Bull. ex Lam.		no_author_match
Amanita virosa	(Fr.) Bertillon	LC	Fungi	Basidiomycota	Agaricomycetes	Agaricales	Amanitaceae	Amanita	Amanita virosa	5240323	species	Amanita virosa	Bertill.		
Amanita vittadinii	(Moretti) Vittad.	DD	Fungi	Basidiomycota	Agaricomycetes	Agaricales	Amanitaceae	Amanita	Amanita vittadinii	7647780	species	Amanita vittadinii	(Moretti) Vittad.		
Amaurochaete atra	(Alb. et Schwein.) Rost.	DD							Amaurochaete atra						not_found
Amphinema byssoides	(Pers.: Fr.) J. Erikss.	LC	Fungi	Basidiomycota	Agaricomycetes	Atheliales	Atheliaceae	Amphinema	Amphinema byssoides	5249374	species	Amphinema byssoides	(Pers.) J.Erikss.		
Ampulloclitocybe clavipes	(Pers.) Redhead, Lutzoni, Moncalvo & Vilgalys	LC	Fungi	Basidiomycota	Agaricomycetes	Agaricales	Hygrophoraceae	Ampulloclitocybe	Ampulloclitocybe clavipes	2538864	species	Ampulloclitocybe clavipes	(Pers.) Redhead, Lutzoni, Moncalvo & Vilgalys		
Amyloathelia amylacea	(Bourdot et Galzin) Hjorstam et Ryvarden	DD	Fungi	Basidiomycota	Agaricomycetes	Amylocorticiales	Amylocorticiaceae	Amyloathelia	Amyloathelia amylacea	2525304	species	Amyloathelia amylacea	(Bourdot & Galzin) Hjortstam & Ryvarden		
Amylocorticium canadense	(Burt) J. Erikks. et Weresub	DD	Fungi	Basidiomycota	Agaricomycetes	Amylocorticiales	Amylocorticiaceae	Amylocorticium	Amylocorticium canadense	2525141	species	Amylocorticium canadense	(Burt) J.Erikss. & Weresub		
Amylocorticium cebennense	(Bourdot) Pouzar	DD	Fungi	Basidiomycota	Agaricomycetes	Amylocorticiales	Amylocorticiaceae	Amylocorticium	Amylocorticium cebennense	2525137	species	Amylocorticium cebennense	(Bourdot) Pouzar		
Amylocorticium laceratum	(Litsch.) Hjortstam et Ryvarden	DD	Fungi	Basidiomycota	Agaricomycetes	Atheliales	Atheliaceae	Athelopsis	Athelopsis lacerata	2554262	species	Athelopsis lacerata	(Litsch.) J.Erikss. & Ryvarden		
Amylocorticium subsulphureum	(P.Karst.) Pouzar	DD	Fungi	Basidiomycota	Agaricomycetes	Amylocorticiales	Amylocorticiaceae	Amylocorticium	Amylocorticium subsulphureum	2525152	species	Amylocorticium subsulphureum	(P.Karst.) Pouzar		
Amyloporiella crassa	(P. Karst.) A. David et Tortic	EN	Fungi	Basidiomycota	Agaricomycetes	Polyporales	Fomitopsidaceae	Resinoporia	Resinoporia crassa	9754366	species	Resinoporia crassa	(P.Karst.) Audet		
Amylostereum areolatum	(Fr.) Boidin	NT	Fungi	Basidiomycota	Agaricomycetes	Russulales	Echinodontiaceae	Amylostereum	Amylostereum areolatum	8693982	species	Amylostereum areolatum	(Chaillet ex Fr.) Boidin		
Amylostereum chailletii	(Pers.) Boidin	LC	Fungi	Basidiomycota	Agaricomycetes	Russulales	Echinodontiaceae	Amylostereum	Amylostereum chailletii	2552499	species	Amylostereum chailletii	(Pers.) Boidin		
Amylostereum laevigatum	(Fr.: Fr.) Boidin	VU	Fungi	Basidiomycota	Agaricomycetes	Russulales	Echinodontiaceae	Amylostereum	Amylostereum laevigatum	2552515	species	Amylostereum laevigatum	(Fr.) Boidin		
Amyloxenasma allantospora	(Oberw.) Hjortstam & Ryvarden	LC	Fungi	Basidiomycota	Agaricomycetes	Amylocorticiales	Amylocorticiaceae	Amyloxenasma	Amyloxenasma allantosporum	2525299	species	Amyloxenasma allantosporum	(Oberw.) Hjortstam & Ryvarden		different_ending
Amyloxenasma grisellum	(Bourdot) Hjortstam & Ryvarden	DD	Fungi	Basidiomycota	Agaricomycetes	Amylocorticiales	Amylocorticiaceae	Amyloxenasma	Amyloxenasma grisellum	2525282	species	Amyloxenasma grisellum	(Bourdot) Hjortstam & Ryvarden		
Anellaria phalaenarum	Bull.: Fr.	NT	Fungi	Basidiomycota	Agaricomycetes	Agaricales	Bolbitiaceae	Panaeolus	Panaeolus semiovatus phalaenarus	8092694	variety	Panaeolus semiovatus phalaenarus	(Fr.) E.Gerhardt		author_mismatch
Anellaria semiovata	(Sowerby: Fr.) A. Pearson et Dennis	LC	Fungi	Basidiomycota	Agaricomycetes	Agaricales	Bolbitiaceae	Panaeolus	Panaeolus semiovatus	3317006	species	Panaeolus semiovatus	(Sowerby) S.Lundell & Nannf.		
Anomoporia albolutescens	(Romell) Pouzar	DD	Fungi	Basidiomycota	Agaricomycetes	Amylocorticiales	Amylocorticiaceae	Anomoloma	Anomoloma albolutescens	2543454	species	Anomoloma albolutescens	(Romell) Niemelä & K.H.Larss.		
Anomoporia myceliosa	(Peck) Pouzar	DD	Fungi	Basidiomycota	Agaricomycetes	Amylocorticiales	Amylocorticiaceae	Anomoloma	Anomoloma myceliosum	2543443	species	Anomoloma myceliosum	(Peck) Niemelä & K.H.Larss.		
Anthracobia macrocystis	(Cooke) Boud.	LC	Fungi	Ascomycota	Pezizomycetes	Pezizales	Pyronemataceae	Anthracobia	Anthracobia macrocystis	2594488	species	Anthracobia macrocystis	(Cooke) Boud.		
Anthracobia maurilabra	(Cooke) Boud.	NT	Fungi	Ascomycota	Pezizomycetes	Pezizales	Pyronemataceae	Anthracobia	Anthracobia maurilabra	2594502	species	Anthracobia maurilabra	(Cooke) Boud.		
Anthracobia melaloma	(Alb. et Schwein.: Fr.) Boud.	LC	Fungi	Ascomycota	Pezizomycetes	Pezizales	Pyronemataceae	Anthracobia	Anthracobia melaloma	2594493	species	Anthracobia melaloma	(Alb. & Schwein.) Arnould		
Anthracobia nitida	Boud.	LC	Fungi	Ascomycota	Pezizomycetes	Pezizales	Pyronemataceae	Anthracobia	Anthracobia nitida	2594505	species	Anthracobia nitida	Boud.		
Anthracobia subatra	(Rehm) M.M. Moser	LC	Fungi	Ascomycota	Pezizomycetes	Pezizales	Pyronemataceae	Anthracobia	Anthracobia subatra	2594500	species	Anthracobia subatra	(Rehm) M.M.Moser		
Anthracobia tristis	(Bomm., Rouss. et Sacc.) Boud.	LC	Fungi	Ascomycota	Pezizomycetes	Pezizales	Pyronemataceae	Anthracobia	Anthracobia tristis	7479625	species	Anthracobia tristis	(Sacc., E.Bommer & M.Rousseau) Boud.		
Antrodia albida	(Fr.:Fr.) Donk	VU	Fungi	Basidiomycota	Agaricomycetes	Polyporales	Fomitopsidaceae	Antrodia	Antrodia albida	8912808	species	Antrodia albida	(Fr.) Donk		
Antrodia alpina	(Lisch.) Gilb. et Ryvarden	DD	Fungi	Basidiomycota	Agaricomycetes	Polyporales	Fomitopsidaceae	Antrodia	Antrodia alpina	2542595	species	Antrodia alpina	(Litsch.) Gilb. & Ryvarden		
Antrodia kuzyana	(Pilát) Spirin, Vlasák, B. Rivoire, Kotir. & Miettinen	EN	Fungi	Basidiomycota	Agaricomycetes	Polyporales	Fomitopsidaceae	Brunneoporus	Brunneoporus kuzyanus	9738006	species	Brunneoporus kuzyanus	(Pilát) Audet		
Antrodia macra	(Sommerf.) Niemalae	LC	Fungi	Basidiomycota	Agaricomycetes	Polyporales	Fomitopsidaceae	Antrodia	Antrodia macra	2542664	species	Antrodia macra	(Sommerf.) Niemelä		
Antrodia ramentacea	(Berk. et Broome) Donk	EN	Fungi	Basidiomycota	Agaricomycetes	Polyporales	Fomitopsidaceae	Antrodia	Antrodia ramentacea	2542497	species	Antrodia ramentacea	(Berk. & Broome) Donk		
Antrodia serialis	(Fr.) Donk	LC	Fungi	Basidiomycota	Agaricomycetes	Polyporales	Fomitopsidaceae	Neoantrodia	Neoantrodia serialis	9690034	species	Neoantrodia serialis	(Fr.) Audet		
Antrodia sinuosa	(Fr.: Fr.) P. Karst.	EN	Fungi	Basidiomycota	Agaricomycetes	Polyporales	Fomitopsidaceae	Antrodia	Antrodia sinuosa	8892548	species	Antrodia sinuosa	(Fr.) P.Karst.		
Antrodia xantha	(Fr.) Ryvarden	LC	Fungi	Basidiomycota	Agaricomycetes	Polyporales	Fomitopsidaceae	Daedalea	Daedalea xantha	2542624	species	Daedalea xantha	(Fr.) A.Roy & A.B.De		
Antrodiella hoehnelii	(Bres.) Niemelae	LC	Fungi	Basidiomycota	Agaricomycetes	Polyporales	Steccherinaceae	Antrodiella	Antrodiella serpula	3362604	species	Antrodiella serpula	(P.Karst.) Spirin & Niemelä		
Antrodiella onychoides	(Egeland) Niemelae	DD	Fungi	Basidiomycota	Agaricomycetes	Polyporales	Steccherinaceae	Antrodiella	Antrodiella onychoides	2541887	species	Antrodiella onychoides	(Egeland) Niemelä		
Antrodiella romellii	(Donk) Niemelae	DD	Fungi	Basidiomycota	Agaricomycetes	Polyporales	Steccherinaceae	Antrodiella	Antrodiella romellii	2541952	species	Antrodiella romellii	(Donk) Niemelä		
Antrodiella semisupina	(Berk. et M.A. Curtis) Ryvarden et I. Johans.	VU	Fungi	Basidiomycota	Agaricomycetes	Polyporales	Steccherinaceae	Antrodiella	Antrodiella semisupina	2541957	species	Antrodiella semisupina	(Berk. & M.A.Curtis) Ryvarden		
Aphanobasidium pseudotsugae	(Burt) Boidin & Gilles	EN	Fungi	Basidiomycota	Agaricomycetes	Agaricales	Radulomycetaceae	Aphanobasidium	Aphanobasidium pseudotsugae	2550201	species	Aphanobasidium pseudotsugae	(Burt) Boidin & Gilles		
Aphanobasidium subnitens	(Bourdot & Galzin) Jülich	DD	Fungi	Basidiomycota	Agaricomycetes	Agaricales	Radulomycetaceae	Aphanobasidium	Aphanobasidium subnitens	8148203	species	Aphanobasidium subnitens	(Bourdot & Galzin) Jülich		
Apioperdon pyriforme	(Schaeff.) Vizzini	LC	Fungi	Basidiomycota	Agaricomycetes	Agaricales	Lycoperdaceae	Apioperdon	Apioperdon pyriforme	10852503	species	Apioperdon pyriforme	(Schaeff.) Vizzini		
Arachnopeziza aranea	(De Not.) Boud.	DD	Fungi	Ascomycota	Leotiomycetes	Helotiales	Arachnopezizaceae	Arachnopeziza	Arachnopeziza aranea	2585551	species	Arachnopeziza aranea	(De Not.) Boud.		
Arachnopeziza aurata	Fuckel	LC	Fungi	Ascomycota	Leotiomycetes	Helotiales	Arachnopezizaceae	Arachnopeziza	Arachnopeziza aurata	2585521	species	Arachnopeziza aurata	Fuckel		
Arachnopeziza aurelia	(Pers.: Fr.) Fuckel	DD	Fungi	Ascomycota	Leotiomycetes	Helotiales	Arachnopezizaceae	Arachnopeziza	Arachnopeziza aurelia	2585535	species	Arachnopeziza aurelia	(Pers.) Fuckel		
Armillaria borealis	Marxmueller et Korhonen	LC	Fungi	Basidiomycota	Agaricomycetes	Agaricales	Physalacriaceae	Armillaria	Armillaria borealis	2536906	species	Armillaria borealis	Marxm. & Korhonen		
Armillaria cepistipes	Velen.	LC	Fungi	Basidiomycota	Agaricomycetes	Agaricales	Physalacriaceae	Armillaria	Armillaria cepistipes	2536888	species	Armillaria cepistipes	Velen.		
Armillaria ectypa	(Fr.: Fr.) Lamoure	RE	Fungi	Basidiomycota	Agaricomycetes	Agaricales	Physalacriaceae	Desarmillaria	Desarmillaria ectypa	9694273	species	Desarmillaria ectypa	(Fr.) R.A.Koch & Aime		
Armillaria gallica	Marxmueller et Romagnesi	LC	Fungi	Basidiomycota	Agaricomycetes	Agaricales	Physalacriaceae	Armillaria	Armillaria gallica	2536847	species	Armillaria gallica	Marxm. & Romagn.		author_mismatch
Armillaria mellea	(Vahl) P. Kumm. aggr.	LC	Fungi	Basidiomycota	Agaricomycetes	Agaricales	Physalacriaceae	Armillaria	Armillaria mellea	2536891	species	Armillaria mellea	(Vahl) P.Kumm.		
Armillaria ostoyae	(Romagn.) Herink	LC	Fungi	Basidiomycota	Agaricomycetes	Agaricales	Physalacriaceae	Armillaria	Armillaria ostoyae	2536899	species	Armillaria ostoyae	(Romagn.) Herink		
Armillaria rickenii	Bohus	DD	Fungi	Basidiomycota	Agaricomycetes	Agaricales	Agaricaceae	Cercopemyces	Cercopemyces rickenii	7459774	species	Cercopemyces rickenii	(Bohus) Dima & L.Nagy		
Armillaria tabescens	(Scop.) Dennis et al.	DD	Fungi	Basidiomycota	Agaricomycetes	Agaricales	Physalacriaceae	Desarmillaria	Desarmillaria tabescens	9713443	species	Desarmillaria tabescens	(Scop.) R.A.Koch & Aime		author_mismatch
Armillariella nigropunctata	(Fr.) Herink	DD							Armillariella nigropunctata						not_found
Arpinia inops	Berthet	DD	Fungi	Ascomycota	Pezizomycetes	Pezizales	Pyronemataceae	Arpinia	Arpinia inops	3497148	species	Arpinia inops	Berthet		
Arpinia luteola	Geesink	DD	Fungi	Ascomycota	Pezizomycetes	Pezizales	Pyronemataceae	Arpinia	Arpinia luteola	7258226	species	Arpinia luteola	J.Geesink		
Arpinia rahmii	Hohmeyer et Senn-Irlet	DD	Fungi	Ascomycota	Pezizomycetes	Pezizales	Pyronemataceae	Arpinia	Arpinia rahmii	7385910	species	Arpinia rahmii	Hohmeyer & Senn-Irlet		
Arrhenia acerosa	(Fr.: Fr.) Kuehner	LC	Fungi	Basidiomycota	Agaricomycetes	Agaricales	Hygrophoraceae	Arrhenia	Arrhenia acerosa	8943301	species	Arrhenia acerosa	(Fr.) Kühner		
Arrhenia auriscalpium	Fr.	LC	Fungi	Basidiomycota	Agaricomycetes	Agaricales	Hygrophoraceae	Arrhenia	Arrhenia auriscalpium	2532876	species	Arrhenia auriscalpium	(Fr.) Fr.		
Arrhenia cyathella	(J. Favre & Schweers ex Kuyper) Elborne	DD	Fungi	Basidiomycota	Agaricomycetes	Agaricales	Hygrophoraceae	Arrhenia	Arrhenia cyathella	8025473	species	Arrhenia cyathella	(J.Favre & Schweers ex Kuyper) Elborne		
Arrhenia epichysium	(Pers.) Redhead, Lutzoni, Moncalvo & Vilgalys	LC	Fungi	Basidiomycota	Agaricomycetes	Agaricales	Hygrophoraceae	Arrhenia	Arrhenia epichysium	2532835	species	Arrhenia epichysium	(Pers.) Redhead, Lutzoni, Moncalvo & Vilgalys		
Arrhenia fissa	(Leyss.) Redhead	DD	Fungi	Basidiomycota	Agaricomycetes	Agaricales	Hygrophoraceae	Arrhenia	Arrhenia fissa	2532739	species	Arrhenia fissa	(Leyss.) Redhead		
Arrhenia fusconigra	(P.D. Orton) P.-A. Moreau & Courtec.	CR	Fungi	Basidiomycota	Agaricomycetes	Agaricales	Hygrophoraceae	Arrhenia	Arrhenia fusconigra	5955165	species	Arrhenia fusconigra	(P.D.Orton) P.-A.Moreau & Courtec.		
Arrhenia gerardiana	(Peck) Elborne	EN	Fungi	Basidiomycota	Agaricomycetes	Agaricales	Hygrophoraceae	Arrhenia	Arrhenia gerardiana	8112909	species	Arrhenia gerardiana	(Peck) Elborne		
Arrhenia griseopallida	(Desm.) Watling	VU	Fungi	Basidiomycota	Agaricomycetes	Agaricales	Hygrophoraceae	Arrhenia	Arrhenia griseopallida	2532761	species	Arrhenia griseopallida	(Desm.) Watling		
Arrhenia lobata	(Pers.: Fr.) Redhead	LC	Fungi	Basidiomycota	Agaricomycetes	Agaricales	Hygrophoraceae	Arrhenia	Arrhenia lobata	2532827	species	Arrhenia lobata	(Pers.) Kühner & Lamoure ex Redhead		
Arrhenia lundellii	(Pilát) Redhead, Lutzoni, Moncalvo & Vilgalys	DD	Fungi	Basidiomycota	Agaricomycetes	Agaricales	Hygrophoraceae	Arrhenia	Arrhenia lundellii	3327709	species	Arrhenia lundellii	(Pilát) Redhead, Lutzoni, Moncalvo & Vilgalys		
Arrhenia obatra	(J. Favre) Redhead, Lutzoni, Moncalvo & Vilgalys	LC	Fungi	Basidiomycota	Agaricomycetes	Agaricales	Hygrophoraceae	Arrhenia	Arrhenia obatra	2532788	species	Arrhenia obatra	(J.Favre) Redhead, Lutzoni, Moncalvo & Vilgalys		
Arrhenia obscurata	(D.A. Reid) Redhead, Lutzoni, Moncalvo & Vilgalys	EN	Fungi	Basidiomycota	Agaricomycetes	Agaricales	Hygrophoraceae	Arrhenia	Arrhenia obscurata	2532755	species	Arrhenia obscurata	(D.A.Reid) Redhead, Lutzoni, Moncalvo & Vilgalys		
Arrhenia onisca	(Fr.) Redhead, Lutzoni, Moncalvo & Vilgalys	VU	Fungi	Basidiomycota	Agaricomycetes	Agaricales	Hygrophoraceae	Lichenomphalia	Lichenomphalia umbellifera	5244016	species	Lichenomphalia umbellifera	(L.) Redhead, Lutzoni, Moncalvo & Vilgalys		different_ending
Arrhenia parvivelutina	(Clémençon & Irlet) Redhead, Lutzoni, Moncalvo & Vilgalys	DD	Fungi	Basidiomycota	Agaricomycetes	Agaricales	Hygrophoraceae	Arrhenia	Arrhenia parvivelutina	2532759	species	Arrhenia parvivelutina	(Clémençon & Irlet) Redhead, Lutzoni, Moncalvo & Vilgalys		
Arrhenia pauxilla	Redhead, Lutzoni, Moncalvo & Vilgalys	DD	Fungi	Basidiomycota	Agaricomycetes	Agaricales	Hygrophoraceae	Arrhenia	Arrhenia pauxilla	3327693	species	Arrhenia pauxilla	(Clémençon) Redhead, Lutzoni, Moncalvo & Vilgalys		
Arrhenia philonotis	(Lasch) Redhead, Lutzoni, Moncalvo & Vilgalys	EN	Fungi	Basidiomycota	Agaricomycetes	Agaricales	Hygrophoraceae	Arrhenia	Arrhenia philonotis	2532796	species	Arrhenia philonotis	(Lasch) Redhead, Lutzoni, Moncalvo & Vilgalys		
Arrhenia retiruga	(Bull.: Fr.) Redhead	NT	Fungi	Basidiomycota	Agaricomycetes	Agaricales	Hygrophoraceae	Arrhenia	Arrhenia retiruga	2532741	species	Arrhenia retiruga	(Bull.) Redhead		
Arrhenia rickenii	(Hora) Watling	LC	Fungi	Basidiomycota	Agaricomycetes	Agaricales	Hygrophoraceae	Arrhenia	Arrhenia rickenii	2532867	species	Arrhenia rickenii	(Hora) Watling		
Arrhenia roseola	(Quel.) Senn-Irlet	EN	Fungi	Basidiomycota	Agaricomycetes	Agaricales	Hygrophoraceae	Arrhenia	Arrhenia roseola	8261310	species	Arrhenia roseola	(Quél.) Senn-Irlet		
Arrhenia rustica	(Fr.) Redhead, Lutzoni, Moncalvo & Vilgalys	EN	Fungi	Basidiomycota	Agaricomycetes	Agaricales	Hygrophoraceae	Arrhenia	Arrhenia rustica	2532772	species	Arrhenia rustica	(Fr.) Redhead, Lutzoni, Moncalvo & Vilgalys		
Arrhenia spathulata	(Fr.) Redhead	LC	Fungi	Basidiomycota	Agaricomycetes	Agaricales	Hygrophoraceae	Arrhenia	Arrhenia spathulata	2532843	species	Arrhenia spathulata	(Fr.) Redhead		
Arrhenia subglobispora	(G. Moreno, Heykoop & E. Horak) Redhead, Lutzoni, Moncalvo & Vilgalys	DD	Fungi	Basidiomycota	Agaricomycetes	Agaricales	Hygrophoraceae	Arrhenia	Arrhenia subglobispora	3327694	species	Arrhenia subglobispora	(G.Moreno, Heykoop & E.Horak) Redhead, Lutzoni, Moncalvo & Vilgalys		
Arrhenia umbratilis	(Fr.) Redhead, Lutzoni, Moncalvo & Vilgalys	DD	Fungi	Basidiomycota	Agaricomycetes	Agaricales	Hygrophoraceae	Arrhenia	Arrhenia umbratilis	9105863	species	Arrhenia umbratilis	(Fr.) Redhead, Lutzoni, Moncalvo & Vilgalys		
Arrhenia velutipes	(P.D. Orton) Redhead, Lutzoni, Moncalvo & Vilgalys	LC	Fungi	Basidiomycota	Agaricomycetes	Agaricales	Hygrophoraceae	Arrhenia	Arrhenia velutipes	2532726	species	Arrhenia velutipes	(P.D.Orton) Redhead, Lutzoni, Moncalvo & Vilgalys		
Artomyces pyxidatus	(Pers.) Jülich	VU	Fungi	Basidiomycota	Agaricomycetes	Russulales	Auriscalpiaceae	Artomyces	Artomyces pyxidatus	2550493	species	Artomyces pyxidatus	(Pers.) Jülich		
Ascobolus aglaosporus	Heimerl	DD	Fungi	Ascomycota	Pezizomycetes	Pezizales	Ascobolaceae	Ascobolus	Ascobolus aglaosporus	3495343	species	Ascobolus aglaosporus	Heimerl		
Ascobolus albidus	Crouan	LC	Fungi	Ascomycota	Pezizomycetes	Pezizales	Ascobolaceae	Ascobolus	Ascobolus albidus	2595641	species	Ascobolus albidus	P.Crouan & H.Crouan		
Ascobolus behnitziensis	Kirschstein	DD	Fungi	Ascomycota	Pezizomycetes	Pezizales	Ascobolaceae	Ascobolus	Ascobolus behnitziensis	2595631	species	Ascobolus behnitziensis	Kirschst.		
Ascobolus brassicae	Crouan	DD	Fungi	Ascomycota	Pezizomycetes	Pezizales	Ascobolaceae	Ascobolus	Ascobolus brassicae	2595616	species	Ascobolus brassicae	P.Crouan & H.Crouan		
Ascobolus carbonarius	P. Karst.	LC	Fungi	Ascomycota	Pezizomycetes	Pezizales	Ascobolaceae	Ascobolus	Ascobolus carbonarius	2595613	species	Ascobolus carbonarius	P.Karst.		
Ascobolus crenulatus	P. Karst.	DD	Fungi	Ascomycota	Pezizomycetes	Pezizales	Ascobolaceae	Ascobolus	Ascobolus crenulatus	2595593	species	Ascobolus crenulatus	P.Karst.		
Ascobolus denudatus	Fr.	DD	Fungi	Ascomycota	Pezizomycetes	Pezizales	Ascobolaceae	Ascobolus	Ascobolus denudatus	2595572	species	Ascobolus denudatus	Fr.		
Ascobolus foliicola	Berk. et Broome	DD	Fungi	Ascomycota	Pezizomycetes	Pezizales	Ascobolaceae	Ascobolus	Ascobolus foliicola	2595647	species	Ascobolus foliicola	Berk. & Broome		
Ascobolus furfuraceus	Pers.: Fr.	LC	Fungi	Ascomycota	Pezizomycetes	Pezizales	Ascobolaceae	Ascobolus	Ascobolus furfuraceus	8732823	species	Ascobolus furfuraceus	Pers.		no_author_match
Ascobolus geophilus	Seaver	LC	Fungi	Ascomycota	Pezizomycetes	Pezizales	Ascobolaceae	Ascobolus	Ascobolus geophilus	2595574	species	Ascobolus geophilus	Seaver		
Ascobolus immersus	Pers.: Fr.	LC	Fungi	Ascomycota	Pezizomycetes	Pezizales	Ascobolaceae	Ascobolus	Ascobolus immersus	2595555	species	Ascobolus immersus	Pers.		author_mismatch
Ascobolus lignatilis	(Alb. et Schwein.) Pers.	DD	Fungi	Ascomycota	Pezizomycetes	Pezizales	Ascobolaceae	Ascobolus	Ascobolus lignatilis	7516965	species	Ascobolus lignatilis	Alb. & Schwein. ex Pers.		
Ascobolus michaudii	Boud.	DD	Fungi	Ascomycota	Pezizomycetes	Pezizales	Ascobolaceae	Ascobolus	Ascobolus michaudii	2595566	species	Ascobolus michaudii	Boud.		
Ascobolus nodulosporus	Brumm.	DD	Fungi	Ascomycota	Pezizomycetes	Pezizales	Ascobolaceae	Ascobolus	Ascobolus nodulosporus	3495376	species	Ascobolus nodulosporus	Brumm.		
Ascobolus perplexans	Massee et Salmon	DD	Fungi	Ascomycota	Pezizomycetes	Pezizales	Ascobolaceae	Ascobolus	Ascobolus perplexans	2595633	species	Ascobolus perplexans	Massee & E.S.Salmon		
Ascobolus pusillus	Boud.	LC	Fungi	Ascomycota	Pezizomycetes	Pezizales	Ascobolaceae	Ascobolus	Ascobolus pusillus	3495361	species	Ascobolus pusillus	Boud.		
Ascobolus roseopurpurascens	Rehm	DD	Fungi	Ascomycota	Pezizomycetes	Pezizales	Ascobolaceae	Ascobolus	Ascobolus roseopurpurascens	2595578	species	Ascobolus roseopurpurascens	Rehm		
Ascobolus sacchariferus	Brumm.	DD	Fungi	Ascomycota	Pezizomycetes	Pezizales	Ascobolaceae	Ascobolus	Ascobolus sacchariferus	2595579	species	Ascobolus sacchariferus	Brumm.		
Ascobolus stictoideus	Speg.	DD	Fungi	Ascomycota	Pezizomycetes	Pezizales	Ascobolaceae	Ascobolus	Ascobolus stictoideus	2595649	species	Ascobolus stictoideus	Speg.		
Ascobolus viridis	Currey	LC	Fungi	Ascomycota	Pezizomycetes	Pezizales	Ascobolaceae	Ascobolus	Ascobolus viridis	2595558	species	Ascobolus viridis	Curr.		
Ascocalyx abietis	Naumov	DD	Fungi	Ascomycota	Leotiomycetes	Helotiales	Godroniaceae	Ascocalyx	Ascocalyx abietis	2581771	species	Ascocalyx abietis	Naumov		
Ascocorticium anomalum	(Ellis et Harkn.) Earle	DD	Fungi	Ascomycota	Leotiomycetes	Helotiales	Ascocorticiaceae	Ascocorticium	Ascocorticium anomalum	2582962	species	Ascocorticium anomalum	(Ellis & Harkn.) J.Schröt.		
Ascocoryne cylichnium	(Tul.) Korf	LC	Fungi	Ascomycota	Leotiomycetes	Helotiales	Gelatinodiscaceae	Ascocoryne	Ascocoryne cylichnium	2584345	species	Ascocoryne cylichnium	(Tul.) Korf		
Ascocoryne sarcoides	(Jacq.) Groves et Wilson	LC	Fungi	Ascomycota	Leotiomycetes	Helotiales	Gelatinodiscaceae	Ascocoryne	Ascocoryne sarcoides	2584352	species	Ascocoryne sarcoides	(Jacq.) J.W.Groves & D.E.Wilson		
Ascocoryne turficola	(Boud.) Korf	EN	Fungi	Ascomycota	Leotiomycetes	Helotiales	Gelatinodiscaceae	Ascocoryne	Ascocoryne turficola	2586897	species	Ascocoryne turficola	(Boud.) Korf		
Ascophanus flavus	P. Karst.	DD	Fungi	Ascomycota	Pezizomycetes	Pezizales	Pyronemataceae	Cheilymenia	Cheilymenia karstenii	3496110	species	Cheilymenia karstenii	J.Moravec		
Ascophanus minutissimus	Boud.	DD	Fungi	Ascomycota	Leotiomycetes	Thelebolales	Thelebolaceae	Ascophanus	Ascophanus minutissimus	2595536	species	Ascophanus minutissimus	Boud.		
Ascotremella faginea	(Peck) Seaver	LC	Fungi	Ascomycota	Leotiomycetes	Helotiales	Gelatinodiscaceae	Ascotremella	Ascotremella faginea	2582489	species	Ascotremella faginea	(Peck) Seaver		
Ascozonus woolhopensis	(Berk. et Broome) Boud.	VU	Fungi	Ascomycota	Leotiomycetes	Thelebolales	Thelebolaceae	Ascozonus	Ascozonus woolhopensis	8396615	species	Ascozonus woolhopensis	(Renny) Boud.		
Asterophora lycoperdoides	(Bull.) Ditm.ex S.F.Gray	LC	Fungi	Basidiomycota	Agaricomycetes	Agaricales	Lyophyllaceae	Asterophora	Asterophora lycoperdoides	9210867	species	Asterophora lycoperdoides	(Bull.) Ditmar		
Asterophora parasitica	(Bull.:Fr.) Singer	LC	Fungi	Basidiomycota	Agaricomycetes	Agaricales	Lyophyllaceae	Asterophora	Asterophora parasitica	5241594	species	Asterophora parasitica	(Bull.) Singer		
Asterostroma cervicolor	(Berk. et M.A. Curtis) Massee	VU	Fungi	Basidiomycota	Agaricomycetes	Russulales	Peniophoraceae	Asterostroma	Asterostroma cervicolor	2552695	species	Asterostroma cervicolor	(Berk. & M.A.Curtis) Massee		
Asterostroma laxum	Bres.	EN	Fungi	Basidiomycota	Agaricomycetes	Russulales	Peniophoraceae	Asterostroma	Asterostroma laxum	2552694	species	Asterostroma laxum	Bres.		
Asterostroma medium	Bres.	DD	Fungi	Basidiomycota	Agaricomycetes	Russulales	Peniophoraceae	Asterostroma	Asterostroma medium	2552692	species	Asterostroma medium	Bres.		
Asterostroma ochroleucum	Bres.	DD	Fungi	Basidiomycota	Agaricomycetes	Russulales	Peniophoraceae	Asterostroma	Asterostroma cervicolor	2552695	species	Asterostroma cervicolor	(Berk. & M.A.Curtis) Massee		
Astraeus hygrometricus	(Pers.) Morgan	VU	Fungi	Basidiomycota	Agaricomycetes	Boletales	Diplocystidiaceae	Astraeus	Astraeus hygrometricus	5239766	species	Astraeus hygrometricus	(Pers.) Morgan		
Athelia acrospora	Juelich	LC	Fungi	Basidiomycota	Agaricomycetes	Atheliales	Atheliaceae	Athelia	Athelia acrospora	2554093	species	Athelia acrospora	Jülich		
Athelia alnicola	(Bourdot et Galzin) Juelich	DD	Fungi	Basidiomycota	Agaricomycetes	Atheliales	Atheliaceae	Athelia	Athelia alnicola	2554070	species	Athelia alnicola	(Bourdot & Galzin) Jülich		
Athelia arachnoidea	(Berk.) Juelich	LC	Fungi	Basidiomycota	Agaricomycetes	Atheliales	Atheliaceae	Athelia	Athelia arachnoidea	7720839	species	Athelia arachnoidea	(Berk.) Jülich		
Athelia binucleospora	Eriksson et Ryvarden	DD	Fungi	Basidiomycota	Agaricomycetes	Atheliales	Atheliaceae	Athelia	Athelia binucleospora	2554096	species	Athelia binucleospora	J.Erikss. & Ryvarden		
Athelia bombacina	(Pers.) Juelich	LC	Fungi	Basidiomycota	Agaricomycetes	Atheliales	Atheliaceae	Athelia	Athelia bombacina	7950026	species	Athelia bombacina	(Pers.) Jülich		
Athelia decipiens	(Hoehn. et Litsch.) J. Erikss.	LC	Fungi	Basidiomycota	Agaricomycetes	Atheliales	Atheliaceae	Athelia	Athelia decipiens	2554073	species	Athelia decipiens	(Höhn. & Litsch.) J.Erikss.		
Athelia epiphylla	Pers.	LC	Fungi	Basidiomycota	Agaricomycetes	Atheliales	Atheliaceae	Athelia	Athelia epiphylla	2554122	species	Athelia epiphylla	Pers.		
Athelia fibulata	Christ.	LC	Fungi	Basidiomycota	Agaricomycetes	Atheliales	Atheliaceae	Athelia	Athelia fibulata	2554102	species	Athelia fibulata	M.P.Christ.		
Athelia neuhoffii	(Bres.) Donk	LC	Fungi	Basidiomycota	Agaricomycetes	Atheliales	Atheliaceae	Athelia	Athelia neuhoffii	2554097	species	Athelia neuhoffii	(Bres.) Donk		
Athelia nivea	Juelich	DD	Fungi	Basidiomycota	Agaricomycetes	Atheliales	Atheliaceae	Athelia	Athelia nivea	2554080	species	Athelia nivea	Jülich		
Athelia ovata	Juelich	DD	Fungi	Basidiomycota	Agaricomycetes	Atheliales	Atheliaceae	Athelia	Athelia ovata	8295171	species	Athelia ovata	Jülich		
Athelia pyriformis	(M.P. Christ.) Juelich	LC	Fungi	Basidiomycota	Agaricomycetes	Agaricales	Hygrophoraceae	Eonema	Eonema pyriforme	5954835	species	Eonema pyriforme	(M.P.Christ.) Redhead, Lücking & Lawrey		
Athelia salicum	Pers.	DD	Fungi	Basidiomycota	Agaricomycetes	Atheliales	Atheliaceae	Athelia	Athelia salicum	2554076	species	Athelia salicum	Pers.		
Athelia tenuispora	Juelich	DD	Fungi	Basidiomycota	Agaricomycetes	Atheliales	Atheliaceae	Athelia	Athelia tenuispora	8019125	species	Athelia tenuispora	Jülich		
Athelidium aurantiacum	(M.P. Christ.) Oberw.	DD	Fungi	Basidiomycota	Agaricomycetes	Agaricales	Stephanosporaceae	Athelidium	Athelidium aurantiacum	2552401	species	Athelidium aurantiacum	(M.P.Christ.) Oberw.		
Atheloderma mirabile	Parmasto	DD	Fungi	Basidiomycota	Agaricomycetes	Hymenochaetales	Rickenellaceae	Atheloderma	Atheloderma mirabile	2519190	species	Atheloderma mirabile	Parmasto		
Athelopsis glaucina	(Bourdot et Galzin) Oberw. ex Parmasto	DD	Fungi	Basidiomycota	Agaricomycetes	Atheliales	Atheliaceae	Athelopsis	Athelopsis glaucina	2554234	species	Athelopsis glaucina	(Bourdot & Galzin) Oberw. ex Parmasto		
Athelopsis subinconspicua	(Litsch.) Juelich	DD	Fungi	Basidiomycota	Agaricomycetes	Atheliales	Atheliaceae	Athelopsis	Athelopsis subinconspicua	8195912	species	Athelopsis subinconspicua	(Litsch.) Jülich		
Atheniella adonis	(Bull.) Redhead, Moncalvo, Vilgalys, Desjardin & B.A. Perry	VU	Fungi	Basidiomycota	Agaricomycetes	Agaricales	Mycenaceae	Atheniella	Atheniella adonis	7825358	species	Atheniella adonis	(Bull.) Redhead, Moncalvo, Vilgalys, Desjardin & B.A.Perry		
Atheniella flavoalba	(Fr.) Redhead, Moncalvo, Vilgalys, Desjardin & B.A. Perry	LC	Fungi	Basidiomycota	Agaricomycetes	Agaricales	Mycenaceae	Atheniella	Atheniella flavoalba	8110284	species	Atheniella flavoalba	(Fr.) Redhead, Moncalvo, Vilgalys, Desjardin & B.A.Perry		
Atheniella leptophylla	(Peck) Gminder & Böhning	LC	Fungi	Basidiomycota	Agaricomycetes	Agaricales	Mycenaceae	Atheniella	Atheniella leptophylla	9501413	species	Atheniella leptophylla	(Peck) Gminder & Böhning		
Atractosporocybe inornata	(Sowerby) P. Alvarado, G. Moreno & Vizzini	LC	Fungi	Basidiomycota	Agaricomycetes	Agaricales	Tricholomataceae	Atractosporocybe	Atractosporocybe inornata	8094873	species	Atractosporocybe inornata	(Sowerby) P.Alvarado, G.Moreno & Vizzini		
Aurantiporus croceus	(Pers.: Fr.) Kotl. et Pouzar	DD	Fungi	Basidiomycota	Agaricomycetes	Polyporales	Phanerochaetaceae	Hapalopilus	Hapalopilus croceus	2548619	species	Hapalopilus croceus	(Pers.) Donk		author_mismatch
Aurantiporus fissilis	(Berk. et M.A. Curtis) H. Jahn	VU	Fungi	Basidiomycota	Agaricomycetes	Polyporales	Meruliaceae	Pappia	Pappia fissilis	10847738	species	Pappia fissilis	(Berk. & M.A.Curtis) Zmitr.		
Aureoboletus gentilis	(Quél.) Pouzar	VU	Fungi	Basidiomycota	Agaricomycetes	Boletales	Boletaceae	Aureoboletus	Aureoboletus gentilis	2524374	species	Aureoboletus gentilis	(Quél.) Pouzar		
Aureoboletus moravicus	(Vacek) Klofac	EN	Fungi	Basidiomycota	Agaricomycetes	Boletales	Boletaceae	Aureoboletus	Aureoboletus moravicus	8163051	species	Aureoboletus moravicus	(Vacek) Klofac		
Aureonarius callisteus	(Fr.) Niskanen & Liimat.	LC	Fungi	Basidiomycota	Agaricomycetes	Agaricales	Cortinariaceae	Aureonarius	Aureonarius callisteus	11980887	species	Aureonarius callisteus	(Fr.) Niskanen & Liimat.		
Aureonarius limonius	(Fr.) Niskanen & Liimat.	LC	Fungi	Basidiomycota	Agaricomycetes	Agaricales	Cortinariaceae	Aureonarius	Aureonarius limonius	12119339	species	Aureonarius limonius	(Fr.) Niskanen & Liimat.		
Aureonarius tofaceus	(Fr.) Niskanen & Liimat.	EN	Fungi	Basidiomycota	Agaricomycetes	Agaricales	Cortinariaceae	Aureonarius	Aureonarius tofaceus	12102777	species	Aureonarius tofaceus	(Fr.) Niskanen & Liimat.		
Auricularia auricula-judae	(Bull.: Fr.) Wettst.	LC	Fungi	Basidiomycota	Agaricomycetes	Auriculariales	Auriculariaceae	Auricularia	Auricularia auricula-judae	5249271	species	Auricularia auricula-judae	(Bull.) Quél.		
Auricularia mesenterica	(Dicks.: Fr.) Pers.	LC	Fungi	Basidiomycota	Agaricomycetes	Auriculariales	Auriculariaceae	Auricularia	Auricularia mesenterica	5249297	species	Auricularia mesenterica	(Dicks.) Pers.		
Auriporia aurulenta	A. David et al.	DD	Fungi	Basidiomycota	Agaricomycetes	Polyporales	Fomitopsidaceae	Auriporia	Auriporia aurulenta	2543461	species	Auriporia aurulenta	A.David, Tortič & Jelić		
Auriscalpium vulgare	Gray	LC	Fungi	Basidiomycota	Agaricomycetes	Russulales	Auriscalpiaceae	Auriscalpium	Auriscalpium vulgare	5248458	species	Auriscalpium vulgare	Gray		
Baeospora myosura	(Fr.: Fr.) Singer	LC	Fungi	Basidiomycota	Agaricomycetes	Agaricales	Marasmiaceae	Baeospora	Baeospora myosura	2537958	species	Baeospora myosura	(Fr.) Singer		
Baeospora myriadophylla	(Peck) Singer	LC	Fungi	Basidiomycota	Agaricomycetes	Agaricales	Marasmiaceae	Baeospora	Baeospora myriadophylla	2537965	species	Baeospora myriadophylla	(Peck) Singer		
Balsamia vulgaris	Vittad.	DD	Fungi	Ascomycota	Pezizomycetes	Pezizales	Helvellaceae	Balsamia	Balsamia vulgaris	2594688	species	Balsamia vulgaris	Vittad.		
Basidiodendron caesiocinereum	(Hoehn. et Litsch.) Luck-Allen aggr.	LC	Fungi	Basidiomycota	Agaricomycetes	Auriculariales		Basidiodendron	Basidiodendron caesiocinereum	2553832	species	Basidiodendron caesiocinereum	(Höhn. & Litsch.) Luck-Allen		
Basidiodendron cinereum	(Bres.) Luck-Allen	VU	Fungi	Basidiomycota	Agaricomycetes	Auriculariales		Basidiodendron	Basidiodendron cinereum	2553849	species	Basidiodendron cinereum	(Bres.) Luck-Allen		
Basidiodendron deminutum	(Bourdot) Luck-Allen	DD	Fungi	Basidiomycota	Agaricomycetes	Auriculariales		Basidiodendron	Basidiodendron deminutum	3314586	species	Basidiodendron deminutum	(Bourdot) Luck-Allen		
Basidiodendron eyrei	(Wakef.) Luck-Allen	LC	Fungi	Basidiomycota	Agaricomycetes	Auriculariales		Basidiodendron	Basidiodendron eyrei	2553838	species	Basidiodendron eyrei	(Wakef.) Luck-Allen		
Basidiodendron rimulentum	(Bourdot et Galzin) Luck-Allen	DD	Fungi	Basidiomycota	Agaricomycetes	Auriculariales		Basidiodendron	Basidiodendron rimulentum	3314576	species	Basidiodendron rimulentum	(Bourdot & Galzin) Luck-Allen		
Basidioradulum radula	(Fr.) Nobles	LC	Fungi	Basidiomycota	Agaricomycetes	Hymenochaetales	Schizoporaceae	Xylodon	Xylodon radula	7916380	species	Xylodon radula	(Fr.) Ţura, Zmitr., Wasser & Spirin		
Belonopsis filispora	(Cooke) Nannf.	DD	Fungi	Ascomycota	Leotiomycetes	Helotiales	Mollisiaceae	Mollisia	Mollisia filispora	5953002	species	Mollisia filispora	(Cooke) Baral		
Belonopsis guestphalicum	(Rehm) Nannf.	DD	Fungi	Ascomycota	Leotiomycetes	Helotiales	Mollisiaceae	Belonopsis	Belonopsis guestphalicum	5255980	species	Belonopsis guestphalicum	(Rehm) Nannf.		
Belonopsis obscura	(Rehm) Aebi	DD	Fungi	Ascomycota	Leotiomycetes	Helotiales	Mollisiaceae	Mollisia	Mollisia obscura	5953003	species	Mollisia obscura	(Rehm) Baral & Gminder		
Bertia moriformis	(Tode) de Not.	LC	Fungi	Ascomycota	Sordariomycetes	Coronophorales	Bertiaceae	Bertia	Bertia moriformis	9203726	species	Bertia moriformis	(Tode) De Not.		
Biscogniauxia marginata	(Fr.: Fr.) Pouzar	VU	Fungi	Ascomycota	Sordariomycetes	Xylariales	Graphostromataceae	Biscogniauxia	Biscogniauxia marginata	2576233	species	Biscogniauxia marginata	(Fr.) Pouzar		
Biscogniauxia mediterranea	(De Not.) Kuntze	DD	Fungi	Ascomycota	Sordariomycetes	Xylariales	Graphostromataceae	Biscogniauxia	Biscogniauxia mediterranea	3461069	species	Biscogniauxia mediterranea	(De Not.) Kuntze		
Biscogniauxia nummularia	(Bull.:Fr.) O.Kuntze	LC	Fungi	Ascomycota	Sordariomycetes	Xylariales	Graphostromataceae	Biscogniauxia	Biscogniauxia nummularia	9115053	species	Biscogniauxia nummularia	(Bull.) Kuntze		
Biscogniauxia repanda	(Bull.: Fr. Kuntze	DD	Fungi	Ascomycota	Sordariomycetes	Xylariales	Graphostromataceae	Biscogniauxia	Biscogniauxia repanda	9086274	species	Biscogniauxia repanda	(Fr.) Kuntze		
Bisporella citrina	(Batsch :Fr.) Korf et Carp	LC	Fungi	Ascomycota	Leotiomycetes	Helotiales	Pezizellaceae	Calycina	Calycina citrina	5256859	species	Calycina citrina	(Hedw.) Gray		
Bisporella lactea	(Ellis et Everh.) Stadelmann	DD	Fungi	Ascomycota	Leotiomycetes	Helotiales	Pezizellaceae	Calycina	Calycina lactea	7738726	species	Calycina lactea	(Sacc.) Baral, R.Galán & Platas		
Bisporella pallescens	(Pers.) Carp. et Korf	LC	Fungi	Ascomycota	Leotiomycetes	Helotiales	Helotiaceae	Bispora	Bispora pallescens	12188405	species	Bispora pallescens	(Pers.) J.K.Mitch. & Quijada		
Bisporella subpallida	(Rehm) Dennis	LC	Fungi	Ascomycota	Leotiomycetes	Helotiales	Helotiaceae	Bisporella	Bisporella subpallida	2584297	species	Bisporella subpallida	(Rehm) Dennis		
Bisporella sulfurina	(Quel.) Carp.	LC	Fungi	Ascomycota	Leotiomycetes	Helotiales	Pezizellaceae	Calycina	Calycina claroflava	8008418	species	Calycina claroflava	(Grev.) Kuntze		
Bjerkandera adusta	(Willd.: Fr.) P. Karst.	LC	Fungi	Basidiomycota	Agaricomycetes	Polyporales	Phanerochaetaceae	Bjerkandera	Bjerkandera adusta	2543824	species	Bjerkandera adusta	(Willd.) P.Karst.		
Bjerkandera fumosa	(Pers.: Fr.) P. Karst.	LC	Fungi	Basidiomycota	Agaricomycetes	Polyporales	Phanerochaetaceae	Bjerkandera	Bjerkandera fumosa	2543885	species	Bjerkandera fumosa	(Pers.) P.Karst.		
Boidinia furfuracea	(Bres.) Stalpers et Hjortstam	VU	Fungi	Basidiomycota	Agaricomycetes	Russulales	Russulaceae	Boidinia	Boidinia furfuracea	2551631	species	Boidinia furfuracea	(Bres.) Stalpers & Hjortstam		
Bolbitius coprophilus	(Peck) Hongo	DD	Fungi	Basidiomycota	Agaricomycetes	Agaricales	Bolbitiaceae	Bolbitius	Bolbitius coprophilus	2529632	species	Bolbitius coprophilus	(Peck) Hongo		
Bolbitius pluteoides	M.M.Moser	EN	Fungi	Basidiomycota	Agaricomycetes	Agaricales	Bolbitiaceae	Bolbitius	Bolbitius pluteoides	3323430	species	Bolbitius pluteoides	M.M.Moser		
Bolbitius reticulatus	(Pers.: Fr.) Ricken	LC	Fungi	Basidiomycota	Agaricomycetes	Agaricales	Bolbitiaceae	Bolbitius	Bolbitius reticulatus	8923027	species	Bolbitius reticulatus	(Pers.) Ricken		
Bolbitius variicolor	Atkinson	LC	Fungi	Basidiomycota	Agaricomycetes	Agaricales	Bolbitiaceae	Bolbitius	Bolbitius titubans	9127230	species	Bolbitius titubans	(Bull.) Fr.		
Bolbitius vitellinus	(Pers.: Fr.) Fr.	LC	Fungi	Basidiomycota	Agaricomycetes	Agaricales	Bolbitiaceae	Bolbitius	Bolbitius titubans	9127230	species	Bolbitius titubans	(Bull.) Fr.		
Boletinus cavipes	(Klotzsch) Kalchbr.	LC	Fungi	Basidiomycota	Agaricomycetes	Boletales	Suillaceae	Suillus	Suillus cavipes	5239851	species	Suillus cavipes	(Klotzsch) A.H.Sm. & Thiers		
Boletopsis grisea	(Peck) Bondartsev et Singer	EN	Fungi	Basidiomycota	Agaricomycetes	Thelephorales	Bankeraceae	Boletopsis	Boletopsis grisea	5238904	species	Boletopsis grisea	(Peck) Bondartsev & Singer		
Boletopsis leucomelaena	(Pers.) Fayod	NT	Fungi	Basidiomycota	Agaricomycetes	Thelephorales	Bankeraceae	Boletopsis	Boletopsis leucomelaena	5238896	species	Boletopsis leucomelaena	(Pers.) Fayod		
Boletus aereus	Bull.: Fr.	VU	Fungi	Basidiomycota	Agaricomycetes	Boletales	Boletaceae	Boletus	Boletus aereus	8733688	species	Boletus aereus	Bull.		
Boletus aestivalis	(Paulet) Fr.	LC	Fungi	Basidiomycota	Agaricomycetes	Boletales	Boletaceae	Boletus	Boletus reticulatus	5954691	species	Boletus reticulatus	Schaeff.		
Boletus caucasicus	(Singer) Singer	DD	Fungi	Basidiomycota	Agaricomycetes	Boletales	Boletaceae	Suillellus	Suillellus caucasicus	7511789	species	Suillellus caucasicus	(Singer ex Alessio) Blanco-Dios		
Boletus edulis	Bull.: Fr.	LC	Fungi	Basidiomycota	Agaricomycetes	Boletales	Boletaceae	Boletus	Boletus edulis	5954958	species	Boletus edulis	Bull.		
Boletus pinophilus	Pilat et Dermek	LC	Fungi	Basidiomycota	Agaricomycetes	Boletales	Boletaceae	Boletus	Boletus pinophilus	5954949	species	Boletus pinophilus	Pilát & Dermek		
Boletus speciosus	Frost	DD	Fungi	Basidiomycota	Agaricomycetes	Boletales	Boletaceae	Boletus	Boletus speciosus	5954908	species	Boletus speciosus	Frost		
Boletus splendidus	G.W. Martin - Unklares Taxon	NT	Fungi	Basidiomycota	Agaricomycetes	Boletales	Boletaceae	Boletus	Boletus splendidus	5954931	species	Boletus splendidus	C.Martín		
Boletus xanthocyaneus	Ramain ex Romagn.	DD	Fungi	Basidiomycota	Agaricomycetes	Boletales	Boletaceae	Imperator	Imperator xanthocyaneus	12068687	species	Imperator xanthocyaneus	(Ramain) Klofac		
Bondarzewia mesenterica	(Schaeff.) Kreisel	NT	Fungi	Basidiomycota	Agaricomycetes	Russulales	Bondarzewiaceae	Bondarzewia	Bondarzewia mesenterica	2552020	species	Bondarzewia mesenterica	(Schaeff.) Kreisel		
Bonomyces sinopicus	(Fr.) Vizzini	LC	Fungi	Basidiomycota	Agaricomycetes	Agaricales	Pseudoclitocybaceae	Bonomyces	Bonomyces sinopicus	8308180	species	Bonomyces sinopicus	(Fr.) Vizzini		
Botryobasidium aureum	Parmasto	LC	Fungi	Basidiomycota	Agaricomycetes	Cantharellales	Botryobasidiaceae	Botryobasidium	Botryobasidium aureum	2554989	species	Botryobasidium aureum	Parmasto		
Botryobasidium capitatum	(Link) Rossman & J.G. Allen	LC	Fungi	Basidiomycota	Agaricomycetes	Cantharellales	Botryobasidiaceae	Botryobasidium	Botryobasidium capitatum	9752558	species	Botryobasidium capitatum	(Link) Rossman & W.C.Allen		
Botryobasidium conspersum	J. Erikss.	LC	Fungi	Basidiomycota	Agaricomycetes	Cantharellales	Botryobasidiaceae	Botryobasidium	Botryobasidium conspersum	2554937	species	Botryobasidium conspersum	J.Erikss.		
Botryobasidium intertextum	(Schwein.) Juelich et Stalpers	DD	Fungi	Basidiomycota	Agaricomycetes	Cantharellales	Botryobasidiaceae	Botryobasidium	Botryobasidium intertextum	2555012	species	Botryobasidium intertextum	(Schwein.) Jülich & Stalpers		
Botryobasidium isabellinum	(Fr.) D.P. Rogers	LC	Fungi	Basidiomycota	Agaricomycetes	Cantharellales	Botryobasidiaceae	Botryobasidium	Botryobasidium isabellinum	2554886	species	Botryobasidium isabellinum	(Fr.) D.P.Rogers		
Botryobasidium laeve	(J. Erikss.) Parm.	LC	Fungi	Basidiomycota	Agaricomycetes	Cantharellales	Botryobasidiaceae	Botryobasidium	Botryobasidium laeve	2555041	species	Botryobasidium laeve	(J.Erikss.) Parmasto		
Botryobasidium medium	J. Erikss.	DD	Fungi	Basidiomycota	Agaricomycetes	Cantharellales	Botryobasidiaceae	Botryobasidium	Botryobasidium medium	2554960	species	Botryobasidium medium	J.Erikss.		
Botryobasidium obtusisporum	J. Erikss.	LC	Fungi	Basidiomycota	Agaricomycetes	Cantharellales	Botryobasidiaceae	Botryobasidium	Botryobasidium obtusisporum	2555044	species	Botryobasidium obtusisporum	J.Erikss.		
Botryobasidium pruinatum	(Bres.) J. Erikss.	LC	Fungi	Basidiomycota	Agaricomycetes	Cantharellales	Botryobasidiaceae	Botryobasidium	Botryobasidium pruinatum	2554962	species	Botryobasidium pruinatum	(Bres.) J.Erikss.		
Botryobasidium subcoronatum	(Hoehn. et Litsch.) Donk	LC	Fungi	Basidiomycota	Agaricomycetes	Cantharellales	Botryobasidiaceae	Botryobasidium	Botryobasidium subcoronatum	2554974	species	Botryobasidium subcoronatum	(Höhn. & Litsch.) Donk		
Botryobasidium vagum	(Curt. & Berk.) Rogers	LC	Fungi	Basidiomycota	Agaricomycetes	Cantharellales	Botryobasidiaceae	Botryobasidium	Botryobasidium vagum	2554950	species	Botryobasidium vagum	(Berk. & M.A.Curtis) D.P.Rogers		
Botryotinia calthae	Hennebert et Elliot ap. Hennebert et Groves	EN	Fungi	Ascomycota	Leotiomycetes	Helotiales	Sclerotiniaceae	Botryotinia	Botryotinia calthae	2583430	species	Botryotinia calthae	Hennebert & M.E.Elliott		
Botryotinia ranunculi	Hennebert et Groves	EN	Fungi	Ascomycota	Leotiomycetes	Helotiales	Sclerotiniaceae	Botryotinia	Botryotinia ranunculi	2583435	species	Botryotinia ranunculi	Hennebert & J.W.Groves		
Boudiera areolata	Cke et Phill.	DD	Fungi	Ascomycota	Pezizomycetes	Pezizales	Pezizaceae	Boudiera	Boudiera areolata	5259397	species	Boudiera areolata	Cooke & W.Phillips		
Boudiera echinulata	(Seaver) Seaver	DD	Fungi	Ascomycota	Pezizomycetes	Pezizales	Pyronemataceae	Sphaerosoma	Sphaerosoma echinulatum	5259023	species	Sphaerosoma echinulatum	Seaver		
Boudiera tracheia	(Rehm ex Gam.) Diss. et Schum.	DD	Fungi	Ascomycota	Pezizomycetes	Pezizales	Pezizaceae	Boudiera	Boudiera tracheia	5499180	species	Boudiera tracheia	(Rehm ex Gamundí) Dissing & T.Schumach.		
Bourdotia galzinii	(Bres.) Trotter	DD	Fungi	Basidiomycota	Agaricomycetes	Auriculariales	Auriculariaceae	Exidiopsis	Exidiopsis galzinii	2553667	species	Exidiopsis galzinii	(Bres.) Killerm.		
Bourdotigloea vestita	(Bourdot & Galzin) Aime	DD	Fungi	Basidiomycota	Atractiellomycetes	Atractiellales	Phleogenaceae	Bourdotigloea	Bourdotigloea vestita	10713718	species	Bourdotigloea vestita	(Bourdot & Galzin) Aime		
Bovista aestivalis	(Bonord.) Demoulin	DD	Fungi	Basidiomycota	Agaricomycetes	Agaricales	Lycoperdaceae	Bovista	Bovista aestivalis	2535220	species	Bovista aestivalis	(Bonord.) Demoulin		
Bovista limosa	Rostr.	EN	Fungi	Basidiomycota	Agaricomycetes	Agaricales	Lycoperdaceae	Bovista	Bovista limosa	2535218	species	Bovista limosa	Rostr.		
Bovista nigrescens	Pers.: Pers.	LC	Fungi	Basidiomycota	Agaricomycetes	Agaricales	Lycoperdaceae	Bovista	Bovista nigrescens	2535203	species	Bovista nigrescens	Pers.		
Bovista paludosa	Lev.	EN	Fungi	Basidiomycota	Agaricomycetes	Agaricales	Lycoperdaceae	Bovista	Bovista paludosa	2535215	species	Bovista paludosa	Lév.		
Bovista plumbea	Pers.: Pers.	LC	Fungi	Basidiomycota	Agaricomycetes	Agaricales	Lycoperdaceae	Bovista	Bovista plumbea	2535193	species	Bovista plumbea	Pers.		
Bovista pusilla	(Batsch: Pers.) Pers.	EN	Fungi	Basidiomycota	Agaricomycetes	Agaricales	Lycoperdaceae	Bovista	Bovista pusilla	2535211	species	Bovista pusilla	(Batsch) Pers.		
Bovista pusilliformis	(Kreisel) Kreisel	DD	Fungi	Basidiomycota	Agaricomycetes	Agaricales	Lycoperdaceae	Bovista	Bovista pusilliformis	2535228	species	Bovista pusilliformis	(Kreisel) Kreisel		
Bovista tomentosa	(Vittad.) Quel.	EN	Fungi	Basidiomycota	Agaricomycetes	Agaricales	Lycoperdaceae	Bovista	Bovista tomentosa	2535204	species	Bovista tomentosa	(Vittad.) De Toni		
Brevicellicium olivascens	(Bres.) K.H. Larss. et Hjortstam	LC	Fungi	Basidiomycota	Agaricomycetes	Trechisporales	Hydnodontaceae	Brevicellicium	Brevicellicium olivascens	2523052	species	Brevicellicium olivascens	(Bres.) K.H.Larss. & Hjortstam		
Brunnipila calycioides	(Rehm) Baral	DD	Fungi	Ascomycota	Leotiomycetes	Helotiales	Lachnaceae	Brunnipila	Brunnipila calycioides	2586138	species	Brunnipila calycioides	(Rehm) Baral		
Brunnipila calyculiformis	(Schumach.: Fr.) Baral in B.et K.	LC	Fungi	Ascomycota	Leotiomycetes	Helotiales	Lachnaceae	Brunnipila	Brunnipila calyculiformis	2586677	species	Brunnipila calyculiformis	(Schumach.) Baral		
Brunnipila clandestina	(Bull. ex Merat:Fr.) Baral in B.	LC	Fungi	Ascomycota	Leotiomycetes	Helotiales	Lachnaceae	Brunnipila	Brunnipila clandestina	9166705	species	Brunnipila clandestina	(Bull.) Baral		
Brunnipila fuscescens	(Pers.: Fr.) Baral in B. et K.	LC	Fungi	Ascomycota	Leotiomycetes	Helotiales	Lachnaceae	Brunnipila	Brunnipila fuscescens	3489072	species	Brunnipila fuscescens	(Pers.) Baral		
Brunnipila palearum	(Desm.) Baral in Ba. et Kr.	DD	Fungi	Ascomycota	Leotiomycetes	Helotiales	Lachnaceae	Brunnipila	Brunnipila palearum	2586182	species	Brunnipila palearum	(Desm.) Baral		
Bryoglossum gracile	(P. Karst.) Redhead	LC	Fungi	Ascomycota	Leotiomycetes	Helotiales	Bryoglossaceae	Bryoglossum	Bryoglossum gracile	2586705	species	Bryoglossum gracile	(P.Karst.) Redhead		
Bryoscyphus marchantiae	(Berk. in Smith) Spooner in Kirk	DD	Fungi	Ascomycota	Leotiomycetes	Helotiales	Helotiaceae	Bryoscyphus	Bryoscyphus marchantiae	8563174	species	Bryoscyphus marchantiae	(Fr.) Spooner		
Buchwaldoboletus lignicola	(Kallenb.) Pilát	VU	Fungi	Basidiomycota	Agaricomycetes	Boletales	Boletaceae	Buchwaldoboletus	Buchwaldoboletus lignicola	2524840	species	Buchwaldoboletus lignicola	(Kallenb.) Pilát		
Buchwaldoboletus sphaerocephalus	(Barla) Watling & T.H. Li	CR	Fungi	Basidiomycota	Agaricomycetes	Boletales	Boletaceae	Chalciporus	Chalciporus sphaerocephalus	12193978	species	Chalciporus sphaerocephalus	(Barla) F.Roqué		
Buglossoporus quercinus	(Schrad.) Kotl. & Pouzar	DD	Fungi	Basidiomycota	Agaricomycetes	Polyporales	Fomitopsidaceae	Buglossoporus	Buglossoporus quercinus	2543301	species	Buglossoporus quercinus	(Schrad.) Kotl. & Pouzar		
Bulbillomyces farinosus	(Bres.) Juelich	LC	Fungi	Basidiomycota	Agaricomycetes	Polyporales	Meruliaceae	Bulbillomyces	Bulbillomyces farinosus	2544313	species	Bulbillomyces farinosus	(Bres.) Jülich		
Bulgaria inquinans	(Pers.) Fr.	LC	Fungi	Ascomycota	Leotiomycetes	Phacidiales	Phacidiaceae	Bulgaria	Bulgaria inquinans	2577614	species	Bulgaria inquinans	(Pers.) Fr.		
Butyriboletus appendiculatus	(Schaeff.) D. Arora & J.L. Frank	LC	Fungi	Basidiomycota	Agaricomycetes	Boletales	Boletaceae	Butyriboletus	Butyriboletus appendiculatus	8250249	species	Butyriboletus appendiculatus	(Schaeff.) D.Arora & J.L.Frank		
Butyriboletus fechtneri	(Velen.) D. Arora & J.L. Frank	VU	Fungi	Basidiomycota	Agaricomycetes	Boletales	Boletaceae	Butyriboletus	Butyriboletus fechtneri	7554180	species	Butyriboletus fechtneri	(Velen.) D.Arora & J.L.Frank		
Butyriboletus fuscoroseus	(Smotl.) Vizzini & Gelardi	EN	Fungi	Basidiomycota	Agaricomycetes	Boletales	Boletaceae	Butyriboletus	Butyriboletus fuscoroseus	8137685	species	Butyriboletus fuscoroseus	(Smotl.) Vizzini & Gelardi		
Butyriboletus regius	(Krombh.) D. Arora & J.L. Frank	EN	Fungi	Basidiomycota	Agaricomycetes	Boletales	Boletaceae	Butyriboletus	Butyriboletus regius	7617313	species	Butyriboletus regius	(Krombh.) D.Arora & J.L.Frank		
Butyriboletus subappendiculatus	(Dermek, Lazebn. & J. Veselský) D. Arora & J.L. Frank	NT	Fungi	Basidiomycota	Agaricomycetes	Boletales	Boletaceae	Butyriboletus	Butyriboletus subappendiculatus	7819247	species	Butyriboletus subappendiculatus	(Dermek, Lazebn. & J.Veselský) D.Arora & J.L.Frank		
Byssocorticium atrovirens	(Fr.: Fr.) Bondartsev et Singer	LC	Fungi	Basidiomycota	Agaricomycetes	Atheliales	Atheliaceae	Byssocorticium	Byssocorticium atrovirens	2554136	species	Byssocorticium atrovirens	(Fr.) Bondartsev & Singer		
Byssomerulius corium	(Pers.: Fr.) Parmasto	LC	Fungi	Basidiomycota	Agaricomycetes	Polyporales	Irpicaceae	Byssomerulius	Byssomerulius corium	9212934	species	Byssomerulius corium	(Pers.) Parmasto		
Byssonectria fusispora	(Berk.) Rogerson et Korf	NT	Fungi	Ascomycota	Pezizomycetes	Pezizales	Pyronemataceae	Byssonectria	Byssonectria fusispora	2594353	species	Byssonectria fusispora	(Berk.) Rogerson & Korf		
Byssonectria semi-immersa	(P. Karst.) Benkert	DD	Fungi	Ascomycota	Pezizomycetes	Pezizales	Pyronemataceae	Sepultariella	Sepultariella semiimmersa	10854633	species	Sepultariella semiimmersa	(P.Karst.) Van Vooren, U.Lindem. & Healy		similar_found
Byssonectria terrestris	(Alb. et Schwein.: Fr.) Pfister	EN	Fungi	Ascomycota	Pezizomycetes	Pezizales	Pyronemataceae	Byssonectria	Byssonectria terrestris	2580346	species	Byssonectria terrestris	(Alb. & Schwein.) Pfister		
Byssonectria tetraspora	(Fuck.) Korf	DD	Fungi	Ascomycota	Pezizomycetes	Pezizales	Pyronemataceae	Byssonectria	Byssonectria tetraspora	2594372	species	Byssonectria tetraspora	(Fuckel) Korf		
Byssoporia terrestris	(DC.) M.J. Larsen & Zak	DD	Fungi	Basidiomycota	Agaricomycetes	Russulales	Albatrellaceae	Byssoporia	Byssoporia terrestris	2554183	species	Byssoporia terrestris	(Pers.) M.J.Larsen & Zak		
Calathella eruciformis	(Batsch: Fr.) D.A. Reid	DD	Fungi	Basidiomycota	Agaricomycetes	Agaricales	Marasmiaceae	Calathella	Calathella eruciformis	5243807	species	Calathella eruciformis	(P.Micheli ex Batsch) D.A.Reid		
Callistosporium luteo-olivaceum	(Berk.et M.A. Curtis) Singer	LC	Fungi	Basidiomycota	Agaricomycetes	Agaricales	Callistosporiaceae	Callistosporium	Callistosporium luteo-olivaceum	2532068	species	Callistosporium luteo-olivaceum	(Berk. & M.A.Curtis) Singer		
Calloria neglecta	(Lib.) Hein	LC	Fungi	Ascomycota	Leotiomycetes	Helotiales	Calloriaceae	Calloria	Calloria urticae	8145625	species	Calloria urticae	(Pers.) J.Schröt. ex Rehm		
Caloboletus calopus	(Pers.) Vizzini	LC	Fungi	Basidiomycota	Agaricomycetes	Boletales	Boletaceae	Caloboletus	Caloboletus calopus	8203051	species	Caloboletus calopus	(Pers.) Vizzini		
Caloboletus radicans	(Pers.) Vizzini	LC	Fungi	Basidiomycota	Agaricomycetes	Boletales	Boletaceae	Caloboletus	Caloboletus radicans	7550396	species	Caloboletus radicans	(Pers.) Vizzini		
Calocera cornea	(Batsch: Fr.) Fr.	LC	Fungi	Basidiomycota	Dacrymycetes	Dacrymycetales	Dacrymycetaceae	Calocera	Calocera cornea	2512969	species	Calocera cornea	(Batsch) Fr.		
Calocera furcata	(Fr.) Fr.	LC	Fungi	Basidiomycota	Dacrymycetes	Dacrymycetales	Dacrymycetaceae	Calocera	Calocera furcata	2512992	species	Calocera furcata	(Fr.) Fr.		
Calocera glossoides	(Pers.: Fr.) Fr.	DD	Fungi	Basidiomycota	Dacrymycetes	Dacrymycetales	Dacrymycetaceae	Calocera	Calocera glossoides	8916055	species	Calocera glossoides	(Pers.) Fr.		
Calocera viscosa	Pers.: Fr.	LC	Fungi	Basidiomycota	Dacrymycetes	Dacrymycetales	Dacrymycetaceae	Calocera	Calocera viscosa	9134585	species	Calocera viscosa	(Pers.) Fr.		
Calocybe carnea	(Bull.:Fr.) Donk	LC	Fungi	Basidiomycota	Agaricomycetes	Agaricales	Lyophyllaceae	Calocybe	Calocybe carnea	2530551	species	Calocybe carnea	(Bull.) Donk		
Calocybe chrysenteron	(Bull.:Fr.) Singer	LC	Fungi	Basidiomycota	Agaricomycetes	Agaricales	Lyophyllaceae	Calocybe	Calocybe chrysenteron	9127038	species	Calocybe chrysenteron	(Bull.) Singer		
Calocybe fallax	Redhead & Singer	LC	Fungi	Basidiomycota	Agaricomycetes	Agaricales	Lyophyllaceae	Calocybe	Calocybe naucoria	2530490	species	Calocybe naucoria	(Murrill) Singer		
Calocybe gambosa	(Fr.: Fr.) Singer	LC	Fungi	Basidiomycota	Agaricomycetes	Agaricales	Lyophyllaceae	Calocybe	Calocybe gambosa	8936224	species	Calocybe gambosa	(Fr.) Donk		
Calocybe ionides	(Bull.:Fr.) Donk	LC	Fungi	Basidiomycota	Agaricomycetes	Agaricales	Lyophyllaceae	Calocybe	Calocybe ionides	8973629	species	Calocybe ionides	(Bull.) Donk		
Calocybe leucocephala	(Fr.) Singer	DD	Fungi	Basidiomycota	Agaricomycetes	Agaricales	Lyophyllaceae	Tricholomella	Tricholomella constricta	9055239	species	Tricholomella constricta	(Fr.) Zerova ex Kalamees		
Calocybe obscurissima	(A. Pearson) M.M. Moser	VU	Fungi	Basidiomycota	Agaricomycetes	Agaricales	Lyophyllaceae	Calocybe	Calocybe obscurissima	2530556	species	Calocybe obscurissima	(A.Pearson) M.M.Moser		
Calocybe onychina	(Fr.) Donk	VU	Fungi	Basidiomycota	Agaricomycetes	Agaricales	Lyophyllaceae	Calocybe	Calocybe onychina	2530567	species	Calocybe onychina	(Fr.) Donk		
Calocybe persicolor	(Fr.) Singer	DD	Fungi	Basidiomycota	Agaricomycetes	Agaricales	Lyophyllaceae	Rugosomyces	Rugosomyces persicolor	2530528	species	Rugosomyces persicolor	(Fr.) Bon		
Calonarius alnobetulae	(Kühner) Niskanen & Liimat.	LC	Fungi	Basidiomycota	Agaricomycetes	Agaricales	Cortinariaceae	Calonarius	Calonarius alnobetulae	12007734	species	Calonarius alnobetulae	(Kühner) Niskanen & Liimat.		
Calonarius arcuatorum	(Rob. Henry) Niskanen & Liimat.	EN	Fungi	Basidiomycota	Agaricomycetes	Agaricales	Cortinariaceae	Calonarius	Calonarius arcuatorum	11942088	species	Calonarius arcuatorum	(Rob.Henry) Niskanen & Liimat.		
Calonarius atrovirens	(Kalchbr.) Niskanen & Liimat.	NT	Fungi	Basidiomycota	Agaricomycetes	Agaricales	Cortinariaceae	Calonarius	Calonarius atrovirens	12086958	species	Calonarius atrovirens	(Kalchbr.) Niskanen & Liimat.		
Calonarius aureofulvus	(M.M. Moser) Niskanen & Liimat.	EN	Fungi	Basidiomycota	Agaricomycetes	Agaricales	Cortinariaceae	Calonarius	Calonarius aureofulvus	12074479	species	Calonarius aureofulvus	(M.M.Moser) Niskanen & Liimat.		
Calonarius aureopulverulentus	(M.M. Moser) Niskanen & Liimat.	CR	Fungi	Basidiomycota	Agaricomycetes	Agaricales	Cortinariaceae	Calonarius	Calonarius aureopulverulentus	11937902	species	Calonarius aureopulverulentus	(M.M.Moser) Niskanen & Liimat.		
Calonarius callochrous	(Pers.) Niskanen & Liimat.	LC	Fungi	Basidiomycota	Agaricomycetes	Agaricales	Cortinariaceae	Calonarius	Calonarius callochrous	12128053	species	Calonarius callochrous	(Pers.) Niskanen & Liimat.		
Calonarius cedretorum	(Maire) Niskanen & Liimat.	DD	Fungi	Basidiomycota	Agaricomycetes	Agaricales	Cortinariaceae	Calonarius	Calonarius cedretorum	11937562	species	Calonarius cedretorum	(Maire) Niskanen & Liimat.		
Calonarius citrinus	(J.E. Lange ex P.D. Orton) Niskanen & Liimat.	VU	Fungi	Basidiomycota	Agaricomycetes	Agaricales	Cortinariaceae	Calonarius	Calonarius citrinus	12021163	species	Calonarius citrinus	(J.E.Lange ex P.D.Orton) Niskanen & Liimat.		
Calonarius claroflavus	(Rob. Henry) Niskanen & Liimat.	DD	Fungi	Basidiomycota	Agaricomycetes	Agaricales	Cortinariaceae	Calonarius	Calonarius claroflavus	12084172	species	Calonarius claroflavus	(Rob.Henry) Niskanen & Liimat.		
Calonarius corrosus	(Fr.) Niskanen & Liimat.	EN	Fungi	Basidiomycota	Agaricomycetes	Agaricales	Cortinariaceae	Calonarius	Calonarius corrosus	12113493	species	Calonarius corrosus	(Fr.) Niskanen & Liimat.		
Calonarius cupreorufus	(Brandrud) Niskanen & Liimat.	DD	Fungi	Basidiomycota	Agaricomycetes	Agaricales	Cortinariaceae	Calonarius	Calonarius cupreorufus	12092337	species	Calonarius cupreorufus	(Brandrud) Niskanen & Liimat.		
Calonarius dibaphus	(Fr.) Niskanen & Liimat.	EN	Fungi	Basidiomycota	Agaricomycetes	Agaricales	Cortinariaceae	Calonarius	Calonarius dibaphus	11969230	species	Calonarius dibaphus	(Fr.) Niskanen & Liimat.		
Calonarius elegantior	(Fr.) Niskanen & Liimat.	LC	Fungi	Basidiomycota	Agaricomycetes	Agaricales	Cortinariaceae	Calonarius	Calonarius elegantior	12044193	species	Calonarius elegantior	(Fr.) Niskanen & Liimat.		
Calonarius elegantissimus	(Rob. Henry) Niskanen & Liimat.	VU	Fungi	Basidiomycota	Agaricomycetes	Agaricales	Cortinariaceae	Calonarius	Calonarius elegantissimus	11961890	species	Calonarius elegantissimus	(Rob.Henry) Niskanen & Liimat.		
Calonarius elotus	(Fr.) Niskanen & Liimat.	DD	Fungi	Basidiomycota	Agaricomycetes	Agaricales	Cortinariaceae	Calonarius	Calonarius elotus	11953768	species	Calonarius elotus	(Fr.) Niskanen & Liimat.		
Calonarius flavovirens	(Rob. Henry) Niskanen & Liimat.	DD	Fungi	Basidiomycota	Agaricomycetes	Agaricales	Cortinariaceae	Calonarius	Calonarius flavovirens	12105770	species	Calonarius flavovirens	(Rob.Henry) Niskanen & Liimat.		
Calonarius fulvoincarnatus	(Joachim ex Bidaud, Moënne-Locc. & Reumaux) Niskanen & Liimat.	DD	Fungi	Basidiomycota	Agaricomycetes	Agaricales	Cortinariaceae	Calonarius	Calonarius fulvoincarnatus	11978932	species	Calonarius fulvoincarnatus	(Joachim ex Bidaud, Moënne-Locc. & Reumaux) Niskanen & Liimat.		
Calonarius glaucescens	(Jul. Schäff.) Niskanen & Liimat.	DD	Fungi	Basidiomycota	Agaricomycetes	Agaricales	Cortinariaceae	Calonarius	Calonarius glaucescens	12058173	species	Calonarius glaucescens	(Jul.Schäff.) Niskanen & Liimat.		
Calonarius haasii	(M.M. Moser) Niskanen & Liimat.	DD	Fungi	Basidiomycota	Agaricomycetes	Agaricales	Cortinariaceae	Cortinarius	Cortinarius haasii	3350161	species	Cortinarius haasii	(M.M.Moser) M.M.Moser		
Calonarius napus	(Fr.) Niskanen & Liimat.	DD	Fungi	Basidiomycota	Agaricomycetes	Agaricales	Cortinariaceae	Calonarius	Calonarius napus	11989056	species	Calonarius napus	(Fr.) Niskanen & Liimat.		
Calonarius odorifer	(Britzelm.) Niskanen & Liimat.	LC	Fungi	Basidiomycota	Agaricomycetes	Agaricales	Cortinariaceae	Calonarius	Calonarius odorifer	12011192	species	Calonarius odorifer	(Britzelm.) Niskanen & Liimat.		
Calonarius platypus	(M.M. Moser) Niskanen & Liimat.	DD	Fungi	Basidiomycota	Agaricomycetes	Agaricales	Cortinariaceae	Calonarius	Calonarius platypus	12167945	species	Calonarius platypus	(M.M.Moser) Niskanen & Liimat.		
Calonarius prasinus	(Schaeff.) Niskanen & Liimat.	EN	Fungi	Basidiomycota	Agaricomycetes	Agaricales	Cortinariaceae	Calonarius	Calonarius prasinus	12011663	species	Calonarius prasinus	(Schaeff.) Niskanen & Liimat.		
Calonarius pseudoglaucopus	(Jul. Schäff. ex M.M. Moser) Niskanen & Liimat.	VU	Fungi	Basidiomycota	Agaricomycetes	Agaricales	Cortinariaceae	Calonarius	Calonarius pseudoglaucopus	12097351	species	Calonarius pseudoglaucopus	(Jul.Schäff. ex M.M.Moser) Niskanen & Liimat.		
Calonarius rufo-olivaceus	(Pers.) Niskanen & Liimat.	VU	Fungi	Basidiomycota	Agaricomycetes	Agaricales	Cortinariaceae	Calonarius	Calonarius rufo-olivaceus	12151063	species	Calonarius rufo-olivaceus	(Pers.) Niskanen & Liimat.		
Calonarius saporatus	(Britzelm.) Niskanen & Liimat.	EN	Fungi	Basidiomycota	Agaricomycetes	Agaricales	Cortinariaceae	Calonarius	Calonarius saporatus	12029759	species	Calonarius saporatus	(Britzelm.) Niskanen & Liimat.		
Calonarius sodagnitus	(Rob. Henry) Niskanen & Liimat.	VU	Fungi	Basidiomycota	Agaricomycetes	Agaricales	Cortinariaceae	Calonarius	Calonarius sodagnitus	11991573	species	Calonarius sodagnitus	(Rob.Henry) Niskanen & Liimat.		
Calonarius spectabilis	(M.M. Moser) Niskanen & Liimat.	DD	Fungi	Basidiomycota	Agaricomycetes	Agaricales	Cortinariaceae	Calonarius	Calonarius spectabilis	12127872	species	Calonarius spectabilis	(M.M.Moser) Niskanen & Liimat.		
Calonarius splendens	(Rob. Henry) Niskanen & Liimat.	LC	Fungi	Basidiomycota	Agaricomycetes	Agaricales	Cortinariaceae	Calonarius	Calonarius splendens	12009918	species	Calonarius splendens	(Rob.Henry) Niskanen & Liimat.		
Calonarius suaveolens	(Bataille & Joachim) Niskanen & Liimat.	DD	Fungi	Basidiomycota	Agaricomycetes	Agaricales	Cortinariaceae	Calonarius	Calonarius suaveolens	12090498	species	Calonarius suaveolens	(Bataille & Joachim) Niskanen & Liimat.		
Calonarius sulfurinus	(Quél.) Niskanen & Liimat.	DD	Fungi	Basidiomycota	Agaricomycetes	Agaricales	Cortinariaceae	Calonarius	Calonarius sulfurinus	12090998	species	Calonarius sulfurinus	(Quél.) Niskanen & Liimat.		
Calonarius xanthophyllus	(Cooke) Niskanen & Liimat.	EN	Fungi	Basidiomycota	Agaricomycetes	Agaricales	Cortinariaceae	Calonarius	Calonarius xanthophyllus	12161564	species	Calonarius xanthophyllus	(Cooke) Niskanen & Liimat.		
Caloscypha fulgens	(Pers.) Boud.	VU	Fungi	Ascomycota	Pezizomycetes	Pezizales	Caloscyphaceae	Caloscypha	Caloscypha fulgens	2593405	species	Caloscypha fulgens	(Pers.) Boud.		
Calvatia cretacea	(Berk.) Lloyd	DD	Fungi	Basidiomycota	Agaricomycetes	Agaricales	Lycoperdaceae	Calvatia	Calvatia cretacea	3339898	species	Calvatia cretacea	(Berk.) Lloyd		
Calvatia cyathiformis	(Bosc) Morgan	LC	Fungi	Basidiomycota	Agaricomycetes	Agaricales	Lycoperdaceae	Calvatia	Calvatia cyathiformis	2536054	species	Calvatia cyathiformis	(Bosc) Morgan		
Calvatia excipuliformis	(Scop.: Pers.) Perdeck	LC	Fungi	Basidiomycota	Agaricomycetes	Agaricales	Lycoperdaceae	Lycoperdon	Lycoperdon excipuliforme	5243279	species	Lycoperdon excipuliforme	(Scop.) Pers.		
Calvatia tatrensis	Hollos	DD	Fungi	Basidiomycota	Agaricomycetes	Agaricales	Lycoperdaceae	Calvatia	Calvatia tatrensis	7242545	species	Calvatia tatrensis	Hollós		
Calvatia utriformis	(Bull.: Pers.) Jaap	LC	Fungi	Basidiomycota	Agaricomycetes	Agaricales	Lycoperdaceae	Bovistella	Bovistella utriformis	10828425	species	Bovistella utriformis	(Bull.) Demoulin & Rebriev		
Calycellina alniella	(Nyl.) Baral	LC	Fungi	Ascomycota	Leotiomycetes	Helotiales	Pezizellaceae	Calycina	Calycina alniella	5257168	species	Calycina alniella	(Nyl.) Baral		
Calycellina araneocincta	(Phill.) Baral et Blank	DD	Fungi	Ascomycota	Leotiomycetes	Helotiales	Pezizellaceae	Calycellina	Calycellina lachnobrachya	5521339	species	Calycellina lachnobrachya	(Desm.) Baral		
Calycellina fagina	(A.Schmidt et Arendholz) Baral	DD	Fungi	Ascomycota	Leotiomycetes	Helotiales	Pezizellaceae	Calycellina	Calycellina fagina	5496782	species	Calycellina fagina	(A.F.W.Schmidt & Arendh.) Baral		
Calycellina flaveola	(Cooke) Baral et Blank	DD	Fungi	Ascomycota	Leotiomycetes	Helotiales	Hyaloscyphaceae	Hyaloscypha	Hyaloscypha flaveola	2585256	species	Hyaloscypha flaveola	(Cooke) Nannf.		
Calycellina foliicola	(Graddon) Baral	DD	Fungi	Ascomycota	Leotiomycetes	Helotiales	Hyaloscyphaceae	Unguiculella	Unguiculella foliicola	2585653	species	Unguiculella foliicola	(Graddon) Spooner & P.M.Kirk		
Calycellina lachnobrachya	(Desm.) Baral in Ba. et Kr.	LC	Fungi	Ascomycota	Leotiomycetes	Helotiales	Pezizellaceae	Calycellina	Calycellina lachnobrachya	5521339	species	Calycellina lachnobrachya	(Desm.) Baral		
Calycellina leucella	(Karst.) Dennis ex Mueller	DD	Fungi	Ascomycota	Leotiomycetes	Helotiales	Pezizellaceae	Calycellina	Calycellina leucella	5257264	species	Calycellina leucella	(P.Karst.) Dennis ex E.Müll.		
Calycellina lutea	(Raschle) Baral et Blank	DD	Fungi	Ascomycota	Leotiomycetes	Helotiales	Pezizellaceae	Calycellina	Calycellina lutea	5496770	species	Calycellina lutea	(Raschle) Baral & P.Blank		
Calycellina populina	(Fuckel) Hoehn.	DD	Fungi	Ascomycota	Leotiomycetes	Helotiales	Pezizellaceae	Calycellina	Calycellina populina	7541010	species	Calycellina populina	(Fuckel) Höhn.		
Calycellina punctata	(Fr.) Lowen et Dumont	DD	Fungi	Ascomycota	Leotiomycetes	Helotiales	Pezizellaceae	Calycellina	Calycellina punctata	5257274	species	Calycellina punctata	(Fr.) Lowen & Dumont		
Calycellina ulmariae	(Lasch in Rabh.) Korf	NT	Fungi	Ascomycota	Leotiomycetes	Helotiales	Pezizellaceae	Calycellina	Calycellina ulmariae	5519699	species	Calycellina ulmariae	(Lasch) Korf		
Calycina conorum	(Rehm) Baral	DD	Fungi	Ascomycota	Leotiomycetes	Helotiales	Pezizellaceae	Calycina	Calycina conorum	5257235	species	Calycina conorum	(Rehm) Baral		
Calycina discreta	(Karst.) O.Kuntze	DD	Fungi	Ascomycota	Leotiomycetes	Helotiales	Pezizellaceae	Calycina	Calycina discreta	5496886	species	Calycina discreta	(P.Karst.) Kuntze		
Calycina gemmarum	(Boud.) Baral	DD	Fungi	Ascomycota	Leotiomycetes	Helotiales	Pezizellaceae	Gemmina	Gemmina gemmarum	2584909	species	Gemmina gemmarum	(Boud.) Raitv.		
Calycina herbarum	(Pers.: Fr.) Gray	LC	Fungi	Ascomycota	Leotiomycetes	Helotiales	Pezizellaceae	Calycina	Calycina herbarum	5256449	species	Calycina herbarum	(Pers.) Gray		
Calycina phyllophila	(Desm.) Baral in Ba. et Kr.	DD	Fungi	Ascomycota	Leotiomycetes	Helotiales	Helotiaceae	Hymenoscyphus	Hymenoscyphus phyllophilus	2582262	species	Hymenoscyphus phyllophilus	(Desm.) Kuntze		
Calycina subtilis	(Fr.) Baral in Baral et Krieglst.	DD	Fungi	Ascomycota	Leotiomycetes	Helotiales	Pezizellaceae	Calycina	Calycina subtilis	8919375	species	Calycina subtilis	(Fr.) Baral		
Calycina vulgaris	(Fr.) Baral	DD	Fungi	Ascomycota	Leotiomycetes	Helotiales	Pezizellaceae	Calycina	Calycina vulgaris	5257138	species	Calycina vulgaris	(Fr.) Baral		
Calyptella campanula	(Nees: Fr.) W.B. Cooke	LC	Fungi	Basidiomycota	Agaricomycetes	Agaricales	Marasmiaceae	Calyptella	Calyptella campanula	2537382	species	Calyptella campanula	(Nees) W.B.Cooke		
Calyptella capula	(Holmsk.: Fr.) Quel.	LC	Fungi	Basidiomycota	Agaricomycetes	Agaricales	Marasmiaceae	Calyptella	Calyptella capula	2537371	species	Calyptella capula	(Holmsk.) Quél.		
Camarophyllopsis phaeophylla	(Romagn.) Arnolds	CR	Fungi	Basidiomycota	Agaricomycetes	Agaricales	Clavariaceae	Camarophyllopsis	Camarophyllopsis phaeophylla	2538384	species	Camarophyllopsis phaeophylla	(Romagn.) Arnolds		
Camarophyllopsis schulzeri	(Bres.) Herink	CR	Fungi	Basidiomycota	Agaricomycetes	Agaricales	Clavariaceae	Camarophyllopsis	Camarophyllopsis schulzeri	2538357	species	Camarophyllopsis schulzeri	(Bres.) Herink		
Camarophyllus berkeleyi	(P.D. Orton) P.D. Orton et Watling	EN	Fungi	Basidiomycota	Agaricomycetes	Agaricales	Hygrophoraceae	Cuphophyllus	Cuphophyllus pratensis	3291564	species	Cuphophyllus pratensis	(Pers.) Bon		
Camarophyllus cinereus	(Fr.) Karst.	EN	Fungi	Basidiomycota	Agaricomycetes	Agaricales	Hygrophoraceae	Hygrocybe	Hygrocybe cinerea	2538783	species	Hygrocybe cinerea	(Pers.) P.D.Orton & Watling		
Camarophyllus fuscescens	(Bres.) M.M.Moser	VU	Fungi	Basidiomycota	Agaricomycetes	Agaricales	Hygrophoraceae	Cuphophyllus	Cuphophyllus virgineus	3345381	species	Cuphophyllus virgineus	(Wulfen) Kovalenko		
Camarophyllus nebularis	Clemencon	DD	Fungi	Basidiomycota	Agaricomycetes	Agaricales	Hygrophoraceae	Cuphophyllus	Cuphophyllus nebularis	3307442	species	Cuphophyllus nebularis	(Clémençon) Bon		
Cantharellopsis prescotii	(Weinm.) Kuyper	VU	Fungi	Basidiomycota	Agaricomycetes	Hymenochaetales		Cantharellopsis	Cantharellopsis prescotii	2538209	species	Cantharellopsis prescotii	(Weinm.) Kuyper		
Cantharellula umbonata	(Gmel.: Fr.) Singer	VU	Fungi	Basidiomycota	Agaricomycetes	Agaricales	Hygrophoraceae	Cantharellula	Cantharellula umbonata	2532395	species	Cantharellula umbonata	(J.F.Gmel.) Singer		
Cantharellus cibarius	Fr.: Fr.	LC	Fungi	Basidiomycota	Agaricomycetes	Cantharellales	Hydnaceae	Cantharellus	Cantharellus cibarius	5249504	species	Cantharellus cibarius	Fr.		
Cantharellus cinereus	Fr.	LC	Fungi	Basidiomycota	Agaricomycetes	Cantharellales	Hydnaceae	Cantharellus	Cantharellus cinereus	9226626	species	Cantharellus cinereus	Pers.		
Cantharellus friesii	Quel.	LC	Fungi	Basidiomycota	Agaricomycetes	Cantharellales	Hydnaceae	Cantharellus	Cantharellus friesii	8010163	species	Cantharellus friesii	Quél.		
Cantharellus ianthinoxanthus	Maire	EN	Fungi	Basidiomycota	Agaricomycetes	Cantharellales	Hydnaceae	Cantharellus	Cantharellus ianthinoxanthus	7684414	species	Cantharellus ianthinoxanthus	(Maire) Kühner		author_mismatch
Cantharellus melanoxeros	Desm.	VU	Fungi	Basidiomycota	Agaricomycetes	Cantharellales	Hydnaceae	Cantharellus	Cantharellus melanoxeros	5249532	species	Cantharellus melanoxeros	Desm.		
Cantharellus tubaeformis	(Bull.: Fr.) Fr.	LC	Fungi	Basidiomycota	Agaricomycetes	Cantharellales	Hydnaceae	Craterellus	Craterellus tubaeformis	2554536	species	Craterellus tubaeformis	(Fr.) Quél.		
Cantharellus xanthopus	(Pers.) Duby	LC	Fungi	Basidiomycota	Agaricomycetes	Cantharellales	Hydnaceae	Craterellus	Craterellus tubaeformis	2554536	species	Craterellus tubaeformis	(Fr.) Quél.		
Capitotricha bicolor	(Bull. ex Merat:Fr.) Baral in	LC	Fungi	Ascomycota	Leotiomycetes	Helotiales	Lachnaceae	Capitotricha	Capitotricha bicolor	2586154	species	Capitotricha bicolor	(Bull.) Baral		
Capitotricha fagiseda	Baral	DD	Fungi	Ascomycota	Leotiomycetes	Helotiales	Lachnaceae	Capitotricha	Capitotricha fagiseda	3283727	species	Capitotricha fagiseda	Baral		
Capitotricha rubi	(Bres. ap. Bres. et Sacc.) Baral	LC	Fungi	Ascomycota	Leotiomycetes	Helotiales	Lachnaceae	Capitotricha	Capitotricha rubi	2586157	species	Capitotricha rubi	(Bres.) Baral		
Catathelasma imperiale	(Fr.) Singer	LC	Fungi	Basidiomycota	Agaricomycetes	Agaricales	Biannulariaceae	Catathelasma	Catathelasma imperiale	2531729	species	Catathelasma imperiale	(P.Karst.) Singer		
Catinella olivacea	(Batsch: Pers.) Boud.	DD	Fungi	Ascomycota	Dothideomycetes			Catinella	Catinella olivacea	6613458	species	Catinella olivacea	(Batsch) Boud.		
Cellypha goldbachii	(Weinm.) Donk	DD	Fungi	Basidiomycota	Agaricomycetes	Agaricales	Tricholomataceae	Cellypha	Cellypha goldbachii	2532123	species	Cellypha goldbachii	(Weinm.) Donk		
Cenangiopsis oxyparaphysata	(Rehm) Dennis	DD	Fungi	Ascomycota	Leotiomycetes	Helotiales	Dermateaceae	Arctomollisia	Arctomollisia oxyparaphysata	8321862	species	Arctomollisia oxyparaphysata	(Rehm) Raitv.		
Cenangium acuum	Cooke et Peck	DD	Fungi	Ascomycota	Leotiomycetes	Helotiales	Cenangiaceae	Cenangium	Cenangium acuum	2582752	species	Cenangium acuum	Cooke & Peck		
Cenangium ferruginosum	Fr.	DD	Fungi	Ascomycota	Leotiomycetes	Helotiales	Cenangiaceae	Cenangium	Cenangium ferruginosum	2582754	species	Cenangium ferruginosum	Fr.		
Cenangium flavorubrum	E. Muell.	DD	Fungi	Ascomycota	Leotiomycetes	Helotiales	Cenangiaceae	Cenangium	Cenangium flavorubrum	3487151	species	Cenangium flavorubrum	E.Müll.		
Cephaloscypha mairei	(Pilat) Agerer	DD	Fungi	Basidiomycota	Agaricomycetes	Agaricales	Marasmiaceae	Cephaloscypha	Cephaloscypha mairei	8400099	species	Cephaloscypha mairei	(Pilát) Agerer		
Ceraceomyces eludens	K.H. Larss.	NT	Fungi	Basidiomycota	Agaricomycetes	Amylocorticiales	Amylocorticiaceae	Ceraceomyces	Ceraceomyces eludens	3356638	species	Ceraceomyces eludens	K.H.Larss.		
Ceraceomyces microsporus	K.H.Larss., in Larsson & Larsson	DD	Fungi	Basidiomycota	Agaricomycetes	Amylocorticiales	Amylocorticiaceae	Ceraceomyces	Ceraceomyces microsporus	2525248	species	Ceraceomyces microsporus	K.H.Larss.		
Ceraceomyces serpens	(Tode: Fr.) Ginns	DD	Fungi	Basidiomycota	Agaricomycetes	Polyporales	Irpicaceae	Crystallicutis	Crystallicutis serpens	12239617	species	Crystallicutis serpens	(Tode) El-Gharabawy, Leal-Dutra & G.W.Griff.		
Ceraceomyces tessulatus	(Cooke) Juelich	DD	Fungi	Basidiomycota	Agaricomycetes	Amylocorticiales	Amylocorticiaceae	Ceraceomyces	Ceraceomyces tessulatus	2525226	species	Ceraceomyces tessulatus	(Cooke) Jülich		
Ceratellopsis acuminata	sensu Bourdot et Galzin	DD	Fungi	Basidiomycota	Agaricomycetes	Gomphales	Gomphaceae	Ceratellopsis	Ceratellopsis acuminata	2521493	species	Ceratellopsis acuminata	(Fuckel) Corner		author_mismatch
Ceratobasidium cornigerum	(Bourdot) Rogers	LC	Fungi	Basidiomycota	Agaricomycetes	Cantharellales	Ceratobasidiaceae	Ceratobasidium	Ceratobasidium cornigerum	2555120	species	Ceratobasidium cornigerum	(Bourdot) D.P.Rogers		
Ceratobasidium pseudocornigerum	M.P. Christ.	DD	Fungi	Basidiomycota	Agaricomycetes	Cantharellales	Ceratobasidiaceae	Rhizoctonia	Rhizoctonia pseudocornigera	7536385	species	Rhizoctonia pseudocornigera	(M.P.Christ.) Oberw., R.Bauer, Garnica & R.Kirschner		
Cerinomyces crustulinus	(Bourdot et Galzin) Martin	DD	Fungi	Basidiomycota	Dacrymycetes	Dacrymycetales	Cerinomycetaceae	Cerinomyces	Cerinomyces crustulinus	2512850	species	Cerinomyces crustulinus	(Bourdot & Galzin) G.W.Martin		
Ceriporia camaresiana	(Bourdot et Galzin) Bondartsev et Singer	DD	Fungi	Basidiomycota	Agaricomycetes	Polyporales	Irpicaceae	Ceriporia	Ceriporia camaresiana	2541615	species	Ceriporia camaresiana	(Bourdot & Galzin) Bondartsev & Singer		
Ceriporia excelsa	(S. Lundell) Parmasto	LC	Fungi	Basidiomycota	Agaricomycetes	Polyporales	Irpicaceae	Ceriporia	Ceriporia excelsa	2541696	species	Ceriporia excelsa	(S.Lundell) Parmasto		
Ceriporia purpurea	(Fr.: Fr.) Donk	LC	Fungi	Basidiomycota	Agaricomycetes	Polyporales	Irpicaceae	Ceriporia	Ceriporia purpurea	9189610	species	Ceriporia purpurea	(Fr.) Donk		
Ceriporia reticulata	(H. Hoffm.: Fr.) Domanski	LC	Fungi	Basidiomycota	Agaricomycetes	Polyporales	Irpicaceae	Ceriporia	Ceriporia reticulata	2541673	species	Ceriporia reticulata	(Hoffm.) Domański		
Ceriporia viridans	(Berk. et Broome) Donk	LC	Fungi	Basidiomycota	Agaricomycetes	Polyporales	Irpicaceae	Ceriporia	Ceriporia viridans	2541599	species	Ceriporia viridans	(Berk. & Broome) Donk		
Ceriporiopsis aneirina	(Sommerf.: Fr.) Domanski	DD	Fungi	Basidiomycota	Agaricomycetes	Polyporales	Cerrenaceae	Raduliporus	Raduliporus aneirinus	2544356	species	Raduliporus aneirinus	(Sommerf.) Spirin & Zmitr.		
Ceriporiopsis gilvescens	(Bres.) Domanski	EN	Fungi	Basidiomycota	Agaricomycetes	Polyporales	Meruliaceae	Mycoacia	Mycoacia gilvescens	10805530	species	Mycoacia gilvescens	(Bres.) Zmitr.		
Ceriporiopsis mucida	(Pers.) Gilb. & Ryvarden	LC	Fungi	Basidiomycota	Agaricomycetes	Polyporales	Meruliaceae	Ceriporiopsis	Ceriporiopsis mucida	9141667	species	Ceriporiopsis mucida	(Pers.) Gilb. & Ryvarden		
Ceriporiopsis resinascens	(Romell) Domanski	EN	Fungi	Basidiomycota	Agaricomycetes	Polyporales	Irpicaceae	Resiniporus	Resiniporus resinascens	10850434	species	Resiniporus resinascens	(Romell) Zmitr.		
Cerocorticium molare	(Chaill:Fr.) Juelich	LC	Fungi	Basidiomycota	Agaricomycetes	Agaricales	Radulomycetaceae	Radulomyces	Radulomyces molaris	2540593	species	Radulomyces molaris	(Chaillet ex Fr.) M.P.Christ.		
Cerrena unicolor	(Bull.: Fr.) Murrill	LC	Fungi	Basidiomycota	Agaricomycetes	Polyporales	Cerrenaceae	Cerrena	Cerrena unicolor	9070104	species	Cerrena unicolor	(Bull.) Murrill		
Chaetocalathus craterellus	(Durieu et Lev.) Singer	DD	Fungi	Basidiomycota	Agaricomycetes	Agaricales	Marasmiaceae	Chaetocalathus	Chaetocalathus craterellus	2538014	species	Chaetocalathus craterellus	(Durieu & Lév.) Singer		
Chalciporus amarellus	(Quel.) M.M. Moser	VU	Fungi	Basidiomycota	Agaricomycetes	Boletales	Boletaceae	Chalciporus	Chalciporus piperatus	9156243	species	Chalciporus piperatus	(Bull.) Bataille		author_mismatch
Chalciporus piperatus	(Bull.:Fr.) Bat.	LC	Fungi	Basidiomycota	Agaricomycetes	Boletales	Boletaceae	Chalciporus	Chalciporus piperatus	9156243	species	Chalciporus piperatus	(Bull.) Bataille		
Chalciporus pseudorubinus	(Thirring) Pilat et Dermek	CR	Fungi	Basidiomycota	Agaricomycetes	Boletales	Boletaceae	Chalciporus	Chalciporus pseudorubinus	3356277	species	Chalciporus pseudorubinus	(Thirring) Pilát & Dermek		
Chamaemyces fracidus	(Fr.) Donk	LC	Fungi	Basidiomycota	Agaricomycetes	Agaricales	Agaricaceae	Chamaemyces	Chamaemyces fracidus	2536600	species	Chamaemyces fracidus	(Fr.) Donk		
Chamonixia caespitosa	(Rolland) Fischer	EN	Fungi	Basidiomycota	Agaricomycetes	Boletales	Boletaceae	Chamonixia	Chamonixia caespitosa	2524302	species	Chamonixia caespitosa	Rolland		
Cheilymenia fimicola	(De Not. et Bagl.) Dennis	LC	Fungi	Ascomycota	Pezizomycetes	Pezizales	Pyronemataceae	Cheilymenia	Cheilymenia fimicola	2594381	species	Cheilymenia fimicola	(Bagl.) Dennis		
Cheilymenia granulata	(Bull.) J. Moravec	LC	Fungi	Ascomycota	Pezizomycetes	Pezizales	Pyronemataceae	Cheilymenia	Cheilymenia granulata	8978710	species	Cheilymenia granulata	(Bull.) J.Moravec		
Cheilymenia oligotricha	(P.Karst.) Moravec	DD	Fungi	Ascomycota	Pezizomycetes	Pezizales	Pyronemataceae	Cheilymenia	Cheilymenia oligotricha	2594442	species	Cheilymenia oligotricha	(P.Karst.) J.Moravec		
Cheilymenia raripila	(Phill.) Dennis	DD	Fungi	Ascomycota	Pezizomycetes	Pezizales	Pyronemataceae	Cheilymenia	Cheilymenia raripila	2594448	species	Cheilymenia raripila	(W.Phillips) Dennis		
Cheilymenia rubra	(Cooke) Boud.	DD	Fungi	Ascomycota	Pezizomycetes	Pezizales	Pyronemataceae	Cheilymenia	Cheilymenia rubra	2594406	species	Cheilymenia rubra	(Roum.) Boud.		
Cheilymenia stercorea	(Pers.) Boud.	LC	Fungi	Ascomycota	Pezizomycetes	Pezizales	Pyronemataceae	Cheilymenia	Cheilymenia stercorea	2594455	species	Cheilymenia stercorea	(Pers.) Boud.		
Cheilymenia theleboloides	(Alb. et Schwein.: Fr.) Boud.	VU	Fungi	Ascomycota	Pezizomycetes	Pezizales	Pyronemataceae	Cheilymenia	Cheilymenia theleboloides	2594421	species	Cheilymenia theleboloides	(Alb. & Schwein.) Boud.		
Cheilymenia vitellina	(Pers.) Dennis	VU	Fungi	Ascomycota	Pezizomycetes	Pezizales	Pyronemataceae	Cheilymenia	Cheilymenia vitellina	2594460	species	Cheilymenia vitellina	(Pers.) Dennis		
Cheimonophyllum candidissimum	(Berk. et M.A. Curtis) Singer	LC	Fungi	Basidiomycota	Agaricomycetes	Agaricales	Cyphellaceae	Cheimonophyllum	Cheimonophyllum candidissimum	2532986	species	Cheimonophyllum candidissimum	(Berk. & M.A.Curtis) Singer		
Chlorociboria aeruginascens	(Nyl.) Kanouse ex Rama., Korf	LC	Fungi	Ascomycota	Leotiomycetes	Helotiales	Chlorociboriaceae	Chlorociboria	Chlorociboria aeruginascens	8411734	species	Chlorociboria aeruginascens	(Nyl.) Kanouse		
Chlorophyllum rhacodes	(Vittad.) Vellinga	LC	Fungi	Basidiomycota	Agaricomycetes	Agaricales	Agaricaceae	Chlorophyllum	Chlorophyllum rhacodes	5955395	species	Chlorophyllum rhacodes	(Vittad.) Vellinga		
Chlorophyllum venenatum	(Bon) C. Lange & Vellinga	EN	Fungi	Basidiomycota	Agaricomycetes	Agaricales	Agaricaceae	Macrolepiota	Macrolepiota venenata	2535980	species	Macrolepiota venenata	Bon		
Chloroscypha alutipes	(Phill.) Dennis	DD	Fungi	Ascomycota	Leotiomycetes	Helotiales	Gelatinodiscaceae	Chloroscypha	Chloroscypha alutipes	2584882	species	Chloroscypha alutipes	(W.Phillips) Dennis		
Chloroscypha sabinae	(Fuckel) Dennis	DD	Fungi	Ascomycota	Leotiomycetes	Helotiales	Gelatinodiscaceae	Chloroscypha	Chloroscypha sabinae	2584868	species	Chloroscypha sabinae	(Fuckel) Dennis		
Chlorosplenium cenangium	(De Not.) Korf	LC	Fungi	Ascomycota	Leotiomycetes	Helotiales	Chlorospleniaceae	Chlorosplenium	Chlorosplenium cenangium	2580640	species	Chlorosplenium cenangium	(De Not.) Korf		
Choiromyces maeandriformis	Vittad.	NT	Fungi	Ascomycota	Pezizomycetes	Pezizales	Tuberaceae	Choiromyces	Choiromyces meandriformis	2593184	species	Choiromyces meandriformis	Vittad.		similar_found
Chondrostereum purpureum	(Pers.: Fr.) Pouz.	LC	Fungi	Basidiomycota	Agaricomycetes	Agaricales	Cyphellaceae	Chondrostereum	Chondrostereum purpureum	2532944	species	Chondrostereum purpureum	(Pers.) Pouzar		
Christiansenia mycetophila	(Peck) Ginns et Sunhede	DD	Fungi	Basidiomycota	Tremellomycetes	Filobasidiales	Filobasidiaceae	Syzygospora	Syzygospora mycetophila	2518471	species	Syzygospora mycetophila	(Peck) Ginns		
Christiansenia pallida	Hauerslev	DD	Fungi	Basidiomycota	Tremellomycetes	Filobasidiales	Filobasidiaceae	Syzygospora	Syzygospora pallida	2518493	species	Syzygospora pallida	(Hauerslev) Ginns		
Chromocyphella galeata	(Schumach.: Fr.) W.B. Cooke	DD	Fungi	Basidiomycota	Agaricomycetes	Agaricales	Chromocyphellaceae	Chromocyphella	Chromocyphella galeata	2528378	species	Chromocyphella galeata	(Schumach.) W.B.Cooke		
Chromocyphella muscicola	(Fr.: Fr.) Donk	LC	Fungi	Basidiomycota	Agaricomycetes	Agaricales	Chromocyphellaceae	Chromocyphella	Chromocyphella muscicola	2528387	species	Chromocyphella muscicola	(Fr.) Donk		
Chromosera cyanophylla	(Fr.) Redhead, Ammirati & Norvell	DD	Fungi	Basidiomycota	Agaricomycetes	Agaricales	Hygrophoraceae	Chromosera	Chromosera cyanophylla	2538826	species	Chromosera cyanophylla	(Fr.) Redhead, Ammirati & Norvell		
Chroogomphus helveticus	(Singer) M.M. Moser	LC	Fungi	Basidiomycota	Agaricomycetes	Boletales	Gomphidiaceae	Chroogomphus	Chroogomphus helveticus	2524993	species	Chroogomphus helveticus	(Singer) M.M.Moser		
Chroogomphus rutilus	(Schaeff.: Fr.) O.K. Mill.	LC	Fungi	Basidiomycota	Agaricomycetes	Boletales	Gomphidiaceae	Chroogomphus	Chroogomphus rutilus	2524996	species	Chroogomphus rutilus	(Schaeff.) O.K.Mill.		
Chrysomphalina chrysophylla	(Fr.) Clémençon	EN	Fungi	Basidiomycota	Agaricomycetes	Agaricales	Hygrophoraceae	Chrysomphalina	Chrysomphalina chrysophylla	9015858	species	Chrysomphalina chrysophylla	(Fr.) Clémençon		
Chrysomphalina grossula	(Pers.) Norvell, Redhead & Ammirati	LC	Fungi	Basidiomycota	Agaricomycetes	Agaricales	Hygrophoraceae	Chrysomphalina	Chrysomphalina grossula	2538236	species	Chrysomphalina grossula	(Pers.) Norvell, Redhead & Ammirati		
Ciboria amentacea	(Balbis: Fr.) Fuckel	LC	Fungi	Ascomycota	Leotiomycetes	Helotiales	Sclerotiniaceae	Ciboria	Ciboria amentacea	2583060	species	Ciboria amentacea	(Balb.) Fuckel		
Ciboria americana	Durand	DD	Fungi	Ascomycota	Leotiomycetes	Helotiales	Sclerotiniaceae	Ciboria	Ciboria americana	2583057	species	Ciboria americana	E.J.Durand		
Ciboria batschiana	(Zopf in Zopf et Sydow) Buchwal	LC	Fungi	Ascomycota	Leotiomycetes	Helotiales	Sclerotiniaceae	Ciboria	Ciboria batschiana	2583068	species	Ciboria batschiana	(Zopf) N.F.Buchw.		
Ciboria bulgarioides	(Rabh.) Baral in Ba. et Krieglst.	LC	Fungi	Ascomycota	Leotiomycetes	Helotiales	Rutstroemiaceae	Rutstroemia	Rutstroemia bulgarioides	2580477	species	Rutstroemia bulgarioides	(P.Karst.) P.Karst.		
Ciboria caucus	(Rebent. per Pers.) Fuckel	DD	Fungi	Ascomycota	Leotiomycetes	Helotiales	Sclerotiniaceae	Ciboria	Ciboria caucus	2583044	species	Ciboria caucus	(Rebent.) Fuckel		
Ciboria conformata	(Karst.) Svrcek	DD	Fungi	Ascomycota	Leotiomycetes	Helotiales	Rutstroemiaceae	Rutstroemia	Rutstroemia conformata	2580470	species	Rutstroemia conformata	(P.Karst.) Nannf.		
Ciboria coryli	(Schellenb.) Buchw.	DD	Fungi	Ascomycota	Leotiomycetes	Helotiales	Sclerotiniaceae	Ciboria	Ciboria coryli	3485860	species	Ciboria coryli	(Schellenb.) N.F.Buchw.		
Ciboria dumbirensis	(Velen.) Spooner	DD	Fungi	Ascomycota	Leotiomycetes	Helotiales	Helotiaceae	Tatraea	Tatraea dumbirensis	2583085	species	Tatraea dumbirensis	(Velen.) Svrček		
Ciboria rufofusca	(Weberb.) Sacc.	LC	Fungi	Ascomycota	Leotiomycetes	Helotiales	Sclerotiniaceae	Ciboria	Ciboria rufofusca	2583088	species	Ciboria rufofusca	(O.Weberb.) Sacc.		
Ciboria viridifusca	(Fuckel) Hoehn.	EN	Fungi	Ascomycota	Leotiomycetes	Helotiales	Sclerotiniaceae	Ciboria	Ciboria viridifusca	2583074	species	Ciboria viridifusca	(Fuckel) Höhn.		
Ciborinia candolleana	(Lev.) Whetzel	DD	Fungi	Ascomycota	Leotiomycetes	Helotiales	Sclerotiniaceae	Ciborinia	Ciborinia candolleana	2582970	species	Ciborinia candolleana	(Lév.) Whetzel		
Ciborinia hirtella	(Boud.) Batra et Korf	DD	Fungi	Ascomycota	Leotiomycetes	Helotiales	Sclerotiniaceae	Ciborinia	Ciborinia hirtella	2582990	species	Ciborinia hirtella	(Boud.) L.R.Batra & Korf		
Ciliolarina laricina	(Raitv.) Svrcek	DD	Fungi	Ascomycota	Leotiomycetes	Helotiales	Hamatocanthoscyphaceae	Ciliolarina	Ciliolarina laricina	2586562	species	Ciliolarina laricina	(Raitv.) Svrček		
Cinereomyces lindbladii	(Berk.) Juelich	LC	Fungi	Basidiomycota	Agaricomycetes	Polyporales	Gelatoporiaceae	Cinereomyces	Cinereomyces lindbladii	2546210	species	Cinereomyces lindbladii	(Berk.) Jülich		
Cistella acuum	(Alb. et Schwein.: Fr.) Svrcek	LC	Fungi	Ascomycota	Leotiomycetes	Helotiales	Hyaloscyphaceae	Cistella	Cistella acuum	5257320	species	Cistella acuum	(Alb. & Schwein.) Svrček		
Cistella albidolutea	(Feltgen) Baral in Baral et Krieglst.	DD	Fungi	Ascomycota	Leotiomycetes	Helotiales	Hyaloscyphaceae	Cistella	Cistella albidolutea	5496716	species	Cistella albidolutea	(Feltgen) Baral		
Cistella dentata	(Pers.: Fr.) Quelet	DD	Fungi	Ascomycota	Leotiomycetes	Helotiales	Hyaloscyphaceae	Cistella	Cistella dentata	5257317	species	Cistella dentata	(Pers.) Quél.		
Cistella grevillei	(Berk.) Raschle	LC	Fungi	Ascomycota	Leotiomycetes	Helotiales	Hyaloscyphaceae	Cistella	Cistella grevillei	5257537	species	Cistella grevillei	(Berk.) Raitv.		
Cistella hymeniophila	(P. Karst). Korf	DD	Fungi	Ascomycota	Leotiomycetes	Helotiales	Hyphodiscaceae	Hyphodiscus	Hyphodiscus hymeniophilus	2584918	species	Hyphodiscus hymeniophilus	(P.Karst.) Baral		
Cistella sacconii	Raitv.	DD	Fungi	Ascomycota	Leotiomycetes	Helotiales	Hyaloscyphaceae	Cistella	Cistella sacconii	5496713	species	Cistella sacconii	Raitv.		
Cistella tenuicula	(P. Karst.) Raschle	DD	Fungi	Ascomycota	Leotiomycetes	Helotiales	Tricladiaceae	Helotium	Helotium tenuiculum	5820596	species	Helotium tenuiculum	(P.Karst.) P.Karst.		
Clathrus archeri	(Berk.) Dring	LC	Fungi	Basidiomycota	Agaricomycetes	Phallales	Phallaceae	Clathrus	Clathrus archeri	5239483	species	Clathrus archeri	(Berk.) Dring		
Clathrus ruber	Micheli ex Pers.	LC	Fungi	Basidiomycota	Agaricomycetes	Phallales	Phallaceae	Clathrus	Clathrus ruber	5239476	species	Clathrus ruber	P.Micheli ex Pers.		
Claussenomyces atrovirens	(Pers.: Fr.) Korf et Abawi	DD	Fungi	Ascomycota	Leotiomycetes	Leotiales	Tympanidaceae	Vexillomyces	Vexillomyces atrovirens	11939774	species	Vexillomyces atrovirens	(Pers.) Baral, Quijada & G.Marson		
Claussenomyces prasinulus	(P.Karsten) Korf et Abawi	NT	Fungi	Ascomycota	Leotiomycetes	Leotiales	Tympanidaceae	Claussenomyces	Claussenomyces prasinulus	2582845	species	Claussenomyces prasinulus	(P.Karst.) Korf & Abawi		
Clavaria argillacea	Pers.: Fr.	EN	Fungi	Basidiomycota	Agaricomycetes	Agaricales	Clavariaceae	Clavaria	Clavaria argillacea	7686505	species	Clavaria argillacea	Pers.		
Clavaria candida	Weinm.	EN	Fungi	Basidiomycota	Agaricomycetes	Agaricales	Clavariaceae	Clavulinopsis	Clavulinopsis candida	5244411	species	Clavulinopsis candida	(Weinm.) Corner		
Clavaria falcata	Pers.: Fr.	LC	Fungi	Basidiomycota	Agaricomycetes	Agaricales	Clavariaceae	Clavaria	Clavaria falcata	5244517	species	Clavaria falcata	Pers.		author_mismatch
Clavaria flavipes	Pers.	DD	Fungi	Basidiomycota	Agaricomycetes	Agaricales	Clavariaceae	Clavaria	Clavaria flavipes	5244536	species	Clavaria flavipes	Pers.		
Clavaria fragilis	Holmsk.: Fr.	LC	Fungi	Basidiomycota	Agaricomycetes	Agaricales	Clavariaceae	Clavaria	Clavaria fragilis	5244501	species	Clavaria fragilis	Holmsk.		
Clavaria fumosa	Fr.	EN	Fungi	Basidiomycota	Agaricomycetes	Agaricales	Clavariaceae	Clavaria	Clavaria fumosa	5244508	species	Clavaria fumosa	Pers.		
Clavaria incarnata	Weinm.	EN	Fungi	Basidiomycota	Agaricomycetes	Agaricales	Clavariaceae	Clavaria	Clavaria incarnata	5244551	species	Clavaria incarnata	Weinm.		
Clavaria rosea	Fr.	CR	Fungi	Basidiomycota	Agaricomycetes	Agaricales	Clavariaceae	Clavaria	Clavaria rosea	5244509	species	Clavaria rosea	Fr.		
Clavaria tenuipes	Berk. et Broome	DD	Fungi	Basidiomycota	Agaricomycetes	Agaricales	Clavariaceae	Clavaria	Clavaria tenuipes	5244545	species	Clavaria tenuipes	Berk. & Broome		
Clavaria zollingeri	Lev.	EN	Fungi	Basidiomycota	Agaricomycetes	Agaricales	Clavariaceae	Clavaria	Clavaria zollingeri	5244510	species	Clavaria zollingeri	Lév.		
Clavariadelphus ligula	(Schaeff.:Fr.) Donk	LC	Fungi	Basidiomycota	Agaricomycetes	Gomphales	Clavariadelphaceae	Clavariadelphus	Clavariadelphus ligula	2521387	species	Clavariadelphus ligula	(Schaeff.) Donk		
Clavariadelphus pistillaris	(L.: Fr.) Donk	LC	Fungi	Basidiomycota	Agaricomycetes	Gomphales	Clavariadelphaceae	Clavariadelphus	Clavariadelphus pistillaris	2521391	species	Clavariadelphus pistillaris	(L.) Donk		
Clavariadelphus truncatus	(Quel.) Donk	LC	Fungi	Basidiomycota	Agaricomycetes	Gomphales	Clavariadelphaceae	Clavariadelphus	Clavariadelphus truncatus	2521401	species	Clavariadelphus truncatus	Donk		
Claviceps microcephala	Wallr.	DD	Fungi	Ascomycota	Sordariomycetes	Hypocreales	Clavicipitaceae	Claviceps	Claviceps purpurea	9378152	species	Claviceps purpurea	(Fr.) Tul.		author_mismatch
Claviceps purpurea	(Fr.) Tul.	LC	Fungi	Ascomycota	Sordariomycetes	Hypocreales	Clavicipitaceae	Claviceps	Claviceps purpurea	9378152	species	Claviceps purpurea	(Fr.) Tul.		
Clavulicium macounii	(Burt) J. Erikss. et Boidin	EN	Fungi	Basidiomycota	Agaricomycetes	Cantharellales	Clavulinaceae	Clavulicium	Clavulicium macounii	3367666	species	Clavulicium macounii	(Burt) J.Erikss. & Boidin ex Parmasto		
Clavulina amethystina	(Fr.) Donk	EN	Fungi	Basidiomycota	Agaricomycetes	Cantharellales	Hydnaceae	Clavulina	Clavulina amethystina	5447198	species	Clavulina amethystina	(Bull.) Donk		
Clavulina cinerea	(Bull.: Fr.) J. Schroet.	LC	Fungi	Basidiomycota	Agaricomycetes	Cantharellales	Hydnaceae	Clavulina	Clavulina cinerea	5249860	species	Clavulina cinerea	(Bull.) J.Schröt.		
Clavulina coralloides	(L.: Fr.) J. Schroet.	LC	Fungi	Basidiomycota	Agaricomycetes	Cantharellales	Hydnaceae	Clavulina	Clavulina coralloides	5249883	species	Clavulina coralloides	(L.) J.Schröt.		
Clavulina rugosa	(Bull.: Fr.) J. Schroet.	LC	Fungi	Basidiomycota	Agaricomycetes	Cantharellales	Hydnaceae	Clavulina	Clavulina rugosa	5249808	species	Clavulina rugosa	(Bull.) J.Schröt.		
Clavulinopsis corniculata	(Schaeff.: Fr.) Corner	NT	Fungi	Basidiomycota	Agaricomycetes	Agaricales	Clavariaceae	Clavulinopsis	Clavulinopsis corniculata	5244431	species	Clavulinopsis corniculata	(Schaeff.) Corner		
Clavulinopsis fusiformis	(Sowerby: Fr.) Corner	VU	Fungi	Basidiomycota	Agaricomycetes	Agaricales	Clavariaceae	Clavulinopsis	Clavulinopsis fusiformis	5244486	species	Clavulinopsis fusiformis	(Sowerby) Corner		
Clavulinopsis helvola	(Pers.: Fr.) Corner	NT	Fungi	Basidiomycota	Agaricomycetes	Agaricales	Clavariaceae	Clavulinopsis	Clavulinopsis helvola	9117445	species	Clavulinopsis helvola	(Pers.) Corner		
Clavulinopsis laeticolor	(Berk. et M.A. Curtis) R.H. Petersen	LC	Fungi	Basidiomycota	Agaricomycetes	Agaricales	Clavariaceae	Clavulinopsis	Clavulinopsis laeticolor	5244414	species	Clavulinopsis laeticolor	(Berk. & M.A.Curtis) R.H.Petersen		
Clavulinopsis luteoalba	(Rea) Corner	EN	Fungi	Basidiomycota	Agaricomycetes	Agaricales	Clavariaceae	Clavulinopsis	Clavulinopsis luteoalba	5244454	species	Clavulinopsis luteoalba	(Rea) Corner		
Clavulinopsis subtilis	(Fr.) Corner	LC	Fungi	Basidiomycota	Agaricomycetes	Agaricales	Clavariaceae	Ramariopsis	Ramariopsis subtilis	2540278	species	Ramariopsis subtilis	(Pers.) R.H.Petersen		
Climacocystis borealis	(Fr.: Fr.) Kotl. et Pouzar	LC	Fungi	Basidiomycota	Agaricomycetes	Polyporales	Fomitopsidaceae	Climacocystis	Climacocystis borealis	2542720	species	Climacocystis borealis	(Fr.) Kotl. & Pouzar		
Clitocella fallax	(Quél.) Kluting, T.J. Baroni & Bergemann	EN	Fungi	Basidiomycota	Agaricomycetes	Agaricales	Entolomataceae	Clitocella	Clitocella fallax	8243699	species	Clitocella fallax	(Quél.) Kluting, T.J.Baroni & Bergemann		
Clitocella popinalis	(Fr.) Kluting, T.J. Baroni & Bergemann	VU	Fungi	Basidiomycota	Agaricomycetes	Agaricales	Entolomataceae	Clitocella	Clitocella popinalis	7890180	species	Clitocella popinalis	(Fr.) Kluting, T.J.Baroni & Bergemann		
Clitocybe aequabilis	Raith.	DD	Fungi	Basidiomycota	Agaricomycetes	Agaricales	Tricholomataceae	Clitocybe	Clitocybe aequabilis	3326562	species	Clitocybe aequabilis	Raithelh.		
Clitocybe agrestis	Harmaja	DD	Fungi	Basidiomycota	Agaricomycetes	Agaricales	Tricholomataceae	Clitocybe	Clitocybe agrestis	2531179	species	Clitocybe agrestis	Harmaja		
Clitocybe alba	(Bat.) Singer	DD	Fungi	Basidiomycota	Agaricomycetes	Agaricales	Tricholomataceae	Clitocybe	Clitocybe nebularis	2531072	species	Clitocybe nebularis	(Batsch) P.Kumm.		
Clitocybe albofragrans	(Harmaja) Kuyper	DD	Fungi	Basidiomycota	Agaricomycetes	Agaricales	Tricholomataceae	Clitocybe	Clitocybe albofragrans	2531223	species	Clitocybe albofragrans	(Harmaja) Kuyper		
Clitocybe alnetorum	J. Favre	LC	Fungi	Basidiomycota	Agaricomycetes	Agaricales	Tricholomataceae	Neoclitocybe	Neoclitocybe alnetorum	3327682	species	Neoclitocybe alnetorum	(J.Favre) Singer		
Clitocybe amarescens	Harmaja	LC	Fungi	Basidiomycota	Agaricomycetes	Agaricales	Tricholomataceae	Clitocybe	Clitocybe amarescens	2531262	species	Clitocybe amarescens	Harmaja		
Clitocybe angustissima	(Lasch) Gillet	DD	Fungi	Basidiomycota	Agaricomycetes	Agaricales	Tricholomataceae	Clitocybe	Clitocybe angustissima	2531181	species	Clitocybe angustissima	(Lasch) P.Kumm.		author_mismatch
Clitocybe anisata	Velen. sensu Harmaja	DD	Fungi	Basidiomycota	Agaricomycetes	Agaricales	Tricholomataceae	Clitocybe	Clitocybe anisata	3326217	species	Clitocybe anisata	Velen.		
Clitocybe applanata	(Fr.) M.M. Moser	DD	Fungi	Basidiomycota	Agaricomycetes	Agaricales	Tricholomataceae	Austroclitocybe	Austroclitocybe orbiformis	3327731	species	Austroclitocybe orbiformis	(Fr.) Raithelh.		
Clitocybe augeana	(Mont.) Sacc.	DD	Fungi	Basidiomycota	Agaricomycetes	Agaricales	Tricholomataceae	Clitocybe	Clitocybe augeana	2531172	species	Clitocybe augeana	(Mont.) Sacc.		
Clitocybe barbularum	(Romagn.) P.D. Orton	EN	Fungi	Basidiomycota	Agaricomycetes	Agaricales	Tricholomataceae	Clitocybe	Clitocybe barbularum	2531230	species	Clitocybe barbularum	(Romagn.) P.D.Orton		
Clitocybe brumalis	(Fr.:Fr.) P. Kumm.	LC	Fungi	Basidiomycota	Agaricomycetes	Agaricales	Tricholomataceae	Clitocybe	Clitocybe brumalis	9138890	species	Clitocybe brumalis	(Fr.) Quél.		author_mismatch
Clitocybe catinus	(Fr.) Quel.	LC	Fungi	Basidiomycota	Agaricomycetes	Agaricales	Tricholomataceae	Clitocybe	Clitocybe catinus	2531048	species	Clitocybe catinus	(Fr.) Quél.		
Clitocybe cerussata	(Fr.) P. Kumm.	LC	Fungi	Basidiomycota	Agaricomycetes	Agaricales	Tricholomataceae	Clitocybe	Clitocybe phyllophila	2531103	species	Clitocybe phyllophila	(Pers.) P.Kumm.		
Clitocybe concava	(Scop.ex Fr.) Gillet	DD	Fungi	Basidiomycota	Agaricomycetes	Agaricales	Tricholomataceae	Clitocybe	Clitocybe concava	2531237	species	Clitocybe concava	(Scop.) Gillet		
Clitocybe costata	Kuehner et Romagn.	LC	Fungi	Basidiomycota	Agaricomycetes	Agaricales	Tricholomataceae	Clitocybe	Clitocybe costata	2531239	species	Clitocybe costata	Kühner & Romagn.		
Clitocybe diatreta	(Fr.:Fr.) P. Kumm.	LC	Fungi	Basidiomycota	Agaricomycetes	Agaricales	Tricholomataceae	Clitocybe	Clitocybe diatreta	2531210	species	Clitocybe diatreta	(Fr.) P.Kumm.		
Clitocybe diosma	Einhellinger	LC	Fungi	Basidiomycota	Agaricomycetes	Agaricales	Tricholomataceae	Clitocybe	Clitocybe diosma	2531064	species	Clitocybe diosma	Einhell.		
Clitocybe ditopus	(Fr.:Fr.) Gillet	LC	Fungi	Basidiomycota	Agaricomycetes	Agaricales	Tricholomataceae	Clitocybe	Clitocybe ditopa	2531217	species	Clitocybe ditopa	(Fr.) Gillet		different_ending
Clitocybe dryadicola	(J. Favre) Harmaja	LC	Fungi	Basidiomycota	Agaricomycetes	Agaricales	Tricholomataceae	Clitocybe	Clitocybe dryadicola	3326858	species	Clitocybe dryadicola	(J.Favre) Harmaja		
Clitocybe elegantula	J. Favre	EN	Fungi	Basidiomycota	Agaricomycetes	Agaricales	Tricholomataceae	Clitocybe	Clitocybe elegantula	2531175	species	Clitocybe elegantula	J.Favre		
Clitocybe ericetorum	(Bull.: Fr.) Quel. sensu Bres., J.E. Lange	EN	Fungi	Basidiomycota	Agaricomycetes	Agaricales	Hygrophoraceae	Lichenomphalia	Lichenomphalia umbellifera	5244016	species	Lichenomphalia umbellifera	(L.) Redhead, Lutzoni, Moncalvo & Vilgalys		no_author_match,multiple_accepted_names_resolved
Clitocybe favrei	Kuehner et Romagn.	EN	Fungi	Basidiomycota	Agaricomycetes	Agaricales	Tricholomataceae	Clitocybe	Clitocybe favrei	2530755	species	Clitocybe favrei	Kühner & Romagn. ex Bon		
Clitocybe festiva	J. Favre	VU	Fungi	Basidiomycota	Agaricomycetes	Agaricales	Tricholomataceae	Clitocybe	Clitocybe festiva	2531123	species	Clitocybe festiva	J.Favre		
Clitocybe festivoides	Lamoure	LC	Fungi	Basidiomycota	Agaricomycetes	Agaricales	Tricholomataceae	Clitocybe	Clitocybe festivoides	2531268	species	Clitocybe festivoides	Lamoure		
Clitocybe foetens	Melot	LC	Fungi	Basidiomycota	Agaricomycetes	Agaricales	Tricholomataceae	Clitocybe	Clitocybe foetens	3326576	species	Clitocybe foetens	Melot		
Clitocybe fragilipes	J. Favre	DD	Fungi	Basidiomycota	Agaricomycetes	Agaricales	Tricholomataceae	Clitocybe	Clitocybe fragilipes	3326831	species	Clitocybe fragilipes	J.Favre		
Clitocybe fragrans	(Sowerby: Fr.) P. Kumm.	LC	Fungi	Basidiomycota	Agaricomycetes	Agaricales	Tricholomataceae	Clitocybe	Clitocybe fragrans	2531088	species	Clitocybe fragrans	(With.) P.Kumm.		
Clitocybe fuligineipes	Metrod	VU	Fungi	Basidiomycota	Agaricomycetes	Agaricales	Tricholomataceae	Clitocybe	Clitocybe fuligineipes	3326432	species	Clitocybe fuligineipes	Métrod		
Clitocybe gallinacea	(Scop.ex Fr.) Lge	DD	Fungi	Basidiomycota	Agaricomycetes	Agaricales	Tricholomataceae	Clitocybe	Clitocybe gallinacea	10328346	species	Clitocybe gallinacea	(Bull.) Kumm.		no_author_match
Clitocybe georgina	Clemencon ad int.	LC	Fungi	Basidiomycota	Agaricomycetes	Agaricales	Tricholomataceae	Clitocybe	Clitocybe fuligineipes	3326432	species	Clitocybe fuligineipes	Métrod		
Clitocybe gracilipes	Lamoure	DD	Fungi	Basidiomycota	Agaricomycetes	Agaricales	Tricholomataceae	Clitocybe	Clitocybe dionysae	2531236	species	Clitocybe dionysae	Bon		
Clitocybe graminicola	Bon	DD	Fungi	Basidiomycota	Agaricomycetes	Agaricales	Tricholomataceae	Clitocybe	Clitocybe agrestis	2531179	species	Clitocybe agrestis	Harmaja		
Clitocybe incilis	(Fr.) Quel.	DD	Fungi	Basidiomycota	Agaricomycetes	Agaricales	Tricholomataceae	Clitocybe	Clitocybe incilis	2531240	species	Clitocybe incilis	(Fr.) Gillet, 1874		author_mismatch
Clitocybe leucodiatreta	Bon	DD	Fungi	Basidiomycota	Agaricomycetes	Agaricales	Tricholomataceae	Clitocybe	Clitocybe leucodiatreta	3326717	species	Clitocybe leucodiatreta	Bon		
Clitocybe lituus	(Fr.) Metrod	EN	Fungi	Basidiomycota	Agaricomycetes	Agaricales	Tricholomataceae	Clitocybe	Clitocybe lituus	2531202	species	Clitocybe lituus	(Fr.) Métrod		
Clitocybe marginella	Harmaja	VU	Fungi	Basidiomycota	Agaricomycetes	Agaricales	Tricholomataceae	Clitocybe	Clitocybe marginella	2531226	species	Clitocybe marginella	Harmaja		
Clitocybe martiorum	J. Favre	EN	Fungi	Basidiomycota	Agaricomycetes	Agaricales		Hertzogia	Hertzogia martiorum	12203194	species	Hertzogia martiorum	(J.Favre) R.Wiest		
Clitocybe maxima	(Fl.Wett.ex Fr.) P. Kumm.	VU	Fungi	Basidiomycota	Agaricomycetes	Agaricales	Tricholomataceae	Infundibulicybe	Infundibulicybe gibba	2531146	species	Infundibulicybe gibba	(Pers.) Harmaja		
Clitocybe metachroa	(Fr.: Fr.) P. Kumm.	LC	Fungi	Basidiomycota	Agaricomycetes	Agaricales	Tricholomataceae	Clitocybe	Clitocybe metachroa	2531167	species	Clitocybe metachroa	(Fr.) P.Kumm.		
Clitocybe metachroides	Harmaja	DD	Fungi	Basidiomycota	Agaricomycetes	Agaricales	Tricholomataceae	Lepista	Lepista metachroides	5451086	species	Lepista metachroides	(Harmaja) Harmaja		
Clitocybe nebularis	(Batsch: Fr.) P. Kumm.	LC	Fungi	Basidiomycota	Agaricomycetes	Agaricales	Tricholomataceae	Clitocybe	Clitocybe nebularis	2531072	species	Clitocybe nebularis	(Batsch) P.Kumm.		
Clitocybe nuoljae	Lamoure	DD	Fungi	Basidiomycota	Agaricomycetes	Agaricales	Tricholomataceae	Clitocybe	Clitocybe nuoljae	3326771	species	Clitocybe nuoljae	Lamoure		
Clitocybe obsoleta	(Batsch ex Fr.) Quel.	LC	Fungi	Basidiomycota	Agaricomycetes	Agaricales	Tricholomataceae	Clitocybe	Clitocybe obsoleta	2531090	species	Clitocybe obsoleta	(Batsch) Quél.		
Clitocybe odora	(Bull.:Fr.) P. Kumm.	LC	Fungi	Basidiomycota	Agaricomycetes	Agaricales	Tricholomataceae	Clitocybe	Clitocybe odora	2531124	species	Clitocybe odora	(Bull.) P.Kumm.		
Clitocybe ornamentalis	Velen.	DD	Fungi	Basidiomycota	Agaricomycetes	Agaricales	Tricholomataceae	Clitocybe	Clitocybe ornamentalis	2531061	species	Clitocybe ornamentalis	Velen.		
Clitocybe parilis	Fr. sensu Lange	DD	Fungi	Basidiomycota	Agaricomycetes	Agaricales	Entolomataceae	Rhodocybe	Rhodocybe parilis	7244239	species	Rhodocybe parilis	(Fr.) Singer		no_author_match
Clitocybe paropsis	(Fr.) Quel.	DD	Fungi	Basidiomycota	Agaricomycetes	Agaricales	Tricholomataceae	Clitocybe	Clitocybe paropsis	11171814	species	Clitocybe paropsis	(Fr.) P.Karst.		author_mismatch
Clitocybe pausiaca	(Fr.) Gillet	DD	Fungi	Basidiomycota	Agaricomycetes	Agaricales	Tricholomataceae	Clitocybe	Clitocybe vibecina	2531116	species	Clitocybe vibecina	(Fr.) Quél.		
Clitocybe percomis	Kuyper	DD							Clitocybe percomis						not_found
Clitocybe phyllophila	(Pers.: Fr.) P. Kumm.	LC	Fungi	Basidiomycota	Agaricomycetes	Agaricales	Tricholomataceae	Clitocybe	Clitocybe phyllophila	2531103	species	Clitocybe phyllophila	(Pers.) P.Kumm.		
Clitocybe pseudo-obbata	(J.E. Lange) Kuyper	EN	Fungi	Basidiomycota	Agaricomycetes	Agaricales	Tricholomataceae	Clitocybe	Clitocybe subcordispora	2531112	species	Clitocybe subcordispora	Harmaja		
Clitocybe quercina	Pearson in Hora	DD	Fungi	Basidiomycota	Agaricomycetes	Agaricales	Tricholomataceae	Clitocybe	Clitocybe quercina	3326279	species	Clitocybe quercina	A.Pearson ex Hora		
Clitocybe rivulosa	(Pers.: Fr.) P. Kumm.	LC	Fungi	Basidiomycota	Agaricomycetes	Agaricales	Tricholomataceae	Clitocybe	Clitocybe rivulosa	2531052	species	Clitocybe rivulosa	(Pers.) P.Kumm.		
Clitocybe senilis	(Fr.) Gillet	DD	Fungi	Basidiomycota	Agaricomycetes	Agaricales	Tricholomataceae	Clitocybe	Clitocybe senilis	2540064	species	Clitocybe senilis	(Fr.) Gillet		
Clitocybe squamulosoides	P.D. Orton	DD	Fungi	Basidiomycota	Agaricomycetes	Agaricales	Hygrophoraceae	Ampulloclitocybe	Ampulloclitocybe clavipes	2538864	species	Ampulloclitocybe clavipes	(Pers.) Redhead, Lutzoni, Moncalvo & Vilgalys		
Clitocybe subalutacea	(Batsch ex Fr.) P. Kumm.	DD	Fungi	Basidiomycota	Agaricomycetes	Agaricales	Tricholomataceae	Clitocybe	Clitocybe subalutacea	2531058	species	Clitocybe subalutacea	(Batsch) P.Kumm.		
Clitocybe subpellucida	Hruby	DD	Fungi	Basidiomycota	Agaricomycetes	Agaricales	Tricholomataceae	Clitocybe	Clitocybe subpellucida	3326660	species	Clitocybe subpellucida	Hruby		
Clitocybe subspadicea	(J.E. Lange) Bon et Chevassut	LC	Fungi	Basidiomycota	Agaricomycetes	Agaricales	Tricholomataceae	Clitocybe	Clitocybe subspadicea	2531269	species	Clitocybe subspadicea	(J.E.Lange) Bon & Chevassut		
Clitocybe tornata	(Fr.: Fr.) P. Kumm.	DD	Fungi	Basidiomycota	Agaricomycetes	Agaricales	Tricholomataceae	Clitocybe	Clitocybe tornata	8068585	species	Clitocybe tornata	(Fr.) Quél.		
Clitocybe truncicola	(Peck.) Sacc.	EN	Fungi	Basidiomycota	Agaricomycetes	Agaricales	Tricholomataceae	Clitocybe	Clitocybe truncicola	2531253	species	Clitocybe truncicola	(Peck) Sacc.		
Clitocybe tuba	(Fr.) Gillet	EN	Fungi	Basidiomycota	Agaricomycetes	Agaricales	Tricholomataceae	Leucocybe	Leucocybe candicans	7530876	species	Leucocybe candicans	(Pers.) Vizzini, P.Alvarado, G.Moreno & Consiglio		
Clitocybe vibecina	(Fr.) Quel.	LC	Fungi	Basidiomycota	Agaricomycetes	Agaricales	Tricholomataceae	Clitocybe	Clitocybe vibecina	2531116	species	Clitocybe vibecina	(Fr.) Quél.		
Clitocybula abundans	(Peck) Singer	CR	Fungi	Basidiomycota	Agaricomycetes	Agaricales	Marasmiaceae	Clitocybula	Clitocybula abundans	2538227	species	Clitocybula abundans	(Peck) Singer		
Clitocybula lacerata	(Scop.) Metrod	LC	Fungi	Basidiomycota	Agaricomycetes	Agaricales	Marasmiaceae	Clitocybula	Clitocybula lacerata	2538221	species	Clitocybula lacerata	(Scop.) Métrod		
Clitopaxillus alexandri	(Gillet) G. Moreno, Vizzini, Consiglio & P. Alvarado	LC	Fungi	Basidiomycota	Agaricomycetes	Agaricales	Pseudoclitocybaceae	Clitopaxillus	Clitopaxillus alexandri	10673235	species	Clitopaxillus alexandri	(Gillet) G.Moreno, Vizzini, Consiglio & P.Alvarado		
Clitopilopsis hirneola	(Fr.) Kühner	EN	Fungi	Basidiomycota	Agaricomycetes	Agaricales	Entolomataceae	Clitopilopsis	Clitopilopsis hirneola	8232628	species	Clitopilopsis hirneola	(Fr.) Kühner		
Clitopilus ardosiacus	(E. Horak & Griesser) Noordel. & Co-David	EN	Fungi	Basidiomycota	Agaricomycetes	Agaricales	Entolomataceae	Clitopilus	Clitopilus ardosiacus	7763093	species	Clitopilus ardosiacus	(E.Horak & Griesser) Noordel. & Co-David		
Clitopilus cystidiatus	Hauskn. et Noordel.	DD	Fungi	Basidiomycota	Agaricomycetes	Agaricales	Entolomataceae	Clitopilus	Clitopilus cystidiatus	3345658	species	Clitopilus cystidiatus	Hauskn. & Noordel.		
Clitopilus hobsonii	(Berk. et Broome) P.D. Orton	LC	Fungi	Basidiomycota	Agaricomycetes	Agaricales	Entolomataceae	Clitopilus	Clitopilus hobsonii	2539183	species	Clitopilus hobsonii	(Berk.) P.D.Orton		
Clitopilus pinsitus	(Fr.) Joss.	DD	Fungi	Basidiomycota	Agaricomycetes	Agaricales	Entolomataceae	Clitopilus	Clitopilus pinsitus	2539204	species	Clitopilus pinsitus	(Fr.) Joss.		
Clitopilus prunulus	(Scop.:Fr.) P. Kumm.	LC	Fungi	Basidiomycota	Agaricomycetes	Agaricales	Entolomataceae	Clitopilus	Clitopilus prunulus	2539197	species	Clitopilus prunulus	(Scop.) P.Kumm.		
Clitopilus rhodophyllus	(Bres.) Singer	DD	Fungi	Basidiomycota	Agaricomycetes	Agaricales	Phyllotopsidaceae	Phyllotopsis	Phyllotopsis rhodophylla	2531636	species	Phyllotopsis rhodophylla	(Bres.) Singer		
Clitopilus scyphoides	(Fr.: Fr.) Singer	LC	Fungi	Basidiomycota	Agaricomycetes	Agaricales	Entolomataceae	Clitopilus	Clitopilus scyphoides	3345645	species	Clitopilus scyphoides	(Fr.) Singer		
Coccomyces coronatus	(Schumach.: Fr.) De Not.	DD	Fungi	Ascomycota	Leotiomycetes	Rhytismatales	Rhytismataceae	Coccomyces	Coccomyces coronatus	2579359	species	Coccomyces coronatus	(Schumach.) De Not.		
Coccomyces juniperi	P. Karst.	DD	Fungi	Ascomycota	Leotiomycetes	Rhytismatales	Rhytismataceae	Colpoma	Colpoma juniperi	2579433	species	Colpoma juniperi	(P.Karst.) Dennis		
Coccomyces leptideus	(Fr.:Fr.) B.Erikss.	DD	Fungi	Ascomycota	Leotiomycetes	Rhytismatales	Rhytismataceae	Coccomyces	Coccomyces leptideus	2579242	species	Coccomyces leptideus	(Fr.) B.Erikss.		
Coccomyces tumidus	(Fr.: Fr.) De Not.	DD	Fungi	Ascomycota	Leotiomycetes	Rhytismatales	Rhytismataceae	Coccomyces	Coccomyces tumidus	2579330	species	Coccomyces tumidus	(Fr.) De Not.		
Collybia cirrhata	(Schumach.) Quél.	LC	Fungi	Basidiomycota	Agaricomycetes	Agaricales	Tricholomataceae	Collybia	Collybia cirrhata	2532440	species	Collybia cirrhata	(Schumach.) Quél.		
Collybia cookei	(Bres.) J.D. Arnold	LC	Fungi	Basidiomycota	Agaricomycetes	Agaricales	Tricholomataceae	Collybia	Collybia cookei	2532436	species	Collybia cookei	(Bres.) J.D.Arnold		
Collybia graveolens	G. Poirault	DD	Fungi	Basidiomycota	Agaricomycetes	Agaricales	Omphalotaceae	Gymnopus	Gymnopus impudicus	5243737	species	Gymnopus impudicus	(Fr.) Antonín, Halling & Noordel.		
Collybia porrea	(Fr.) Singer	DD	Fungi	Basidiomycota	Agaricomycetes	Agaricales	Marasmiaceae	Marasmius	Marasmius porreus	3321518	species	Marasmius porreus	(Pers.) Fr.		
Collybia tuberosa	(Bull.) P. Kumm.	LC	Fungi	Basidiomycota	Agaricomycetes	Agaricales	Tricholomataceae	Collybia	Collybia tuberosa	2532472	species	Collybia tuberosa	(Bull.) P.Kumm.		
Colpoma degenerans	(Fr.: Fr.) De Not.	DD	Fungi	Ascomycota	Leotiomycetes	Rhytismatales	Rhytismataceae	Sporomega	Sporomega degenerans	2579405	species	Sporomega degenerans	(Kunze) Corda		
Colpoma quercinum	(Pers.) Wallr.	LC	Fungi	Ascomycota	Leotiomycetes	Rhytismatales	Rhytismataceae	Colpoma	Colpoma quercinum	8989606	species	Colpoma quercinum	(Pers.) Wallr.		
Coltricia cinnamomea	(Jacq.) Murrill	DD	Fungi	Basidiomycota	Agaricomycetes	Hymenochaetales	Hymenochaetaceae	Coltricia	Coltricia cinnamomea	2519879	species	Coltricia cinnamomea	(Jacq.) Murrill		
Coltricia perennis	(L.: Fr.) Murrill	LC	Fungi	Basidiomycota	Agaricomycetes	Hymenochaetales	Hymenochaetaceae	Coltricia	Coltricia perennis	2519915	species	Coltricia perennis	(L.) Murrill		
Coltricia tomentosa	(Fr.) Murrill	DD	Fungi	Basidiomycota	Agaricomycetes	Hymenochaetales	Hymenochaetaceae	Onnia	Onnia tomentosa	5237653	species	Onnia tomentosa	(Fr.) P.Karst.		
Conferticium ochraceum	(Fr.) Hallenb.	VU	Fungi	Basidiomycota	Agaricomycetes	Russulales	Stereaceae	Conferticium	Conferticium ochraceum	2552807	species	Conferticium ochraceum	(Fr.) Hallenb.		
Conferticium ravum	(Burt) Ginns & G.W. Freeman	DD	Fungi	Basidiomycota	Agaricomycetes	Russulales	Stereaceae	Conferticium	Conferticium ravum	2552814	species	Conferticium ravum	(Burt) Ginns & G.W.Freeman		
Confertobasidium olivaceoalbum	(Bourdot et Galzin) Juelich	LC	Fungi	Basidiomycota	Agaricomycetes	Russulales	Lachnocladiaceae	Scytinostromella	Scytinostromella olivaceoalba	2550648	species	Scytinostromella olivaceoalba	(Bourdot & Galzin) Ginns & M.N.L.Lefebvre		
Coniophora arida	(Fr.: Fr.) P. Karst.	LC	Fungi	Basidiomycota	Agaricomycetes	Boletales	Coniophoraceae	Coniophora	Coniophora arida	5240136	species	Coniophora arida	(Fr.) P.Karst.		
Coniophora fusispora	(Cooke et Ellis) Cooke	DD	Fungi	Basidiomycota	Agaricomycetes	Boletales	Coniophoraceae	Coniophora	Coniophora fusispora	5240176	species	Coniophora fusispora	(Cooke & Ellis) Cooke		
Coniophora olivacea	(Fr.: Fr.) P. Karst.	LC	Fungi	Basidiomycota	Agaricomycetes	Boletales	Coniophoraceae	Coniophora	Coniophora olivacea	5240157	species	Coniophora olivacea	(Fr.) P.Karst.		
Coniophora puteana	(Schumach.: Fr.) Karst.	LC	Fungi	Basidiomycota	Agaricomycetes	Boletales	Coniophoraceae	Coniophora	Coniophora puteana	5240101	species	Coniophora puteana	(Schumach.) P.Karst.		
Conocybe abruptibulbosa	Watling	LC	Fungi	Basidiomycota	Agaricomycetes	Agaricales	Bolbitiaceae	Conocybe	Conocybe macrocephala	8255416	species	Conocybe macrocephala	Kühner & Watling		
Conocybe ambigua	Watling	LC	Fungi	Basidiomycota	Agaricomycetes	Agaricales	Bolbitiaceae	Conocybe	Conocybe ambigua	2529746	species	Conocybe ambigua	Watling		
Conocybe antipus	(Lasch) Kuehner	VU	Fungi	Basidiomycota	Agaricomycetes	Agaricales	Bolbitiaceae	Conocybe	Conocybe antipus	7632388	species	Conocybe antipus	(Lasch) Kühner		
Conocybe apala	(Fr.) Arnolds	LC	Fungi	Basidiomycota	Agaricomycetes	Agaricales	Bolbitiaceae	Conocybe	Conocybe apala	2529827	species	Conocybe apala	(Fr.) Arnolds		
Conocybe aurea	(J.Schff.) Kuehner	VU	Fungi	Basidiomycota	Agaricomycetes	Agaricales	Bolbitiaceae	Conocybe	Conocybe aurea	2529818	species	Conocybe aurea	(Jul.Schäff.) Hongo		author_mismatch
Conocybe brunneola	Kuehner et Watling	LC	Fungi	Basidiomycota	Agaricomycetes	Agaricales	Bolbitiaceae	Conocybe	Conocybe brunneola	2529849	species	Conocybe brunneola	Kühner ex Kühner & Watling		
Conocybe bulbifera	(Kauffman) Kuehner	DD	Fungi	Basidiomycota	Agaricomycetes	Agaricales	Bolbitiaceae	Conocybe	Conocybe bulbifera	2529716	species	Conocybe bulbifera	(Kauffman) Romagn.		
Conocybe cyanopus	(G.F. Atk.) Singer	DD	Fungi	Basidiomycota	Agaricomycetes	Agaricales	Bolbitiaceae	Pholiotina	Pholiotina cyanopus	2529947	species	Pholiotina cyanopus	(G.F.Atk.) Singer		author_mismatch
Conocybe dumetorum	(Velen.) Svrcek	LC	Fungi	Basidiomycota	Agaricomycetes	Agaricales	Bolbitiaceae	Conocybe	Conocybe dumetorum	2529876	species	Conocybe dumetorum	(Velen.) Svrček		
Conocybe excedens	Kuehner et Watling in Watling	DD	Fungi	Basidiomycota	Agaricomycetes	Agaricales	Bolbitiaceae	Conocybe	Conocybe excedens	3323285	species	Conocybe excedens	Kühner & Watling		
Conocybe farinacea	Watling	DD	Fungi	Basidiomycota	Agaricomycetes	Agaricales	Bolbitiaceae	Conocybe	Conocybe farinacea	2529715	species	Conocybe farinacea	Watling		
Conocybe fragilis	(Peck) Singer	LC	Fungi	Basidiomycota	Agaricomycetes	Agaricales	Bolbitiaceae	Conocybe	Conocybe fragilis	2529781	species	Conocybe fragilis	(Peck) Singer		
Conocybe fuscimarginata	(Murrill) Singer	LC	Fungi	Basidiomycota	Agaricomycetes	Agaricales	Bolbitiaceae	Conocybe	Conocybe fuscimarginata	2529957	species	Conocybe fuscimarginata	(Murrill) Singer		
Conocybe hornana	Singer et Hauskn.	LC	Fungi	Basidiomycota	Agaricomycetes	Agaricales	Bolbitiaceae	Conocybe	Conocybe hornana	2529913	species	Conocybe hornana	Singer & Hauskn.		
Conocybe inocybeoides	Watling	DD	Fungi	Basidiomycota	Agaricomycetes	Agaricales	Bolbitiaceae	Conocybe	Conocybe inocybeoides	2529928	species	Conocybe inocybeoides	Watling		
Conocybe intrusa	(Peck) Singer	VU	Fungi	Basidiomycota	Agaricomycetes	Agaricales	Bolbitiaceae	Conocybe	Conocybe intrusa	2529960	species	Conocybe intrusa	(Peck) Singer		
Conocybe kuehneriana	Singer	DD	Fungi	Basidiomycota	Agaricomycetes	Agaricales	Bolbitiaceae	Conocybe	Conocybe velutipes	2529949	species	Conocybe velutipes	(Velen.) Hauskn. & Svrček		
Conocybe macrocephala	Kuehner et Watling	DD	Fungi	Basidiomycota	Agaricomycetes	Agaricales	Bolbitiaceae	Conocybe	Conocybe macrocephala	8255416	species	Conocybe macrocephala	Kühner & Watling		
Conocybe magnicapitata	P.D. Orton	DD	Fungi	Basidiomycota	Agaricomycetes	Agaricales	Bolbitiaceae	Conocybe	Conocybe juniana	2529978	species	Conocybe juniana	(Velen.) Hauskn. & Svrček		
Conocybe mesospora	(Kuehner ex) Kuehner et Watling	LC	Fungi	Basidiomycota	Agaricomycetes	Agaricales	Bolbitiaceae	Conocybe	Conocybe mesospora	2529962	species	Conocybe mesospora	Kühner ex Watling		
Conocybe moseri	Watling	NT	Fungi	Basidiomycota	Agaricomycetes	Agaricales	Bolbitiaceae	Conocybe	Conocybe moseri	2529719	species	Conocybe moseri	Watling		
Conocybe murinacea	Watling	DD	Fungi	Basidiomycota	Agaricomycetes	Agaricales	Bolbitiaceae	Conocybe	Conocybe murinacea	2529914	species	Conocybe murinacea	Watling		
Conocybe neoantipus	(G.F. Atk.) Singer	DD	Fungi	Basidiomycota	Agaricomycetes	Agaricales	Bolbitiaceae	Conocybe	Conocybe neoantipus	2529927	species	Conocybe neoantipus	(G.F.Atk.) Singer		
Conocybe ochracea	Kuehner	DD	Fungi	Basidiomycota	Agaricomycetes	Agaricales	Bolbitiaceae	Conocybe	Conocybe sienophylla	8081386	species	Conocybe sienophylla	(Berk. & Broome) Singer		
Conocybe pallidospora	(Kuehner) ex Kuehner et Watling	DD	Fungi	Basidiomycota	Agaricomycetes	Agaricales	Bolbitiaceae	Conocybe	Conocybe pallidospora	2529862	species	Conocybe pallidospora	Kühner & Watling		
Conocybe pilosella	(Pers.: Fr.) Kuehner	LC	Fungi	Basidiomycota	Agaricomycetes	Agaricales	Bolbitiaceae	Conocybe	Conocybe pilosella	9170579	species	Conocybe pilosella	(Pers.) Kühner		
Conocybe plicatella	(Peck) Kuehner	DD	Fungi	Basidiomycota	Agaricomycetes	Agaricales	Bolbitiaceae	Galerella	Galerella plicatella	5241241	species	Galerella plicatella	(Peck) Singer		
Conocybe pseudopilosella	Kuehner et Watling	LC	Fungi	Basidiomycota	Agaricomycetes	Agaricales	Bolbitiaceae	Conocybe	Conocybe pulchella	2529866	species	Conocybe pulchella	(Velen.) Hauskn. & Svrček		
Conocybe pubescens	(Gillet) Kuehner	DD	Fungi	Basidiomycota	Agaricomycetes	Agaricales	Bolbitiaceae	Conocybe	Conocybe pubescens	8154003	species	Conocybe pubescens	(Gillet) Kühner		
Conocybe rickeniana	P.D. Orton	LC	Fungi	Basidiomycota	Agaricomycetes	Agaricales	Bolbitiaceae	Conocybe	Conocybe rickeniana	2529968	species	Conocybe rickeniana	P.D.Orton		
Conocybe rickenii	(Jul. Schaeff.) Kuehner	LC	Fungi	Basidiomycota	Agaricomycetes	Agaricales	Bolbitiaceae	Conocybe	Conocybe rickenii	2529824	species	Conocybe rickenii	(Jul.Schäff.) Kühner		
Conocybe rubiginosa	Watling	DD	Fungi	Basidiomycota	Agaricomycetes	Agaricales	Bolbitiaceae	Conocybe	Conocybe macrospora	2529858	species	Conocybe macrospora	(G.F.Atk.) Hauskn.		
Conocybe semiglobata	(Kuehner ex ) Kuehner et Watling	LC	Fungi	Basidiomycota	Agaricomycetes	Agaricales	Bolbitiaceae	Conocybe	Conocybe semiglobata	7982452	species	Conocybe semiglobata	Kühner & Watling		
Conocybe siennophylla	(Berk. et Broome) Singer	LC	Fungi	Basidiomycota	Agaricomycetes	Agaricales	Bolbitiaceae	Conocybe	Conocybe siennophylla	9713309	species	Conocybe siennophylla	(Berk. & Broome) Singer ex Chiari & Papetti		author_mismatch
Conocybe siliginea	(Fr.:Fr.) Kuehner	LC	Fungi	Basidiomycota	Agaricomycetes	Agaricales	Bolbitiaceae	Conocybe	Conocybe siliginea	8778880	species	Conocybe siliginea	(Fr.) Kühner		
Conocybe sordida	(Kuehner ex ) Kuehner et Watling	DD	Fungi	Basidiomycota	Agaricomycetes	Agaricales	Bolbitiaceae	Conocybe	Conocybe echinata	2529929	species	Conocybe echinata	(Velen.) Singer		
Conocybe spiculoides	(Kuehner) Kuehner et Watling	DD	Fungi	Basidiomycota	Agaricomycetes	Agaricales	Bolbitiaceae	Conocybe	Conocybe spiculoides	2529847	species	Conocybe spiculoides	Kühner & Watling		
Conocybe subovalis	(Kuehner ex ) Kuehner et Watling	LC	Fungi	Basidiomycota	Agaricomycetes	Agaricales	Bolbitiaceae	Conocybe	Conocybe subovalis	2529917	species	Conocybe subovalis	Kühner & Watling		
Conocybe subpallida	Enderle	DD	Fungi	Basidiomycota	Agaricomycetes	Agaricales	Bolbitiaceae	Conocybe	Conocybe subpallida	7244973	species	Conocybe subpallida	Enderle		
Conocybe subpubescens	P.D. Orton	LC	Fungi	Basidiomycota	Agaricomycetes	Agaricales	Bolbitiaceae	Conocybe	Conocybe subpubescens	2529724	species	Conocybe subpubescens	P.D.Orton		
Conocybe tenera	(Schff.:Fr.) Kuehner	LC	Fungi	Basidiomycota	Agaricomycetes	Agaricales	Bolbitiaceae	Conocybe	Conocybe tenera	7391760	species	Conocybe tenera	(Schaeff.) Kühner		
Conocybe teneroides	(J.E. Lange) Kits van Wav.	DD	Fungi	Basidiomycota	Agaricomycetes	Agaricales	Bolbitiaceae	Pholiotina	Pholiotina teneroides	2529943	species	Pholiotina teneroides	(J.E.Lange) Singer		
Conohypha terricola	(Burt) Juelich	DD	Fungi	Basidiomycota	Agaricomycetes	Polyporales	Meruliaceae	Conohypha	Conohypha terricola	2544404	species	Conohypha terricola	(Burt) Jülich		
Coprinellus angulatus	(Peck) Redhead, Vilgalys & Moncalvo	LC	Fungi	Basidiomycota	Agaricomycetes	Agaricales	Psathyrellaceae	Tulosesus	Tulosesus angulatus	12223000	species	Tulosesus angulatus	(Peck) D.Wächt. & A.Melzer		
Coprinellus bisporus	(J. E. Lange) Vilgalys, Hopple & Johnson	DD	Fungi	Basidiomycota	Agaricomycetes	Agaricales	Psathyrellaceae	Tulosesus	Tulosesus bisporus	12202930	species	Tulosesus bisporus	(J.E.Lange) D.Wächt. & A.Melzer		
Coprinellus callinus	(M. Lange & A. H. Sm.) Vilgalys, Hopple & Johnson	DD	Fungi	Basidiomycota	Agaricomycetes	Agaricales	Psathyrellaceae	Tulosesus	Tulosesus callinus	12208037	species	Tulosesus callinus	(M.Lange & A.H.Sm.) D.Wächt. & A.Melzer		
Coprinellus congregatus	(Bull. : Fr.) P. Karsten	DD	Fungi	Basidiomycota	Agaricomycetes	Agaricales	Psathyrellaceae	Tulosesus	Tulosesus congregatus	12197041	species	Tulosesus congregatus	(Bull.) D.Wächt. & A.Melzer		
Coprinellus curtus	(Kalchbr.) Vilgalys, Hopple & Johnson	DD	Fungi	Basidiomycota	Agaricomycetes	Agaricales	Psathyrellaceae	Coprinellus	Coprinellus curtus	2534643	species	Coprinellus curtus	(Kalchbr.) Vilgalys, Hopple & Jacq.Johnson		
Coprinellus disseminatus	(Pers. : Fr.) J. E. Lange	LC	Fungi	Basidiomycota	Agaricomycetes	Agaricales	Psathyrellaceae	Coprinellus	Coprinellus disseminatus	2534625	species	Coprinellus disseminatus	(Pers.) J.E.Lange		
Coprinellus domesticus	(Bolton: Fr.) Vilgalys, Hopple & Johnson	LC	Fungi	Basidiomycota	Agaricomycetes	Agaricales	Psathyrellaceae	Coprinellus	Coprinellus domesticus	2534604	species	Coprinellus domesticus	(Bolton) Vilgalys, Hopple & Jacq.Johnson		
Coprinellus ellisii	(P. D. Orton) Redhead, Vilgalys & Moncalvo	DD	Fungi	Basidiomycota	Agaricomycetes	Agaricales	Psathyrellaceae	Coprinellus	Coprinellus ellisii	2534586	species	Coprinellus ellisii	(P.D.Orton) Redhead, Vilgalys & Moncalvo		
Coprinellus ephemerus	(Bull.: Fr.) Redhead, Vilgalys & Moncalvo	DD	Fungi	Basidiomycota	Agaricomycetes	Agaricales	Psathyrellaceae	Tulosesus	Tulosesus ephemerus	12192966	species	Tulosesus ephemerus	(Bull.) D.Wächt. & A.Melzer		
Coprinellus flocculosus	(DC.) Vilgalys, Hopple & Johnson	DD	Fungi	Basidiomycota	Agaricomycetes	Agaricales	Psathyrellaceae	Coprinellus	Coprinellus flocculosus	2534575	species	Coprinellus flocculosus	(DC.) Vilgalys, Hopple & Jacq.Johnson		
Coprinellus heptemerus	(M. Lange & A. H. Sm.) Vilgalys, Hopple & Johnson	LC	Fungi	Basidiomycota	Agaricomycetes	Agaricales	Psathyrellaceae	Coprinellus	Coprinellus heptemerus	2534646	species	Coprinellus heptemerus	(M.Lange & A.H.Sm.) Vilgalys, Hopple & Jacq.Johnson		
Coprinellus heterosetulosus	(Watling) Vilgalys, Hopple & Johnson	DD	Fungi	Basidiomycota	Agaricomycetes	Agaricales	Psathyrellaceae	Tulosesus	Tulosesus heterosetulosus	12253124	species	Tulosesus heterosetulosus	(Locq. ex Watling) D.Wächt. & A.Melzer		
Coprinellus heterothrix	(Kühner) Redhead, Vilgalys & Moncalvo	DD	Fungi	Basidiomycota	Agaricomycetes	Agaricales	Psathyrellaceae	Tulosesus	Tulosesus heterothrix	12231784	species	Tulosesus heterothrix	(Kühner) D.Wächt. & A.Melzer		
Coprinellus hiascens	(Fr.: Fr.) Redhead, Vilgalys & Moncalvo	DD	Fungi	Basidiomycota	Agaricomycetes	Agaricales	Psathyrellaceae	Tulosesus	Tulosesus hiascens	12244352	species	Tulosesus hiascens	(Fr.) D.Wächt. & A.Melzer		
Coprinellus impatiens	(Fr. : Fr.) J. E. Lange	LC	Fungi	Basidiomycota	Agaricomycetes	Agaricales	Psathyrellaceae	Tulosesus	Tulosesus impatiens	12181221	species	Tulosesus impatiens	(Fr.) D.Wächt. & A.Melzer		
Coprinellus marculentus	(Britzelm.) Redhead, Vilgalys & Moncalvo	DD	Fungi	Basidiomycota	Agaricomycetes	Agaricales	Psathyrellaceae	Tulosesus	Tulosesus marculentus	10927251	species	Tulosesus marculentus	(Britzelm.) D.Wächt. & A.Melzer		
Coprinellus micaceus	(Bull.: Fr.) Vilgalys, Hopple & Johnson	LC	Fungi	Basidiomycota	Agaricomycetes	Agaricales	Psathyrellaceae	Coprinellus	Coprinellus micaceus	2534578	species	Coprinellus micaceus	(Bull.) Vilgalys, Hopple & Jacq.Johnson		
Coprinellus pellucidus	(P. Karst.) Redhead, Vilgalys & Moncalvo	DD	Fungi	Basidiomycota	Agaricomycetes	Agaricales	Psathyrellaceae	Tulosesus	Tulosesus pellucidus	12174814	species	Tulosesus pellucidus	(P.Karst.) D.Wächt. & A.Melzer		
Coprinellus pyrrhanthes	(Romagn.) Redhead, Vilgalys & Moncalvo	DD	Fungi	Basidiomycota	Agaricomycetes	Agaricales	Psathyrellaceae	Coprinellus	Coprinellus pyrrhanthes	2534602	species	Coprinellus pyrrhanthes	(Romagn.) Redhead, Vilgalys & Moncalvo		
Coprinellus radians	(Desm.) Vilgalys, Hopple & Johnson	NT	Fungi	Basidiomycota	Agaricomycetes	Agaricales	Psathyrellaceae	Coprinellus	Coprinellus radians	2534651	species	Coprinellus radians	(Desm.) Vilgalys, Hopple & Jacq.Johnson		
Coprinellus saccharinus	(Romagn.) P. Roux, Guy García & Dumas	DD	Fungi	Basidiomycota	Agaricomycetes	Agaricales	Psathyrellaceae	Coprinellus	Coprinellus saccharinus	3319001	species	Coprinellus saccharinus	(Romagn.) P.Roux, Guy García & Dumas		
Coprinellus silvaticus	(Peck) Gminder	LC	Fungi	Basidiomycota	Agaricomycetes	Agaricales	Psathyrellaceae	Coprinellus	Coprinellus silvaticus	8109355	species	Coprinellus silvaticus	(Peck) Gminder		
Coprinellus subdisseminatus	(M. Lange) Redhead, Vilgalys & Moncalvo	DD	Fungi	Basidiomycota	Agaricomycetes	Agaricales	Psathyrellaceae	Tulosesus	Tulosesus subdisseminatus	12196419	species	Tulosesus subdisseminatus	(M.Lange) D.Wächt. & A.Melzer		
Coprinellus truncorum	(Scop. : Fr.) Redhead, Vilgalys & Moncalvo	VU	Fungi	Basidiomycota	Agaricomycetes	Agaricales	Psathyrellaceae	Coprinellus	Coprinellus truncorum	2534591	species	Coprinellus truncorum	(Scop.) Redhead, Vilgalys & Moncalvo		
Coprinellus xanthothrix	(Romagn.) Vilgalys, Hopple & Johnson	LC	Fungi	Basidiomycota	Agaricomycetes	Agaricales	Psathyrellaceae	Coprinellus	Coprinellus xanthothrix	2534583	species	Coprinellus xanthothrix	(Romagn.) Vilgalys, Hopple & Jacq.Johnson		
Coprinopsis alopecia	(Lasch) La Chiusa & Boffelli	DD	Fungi	Basidiomycota	Agaricomycetes	Agaricales	Psathyrellaceae	Coprinopsis	Coprinopsis alopecia	9809682	species	Coprinopsis alopecia	(Lasch) La Chiusa & Boffelli		
Coprinopsis atramentaria	(Bull: Fr.) Redhead, Vilgalys & Moncalvo	LC	Fungi	Basidiomycota	Agaricomycetes	Agaricales	Psathyrellaceae	Coprinopsis	Coprinopsis atramentaria	5242740	species	Coprinopsis atramentaria	(Bull.) Redhead, Vilgalys & Moncalvo		
Coprinopsis canoceps	(Kauffman) Örstadius & E. Larss.	VU	Fungi	Basidiomycota	Agaricomycetes	Agaricales	Psathyrellaceae	Coprinopsis	Coprinopsis canoceps	9240724	species	Coprinopsis canoceps	(Kauffman) Örstadius & E.Larss.		
Coprinopsis cinerea	(Schaeff: Fr.) Redhead, Vilgalys & Moncalvo	LC	Fungi	Basidiomycota	Agaricomycetes	Agaricales	Psathyrellaceae	Coprinopsis	Coprinopsis cinerea	5242754	species	Coprinopsis cinerea	(Schaeff.) Redhead, Vilgalys & Moncalvo		
Coprinopsis cinereofloccosa	(P.D. Orton) Redhead, Vilgalys & Moncalvo	DD	Fungi	Basidiomycota	Agaricomycetes	Agaricales	Psathyrellaceae	Coprinopsis	Coprinopsis cinereofloccosa	5242739	species	Coprinopsis cinereofloccosa	(P.D.Orton) Redhead, Vilgalys & Moncalvo		
Coprinopsis cordispora	(T. Gibbs) Watling & M.J. Richardson	DD	Fungi	Basidiomycota	Agaricomycetes	Agaricales	Psathyrellaceae	Narcissea	Narcissea cordispora	12168807	species	Narcissea cordispora	(T.Gibbs) D.Wächt. & A.Melzer		
Coprinopsis cortinata	(J.E. Lange) Gminder	DD	Fungi	Basidiomycota	Agaricomycetes	Agaricales	Psathyrellaceae	Coprinopsis	Coprinopsis cortinata	8183016	species	Coprinopsis cortinata	(J.E.Lange) Gminder		
Coprinopsis echinospora	(Buller) Redhead, Vilgalys & Moncalvo	VU	Fungi	Basidiomycota	Agaricomycetes	Agaricales	Psathyrellaceae	Coprinopsis	Coprinopsis echinospora	5242760	species	Coprinopsis echinospora	(Buller) Redhead, Vilgalys & Moncalvo		
Coprinopsis ephemeroides	(DC.) G. Moreno	DD	Fungi	Basidiomycota	Agaricomycetes	Agaricales	Psathyrellaceae	Narcissea	Narcissea ephemeroides	12236917	species	Narcissea ephemeroides	(DC.) T.Bau, L.Y.Zhu & M.Huang		
Coprinopsis episcopalis	(P. D. Orton) Redhead, Vilgalys & Moncalvo	DD	Fungi	Basidiomycota	Agaricomycetes	Agaricales	Psathyrellaceae	Coprinopsis	Coprinopsis episcopalis	5242745	species	Coprinopsis episcopalis	(P.D.Orton) Redhead, Vilgalys & Moncalvo		
Coprinopsis erythrocephala	(Lév.) Redhead, Vilgalys & Moncalvo	DD	Fungi	Basidiomycota	Agaricomycetes	Agaricales	Psathyrellaceae	Coprinopsis	Coprinopsis erythrocephala	5242734	species	Coprinopsis erythrocephala	(Lév.) Redhead, Vilgalys & Moncalvo		
Coprinopsis extinctoria	(Fr.) Redhead, Vilgalys & Moncalvo	DD	Fungi	Basidiomycota	Agaricomycetes	Agaricales	Psathyrellaceae	Coprinopsis	Coprinopsis extinctoria	8638231	species	Coprinopsis extinctoria	(Fr.) Redhead, Vilgalys & Moncalvo		
Coprinopsis friesii	(Quél.) P. Karsten	DD	Fungi	Basidiomycota	Agaricomycetes	Agaricales	Psathyrellaceae	Coprinopsis	Coprinopsis friesii	5242729	species	Coprinopsis friesii	(Quél.) P.Karst.		
Coprinopsis gonophylla	(Quél.) Redhead, Vilgalys & Moncalvo	DD	Fungi	Basidiomycota	Agaricomycetes	Agaricales	Psathyrellaceae	Coprinopsis	Coprinopsis gonophylla	5242720	species	Coprinopsis gonophylla	(Quél.) Redhead, Vilgalys & Moncalvo		
Coprinopsis kimurae	(Hongo & Aoki) Redhead, Vilgalys & Moncalvo	DD	Fungi	Basidiomycota	Agaricomycetes	Agaricales	Psathyrellaceae	Coprinopsis	Coprinopsis kimurae	5242752	species	Coprinopsis kimurae	(Hongo & Aoki) Redhead, Vilgalys & Moncalvo		
Coprinopsis laanii	(Kits van Wav.) Redhead, Vilgalys & Moncalvo	LC	Fungi	Basidiomycota	Agaricomycetes	Agaricales	Psathyrellaceae	Coprinopsis	Coprinopsis laanii	5242780	species	Coprinopsis laanii	(Kits van Wav.) Redhead, Vilgalys & Moncalvo		
Coprinopsis lagopides	(P. Karst.) Redhead, Vilgalys & Moncalvo	LC	Fungi	Basidiomycota	Agaricomycetes	Agaricales	Psathyrellaceae	Coprinopsis	Coprinopsis lagopides	5242769	species	Coprinopsis lagopides	(P.Karst.) Redhead, Vilgalys & Moncalvo		
Coprinopsis lagopus	(Fr. : Fr.) Redhead, Vilgalys & Moncalvo	LC	Fungi	Basidiomycota	Agaricomycetes	Agaricales	Psathyrellaceae	Coprinopsis	Coprinopsis lagopus	8945216	species	Coprinopsis lagopus	(Fr.) Redhead, Vilgalys & Moncalvo		
Coprinopsis macrocephala	(Berk.) Redhead, Vilgalys & Moncalvo	LC	Fungi	Basidiomycota	Agaricomycetes	Agaricales	Psathyrellaceae	Coprinopsis	Coprinopsis macrocephala	5242744	species	Coprinopsis macrocephala	(Berk.) Redhead, Vilgalys & Moncalvo		
Coprinopsis marcescibilis	(Britzelm.) Örstadius & E. Larss.	LC	Fungi	Basidiomycota	Agaricomycetes	Agaricales	Psathyrellaceae	Coprinopsis	Coprinopsis marcescibilis	5448919	species	Coprinopsis marcescibilis	(Britzelm.) Örstadius & E.Larss.		
Coprinopsis martinii	(P. D. Orton) Redhead, Vilgalys & Moncalvo	CR	Fungi	Basidiomycota	Agaricomycetes	Agaricales	Psathyrellaceae	Coprinopsis	Coprinopsis martinii	5242733	species	Coprinopsis martinii	(P.D.Orton) Redhead, Vilgalys & Moncalvo		
Coprinopsis melanthina	(Fr.) Örstadius & E. Larss.	DD	Fungi	Basidiomycota	Agaricomycetes	Agaricales	Psathyrellaceae	Coprinopsis	Coprinopsis melanthina	9355229	species	Coprinopsis melanthina	(Fr.) Örstadius & E.Larss.		
Coprinopsis narcotica	(Batsch : Fr.) Redhead, Vilgalys & Moncalvo	VU	Fungi	Basidiomycota	Agaricomycetes	Agaricales	Psathyrellaceae	Coprinopsis	Coprinopsis narcotica	5242783	species	Coprinopsis narcotica	(Batsch) Redhead, Vilgalys & Moncalvo		
Coprinopsis nivea	(Pers.: Fr.) Redhead, Vilgalys & Moncalvo	VU	Fungi	Basidiomycota	Agaricomycetes	Agaricales	Psathyrellaceae	Coprinopsis	Coprinopsis nivea	5242773	species	Coprinopsis nivea	(Pers.) Redhead, Vilgalys & Moncalvo		
Coprinopsis pannucioides	(J.E. Lange) Örstadius & E. Larss.	DD	Fungi	Basidiomycota	Agaricomycetes	Agaricales	Psathyrellaceae	Coprinopsis	Coprinopsis pannucioides	5448903	species	Coprinopsis pannucioides	(J.E.Lange) Örstadius & E.Larss.		
Coprinopsis patouillardii	(Quél.) Gminder	LC	Fungi	Basidiomycota	Agaricomycetes	Agaricales	Psathyrellaceae	Narcissea	Narcissea patouillardii	11782580	species	Narcissea patouillardii	(Quél.) D.Wächt. & A.Melzer		
Coprinopsis phaeospora	(P. Karst.) P. Karsten	CR	Fungi	Basidiomycota	Agaricomycetes	Agaricales	Psathyrellaceae	Coprinopsis	Coprinopsis phaeospora	5242723	species	Coprinopsis phaeospora	(P.Karst.) P.Karst.		
Coprinopsis picacea	(Bull. : Fr.) Redhead, Vilgalys & Moncalvo	LC	Fungi	Basidiomycota	Agaricomycetes	Agaricales	Psathyrellaceae	Coprinopsis	Coprinopsis picacea	5242777	species	Coprinopsis picacea	(Bull.) Redhead, Vilgalys & Moncalvo		
Coprinopsis poliomalla	(Romagn.) Doveri, Granito & Lunghini	DD	Fungi	Basidiomycota	Agaricomycetes	Agaricales	Psathyrellaceae	Coprinopsis	Coprinopsis poliomalla	8147653	species	Coprinopsis poliomalla	(Romagn.) Doveri, Granito & Lunghini		
Coprinopsis pseudoradiata	(Watling) Redhead, Vilgalys & Moncalvo	DD	Fungi	Basidiomycota	Agaricomycetes	Agaricales	Psathyrellaceae	Coprinopsis	Coprinopsis pseudoradiata	5242781	species	Coprinopsis pseudoradiata	(Kühner & Joss. ex Watling) Redhead, Vilgalys & Moncalvo		
Coprinopsis radiata	(Bolton) Redhead, Vilgalys & Moncalvo	LC	Fungi	Basidiomycota	Agaricomycetes	Agaricales	Psathyrellaceae	Coprinopsis	Coprinopsis radiata	5242763	species	Coprinopsis radiata	(Bolton) Redhead, Vilgalys & Moncalvo		
Coprinopsis radicans	(Romagn.) Redhead, Vilgalys & Moncalvo	DD	Fungi	Basidiomycota	Agaricomycetes	Agaricales	Psathyrellaceae	Coprinopsis	Coprinopsis radicans	5242748	species	Coprinopsis radicans	(Romagn.) Redhead, Vilgalys & Moncalvo		
Coprinopsis romagnesiana	(Singer) Redhead, Vilgalys & Moncalvo	LC	Fungi	Basidiomycota	Agaricomycetes	Agaricales	Psathyrellaceae	Coprinopsis	Coprinopsis romagnesiana	5242738	species	Coprinopsis romagnesiana	(Singer) Redhead, Vilgalys & Moncalvo		
Coprinopsis saccharomyces	(P.D. Orton) P. Roux & Guy García	DD	Fungi	Basidiomycota	Agaricomycetes	Agaricales	Psathyrellaceae	Coprinopsis	Coprinopsis saccharomyces	5242775	species	Coprinopsis saccharomyces	(P.D.Orton) P.Roux & Guy García		
Coprinopsis semitalis	(P.D. Orton) Redhead, Vilgalys & Moncalvo	DD	Fungi	Basidiomycota	Agaricomycetes	Agaricales	Psathyrellaceae	Coprinopsis	Coprinopsis semitalis	5242768	species	Coprinopsis semitalis	(P.D.Orton) Redhead, Vilgalys & Moncalvo		
Coprinopsis spilospora	(Romagn.) Redhead, Vilgalys & Moncalvo	DD	Fungi	Basidiomycota	Agaricomycetes	Agaricales	Psathyrellaceae	Coprinopsis	Coprinopsis spilospora	5242742	species	Coprinopsis spilospora	(Romagn.) Redhead, Vilgalys & Moncalvo		
Coprinopsis stercorea	(Fr.) Redhead, Vilgalys & Moncalvo	LC	Fungi	Basidiomycota	Agaricomycetes	Agaricales	Psathyrellaceae	Coprinopsis	Coprinopsis stercorea	5242717	species	Coprinopsis stercorea	(Fr.) Redhead, Vilgalys & Moncalvo		
Coprinopsis tigrinella	(Boud.) Redhead, Vilgalys & Moncalvo	DD	Fungi	Basidiomycota	Agaricomycetes	Agaricales	Psathyrellaceae	Coprinopsis	Coprinopsis tigrinella	5242765	species	Coprinopsis tigrinella	(Boud.) Redhead, Vilgalys & Moncalvo		
Coprinopsis tuberosa	(Quél.) Doveri, Granito & Lunghini	DD	Fungi	Basidiomycota	Agaricomycetes	Agaricales	Psathyrellaceae	Coprinopsis	Coprinopsis tuberosa	5242761	species	Coprinopsis tuberosa	(Quél.) Doveri, Granito & Lunghini		
Coprinopsis urticicola	(Berk. & Broome) Redhead, Vilgalys & Moncalvo	DD	Fungi	Basidiomycota	Agaricomycetes	Agaricales	Psathyrellaceae	Coprinopsis	Coprinopsis urticicola	5242731	species	Coprinopsis urticicola	(Berk. & Broome) Redhead, Vilgalys & Moncalvo		
Coprinus comatus	(O.F. Muell.: Fr.) Pers.	LC	Fungi	Basidiomycota	Agaricomycetes	Agaricales	Agaricaceae	Coprinus	Coprinus comatus	7987658	species	Coprinus comatus	(O.F.Müll.) Pers.		
Coprinus sterquilinus	(Fr.: Fr.) Fr.	DD	Fungi	Basidiomycota	Agaricomycetes	Agaricales	Agaricaceae	Coprinus	Coprinus sterquilinus	2536689	species	Coprinus sterquilinus	(Fr.) Fr.		
Coprinus velatus	Quel.	DD	Fungi	Basidiomycota	Agaricomycetes	Agaricales	Agaricaceae	Coprinus	Coprinus velatus	7242462	species	Coprinus velatus	Quél.		
Coprobia hyphopila	Moravec	DD	Fungi	Ascomycota	Pezizomycetes	Pezizales	Pyronemataceae	Cheilymenia	Cheilymenia theleboloides	2594421	species	Cheilymenia theleboloides	(Alb. & Schwein.) Boud.		
Coprotus glaucellus	(Rehm) Kimbr.	DD	Fungi	Ascomycota	Pezizomycetes	Pezizales		Coprotus	Coprotus glaucellus	2580307	species	Coprotus glaucellus	(Rehm) Kimbr.		
Coprotus granuliformis	(Crouan) Kimbrough et Korf	DD	Fungi	Ascomycota	Pezizomycetes	Pezizales		Coprotus	Coprotus granuliformis	2580311	species	Coprotus granuliformis	(P.Crouan & H.Crouan) Kimbr.		
Coprotus lacteus	(Cooke et W. Phillips) Kimbr. et al.	DD	Fungi	Ascomycota	Pezizomycetes	Pezizales		Coprotus	Coprotus lacteus	2580299	species	Coprotus lacteus	(Cooke & W.Phillips) Kimbr., Luck-Allen & Cain		
Coprotus ochraceus	(P. Crouan et H. Crouan) J. Moravec	DD	Fungi	Ascomycota	Pezizomycetes	Pezizales		Coprotus	Coprotus ochraceus	2580304	species	Coprotus ochraceus	(P.Crouan & H.Crouan) J.Moravec		
Cordyceps canadensis	Ellis & Everh.	LC	Fungi	Ascomycota	Sordariomycetes	Hypocreales	Ophiocordycipitaceae	Tolypocladium	Tolypocladium capitatum	7455687	species	Tolypocladium capitatum	(Holmsk.) C.A.Quandt, Kepler & Spatafora		
Cordyceps capitata	(Holmsk.:Fr.) Link	LC	Fungi	Ascomycota	Sordariomycetes	Hypocreales	Ophiocordycipitaceae	Tolypocladium	Tolypocladium capitatum	7455687	species	Tolypocladium capitatum	(Holmsk.) C.A.Quandt, Kepler & Spatafora		
Cordyceps memorabilis	Ces.	DD	Fungi	Ascomycota	Sordariomycetes	Hypocreales	Cordycipitaceae	Cordyceps	Cordyceps memorabilis	2560689	species	Cordyceps memorabilis	(Ces.) Ces.		
Cordyceps militaris	(L.) Link	LC	Fungi	Ascomycota	Sordariomycetes	Hypocreales	Cordycipitaceae	Cordyceps	Cordyceps militaris	7567077	species	Cordyceps militaris	(L.) Fr.		
Cordyceps ophioglossoides	(Ehrh. ex Pers.) Link	LC	Fungi	Ascomycota	Sordariomycetes	Hypocreales	Ophiocordycipitaceae	Tolypocladium	Tolypocladium ophioglossoides	7646591	species	Tolypocladium ophioglossoides	(J.F.Gmel.) C.A.Quandt, Kepler & Spatafora		
Coriolopsis gallica	(Fr.: Fr.) Ryvarden	LC	Fungi	Basidiomycota	Agaricomycetes	Polyporales	Polyporaceae	Coriolopsis	Coriolopsis gallica	2546533	species	Coriolopsis gallica	(Fr.) Ryvarden		
Coriolopsis trogii	(Berk.) Domanski	LC	Fungi	Basidiomycota	Agaricomycetes	Polyporales	Polyporaceae	Trametes	Trametes trogii	2546282	species	Trametes trogii	Berk.		
Coronellaria caricinella	(P. Karst.) P. Karst.	DD	Fungi	Ascomycota	Leotiomycetes	Helotiales	Dermateaceae	Coronellaria	Coronellaria caricinella	2619243	species	Coronellaria caricinella	P.Karst.		
Coronellaria delitschiana	(Auersw.) P. Karst.	DD	Fungi	Ascomycota	Leotiomycetes	Helotiales	Dermateaceae	Coronellaria	Coronellaria delitschiana	3490306	species	Coronellaria delitschiana	(Auersw.) P.Karst.		
Coronicium alboglaucum	(Bourdot et Galzin) Juelich	DD	Fungi	Basidiomycota	Agaricomycetes	Agaricales	Pterulaceae	Coronicium	Coronicium alboglaucum	2540550	species	Coronicium alboglaucum	(Bourdot & Galzin) Jülich		
Corticium roseum	Pers.	LC	Fungi	Basidiomycota	Agaricomycetes	Corticiales	Corticiaceae	Corticium	Corticium roseum	9218477	species	Corticium roseum	Pers.		
Cortinarius abietinus	Velen.	DD	Fungi	Basidiomycota	Agaricomycetes	Agaricales	Cortinariaceae	Cortinarius	Cortinarius abietinus	3349174	species	Cortinarius abietinus	(Velen.) J.Favre ex Bon		no_author_match
Cortinarius acutus	(Pers.: Fr.) Fr.	LC	Fungi	Basidiomycota	Agaricomycetes	Agaricales	Cortinariaceae	Cortinarius	Cortinarius acutus	9221317	species	Cortinarius acutus	(Pers.) Fr.		
Cortinarius adalberti	J. Favre ex M.M. Moser	DD	Fungi	Basidiomycota	Agaricomycetes	Agaricales	Cortinariaceae	Cortinarius	Cortinarius depressus	2529311	species	Cortinarius depressus	Fr.		author_mismatch
Cortinarius aequalipes	R. Hry	DD	Fungi	Basidiomycota	Agaricomycetes	Agaricales	Cortinariaceae	Cortinarius	Cortinarius aequalipes	3348344	species	Cortinarius aequalipes	Rob.Henry		
Cortinarius affinis	Allescher	DD	Fungi	Basidiomycota	Agaricomycetes	Agaricales	Cortinariaceae	Cortinarius	Cortinarius affinis	7244765	species	Cortinarius affinis	Allesch.		
Cortinarius agathosmus	Brandrud et al.	DD	Fungi	Basidiomycota	Agaricomycetes	Agaricales	Cortinariaceae	Cortinarius	Cortinarius agathosmus	2529175	species	Cortinarius agathosmus	Brandrud, H.Lindstr. & Melot		
Cortinarius albonigrellus	J. Favre	LC	Fungi	Basidiomycota	Agaricomycetes	Agaricales	Cortinariaceae	Cortinarius	Cortinarius albonigrellus	3347590	species	Cortinarius albonigrellus	J.Favre		
Cortinarius albovariegatus	(Velen.) Melot	DD	Fungi	Basidiomycota	Agaricomycetes	Agaricales	Cortinariaceae	Cortinarius	Cortinarius albovariegatus	2529154	species	Cortinarius albovariegatus	(Velen.) Melot		
Cortinarius alboviolaceus	(Pers.: Fr.) Fr.	LC	Fungi	Basidiomycota	Agaricomycetes	Agaricales	Cortinariaceae	Cortinarius	Cortinarius alboviolaceus	7844497	species	Cortinarius alboviolaceus	(Pers.) Zawadzki		
Cortinarius allutus	(Secr.) Fr.	VU	Fungi	Basidiomycota	Agaricomycetes	Agaricales	Cortinariaceae	Cortinarius	Cortinarius allutus	3347850	species	Cortinarius allutus	Fr.		
Cortinarius alnetorum	(Velen.) M.M. Moser	LC	Fungi	Basidiomycota	Agaricomycetes	Agaricales	Cortinariaceae	Cortinarius	Cortinarius iliopodius	2528761	species	Cortinarius iliopodius	(Bull.) Fr.		
Cortinarius alneus	(M.M. Moser) M.M. Moser	DD	Fungi	Basidiomycota	Agaricomycetes	Agaricales	Cortinariaceae	Cortinarius	Cortinarius alneus	2529254	species	Cortinarius alneus	M.M.Moser		
Cortinarius alpinus	Boud.	LC	Fungi	Basidiomycota	Agaricomycetes	Agaricales	Cortinariaceae	Cortinarius	Cortinarius alpinus	2529149	species	Cortinarius alpinus	Boud.		
Cortinarius amoenolens	R. Hry ex P.D. Orton	LC	Fungi	Basidiomycota	Agaricomycetes	Agaricales	Cortinariaceae	Phlegmacium	Phlegmacium amoenolens	12048464	species	Phlegmacium amoenolens	(Rob.Henry ex P.D.Orton) Niskanen & Liimat.		
Cortinarius amurceus	Fr.ex Fr.	NT	Fungi	Basidiomycota	Agaricomycetes	Agaricales	Cortinariaceae	Cortinarius	Cortinarius amurceus	3350444	species	Cortinarius amurceus	Fr.		
Cortinarius angulosus	Fr.	LC	Fungi	Basidiomycota	Agaricomycetes	Agaricales	Cortinariaceae	Hygronarius	Hygronarius renidens	12157541	species	Hygronarius renidens	(Fr.) Niskanen & Liimat.		
Cortinarius anomalus	(Fr.:Fr.) Fr.	LC	Fungi	Basidiomycota	Agaricomycetes	Agaricales	Cortinariaceae	Cortinarius	Cortinarius anomalus	2529421	species	Cortinarius anomalus	(Fr.) Fr.		
Cortinarius anthracinus	(Fr.) Fr.	LC	Fungi	Basidiomycota	Agaricomycetes	Agaricales	Cortinariaceae	Cortinarius	Cortinarius anthracinus	7550536	species	Cortinarius anthracinus	(Fr.) Fr.		
Cortinarius arcifolius	R. Hry	DD	Fungi	Basidiomycota	Agaricomycetes	Agaricales	Cortinariaceae	Cortinarius	Cortinarius arcifolius	3349339	species	Cortinarius arcifolius	Rob.Henry		
Cortinarius arenatus	(Fr.) Fr.	DD	Fungi	Basidiomycota	Agaricomycetes	Agaricales	Cortinariaceae	Cortinarius	Cortinarius arenatus	3349314	species	Cortinarius arenatus	(Fr.) Fr.		
Cortinarius argentatus	(Pers.ex Fr.) Fr.	DD	Fungi	Basidiomycota	Agaricomycetes	Agaricales	Cortinariaceae	Cortinarius	Cortinarius argentatus	2529379	species	Cortinarius argentatus	(Pers.) Fr.		
Cortinarius argutus	Fr. sensu Ricken	EN	Fungi	Basidiomycota	Agaricomycetes	Agaricales	Cortinariaceae	Phlegmacium	Phlegmacium argutum	11948117	species	Phlegmacium argutum	(Fr.) Niskanen & Liimat.		
Cortinarius armeniacus	(Schff.:Fr.) Fr.	LC	Fungi	Basidiomycota	Agaricomycetes	Agaricales	Cortinariaceae	Cortinarius	Cortinarius armeniacus	12012261	species	Cortinarius armeniacus	(Schaeff.) Zawadzki		
Cortinarius armillatus	(Fr.: Fr.) Fr.	VU	Fungi	Basidiomycota	Agaricomycetes	Agaricales	Cortinariaceae	Cortinarius	Cortinarius armillatus	8802917	species	Cortinarius armillatus	(Fr.) Fr.		
Cortinarius arquatus	(Fr.) Fr.	EN	Fungi	Basidiomycota	Agaricomycetes	Agaricales	Cortinariaceae	Cortinarius	Cortinarius arquatus	2529122	species	Cortinarius arquatus	(Alb. & Schwein.) Fr.		
Cortinarius arvinaceus	Fr. sensu Ricken	DD	Fungi	Basidiomycota	Agaricomycetes	Agaricales	Cortinariaceae	Cortinarius	Cortinarius arvinaceus	2528740	species	Cortinarius arvinaceus	Fr.		
Cortinarius atrocoeruleus	(M.M. Moser) M.M. Moser	DD	Fungi	Basidiomycota	Agaricomycetes	Agaricales	Cortinariaceae	Cortinarius	Cortinarius decipiens	12164577	species	Cortinarius decipiens	(Pers.) Zawadzki		
Cortinarius atropusillus	J. Favre	LC	Fungi	Basidiomycota	Agaricomycetes	Agaricales	Cortinariaceae	Cortinarius	Cortinarius atropusillus	2529160	species	Cortinarius atropusillus	J.Favre		
Cortinarius aurantiacus	M.M. Moser	DD	Fungi	Basidiomycota	Agaricomycetes	Agaricales	Cortinariaceae	Cortinarius	Cortinarius aurantiacus	7980329	species	Cortinarius aurantiacus	M.M.Moser		
Cortinarius avellaneocoeruleus	(M.M. Moser) M.M. Moser	CR	Fungi	Basidiomycota	Agaricomycetes	Agaricales	Cortinariaceae	Cortinarius	Cortinarius avellaneocoeruleus	3350608	species	Cortinarius avellaneocoeruleus	(M.M.Moser) M.M.Moser		
Cortinarius azureovelatus	P.D. Orton	EN	Fungi	Basidiomycota	Agaricomycetes	Agaricales	Cortinariaceae	Cortinarius	Cortinarius anomalus	2529421	species	Cortinarius anomalus	(Fr.) Fr.		
Cortinarius azureus	Fr.	VU	Fungi	Basidiomycota	Agaricomycetes	Agaricales	Cortinariaceae	Cortinarius	Cortinarius anomalus	2529421	species	Cortinarius anomalus	(Fr.) Fr.		
Cortinarius badiolatus	(M.M. Moser) M.M. Moser	DD	Fungi	Basidiomycota	Agaricomycetes	Agaricales	Cortinariaceae	Cortinarius	Cortinarius badiolatus	3350593	species	Cortinarius badiolatus	(M.M.Moser) M.M.Moser		
Cortinarius badiovestitus	M.M. Moser	LC	Fungi	Basidiomycota	Agaricomycetes	Agaricales	Cortinariaceae	Cortinarius	Cortinarius badiovestitus	7885179	species	Cortinarius badiovestitus	M.M.Moser		
Cortinarius balaustinus	Fr.	DD	Fungi	Basidiomycota	Agaricomycetes	Agaricales	Cortinariaceae	Cortinarius	Cortinarius balaustinus	2528841	species	Cortinarius balaustinus	Fr.		
Cortinarius balteatoalbus	R. Hry	EN	Fungi	Basidiomycota	Agaricomycetes	Agaricales	Cortinariaceae	Phlegmacium	Phlegmacium areni-silvae	11990857	species	Phlegmacium areni-silvae	(Brandrud) Niskanen & Liimat.		
Cortinarius balteatoclaricolor	Jul. Schaeff.	DD	Fungi	Basidiomycota	Agaricomycetes	Agaricales	Cortinariaceae	Phlegmacium	Phlegmacium durus	12063427	species	Phlegmacium durus	(P.D.Orton) Niskanen & Liimat.		
Cortinarius balteatocumatilis	(R. Hry) ex P.D. Orton	EN	Fungi	Basidiomycota	Agaricomycetes	Agaricales	Cortinariaceae	Phlegmacium	Phlegmacium balteatocumatile	11977544	species	Phlegmacium balteatocumatile	(Rob.Henry ex P.D.Orton) Niskanen & Liimat.		
Cortinarius balteatotomentosus	R. Hry	DD	Fungi	Basidiomycota	Agaricomycetes	Agaricales	Cortinariaceae	Phlegmacium	Phlegmacium balteatotomentosum	12244183	species	Phlegmacium balteatotomentosum	(Rob.Henry) Niskanen & Liimat.		
Cortinarius balteatus	Fr.	LC	Fungi	Basidiomycota	Agaricomycetes	Agaricales	Cortinariaceae	Phlegmacium	Phlegmacium balteatum	7439419	species	Phlegmacium balteatum	(Fr.) A.Blytt		
Cortinarius bataillei	(J. Favre ex M.M. Moser) Hoil.	LC	Fungi	Basidiomycota	Agaricomycetes	Agaricales	Cortinariaceae	Cortinarius	Cortinarius bataillei	7363124	species	Cortinarius bataillei	(J.Favre ex M.M.Moser) Høil.		
Cortinarius bavaricus	M.M. Moser	DD	Fungi	Basidiomycota	Agaricomycetes	Agaricales	Cortinariaceae	Cortinarius	Cortinarius saniosus	2529486	species	Cortinarius saniosus	(Fr.) Fr.		
Cortinarius betuletorum	(M.M. Moser) M.M. Moser	DD	Fungi	Basidiomycota	Agaricomycetes	Agaricales	Cortinariaceae	Cortinarius	Cortinarius betuletorum	2528670	species	Cortinarius betuletorum	M.M.Moser		
Cortinarius betulinus	J. Favre	VU	Fungi	Basidiomycota	Agaricomycetes	Agaricales	Cortinariaceae	Cortinarius	Cortinarius betulinus	2529171	species	Cortinarius betulinus	J.Favre		
Cortinarius bibulus	Quel.	LC	Fungi	Basidiomycota	Agaricomycetes	Agaricales	Cortinariaceae	Cortinarius	Cortinarius bibulus	2529150	species	Cortinarius bibulus	Quél.		
Cortinarius bicolor	Cooke	LC	Fungi	Basidiomycota	Agaricomycetes	Agaricales	Cortinariaceae	Cortinarius	Cortinarius cagei	2528675	species	Cortinarius cagei	Melot		
Cortinarius biformis	Fr.	LC	Fungi	Basidiomycota	Agaricomycetes	Agaricales	Cortinariaceae	Cortinarius	Cortinarius biformis	2528973	species	Cortinarius biformis	Fr.		
Cortinarius biveloides	R. Hry	DD	Fungi	Basidiomycota	Agaricomycetes	Agaricales	Cortinariaceae	Cortinarius	Cortinarius biveloides	7244761	species	Cortinarius biveloides	Rob.Henry		
Cortinarius bivelus	(Fr.: Fr.) Fr.	LC	Fungi	Basidiomycota	Agaricomycetes	Agaricales	Cortinariaceae	Cortinarius	Cortinarius bivelus	2528993	species	Cortinarius bivelus	(Fr.) Fr.		
Cortinarius bolaris	(Pers.: Fr.) Fr.	LC	Fungi	Basidiomycota	Agaricomycetes	Agaricales	Cortinariaceae	Cortinarius	Cortinarius bolaris	12087710	species	Cortinarius bolaris	(Pers.) Zawadzki		
Cortinarius boudieri	R. Hry	DD	Fungi	Basidiomycota	Agaricomycetes	Agaricales	Cortinariaceae	Cortinarius	Cortinarius boudieri	7244650	species	Cortinarius boudieri	Rob.Henry		
Cortinarius bovinellus	M.M. Moser	DD	Fungi	Basidiomycota	Agaricomycetes	Agaricales	Cortinariaceae	Cortinarius	Cortinarius bovinellus	3347817	species	Cortinarius bovinellus	M.M.Moser		
Cortinarius bovinus	Fr.	LC	Fungi	Basidiomycota	Agaricomycetes	Agaricales	Cortinariaceae	Cortinarius	Cortinarius bovinus	2528717	species	Cortinarius bovinus	Fr.		
Cortinarius brunneofulvus	Fr. sensu Bres.	LC	Fungi	Basidiomycota	Agaricomycetes	Agaricales	Cortinariaceae	Cortinarius	Cortinarius brunneofulvus	3350687	species	Cortinarius brunneofulvus	Fr.		
Cortinarius brunneus	Fr.	LC	Fungi	Basidiomycota	Agaricomycetes	Agaricales	Cortinariaceae	Cortinarius	Cortinarius brunneus	9033083	species	Cortinarius brunneus	(Pers.) Fr.		
Cortinarius bulbosus	(Sowerby: Fr.) Fr.	VU	Fungi	Basidiomycota	Agaricomycetes	Agaricales	Cortinariaceae	Cortinarius	Cortinarius bulbosus	2528715	species	Cortinarius bulbosus	(Sowerby) Gray		
Cortinarius bulliardii	(Pers. :Fr.) Fr.	VU	Fungi	Basidiomycota	Agaricomycetes	Agaricales	Cortinariaceae	Cortinarius	Cortinarius bulliardii	9151578	species	Cortinarius bulliardii	(Pers.) Fr.		
Cortinarius caerulescens	(Schaeffer) Fr.	EN	Fungi	Basidiomycota	Agaricomycetes	Agaricales	Cortinariaceae	Cortinarius	Cortinarius caerulescens	2528959	species	Cortinarius caerulescens	(Schaeff.) Fr.		
Cortinarius caesiocanescens	M.M. Moser	VU	Fungi	Basidiomycota	Agaricomycetes	Agaricales	Cortinariaceae	Cortinarius	Cortinarius caesiocanescens	2529525	species	Cortinarius caesiocanescens	M.M.Moser		
Cortinarius caesiocortinatus	Jul. Schaeff.	CR	Fungi	Basidiomycota	Agaricomycetes	Agaricales	Cortinariaceae	Phlegmacium	Phlegmacium caesiocortinatum	7698954	species	Phlegmacium caesiocortinatum	(Jul.Schäff.) Niskanen & Liimat.		
Cortinarius caesionigrellus	Lamoure	DD	Fungi	Basidiomycota	Agaricomycetes	Agaricales	Cortinariaceae	Cortinarius	Cortinarius caesionigrellus	3350263	species	Cortinarius caesionigrellus	Lamoure		
Cortinarius caesiostramineus	R. Hry	EN	Fungi	Basidiomycota	Agaricomycetes	Agaricales	Cortinariaceae	Cortinarius	Cortinarius caesiostramineus	2529235	species	Cortinarius caesiostramineus	Rob.Henry		
Cortinarius cagei	Melot	DD	Fungi	Basidiomycota	Agaricomycetes	Agaricales	Cortinariaceae	Cortinarius	Cortinarius cagei	2528675	species	Cortinarius cagei	Melot		
Cortinarius camphoratus	(Fr.: Fr.) Fr.	LC	Fungi	Basidiomycota	Agaricomycetes	Agaricales	Cortinariaceae	Cortinarius	Cortinarius camphoratus	2529076	species	Cortinarius camphoratus	(Fr.) Fr.		
Cortinarius camptoros	Brandrud et Melot	DD	Fungi	Basidiomycota	Agaricomycetes	Agaricales	Cortinariaceae	Phlegmacium	Phlegmacium camptoros	11948302	species	Phlegmacium camptoros	(Brandrud & Melot) Niskanen & Liimat.		
Cortinarius canabarba	M.M. Moser	DD	Fungi	Basidiomycota	Agaricomycetes	Agaricales	Cortinariaceae	Cortinarius	Cortinarius rusticus	3350862	species	Cortinarius rusticus	P.Karst.		
Cortinarius candelaris	(Fr.) Fr.	LC	Fungi	Basidiomycota	Agaricomycetes	Agaricales	Cortinariaceae	Cortinarius	Cortinarius candelaris	2529518	species	Cortinarius candelaris	Fr.		
Cortinarius caninus	(Fr.) Fr.	LC	Fungi	Basidiomycota	Agaricomycetes	Agaricales	Cortinariaceae	Cortinarius	Cortinarius caninus	2528721	species	Cortinarius caninus	(Fr.) Fr.		
Cortinarius casimiri	(Velen.) Huijsman	LC	Fungi	Basidiomycota	Agaricomycetes	Agaricales	Cortinariaceae	Cortinarius	Cortinarius casimirii	2528998	species	Cortinarius casimirii	(Velen.) Huijsman		similar_found
Cortinarius castaneolens	(Chevassut et Rob.) Henry	DD	Fungi	Basidiomycota	Agaricomycetes	Agaricales	Cortinariaceae	Cortinarius	Cortinarius castaneolens	3349395	species	Cortinarius castaneolens	Chevassut & Rob.Henry		
Cortinarius castaneus	(Bull.:Fr.) Fr.	DD	Fungi	Basidiomycota	Agaricomycetes	Agaricales	Cortinariaceae	Cortinarius	Cortinarius castaneus	7244684	species	Cortinarius castaneus	(Bull.) Fr.		
Cortinarius cavipes	J. Favre	DD	Fungi	Basidiomycota	Agaricomycetes	Agaricales	Cortinariaceae	Cortinarius	Cortinarius cavipes	2528981	species	Cortinarius cavipes	J.Favre		
Cortinarius cephalixus	Fr.	VU	Fungi	Basidiomycota	Agaricomycetes	Agaricales	Cortinariaceae	Cortinarius	Cortinarius cephalixus	2529373	species	Cortinarius cephalixus	Secr. ex Fr.		
Cortinarius ceraceus	(M. Moser) M. Moser	DD	Fungi	Basidiomycota	Agaricomycetes	Agaricales	Cortinariaceae	Cortinarius	Cortinarius ceraceus	3349353	species	Cortinarius ceraceus	M.M.Moser		
Cortinarius cereifolius	(M.M. Moser) M.M. Moser	NT	Fungi	Basidiomycota	Agaricomycetes	Agaricales	Cortinariaceae	Cortinarius	Cortinarius cereifolius	3350509	species	Cortinarius cereifolius	(M.M.Moser) M.M.Moser		
Cortinarius chamaesalicis	Bon	DD	Fungi	Basidiomycota	Agaricomycetes	Agaricales	Cortinariaceae	Cortinarius	Cortinarius chamaesalicis	3349431	species	Cortinarius chamaesalicis	Bon		
Cortinarius chrysomallus	Lamoure	LC	Fungi	Basidiomycota	Agaricomycetes	Agaricales	Cortinariaceae	Cortinarius	Cortinarius chrysomallus	2528829	species	Cortinarius chrysomallus	Lamoure		
Cortinarius cinnabarinus	Fr.	VU	Fungi	Basidiomycota	Agaricomycetes	Agaricales	Cortinariaceae	Cortinarius	Cortinarius cinnabarinus	2529062	species	Cortinarius cinnabarinus	Fr.		
Cortinarius cinnamomeoluteus	P.D. Orton	LC	Fungi	Basidiomycota	Agaricomycetes	Agaricales	Cortinariaceae	Cortinarius	Cortinarius cinnamomeoluteus	2529027	species	Cortinarius cinnamomeoluteus	P.D.Orton		
Cortinarius cinnamomeus	(L.: Fr.) Fr.	LC	Fungi	Basidiomycota	Agaricomycetes	Agaricales	Cortinariaceae	Cortinarius	Cortinarius cinnamomeus	8028942	species	Cortinarius cinnamomeus	(L.) Gray		
Cortinarius cinnamoviolaceus	M.M. Moser	LC	Fungi	Basidiomycota	Agaricomycetes	Agaricales	Cortinariaceae	Cortinarius	Cortinarius cinnamoviolaceus	2529005	species	Cortinarius cinnamoviolaceus	M.M.Moser		
Cortinarius circinans	R. Hry	LC	Fungi	Basidiomycota	Agaricomycetes	Agaricales	Cortinariaceae	Cortinarius	Cortinarius circinans	3348058	species	Cortinarius circinans	Rob.Henry		
Cortinarius citrinofulvescens	(M.M.) Moser	DD	Fungi	Basidiomycota	Agaricomycetes	Agaricales	Cortinariaceae	Cortinarius	Cortinarius citrinofulvescens	3348258	species	Cortinarius citrinofulvescens	M.M.Moser		
Cortinarius citrino-olivaceus	M.M. Moser	VU	Fungi	Basidiomycota	Agaricomycetes	Agaricales	Cortinariaceae	Cortinarius	Cortinarius citrino-olivaceus	3350977	species	Cortinarius citrino-olivaceus	M.M.Moser		
Cortinarius claricolor	Fr.	LC	Fungi	Basidiomycota	Agaricomycetes	Agaricales	Cortinariaceae	Cortinarius	Cortinarius claricolor	2528781	species	Cortinarius claricolor	(Fr.) Fr.		
Cortinarius cliduchus	Fr.	VU	Fungi	Basidiomycota	Agaricomycetes	Agaricales	Cortinariaceae	Phlegmacium	Phlegmacium cliduchus	11965075	species	Phlegmacium cliduchus	(Secr. ex Fr.) Niskanen & Liimat.		
Cortinarius coerulescentium	R. Hry	EN	Fungi	Basidiomycota	Agaricomycetes	Agaricales	Cortinariaceae	Phlegmacium	Phlegmacium coerulescentium	12013202	species	Phlegmacium coerulescentium	(Rob.Henry) Niskanen & Liimat.		
Cortinarius coleoptera	H. Lindstr. et Soop	DD	Fungi	Basidiomycota	Agaricomycetes	Agaricales	Cortinariaceae	Cortinarius	Cortinarius coleoptera	3349156	species	Cortinarius coleoptera	H.Lindstr. & Soop		
Cortinarius collinitus	Fr.	LC	Fungi	Basidiomycota	Agaricomycetes	Agaricales	Cortinariaceae	Cortinarius	Cortinarius collinitus	7476637	species	Cortinarius collinitus	(Sowerby) Gray		
Cortinarius colus	Fr.	LC	Fungi	Basidiomycota	Agaricomycetes	Agaricales	Cortinariaceae	Cortinarius	Cortinarius bulliardii	9151578	species	Cortinarius bulliardii	(Pers.) Fr.		
Cortinarius comatus	J. Favre	LC	Fungi	Basidiomycota	Agaricomycetes	Agaricales	Cortinariaceae	Cortinarius	Cortinarius comatus	3350967	species	Cortinarius comatus	J.Favre		
Cortinarius compar	(Weinm.) Fr.	DD	Fungi	Basidiomycota	Agaricomycetes	Agaricales	Cortinariaceae	Cortinarius	Cortinarius compar	7244673	species	Cortinarius compar	(Weinm.) Fr.		
Cortinarius comptulus	M.M. Moser	LC	Fungi	Basidiomycota	Agaricomycetes	Agaricales	Cortinariaceae	Cortinarius	Cortinarius comptulus	3349024	species	Cortinarius comptulus	M.M.Moser		
Cortinarius contractus	R. Hry	DD	Fungi	Basidiomycota	Agaricomycetes	Agaricales	Cortinariaceae	Cortinarius	Cortinarius contractus	3348839	species	Cortinarius contractus	Rob.Henry		
Cortinarius cotoneus	Fr.	VU	Fungi	Basidiomycota	Agaricomycetes	Agaricales	Cortinariaceae	Cortinarius	Cortinarius cotoneus	2529492	species	Cortinarius cotoneus	Fr.		
Cortinarius crassifolius	(Velen.) Kuehner et Romagn.	LC	Fungi	Basidiomycota	Agaricomycetes	Agaricales	Cortinariaceae	Cortinarius	Cortinarius crassifolius	9460366	species	Cortinarius crassifolius	(Velen.) Kühner & Romagn. ex Bon		
Cortinarius croceoconus	Fr.	VU	Fungi	Basidiomycota	Agaricomycetes	Agaricales	Cortinariaceae	Cortinarius	Cortinarius malicorius	2528800	species	Cortinarius malicorius	Fr.		
Cortinarius croceus	(Schaeff.) Britzelm.	LC	Fungi	Basidiomycota	Agaricomycetes	Agaricales	Cortinariaceae	Cortinarius	Cortinarius croceus	2528948	species	Cortinarius croceus	(Schaeff.) Gray		no_author_match
Cortinarius cucumisporus	M.M. Moser	DD	Fungi	Basidiomycota	Agaricomycetes	Agaricales	Cortinariaceae	Cortinarius	Cortinarius cucumisporus	3349008	species	Cortinarius cucumisporus	M.M.Moser		
Cortinarius cumatilis	Fr.	VU	Fungi	Basidiomycota	Agaricomycetes	Agaricales	Cortinariaceae	Cortinarius	Cortinarius cumatilis	2528788	species	Cortinarius cumatilis	Fr.		
Cortinarius cyaneus	(Bres.) M.M. Moser	VU	Fungi	Basidiomycota	Agaricomycetes	Agaricales	Cortinariaceae	Cortinarius	Cortinarius cyaneus	2528836	species	Cortinarius cyaneus	(Bres.) M.M.Moser		
Cortinarius cyanites	Fr.	VU	Fungi	Basidiomycota	Agaricomycetes	Agaricales	Cortinariaceae	Cortinarius	Cortinarius cyanites	2529094	species	Cortinarius cyanites	Fr.		
Cortinarius cyanophyllus	R. Hry	DD	Fungi	Basidiomycota	Agaricomycetes	Agaricales	Cortinariaceae	Thaxterogaster	Cortinarius fulvo-ochrascens cyanophyllus	3348929	variety	Cortinarius fulvo-ochrascens cyanophyllus	Rob.Henry		
Cortinarius cyanopus	(Secr.) Fr. sensu Konr. et Maubl.	DD	Fungi	Basidiomycota	Agaricomycetes	Agaricales	Cortinariaceae	Cortinarius	Cortinarius cyanopus	2529521	species	Cortinarius cyanopus	Secr. ex Fr.		
Cortinarius cypriacus	Fr.	DD	Fungi	Basidiomycota	Agaricomycetes	Agaricales	Cortinariaceae	Cortinarius	Cortinarius cypriacus	3348909	species	Cortinarius cypriacus	Fr., 1838		
Cortinarius damascenus	Fr.	LC	Fungi	Basidiomycota	Agaricomycetes	Agaricales	Cortinariaceae	Cortinarius	Cortinarius damascenus	2529323	species	Cortinarius damascenus	Fr.		
Cortinarius deceptivus	Kauffman	DD	Fungi	Basidiomycota	Agaricomycetes	Agaricales	Cortinariaceae	Cortinarius	Cortinarius deceptivus	3347639	species	Cortinarius deceptivus	Kauffman		
Cortinarius decipiens	(Pers.: Fr.) Fr.	LC	Fungi	Basidiomycota	Agaricomycetes	Agaricales	Cortinariaceae	Cortinarius	Cortinarius decipiens	12164577	species	Cortinarius decipiens	(Pers.) Zawadzki		
Cortinarius decoloratus	(Fr.: Fr.) Fr.	LC	Fungi	Basidiomycota	Agaricomycetes	Agaricales	Cortinariaceae	Cortinarius	Cortinarius tabularis	2528919	species	Cortinarius tabularis	(Fr.) Fr.		
Cortinarius decumbens	(Pers.) Fr.	DD	Fungi	Basidiomycota	Agaricomycetes	Agaricales	Cortinariaceae	Cortinarius	Cortinarius decumbens	8967815	species	Cortinarius decumbens	(Pers.) Fr.		
Cortinarius delibutus	Fr.	LC	Fungi	Basidiomycota	Agaricomycetes	Agaricales	Cortinariaceae	Cortinarius	Cortinarius delibutus	2529412	species	Cortinarius delibutus	Fr.		
Cortinarius depressus	Fr. sensu Gillet non Dentin	LC	Fungi	Basidiomycota	Agaricomycetes	Agaricales	Cortinariaceae	Cortinarius	Cortinarius depressus	2529311	species	Cortinarius depressus	Fr.		
Cortinarius diabolicus	Fr.	DD	Fungi	Basidiomycota	Agaricomycetes	Agaricales	Cortinariaceae	Cortinarius	Cortinarius diabolicus	2529185	species	Cortinarius diabolicus	(Fr.) Fr.		
Cortinarius diasemospermus	Lamoure	LC	Fungi	Basidiomycota	Agaricomycetes	Agaricales	Cortinariaceae	Cortinarius	Cortinarius diasemospermus	2529510	species	Cortinarius diasemospermus	Lamoure		
Cortinarius dilutus	Fr.: Fr.	DD	Fungi	Basidiomycota	Agaricomycetes	Agaricales	Cortinariaceae	Cortinarius	Cortinarius dilutus	2529508	species	Cortinarius dilutus	(Pers.) Fr.		
Cortinarius dionysae	R. Hry	LC	Fungi	Basidiomycota	Agaricomycetes	Agaricales	Cortinariaceae	Cortinarius	Cortinarius dionysae	2529445	species	Cortinarius dionysae	Rob.Henry		
Cortinarius diosmus	Kuehner	DD	Fungi	Basidiomycota	Agaricomycetes	Agaricales	Cortinariaceae	Cortinarius	Cortinarius diosmus	2529371	species	Cortinarius diosmus	Kühner		
Cortinarius dumetorum	J. Favre	DD	Fungi	Basidiomycota	Agaricomycetes	Agaricales	Cortinariaceae	Cortinarius	Cortinarius dumetorum	3348127	species	Cortinarius dumetorum	J.Favre		
Cortinarius duracinus	Fr.	LC	Fungi	Basidiomycota	Agaricomycetes	Agaricales	Cortinariaceae	Cortinarius	Cortinarius duracinus	2529517	species	Cortinarius duracinus	Fr.		
Cortinarius duramarus	(Jul. Schaeff.) M.M. Moser	DD	Fungi	Basidiomycota	Agaricomycetes	Agaricales	Cortinariaceae	Cortinarius	Cortinarius duramarus	7492694	species	Cortinarius duramarus	(Jul.Schäff.) M.M.Moser		
Cortinarius durissimus	M.M. Moser	DD	Fungi	Basidiomycota	Agaricomycetes	Agaricales	Cortinariaceae	Cortinarius	Cortinarius durissimus	3350889	species	Cortinarius durissimus	M.M.Moser		
Cortinarius ectypus	J. Favre	DD	Fungi	Basidiomycota	Agaricomycetes	Agaricales	Cortinariaceae	Cortinarius	Cortinarius ectypus	3347668	species	Cortinarius ectypus	J.Favre		
Cortinarius emunctus	Fr.	DD	Fungi	Basidiomycota	Agaricomycetes	Agaricales	Cortinariaceae	Cortinarius	Cortinarius emunctus	2528688	species	Cortinarius emunctus	Fr.		
Cortinarius epipoleus	Fr.	LC	Fungi	Basidiomycota	Agaricomycetes	Agaricales	Cortinariaceae	Cortinarius	Cortinarius epipoleus	6015073	species	Cortinarius epipoleus	Fr.		
Cortinarius epsomiensis	P.D. Orton	DD	Fungi	Basidiomycota	Agaricomycetes	Agaricales	Cortinariaceae	Cortinarius	Cortinarius anomalus	2529421	species	Cortinarius anomalus	(Fr.) Fr.		
Cortinarius erugatus	(Weinm.) Fr.	DD	Fungi	Basidiomycota	Agaricomycetes	Agaricales	Cortinariaceae	Cortinarius	Cortinarius erugatus	2528838	species	Cortinarius erugatus	(Weinm.) Fr.		
Cortinarius euchrous	R. Hry	DD	Fungi	Basidiomycota	Agaricomycetes	Agaricales	Cortinariaceae	Cortinarius	Cortinarius euchrous	3350673	species	Cortinarius euchrous	Rob.Henry		
Cortinarius eufulmineus	R. Hry	DD	Fungi	Basidiomycota	Agaricomycetes	Agaricales	Cortinariaceae	Cortinarius	Cortinarius eufulmineus	7244634	species	Cortinarius eufulmineus	Rob.Henry		
Cortinarius evernius	(Fr.: Fr.) Fr.	LC	Fungi	Basidiomycota	Agaricomycetes	Agaricales	Cortinariaceae	Cortinarius	Cortinarius evernius	9114765	species	Cortinarius evernius	(Fr.) Fr.		
Cortinarius fagetorum	(M.M. Moser) M.M. Moser	LC	Fungi	Basidiomycota	Agaricomycetes	Agaricales	Cortinariaceae	Cortinarius	Cortinarius fagetorum	3347493	species	Cortinarius fagetorum	M.M.Moser		
Cortinarius fasciatus	Fr.	LC	Fungi	Basidiomycota	Agaricomycetes	Agaricales	Cortinariaceae	Cortinarius	Cortinarius fulvescens	2529212	species	Cortinarius fulvescens	Fr.		
Cortinarius favrexilis	Bon	DD	Fungi	Basidiomycota	Agaricomycetes	Agaricales	Cortinariaceae	Cortinarius	Cortinarius favrexilis	3350097	species	Cortinarius favrexilis	Bon		
Cortinarius fervidus	P.D. Orton	DD	Fungi	Basidiomycota	Agaricomycetes	Agaricales	Cortinariaceae	Cortinarius	Cortinarius fervidus	2528718	species	Cortinarius fervidus	P.D.Orton		
Cortinarius firmus	Fr.	DD	Fungi	Basidiomycota	Agaricomycetes	Agaricales	Cortinariaceae	Cortinarius	Cortinarius firmus	7244507	species	Cortinarius firmus	Fr.		
Cortinarius fistularis	Britzelm.	DD	Fungi	Basidiomycota	Agaricomycetes	Agaricales	Cortinariaceae	Cortinarius	Cortinarius fistularis	3349547	species	Cortinarius fistularis	Britzelm.		
Cortinarius flexipes	Fr. sensu Kuehner	LC	Fungi	Basidiomycota	Agaricomycetes	Agaricales	Cortinariaceae	Cortinarius	Cortinarius flexipes	2529402	species	Cortinarius flexipes	(Pers.) Fr.		
Cortinarius flos-paludis	Melot	LC	Fungi	Basidiomycota	Agaricomycetes	Agaricales	Cortinariaceae	Cortinarius	Cortinarius flos-paludis	3348397	species	Cortinarius flos-paludis	Melot		
Cortinarius foetens	(M.M. Moser) M.M. Moser	DD	Fungi	Basidiomycota	Agaricomycetes	Agaricales	Cortinariaceae	Cortinarius	Cortinarius foetens	3350658	species	Cortinarius foetens	(M.M.Moser) M.M.Moser		
Cortinarius fraudulosus	Britzelm.	LC	Fungi	Basidiomycota	Agaricomycetes	Agaricales	Cortinariaceae	Cortinarius	Cortinarius fraudulosus	7244483	species	Cortinarius fraudulosus	Britzelm.		
Cortinarius fulmineus	(Fr.) Fr.	VU	Fungi	Basidiomycota	Agaricomycetes	Agaricales	Cortinariaceae	Cortinarius	Cortinarius fulmineus	2529442	species	Cortinarius fulmineus	Fr.		
Cortinarius fulminoides	(M.M. Moser) Bon	DD	Fungi	Basidiomycota	Agaricomycetes	Agaricales	Cortinariaceae	Cortinarius	Cortinarius fulminoides	7461987	species	Cortinarius fulminoides	(M.M.Moser) M.M.Moser		
Cortinarius fulvescens	Fr. sensu J. Favre	LC	Fungi	Basidiomycota	Agaricomycetes	Agaricales	Cortinariaceae	Cortinarius	Cortinarius fulvescens	2529212	species	Cortinarius fulvescens	Fr.		
Cortinarius fulvoisabellinus	R. Hry	DD	Fungi	Basidiomycota	Agaricomycetes	Agaricales	Cortinariaceae	Cortinarius	Cortinarius fulvoisabellinus	7244605	species	Cortinarius fulvoisabellinus	Rob.Henry		
Cortinarius fulvoochrascens	R. Hry	LC							Cortinarius fulvoochrascens						
Cortinarius fuscoperonatus	Kuehner	LC	Fungi	Basidiomycota	Agaricomycetes	Agaricales	Cortinariaceae	Cortinarius	Cortinarius fuscoperonatus	3350783	species	Cortinarius fuscoperonatus	Kühner		
Cortinarius galerinoides	Lamoure	DD	Fungi	Basidiomycota	Agaricomycetes	Agaricales	Cortinariaceae	Cortinarius	Cortinarius galerinoides	2528853	species	Cortinarius galerinoides	Lamoure		
Cortinarius gausapatus	J. Favre	LC	Fungi	Basidiomycota	Agaricomycetes	Agaricales	Cortinariaceae	Cortinarius	Cortinarius gausapatus	2529093	species	Cortinarius gausapatus	J.Favre		
Cortinarius gentilis	(Fr.: Fr.) Fr.	LC	Fungi	Basidiomycota	Agaricomycetes	Agaricales	Cortinariaceae	Cortinarius	Cortinarius gentilis	2529240	species	Cortinarius gentilis	(Fr.) Fr.		
Cortinarius glandicolor	Fr.	EN	Fungi	Basidiomycota	Agaricomycetes	Agaricales	Cortinariaceae	Cortinarius	Cortinarius glandicolor	7244568	species	Cortinarius glandicolor	(Fr.) Fr.		
Cortinarius glaucopus	(Schff.:Fr.) Fr.	LC	Fungi	Basidiomycota	Agaricomycetes	Agaricales	Cortinariaceae	Phlegmacium	Phlegmacium glaucopus	8191932	species	Phlegmacium glaucopus	(Schaeff.) Wünsche		
Cortinarius gracilior	Jul. Schaeff. ex M.M. Moser	DD	Fungi	Basidiomycota	Agaricomycetes	Agaricales	Cortinariaceae	Cortinarius	Cortinarius gracilior	2529012	species	Cortinarius gracilior	(Jul.Schäff. ex M.M.Moser) M.M.Moser		
Cortinarius guttatus	R. Hry	EN	Fungi	Basidiomycota	Agaricomycetes	Agaricales	Cortinariaceae	Cortinarius	Cortinarius guttatus	7244471	species	Cortinarius guttatus	Rob.Henry		
Cortinarius haematochelis	(Bull. ex Fr.) Fr.	VU	Fungi	Basidiomycota	Agaricomycetes	Agaricales	Cortinariaceae	Cortinarius	Cortinarius haematochelis	2529164	species	Cortinarius haematochelis	(Bull.) Fr.		
Cortinarius helobius	Romagn.	LC	Fungi	Basidiomycota	Agaricomycetes	Agaricales	Cortinariaceae	Cortinarius	Cortinarius helobius	3347945	species	Cortinarius helobius	Romagn.		
Cortinarius helvelloides	(Fr.) Fr.	LC	Fungi	Basidiomycota	Agaricomycetes	Agaricales	Cortinariaceae	Cortinarius	Cortinarius helvelloides	2529134	species	Cortinarius helvelloides	(Fr.) Fr.		
Cortinarius helvolus	Fr. sensu Bres.	LC	Fungi	Basidiomycota	Agaricomycetes	Agaricales	Cortinariaceae	Cortinarius	Cortinarius helvolus	7244551	species	Cortinarius helvolus	(Fr.) Fr.		
Cortinarius hemitrichus	(Pers.: Fr.) Fr.	LC	Fungi	Basidiomycota	Agaricomycetes	Agaricales	Cortinariaceae	Cortinarius	Cortinarius hemitrichus	2529178	species	Cortinarius hemitrichus	(Pers.) Fr.		
Cortinarius herbarum	R. Hry	DD	Fungi	Basidiomycota	Agaricomycetes	Agaricales	Cortinariaceae	Cortinarius	Cortinarius herbarum	3348311	species	Cortinarius herbarum	Rob.Henry		
Cortinarius hillieri	R. Hry	DD	Fungi	Basidiomycota	Agaricomycetes	Agaricales	Cortinariaceae	Cortinarius	Cortinarius hillieri	3350512	species	Cortinarius hillieri	Rob.Henry		
Cortinarius hinnuleoides	R. Hry	DD	Fungi	Basidiomycota	Agaricomycetes	Agaricales	Cortinariaceae	Cortinarius	Cortinarius hinnuleoides	8184820	species	Cortinarius hinnuleoides	Rob.Henry		
Cortinarius hinnuleus	(Sowerby) Fr.	LC	Fungi	Basidiomycota	Agaricomycetes	Agaricales	Cortinariaceae	Cortinarius	Cortinarius hinnuleus	2529278	species	Cortinarius hinnuleus	Fr.		
Cortinarius holophaeus	J.E. Lange	DD	Fungi	Basidiomycota	Agaricomycetes	Agaricales	Cortinariaceae	Cortinarius	Cortinarius holophaeus	2528741	species	Cortinarius holophaeus	J.E.Lange		
Cortinarius humicola	(Quel.) Maire	VU	Fungi	Basidiomycota	Agaricomycetes	Agaricales	Cortinariaceae	Cortinarius	Cortinarius humicola	2529345	species	Cortinarius humicola	(Quél.) Maire		
Cortinarius huronensis	Ammirati et A.H. Sm.	LC	Fungi	Basidiomycota	Agaricomycetes	Agaricales	Cortinariaceae	Cortinarius	Cortinarius chrysolitus	3350308	species	Cortinarius chrysolitus	Kauffman		
Cortinarius hysginus	(M.M. Moser) M.M. Moser	DD	Fungi	Basidiomycota	Agaricomycetes	Agaricales	Cortinariaceae	Cortinarius	Cortinarius hysginus	3350325	species	Cortinarius hysginus	(M.M.Moser) M.M.Moser		
Cortinarius ignipes	(M.M. Moser) M.M. Moser	DD	Fungi	Basidiomycota	Agaricomycetes	Agaricales	Cortinariaceae	Cortinarius	Cortinarius ignipes	3350049	species	Cortinarius ignipes	M.M.Moser		
Cortinarius illibatus	Fr.	LC	Fungi	Basidiomycota	Agaricomycetes	Agaricales	Cortinariaceae	Cortinarius	Cortinarius illibatus	2528915	species	Cortinarius illibatus	Fr.		
Cortinarius illuminus	(Fr.) Fr.	LC	Fungi	Basidiomycota	Agaricomycetes	Agaricales	Cortinariaceae	Cortinarius	Cortinarius illuminus	2529506	species	Cortinarius illuminus	Fr.		
Cortinarius impennis	Fr.	DD	Fungi	Basidiomycota	Agaricomycetes	Agaricales	Cortinariaceae	Cortinarius	Cortinarius impennis	7244487	species	Cortinarius impennis	Fr.		
Cortinarius inamoenus	J. Favre	LC	Fungi	Basidiomycota	Agaricomycetes	Agaricales	Cortinariaceae	Cortinarius	Cortinarius inamoenus	3347864	species	Cortinarius inamoenus	(J.Favre) Quadr.		author_mismatch
Cortinarius inconspicuus	J. Favre	DD	Fungi	Basidiomycota	Agaricomycetes	Agaricales	Cortinariaceae	Cortinarius	Cortinarius inconspicuus	2529045	species	Cortinarius inconspicuus	J.Favre		
Cortinarius inexspectatus	Brandrud	DD	Fungi	Basidiomycota	Agaricomycetes	Agaricales	Cortinariaceae	Phlegmacium	Phlegmacium inexspectatum	11983639	species	Phlegmacium inexspectatum	(Brandrud) Niskanen & Liimat.		
Cortinarius infractus	(Pers.: Fr.) Fr.	LC	Fungi	Basidiomycota	Agaricomycetes	Agaricales	Cortinariaceae	Cortinarius	Cortinarius infractus	8168239	species	Cortinarius infractus	(Pers.) Fr.		
Cortinarius iodeoides	(Kauffmann) R. Hry	DD	Fungi	Basidiomycota	Agaricomycetes	Agaricales	Cortinariaceae	Cortinarius	Cortinarius iodeoides	7970309	species	Cortinarius iodeoides	(Kauffman) Rob.Henry		
Cortinarius ionosmus	M.M. Moser, Nespiak et Schwoebel	LC	Fungi	Basidiomycota	Agaricomycetes	Agaricales	Cortinariaceae	Cortinarius	Cortinarius boreasensis	3349379	species	Cortinarius boreasensis	A.H.Sm.		
Cortinarius irregularis	Fr.	DD	Fungi	Basidiomycota	Agaricomycetes	Agaricales	Cortinariaceae	Cortinarius	Cortinarius irregularis	3348288	species	Cortinarius irregularis	Fr.		
Cortinarius isabellinus	Fr.	LC	Fungi	Basidiomycota	Agaricomycetes	Agaricales	Cortinariaceae	Cortinarius	Cortinarius isabellinus	3347653	species	Cortinarius isabellinus	(Batsch) Fr.		
Cortinarius joannae	R. Hry	DD	Fungi	Basidiomycota	Agaricomycetes	Agaricales	Cortinariaceae	Cortinarius	Cortinarius joannae	3350706	species	Cortinarius joannae	Rob.Henry		
Cortinarius jubarinoides	M.M. Moser (ined.)	DD	Fungi	Basidiomycota	Agaricomycetes	Agaricales	Cortinariaceae	Cortinarius	Cortinarius jubarinoides	3348634	species	Cortinarius jubarinoides	M.M.Moser		
Cortinarius jubarinus	Fr.	LC	Fungi	Basidiomycota	Agaricomycetes	Agaricales	Cortinariaceae	Cortinarius	Cortinarius jubarinus	3349593	species	Cortinarius jubarinus	Fr.		
Cortinarius junghuhnii	Fr.	LC	Fungi	Basidiomycota	Agaricomycetes	Agaricales	Cortinariaceae	Cortinarius	Cortinarius junghuhnii	2529296	species	Cortinarius junghuhnii	Fr.		
Cortinarius kuehneri	M.M. Moser	LC	Fungi	Basidiomycota	Agaricomycetes	Agaricales	Cortinariaceae	Phlegmacium	Phlegmacium kuehneri	11937022	species	Phlegmacium kuehneri	(M.M.Moser) Niskanen & Liimat.		
Cortinarius laetissimus	R. Hry	DD	Fungi	Basidiomycota	Agaricomycetes	Agaricales	Cortinariaceae	Cortinarius	Cortinarius laetissimus	2528982	species	Cortinarius laetissimus	Rob.Henry		
Cortinarius laetus	M.M. Moser	LC	Fungi	Basidiomycota	Agaricomycetes	Agaricales	Cortinariaceae	Cortinarius	Cortinarius laetus	3349670	species	Cortinarius laetus	M.M.Moser		
Cortinarius lanatus	(M.M. Moser) M.M. Moser	DD	Fungi	Basidiomycota	Agaricomycetes	Agaricales	Cortinariaceae	Cortinarius	Cortinarius lanatus	3348159	species	Cortinarius lanatus	(M.M.Moser) M.M.Moser		
Cortinarius laniger	Fr.	LC	Fungi	Basidiomycota	Agaricomycetes	Agaricales	Cortinariaceae	Cortinarius	Cortinarius laniger	2529263	species	Cortinarius laniger	Fr.		
Cortinarius largiusculus	Britzelm.	DD	Fungi	Basidiomycota	Agaricomycetes	Agaricales	Cortinariaceae	Cortinarius	Cortinarius variecolor	5898337	species	Cortinarius variecolor	(Pers.) Fr.		
Cortinarius largus	Fr.	VU	Fungi	Basidiomycota	Agaricomycetes	Agaricales	Cortinariaceae	Cortinarius	Cortinarius largus	2529520	species	Cortinarius largus	Fr.		
Cortinarius latobalteatus	(Jul. Schaeff.) M.M. Moser	DD	Fungi	Basidiomycota	Agaricomycetes	Agaricales	Cortinariaceae	Cortinarius	Cortinarius latobalteatus	3350299	species	Cortinarius latobalteatus	(Jul.Schäff.) M.M.Moser		
Cortinarius latus	(Pers.: Fr.) Fr.	DD	Fungi	Basidiomycota	Agaricomycetes	Agaricales	Cortinariaceae	Cortinarius	Cortinarius latus	3349161	species	Cortinarius latus	(Pers.) Fr.		
Cortinarius leucopus	(Bull.: Fr.) Fr.	LC	Fungi	Basidiomycota	Agaricomycetes	Agaricales	Cortinariaceae	Cortinarius	Cortinarius leucopus	3350341	species	Cortinarius leucopus	(Bull.) Fr.		
Cortinarius levipileus	J. Favre	DD	Fungi	Basidiomycota	Agaricomycetes	Agaricales	Cortinariaceae	Cortinarius	Cortinarius levipileus	3349456	species	Cortinarius levipileus	J.Favre		
Cortinarius licinipes	Fr.	DD	Fungi	Basidiomycota	Agaricomycetes	Agaricales	Cortinariaceae	Cortinarius	Cortinarius licinipes	7244663	species	Cortinarius licinipes	Fr.		
Cortinarius lignicolus	Bidaud	VU	Fungi	Basidiomycota	Agaricomycetes	Agaricales	Cortinariaceae	Cortinarius	Cortinarius lignicola	3351064	species	Cortinarius lignicola	Bidaud		different_ending
Cortinarius lilacinopes	Britzelm.	DD	Fungi	Basidiomycota	Agaricomycetes	Agaricales	Cortinariaceae	Cortinarius	Cortinarius lilacinopes	3350872	species	Cortinarius lilacinopes	Britzelm.		
Cortinarius liquidus	Fr.	DD	Fungi	Basidiomycota	Agaricomycetes	Agaricales	Cortinariaceae	Cortinarius	Cortinarius liquidus	3350231	species	Cortinarius liquidus	Fr.		
Cortinarius lividoochraceus	(Berk.) Berk.	NT	Fungi	Basidiomycota	Agaricomycetes	Agaricales	Cortinariaceae	Cortinarius	Cortinarius livido-ochraceus	2528816	species	Cortinarius livido-ochraceus	(Berk.) Berk.		similar_found
Cortinarius lividoviolaceus	R. Hry	VU	Fungi	Basidiomycota	Agaricomycetes	Agaricales	Cortinariaceae	Cortinarius	Cortinarius lividoviolaceus	7358451	species	Cortinarius lividoviolaceus	(Rob.Henry ex M.M.Moser) M.M.Moser		
Cortinarius lucorum	Fr. (sensu J.E. Lange)	LC	Fungi	Basidiomycota	Agaricomycetes	Agaricales	Cortinariaceae	Cortinarius	Cortinarius lucorum	9695037	species	Cortinarius lucorum	(Fr.) E.Berger		
Cortinarius luteomarginatus	M.M. Moser (ined.)	DD	Fungi	Basidiomycota	Agaricomycetes	Agaricales	Cortinariaceae	Cortinarius	Cortinarius luteomarginatus	9900199	species	Cortinarius luteomarginatus	M.M.Moser ex E.Ludw.		
Cortinarius lutulentus	Jul. Schaeff.	DD	Fungi	Basidiomycota	Agaricomycetes	Agaricales	Cortinariaceae	Cortinarius	Cortinarius lutulentus	3350527	species	Cortinarius lutulentus	Jul.Schäff.		
Cortinarius lux-nymphae	Melot	DD	Fungi	Basidiomycota	Agaricomycetes	Agaricales	Cortinariaceae	Cortinarius	Cortinarius lux-nymphae	3347868	species	Cortinarius lux-nymphae	Melot		
Cortinarius magicus	Eichhorn	DD	Fungi	Basidiomycota	Agaricomycetes	Agaricales	Cortinariaceae	Thaxterogaster	Thaxterogaster magicus	12077447	species	Thaxterogaster magicus	(Eichhorn) Niskanen & Liimat.		
Cortinarius mairei	(M.M. Moser) M.M. Moser	EN	Fungi	Basidiomycota	Agaricomycetes	Agaricales	Cortinariaceae	Cortinarius	Cortinarius mairei	2529033	species	Cortinarius mairei	M.M.Moser		
Cortinarius malachius	(Fr.: Fr.) Fr. (non sensu J.E. Lange)	LC	Fungi	Basidiomycota	Agaricomycetes	Agaricales	Cortinariaceae	Cortinarius	Cortinarius malachius	9174695	species	Cortinarius malachius	(Fr.) Fr.		
Cortinarius malicorius	Fr.	LC	Fungi	Basidiomycota	Agaricomycetes	Agaricales	Cortinariaceae	Cortinarius	Cortinarius malicorius	2528800	species	Cortinarius malicorius	Fr.		
Cortinarius melanotus	Kalchbr.	LC	Fungi	Basidiomycota	Agaricomycetes	Agaricales	Cortinariaceae	Cortinarius	Cortinarius melanotus	3350913	species	Cortinarius melanotus	Kalchbr.		
Cortinarius melleopallens	(Fr.) J.E. Lange	DD	Fungi	Basidiomycota	Agaricomycetes	Agaricales	Cortinariaceae	Cortinarius	Cortinarius melleopallens	2529192	species	Cortinarius melleopallens	(Fr.) Britzelm.		
Cortinarius mellinus	Britzelm.	DD	Fungi	Basidiomycota	Agaricomycetes	Agaricales	Cortinariaceae	Cortinarius	Cortinarius mellinus	3350569	species	Cortinarius mellinus	Britzelm.		
Cortinarius metrodii	R. Hry	DD	Fungi	Basidiomycota	Agaricomycetes	Agaricales	Cortinariaceae	Cortinarius	Cortinarius metrodii	3348137	species	Cortinarius metrodii	Rob.Henry		
Cortinarius miniatopus	J.E. Lange	EN	Fungi	Basidiomycota	Agaricomycetes	Agaricales	Cortinariaceae	Cortinarius	Cortinarius miniatopus	7244499	species	Cortinarius miniatopus	J.E.Lange		
Cortinarius minutalis	Lamoure	LC	Fungi	Basidiomycota	Agaricomycetes	Agaricales	Cortinariaceae	Cortinarius	Cortinarius minutalis	3350888	species	Cortinarius minutalis	Lamoure		
Cortinarius minutulus	J. Favre	LC	Fungi	Basidiomycota	Agaricomycetes	Agaricales	Cortinariaceae	Cortinarius	Cortinarius minutulus	3349445	species	Cortinarius minutulus	J.Favre		
Cortinarius mirandus	Moenne-Loccoz et Reumeux	DD	Fungi	Basidiomycota	Agaricomycetes	Agaricales	Cortinariaceae	Cortinarius	Cortinarius mirandus	3351051	species	Cortinarius mirandus	Moënne-Locc. & Reumaux		
Cortinarius miser	M.M. Moser	DD	Fungi	Basidiomycota	Agaricomycetes	Agaricales	Cortinariaceae	Cortinarius	Cortinarius miser	3348590	species	Cortinarius miser	M.M.Moser		
Cortinarius moenne-loccozii	Bidaud	EN	Fungi	Basidiomycota	Agaricomycetes	Agaricales	Cortinariaceae	Phlegmacium	Phlegmacium moenne-loccozii	11988287	species	Phlegmacium moenne-loccozii	(Bidaud) Niskanen & Liimat.		
Cortinarius mucifluus	Fr. (non al.)	NT	Fungi	Basidiomycota	Agaricomycetes	Agaricales	Cortinariaceae	Cortinarius	Cortinarius mucifluus	2528930	species	Cortinarius mucifluus	Fr.		
Cortinarius mucosus	(Bull.: Fr.) Kickx	LC	Fungi	Basidiomycota	Agaricomycetes	Agaricales	Cortinariaceae	Cortinarius	Cortinarius mucosus	2529494	species	Cortinarius mucosus	(Bull.) J.Kickx f.		
Cortinarius multicolor	(M.M. Moser) M.M. Moser	LC	Fungi	Basidiomycota	Agaricomycetes	Agaricales	Cortinariaceae	Cortinarius	Cortinarius multicolor	3350584	species	Cortinarius multicolor	M.M.Moser		
Cortinarius muricinus	Fr.	DD	Fungi	Basidiomycota	Agaricomycetes	Agaricales	Cortinariaceae	Cortinarius	Cortinarius muricinus	3349905	species	Cortinarius muricinus	Fr.		
Cortinarius myxanomalus	Kuehner	DD							Cortinarius myxanomalus						not_found
Cortinarius nanceiensis	Maire	LC	Fungi	Basidiomycota	Agaricomycetes	Agaricales	Cortinariaceae	Cortinarius	Cortinarius nanceiensis	2529228	species	Cortinarius nanceiensis	Maire		
Cortinarius nemorensis	(Fr.) J.E. Lange	NT	Fungi	Basidiomycota	Agaricomycetes	Agaricales	Cortinariaceae	Cortinarius	Cortinarius variecolor	5898337	species	Cortinarius variecolor	(Pers.) Fr.		
Cortinarius nitidus	(Schaeff.) Fr.	DD	Fungi	Basidiomycota	Agaricomycetes	Agaricales	Cortinariaceae	Cortinarius	Cortinarius nitidus	3347783	species	Cortinarius nitidus	(Schaeff.) Fr.		
Cortinarius norvegicus	Hoil.	DD	Fungi	Basidiomycota	Agaricomycetes	Agaricales	Cortinariaceae	Cortinarius	Cortinarius norvegicus	2528719	species	Cortinarius norvegicus	Høil.		
Cortinarius nothoraphanoides	M.M. Moser (ined.)	DD	Fungi	Basidiomycota	Agaricomycetes	Agaricales	Cortinariaceae	Cortinarius	Cortinarius nothoraphanoides	3349453	species	Cortinarius nothoraphanoides	M.M.Moser		
Cortinarius nothosaniosus	M.M. Moser	DD	Fungi	Basidiomycota	Agaricomycetes	Agaricales	Cortinariaceae	Cortinarius	Cortinarius nothosaniosus	2529249	species	Cortinarius nothosaniosus	M.M.Moser		
Cortinarius obtusus	(Fr.: Fr.) Fr.	LC	Fungi	Basidiomycota	Agaricomycetes	Agaricales	Cortinariaceae	Cortinarius	Cortinarius obtusus	2529130	species	Cortinarius obtusus	(Fr.) Fr.		
Cortinarius ochrophyllus	Fr.	LC	Fungi	Basidiomycota	Agaricomycetes	Agaricales	Cortinariaceae	Cortinarius	Cortinarius ochrophyllus	3349281	species	Cortinarius ochrophyllus	Fr.		
Cortinarius olidoamarus	A. Favre	DD	Fungi	Basidiomycota	Agaricomycetes	Agaricales	Cortinariaceae	Phlegmacium	Phlegmacium olidoamarum	12037052	species	Phlegmacium olidoamarum	(A.Favre) Niskanen & Liimat.		
Cortinarius olidus	J.E. Lange	NT	Fungi	Basidiomycota	Agaricomycetes	Agaricales	Cortinariaceae	Phlegmacium	Phlegmacium olidum	12090086	species	Phlegmacium olidum	(J.E.Lange) Niskanen & Liimat.		
Cortinarius olivascens	Batsch ex Fr.	DD	Fungi	Basidiomycota	Agaricomycetes	Agaricales	Cortinariaceae	Cortinarius	Cortinarius olivascens	8161179	species	Cortinarius olivascens	(Batsch) Fr.		
Cortinarius olivellus	R. Hry	DD	Fungi	Basidiomycota	Agaricomycetes	Agaricales	Cortinariaceae	Cortinarius	Cortinarius olivellus	3350653	species	Cortinarius olivellus	Rob.Henry		
Cortinarius ophiopus	Peck	DD	Fungi	Basidiomycota	Agaricomycetes	Agaricales	Cortinariaceae	Phlegmacium	Phlegmacium ophiopus	12032098	species	Phlegmacium ophiopus	(Peck) Niskanen & Liimat.		
Cortinarius opimus	Fr. sensu Ricken	DD	Fungi	Basidiomycota	Agaricomycetes	Agaricales	Cortinariaceae	Cortinarius	Cortinarius opimus	7244569	species	Cortinarius opimus	Fr.		
Cortinarius orellanus	(Fr.) Fr.	NT	Fungi	Basidiomycota	Agaricomycetes	Agaricales	Cortinariaceae	Cortinarius	Cortinarius orellanus	2528684	species	Cortinarius orellanus	Fr.		
Cortinarius oreobius	J. Favre	LC	Fungi	Basidiomycota	Agaricomycetes	Agaricales	Cortinariaceae	Cortinarius	Cortinarius oreobius	3350645	species	Cortinarius oreobius	J.Favre		
Cortinarius pachypus	M.M. Moser	DD	Fungi	Basidiomycota	Agaricomycetes	Agaricales	Cortinariaceae	Cortinarius	Cortinarius pachypus	3350171	species	Cortinarius pachypus	M.M.Moser		
Cortinarius pangloius	M.M. Moser	DD	Fungi	Basidiomycota	Agaricomycetes	Agaricales	Cortinariaceae	Cortinarius	Cortinarius ferrugineifolius	3349787	species	Cortinarius ferrugineifolius	M.M.Moser		
Cortinarius papulosus	Fr.	VU	Fungi	Basidiomycota	Agaricomycetes	Agaricales	Cortinariaceae	Phlegmacium	Phlegmacium papulosum	12004692	species	Phlegmacium papulosum	(Fr.) Niskanen & Liimat.		
Cortinarius paracephalixus	Bohus	VU	Fungi	Basidiomycota	Agaricomycetes	Agaricales	Cortinariaceae	Phlegmacium	Phlegmacium paracephalixum	11942991	species	Phlegmacium paracephalixum	(Bohus) Niskanen & Liimat.		
Cortinarius paragaudis	Fr.	LC	Fungi	Basidiomycota	Agaricomycetes	Agaricales	Cortinariaceae	Cortinarius	Cortinarius paragaudis	10907776	species	Cortinarius paragaudis	Fr.		
Cortinarius parvannulatus	Kuehner	LC	Fungi	Basidiomycota	Agaricomycetes	Agaricales	Cortinariaceae	Cortinarius	Cortinarius parvannulatus	2528760	species	Cortinarius parvannulatus	Kühner		
Cortinarius parvepileus	R. Hry	DD	Fungi	Basidiomycota	Agaricomycetes	Agaricales	Cortinariaceae	Cortinarius	Cortinarius parvepilus	6015065	species	Cortinarius parvepilus	Rob.Henry		similar_found
Cortinarius parvus	R. Hry	DD	Fungi	Basidiomycota	Agaricomycetes	Agaricales	Cortinariaceae	Calonarius	Calonarius callochrous	12128053	species	Calonarius callochrous	(Pers.) Niskanen & Liimat.		
Cortinarius patibilis	Brandrud et Melot	DD	Fungi	Basidiomycota	Agaricomycetes	Agaricales	Cortinariaceae	Phlegmacium	Phlegmacium patibile	11956488	species	Phlegmacium patibile	(Brandrud & Melot) Niskanen & Liimat.		
Cortinarius pauperculus	J. Favre	LC	Fungi	Basidiomycota	Agaricomycetes	Agaricales	Cortinariaceae	Cortinarius	Cortinarius pauperculus	3350575	species	Cortinarius pauperculus	J.Favre		
Cortinarius pavonius	Fr. sensu R. Hry	DD	Fungi	Basidiomycota	Agaricomycetes	Agaricales	Cortinariaceae	Cortinarius	Cortinarius pavonius	3349923	species	Cortinarius pavonius	Fr.		
Cortinarius pelargoniobtusus	R. Hry	DD	Fungi	Basidiomycota	Agaricomycetes	Agaricales	Cortinariaceae	Cortinarius	Cortinarius pilatii	3350882	species	Cortinarius pilatii	Svrček		
Cortinarius percavus	J. Favre	LC	Fungi	Basidiomycota	Agaricomycetes	Agaricales	Cortinariaceae	Cortinarius	Cortinarius subtilior	3347903	species	Cortinarius subtilior	J.Favre		
Cortinarius percomium	R. Hry	LC	Fungi	Basidiomycota	Agaricomycetes	Agaricales	Cortinariaceae	Cortinarius	Cortinarius percomium	8093258	species	Cortinarius percomium	Rob.Henry ex Bidaud & Reumaux		
Cortinarius personatus	M.M. Moser	DD	Fungi	Basidiomycota	Agaricomycetes	Agaricales	Cortinariaceae	Cortinarius	Cortinarius personatus	3350102	species	Cortinarius personatus	M.M.Moser		
Cortinarius phaeochrous	J. Favre	LC	Fungi	Basidiomycota	Agaricomycetes	Agaricales	Cortinariaceae	Cortinarius	Cortinarius phaeochrous	3348517	species	Cortinarius phaeochrous	J.Favre		
Cortinarius phaeophyllus	P. Karst. sensu R. Hry	DD	Fungi	Basidiomycota	Agaricomycetes	Agaricales	Cortinariaceae	Cortinarius	Cortinarius phaeophyllus	2529447	species	Cortinarius phaeophyllus	P.Karst.		
Cortinarius phaeopygmaeus	J. Favre	LC	Fungi	Basidiomycota	Agaricomycetes	Agaricales	Cortinariaceae	Cortinarius	Cortinarius phaeopygmaeus	2529538	species	Cortinarius phaeopygmaeus	J.Favre		
Cortinarius phoeniceus	Maire	EN	Fungi	Basidiomycota	Agaricomycetes	Agaricales	Cortinariaceae	Cortinarius	Cortinarius purpureus	2528727	species	Cortinarius purpureus	(Bull.) Bidaud, Moënne-Locc. & Reumaux		
Cortinarius pholideus	(Fr.:Fr.) Fr.	VU	Fungi	Basidiomycota	Agaricomycetes	Agaricales	Cortinariaceae	Cortinarius	Cortinarius pholideus	2528987	species	Cortinarius pholideus	(Lilj.) Fr.		
Cortinarius phrygianus	Fr.	CR	Fungi	Basidiomycota	Agaricomycetes	Agaricales	Cortinariaceae	Cortinarius	Cortinarius sublanatus	2529493	species	Cortinarius sublanatus	(Sowerby) Fr.		
Cortinarius pilatii	Svrcek	LC	Fungi	Basidiomycota	Agaricomycetes	Agaricales	Cortinariaceae	Cortinarius	Cortinarius pilatii	3350882	species	Cortinarius pilatii	Svrček		
Cortinarius pistorius	Jul. Schaeff	DD	Fungi	Basidiomycota	Agaricomycetes	Agaricales	Cortinariaceae	Cortinarius	Cortinarius pistorius	3348974	species	Cortinarius pistorius	Jul.Schäff.		
Cortinarius plumbosus	Fr.	DD	Fungi	Basidiomycota	Agaricomycetes	Agaricales	Cortinariaceae	Cortinarius	Cortinarius plumbosus	3348343	species	Cortinarius plumbosus	Fr.		
Cortinarius polaris	Hoil.	LC	Fungi	Basidiomycota	Agaricomycetes	Agaricales	Cortinariaceae	Cortinarius	Cortinarius polaris	3348722	species	Cortinarius polaris	Høil.		
Cortinarius praestans	(Cordier) Gillet	LC	Fungi	Basidiomycota	Agaricomycetes	Agaricales	Cortinariaceae	Cortinarius	Cortinarius praestans	7379140	species	Cortinarius praestans	(Cordier) Gillet		
Cortinarius praestigiosus	M.M. Moser	DD	Fungi	Basidiomycota	Agaricomycetes	Agaricales	Cortinariaceae	Cortinarius	Cortinarius praestigiosus	3348919	species	Cortinarius praestigiosus	(Fr.) M.M.Moser		
Cortinarius prasinocyaneus	R. Hry	DD	Fungi	Basidiomycota	Agaricomycetes	Agaricales	Cortinariaceae	Phlegmacium	Phlegmacium prasinocyaneum	12161994	species	Phlegmacium prasinocyaneum	(Rob.Henry) Niskanen & Liimat.		
Cortinarius privignoides	R. Hry	LC	Fungi	Basidiomycota	Agaricomycetes	Agaricales	Cortinariaceae	Cortinarius	Cortinarius privignoides	3350101	species	Cortinarius privignoides	Rob.Henry		
Cortinarius privignorum	R. Hry	DD	Fungi	Basidiomycota	Agaricomycetes	Agaricales	Cortinariaceae	Cortinarius	Cortinarius armeniacus	12012261	species	Cortinarius armeniacus	(Schaeff.) Zawadzki		
Cortinarius privignus	Fr.	LC	Fungi	Basidiomycota	Agaricomycetes	Agaricales	Cortinariaceae	Cortinarius	Cortinarius privignus	3350383	species	Cortinarius privignus	Fr.		
Cortinarius psammocephalus	Fr.	EN	Fungi	Basidiomycota	Agaricomycetes	Agaricales	Cortinariaceae	Cortinarius	Cortinarius psammocephalus	9447971	species	Cortinarius psammocephalus	(Bull.) Fr.		
Cortinarius pseudocandelaris	(M.M. Moser) M.M. Moser	DD	Fungi	Basidiomycota	Agaricomycetes	Agaricales	Cortinariaceae	Cortinarius	Cortinarius pseudocandelaris	2529098	species	Cortinarius pseudocandelaris	(M.M.Moser) M.M.Moser		
Cortinarius pseudocaninus	R. Hry	DD	Fungi	Basidiomycota	Agaricomycetes	Agaricales	Cortinariaceae	Cortinarius	Cortinarius pseudocaninus	3347703	species	Cortinarius pseudocaninus	Rob.Henry		
Cortinarius pseudocolus	M.M. Moser	LC	Fungi	Basidiomycota	Agaricomycetes	Agaricales	Cortinariaceae	Cortinarius	Cortinarius bulliardii	9151578	species	Cortinarius bulliardii	(Pers.) Fr.		
Cortinarius pseudocyanites	R. Hry	EN	Fungi	Basidiomycota	Agaricomycetes	Agaricales	Cortinariaceae	Cortinarius	Cortinarius pseudocyanites	3348228	species	Cortinarius pseudocyanites	Rob.Henry		
Cortinarius pseudodiabolicus	(M.M. Moser) M.M. Moser	DD	Fungi	Basidiomycota	Agaricomycetes	Agaricales	Cortinariaceae	Phlegmacium	Phlegmacium pseudodiabolicum	3309809	species	Phlegmacium pseudodiabolicum	M.M.Moser		
Cortinarius pseudoduracinus	R. Hry	DD	Fungi	Basidiomycota	Agaricomycetes	Agaricales	Cortinariaceae	Cortinarius	Cortinarius pseudoduracinus	3349472	species	Cortinarius pseudoduracinus	Rob.Henry		
Cortinarius pseudofulmineus	R. Hry	DD	Fungi	Basidiomycota	Agaricomycetes	Agaricales	Cortinariaceae	Cortinarius	Cortinarius pseudofulmineus	3350013	species	Cortinarius pseudofulmineus	Rob.Henry		
Cortinarius pseudonapus	R. Hry ap. M.M. Moser	DD	Fungi	Basidiomycota	Agaricomycetes	Agaricales	Cortinariaceae	Cortinarius	Cortinarius pseudonapus	3349424	species	Cortinarius pseudonapus	(Rob.Henry ex M.M.Moser) M.M.Moser		
Cortinarius pseudopunctatus	J. Favre	DD							Cortinarius pseudopunctatus						not_found
Cortinarius pseudoscutulatus	P.D. Orton	DD	Fungi	Basidiomycota	Agaricomycetes	Agaricales	Cortinariaceae	Cortinarius	Cortinarius pseudoscutulatus	3349026	species	Cortinarius pseudoscutulatus	Rob.Henry		author_mismatch
Cortinarius pseudosulphureus	R. Hry ex P.D. Orton	VU	Fungi	Basidiomycota	Agaricomycetes	Agaricales	Cortinariaceae	Calonarius	Calonarius citrinus	12021163	species	Calonarius citrinus	(J.E.Lange ex P.D.Orton) Niskanen & Liimat.		
Cortinarius pseudovenetus	R. Hry	DD	Fungi	Basidiomycota	Agaricomycetes	Agaricales	Cortinariaceae	Cortinarius	Cortinarius pseudovenetus	3350022	species	Cortinarius pseudovenetus	Rob.Henry		
Cortinarius psittacinus	M.M. Moser	DD	Fungi	Basidiomycota	Agaricomycetes	Agaricales	Cortinariaceae	Cortinarius	Cortinarius psittacinus	3349413	species	Cortinarius psittacinus	M.M.Moser		
Cortinarius pulchripes	J. Favre	LC	Fungi	Basidiomycota	Agaricomycetes	Agaricales	Cortinariaceae	Cortinarius	Cortinarius pulchripes	3350278	species	Cortinarius pulchripes	J.Favre		
Cortinarius pumilus	(Fr.) J.E. Lange	EN	Fungi	Basidiomycota	Agaricomycetes	Agaricales	Cortinariaceae	Cortinarius	Cortinarius livido-ochraceus	2528816	species	Cortinarius livido-ochraceus	(Berk.) Berk.		
Cortinarius purpuratus	R. Hry	DD	Fungi	Basidiomycota	Agaricomycetes	Agaricales	Cortinariaceae	Cortinarius	Cortinarius purpuratus	3348946	species	Cortinarius purpuratus	Rob.Henry		
Cortinarius purpureoluteus	Lamoure	DD	Fungi	Basidiomycota	Agaricomycetes	Agaricales	Cortinariaceae	Cortinarius	Cortinarius purpureoluteus	3350789	species	Cortinarius purpureoluteus	Lamoure		
Cortinarius pusillus	F.H.Moeller	DD	Fungi	Basidiomycota	Agaricomycetes	Agaricales	Cortinariaceae	Cortinarius	Cortinarius pusillus	7522935	species	Cortinarius pusillus	F.H.Møller		
Cortinarius quercetorum	(Velen.) Breitenbach et Kraenzlin	DD	Fungi	Basidiomycota	Agaricomycetes	Agaricales	Cortinariaceae	Cortinarius	Cortinarius quercetorum	3348489	species	Cortinarius quercetorum	(Velen.) Breitenbach & Kränzlin		
Cortinarius rapaceus	Fr.	EN	Fungi	Basidiomycota	Agaricomycetes	Agaricales	Cortinariaceae	Cortinarius	Cortinarius rapaceus	2528733	species	Cortinarius rapaceus	Fr.		
Cortinarius raphanoides	(Pers.: Fr.) Fr.	EN	Fungi	Basidiomycota	Agaricomycetes	Agaricales	Cortinariaceae	Cortinarius	Cortinarius raphanoides	2528674	species	Cortinarius raphanoides	(Pers.) Fr.		
Cortinarius rhaebopus	(M.M. Moser) M.M. Moser	DD	Fungi	Basidiomycota	Agaricomycetes	Agaricales	Cortinariaceae	Cortinarius	Cortinarius rhaebopus	3349983	species	Cortinarius rhaebopus	(M.M.Moser) M.M.Moser		
Cortinarius rheubarbarinus	R. Hry	NT	Fungi	Basidiomycota	Agaricomycetes	Agaricales	Cortinariaceae	Cortinarius	Cortinarius rheubarbarinus	2529322	species	Cortinarius rheubarbarinus	Rob.Henry		
Cortinarius rigens	(Pers.) Fr.	LC	Fungi	Basidiomycota	Agaricomycetes	Agaricales	Cortinariaceae	Cortinarius	Cortinarius rigens	2529342	species	Cortinarius rigens	(Pers.) Fr.		
Cortinarius rigidus	Fr.	LC	Fungi	Basidiomycota	Agaricomycetes	Agaricales	Cortinariaceae	Cortinarius	Cortinarius rigidus	9421862	species	Cortinarius rigidus	(Scop.) Fr.		
Cortinarius romagnesii	R. Hry	DD	Fungi	Basidiomycota	Agaricomycetes	Agaricales	Cortinariaceae	Cortinarius	Cortinarius romagnesii	3348039	species	Cortinarius romagnesii	Rob.Henry		
Cortinarius rubellopes	R. Hry	DD	Fungi	Basidiomycota	Agaricomycetes	Agaricales	Cortinariaceae	Cortinarius	Cortinarius rubellopes	7244597	species	Cortinarius rubellopes	Rob.Henry		
Cortinarius rubricosus	(Fr.) Fr.	LC	Fungi	Basidiomycota	Agaricomycetes	Agaricales	Cortinariaceae	Cortinarius	Cortinarius rubricosus	3348349	species	Cortinarius rubricosus	(Fr.) Fr.		
Cortinarius rufostriatus	J. Favre	LC	Fungi	Basidiomycota	Agaricomycetes	Agaricales	Cortinariaceae	Cortinarius	Cortinarius rufostriatus	2529262	species	Cortinarius rufostriatus	J.Favre		
Cortinarius russeoides	M.M. Moser	LC	Fungi	Basidiomycota	Agaricomycetes	Agaricales	Cortinariaceae	Phlegmacium	Phlegmacium mussivum	11935619	species	Phlegmacium mussivum	(Fr.) Niskanen & Liimat.		
Cortinarius russeus	R. Hry	LC	Fungi	Basidiomycota	Agaricomycetes	Agaricales	Cortinariaceae	Cortinarius	Cortinarius russeus	2529301	species	Cortinarius russeus	Rob.Henry		
Cortinarius rusticellus	J. Favre	LC	Fungi	Basidiomycota	Agaricomycetes	Agaricales	Cortinariaceae	Cortinarius	Cortinarius rusticellus	3348072	species	Cortinarius rusticellus	J.Favre		
Cortinarius safranopes	R. Hry	DD	Fungi	Basidiomycota	Agaricomycetes	Agaricales	Cortinariaceae	Cortinarius	Cortinarius rubricosus	3348349	species	Cortinarius rubricosus	(Fr.) Fr.		
Cortinarius saginus	(Fr.) Fr.	LC	Fungi	Basidiomycota	Agaricomycetes	Agaricales	Cortinariaceae	Phlegmacium	Phlegmacium saginum	11978537	species	Phlegmacium saginum	(Fr.) Niskanen & Liimat.		
Cortinarius salor	Fr.	LC	Fungi	Basidiomycota	Agaricomycetes	Agaricales	Cortinariaceae	Cortinarius	Cortinarius salor	2529248	species	Cortinarius salor	Fr.		
Cortinarius sanguineus	(Wulfen: Fr.) Fr.	LC	Fungi	Basidiomycota	Agaricomycetes	Agaricales	Cortinariaceae	Cortinarius	Cortinarius sanguineus	7729510	species	Cortinarius sanguineus	(Wulfen) Gray		
Cortinarius saniosus	(Fr.) Fr.	EN	Fungi	Basidiomycota	Agaricomycetes	Agaricales	Cortinariaceae	Cortinarius	Cortinarius saniosus	2529486	species	Cortinarius saniosus	(Fr.) Fr.		
Cortinarius saturninus	Fr.	LC	Fungi	Basidiomycota	Agaricomycetes	Agaricales	Cortinariaceae	Cortinarius	Cortinarius saturninus	2529066	species	Cortinarius saturninus	(Fr.) Fr.		
Cortinarius scandens	Fr.	DD	Fungi	Basidiomycota	Agaricomycetes	Agaricales	Cortinariaceae	Cortinarius	Cortinarius scandens	2529369	species	Cortinarius scandens	Fr.		
Cortinarius schaefferi	Bres.	NT	Fungi	Basidiomycota	Agaricomycetes	Agaricales	Cortinariaceae	Cortinarius	Cortinarius olivaceofuscus	8243151	species	Cortinarius olivaceofuscus	Kühner		
Cortinarius schaefferianus	M.M. Moser	DD	Fungi	Basidiomycota	Agaricomycetes	Agaricales	Cortinariaceae	Phlegmacium	Phlegmacium areni-silvae	11990857	species	Phlegmacium areni-silvae	(Brandrud) Niskanen & Liimat.		
Cortinarius sciophyllus	Fr.	DD	Fungi	Basidiomycota	Agaricomycetes	Agaricales	Cortinariaceae	Cortinarius	Cortinarius sciophyllus	3350026	species	Cortinarius sciophyllus	Fr.		
Cortinarius scotoides	J. Favre	LC	Fungi	Basidiomycota	Agaricomycetes	Agaricales	Cortinariaceae	Cortinarius	Cortinarius scotoides	2529167	species	Cortinarius scotoides	J.Favre		
Cortinarius scutulatus	Fr.	VU	Fungi	Basidiomycota	Agaricomycetes	Agaricales	Cortinariaceae	Cortinarius	Cortinarius scutulatus	2529368	species	Cortinarius scutulatus	(Fr.) Fr.		
Cortinarius sebaceus	Fr.	VU	Fungi	Basidiomycota	Agaricomycetes	Agaricales	Cortinariaceae	Cortinarius	Cortinarius sebaceus	7244521	species	Cortinarius sebaceus	Fr.		
Cortinarius semisanguineus	(Fr.:Fr.) Gillet	LC	Fungi	Basidiomycota	Agaricomycetes	Agaricales	Cortinariaceae	Cortinarius	Cortinarius semisanguineus	2529327	species	Cortinarius semisanguineus	(Fr.) Gillet		
Cortinarius semivelatus	R. Hry	DD	Fungi	Basidiomycota	Agaricomycetes	Agaricales	Cortinariaceae	Cortinarius	Cortinarius semivelatus	3349102	species	Cortinarius semivelatus	Rob.Henry		
Cortinarius semivestitus	M.M. Moser	DD	Fungi	Basidiomycota	Agaricomycetes	Agaricales	Cortinariaceae	Cortinarius	Cortinarius semivestitus	3349295	species	Cortinarius semivestitus	M.M.Moser		
Cortinarius sericatus	(Ramain) R. Hry	DD	Fungi	Basidiomycota	Agaricomycetes	Agaricales	Cortinariaceae	Cortinarius	Cortinarius sericatus	8295419	species	Cortinarius sericatus	Ramain ex Rob.Henry		
Cortinarius sertipes	Kuehner	LC	Fungi	Basidiomycota	Agaricomycetes	Agaricales	Cortinariaceae	Cortinarius	Cortinarius decipiens	12164577	species	Cortinarius decipiens	(Pers.) Zawadzki		
Cortinarius simulatus	P.D. Orton	DD	Fungi	Basidiomycota	Agaricomycetes	Agaricales	Cortinariaceae	Cortinarius	Cortinarius simulatus	2529138	species	Cortinarius simulatus	P.D.Orton		
Cortinarius sociatus	R. Hry	DD	Fungi	Basidiomycota	Agaricomycetes	Agaricales	Cortinariaceae	Cortinarius	Cortinarius sociatus	3347940	species	Cortinarius sociatus	Rob.Henry		
Cortinarius solis-occasus	Melot	NT	Fungi	Basidiomycota	Agaricomycetes	Agaricales	Cortinariaceae	Cortinarius	Cortinarius solis-occasus	3351094	species	Cortinarius solis-occasus	Melot		
Cortinarius sommerfeltii	Hoil.	LC	Fungi	Basidiomycota	Agaricomycetes	Agaricales	Cortinariaceae	Cortinarius	Cortinarius sommerfeltii	2528845	species	Cortinarius sommerfeltii	Høil.		
Cortinarius sordescens	R. Hry	DD	Fungi	Basidiomycota	Agaricomycetes	Agaricales	Cortinariaceae	Cortinarius	Cortinarius sordescens	7244643	species	Cortinarius sordescens	Rob.Henry		
Cortinarius spadicellus	(M.M. Moser) Garnier	DD	Fungi	Basidiomycota	Agaricomycetes	Agaricales	Cortinariaceae	Phlegmacium	Phlegmacium spadicellum	2529177	species	Phlegmacium spadicellum	M.M.Moser		
Cortinarius spadiceus	(Batsch) Fr.	EN	Fungi	Basidiomycota	Agaricomycetes	Agaricales	Cortinariaceae	Cortinarius	Cortinarius spadiceus	8138527	species	Cortinarius spadiceus	(Batsch) Fr.		
Cortinarius speciosissimus	Kuehner et Romagn.	LC	Fungi	Basidiomycota	Agaricomycetes	Agaricales	Cortinariaceae	Cortinarius	Cortinarius rubellus	2528663	species	Cortinarius rubellus	Cooke		
Cortinarius spilomeus	(Fr.: Fr.) Fr.	LC	Fungi	Basidiomycota	Agaricomycetes	Agaricales	Cortinariaceae	Cortinarius	Cortinarius spilomeus	9174514	species	Cortinarius spilomeus	(Fr.) Fr.		
Cortinarius stemmatus	(Fr.) Fr.	LC	Fungi	Basidiomycota	Agaricomycetes	Agaricales	Cortinariaceae	Cortinarius	Cortinarius stemmatus	3351157	species	Cortinarius stemmatus	Fr.		
Cortinarius stenospermus	Lamoure	DD	Fungi	Basidiomycota	Agaricomycetes	Agaricales	Cortinariaceae	Cortinarius	Cortinarius stenospermus	3349087	species	Cortinarius stenospermus	Lamoure		
Cortinarius stillatitius	Fr.	LC	Fungi	Basidiomycota	Agaricomycetes	Agaricales	Cortinariaceae	Cortinarius	Cortinarius stillatitius	2528976	species	Cortinarius stillatitius	Fr.		
Cortinarius striaepilus	J. Favre	DD	Fungi	Basidiomycota	Agaricomycetes	Agaricales	Cortinariaceae	Cortinarius	Cortinarius striaepilus	3349234	species	Cortinarius striaepilus	J.Favre		
Cortinarius strobilaceus	M.M. Moser	LC	Fungi	Basidiomycota	Agaricomycetes	Agaricales	Cortinariaceae	Cortinarius	Cortinarius angelesianus	2528854	species	Cortinarius angelesianus	A.H.Sm.		
Cortinarius subannulatus	Jul. Schaeff. et M.M. Moser apud M.M. Moser	EN	Fungi	Basidiomycota	Agaricomycetes	Agaricales	Cortinariaceae	Cortinarius	Cortinarius subannulatus	3350225	species	Cortinarius subannulatus	Jul.Schäff. & M.M.Moser		
Cortinarius subargentatus	P.D. Orton	DD	Fungi	Basidiomycota	Agaricomycetes	Agaricales	Cortinariaceae	Cortinarius	Cortinarius argenteopileatus	2529378	species	Cortinarius argenteopileatus	Nezdojm.		
Cortinarius subarquatus	(M.M. Moser) M.M. Moser	DD	Fungi	Basidiomycota	Agaricomycetes	Agaricales	Cortinariaceae	Cortinarius	Cortinarius subarquatus	2529181	species	Cortinarius subarquatus	(M.M.Moser) M.M.Moser		
Cortinarius subbalaustinus	R. Hry	LC	Fungi	Basidiomycota	Agaricomycetes	Agaricales	Cortinariaceae	Cortinarius	Cortinarius subbalaustinus	2528797	species	Cortinarius subbalaustinus	Rob.Henry		
Cortinarius subcompactus	R. Hry	DD	Fungi	Basidiomycota	Agaricomycetes	Agaricales	Cortinariaceae	Cortinarius	Cortinarius subcompactus	3349089	species	Cortinarius subcompactus	Rob.Henry		
Cortinarius subcrassus	R. Hry	DD	Fungi	Basidiomycota	Agaricomycetes	Agaricales	Cortinariaceae	Cortinarius	Cortinarius subcrassus	3351088	species	Cortinarius subcrassus	Rob.Henry		
Cortinarius subelegantior	R. Hry	DD	Fungi	Basidiomycota	Agaricomycetes	Agaricales	Cortinariaceae	Cortinarius	Cortinarius subelegantior	3348192	species	Cortinarius subelegantior	Rob.Henry		
Cortinarius subferrugineus	(Batsch: Fr.) Fr.	EN	Fungi	Basidiomycota	Agaricomycetes	Agaricales	Cortinariaceae	Cortinarius	Cortinarius subferrugineus	3351011	species	Cortinarius subferrugineus	(Batsch) Fr.		
Cortinarius subfulgens	P.D. Orton	DD	Fungi	Basidiomycota	Agaricomycetes	Agaricales	Cortinariaceae	Calonarius	Calonarius olearioides	12059501	species	Calonarius olearioides	(Rob.Henry) Niskanen & Liimat.		
Cortinarius sublatisporus	Svrcek	LC	Fungi	Basidiomycota	Agaricomycetes	Agaricales	Cortinariaceae	Cortinarius	Cortinarius comptulus	3349024	species	Cortinarius comptulus	M.M.Moser		
Cortinarius subscaurus	(M.M. Moser) M.M. Moser	DD	Fungi	Basidiomycota	Agaricomycetes	Agaricales	Cortinariaceae	Cortinarius	Cortinarius subscaurus	3348085	species	Cortinarius subscaurus	(M.M.Moser) M.M.Moser		
Cortinarius subtilior	J. Favre	LC	Fungi	Basidiomycota	Agaricomycetes	Agaricales	Cortinariaceae	Cortinarius	Cortinarius subtilior	3347903	species	Cortinarius subtilior	J.Favre		
Cortinarius subtortus	(Pers.: Fr.) Fr.	LC	Fungi	Basidiomycota	Agaricomycetes	Agaricales	Cortinariaceae	Cortinarius	Cortinarius subtortus	12138241	species	Cortinarius subtortus	(Pers.) Zawadzki		
Cortinarius subtorvus	Lamoure	LC	Fungi	Basidiomycota	Agaricomycetes	Agaricales	Cortinariaceae	Cortinarius	Cortinarius subtorvus	2528744	species	Cortinarius subtorvus	Lamoure		
Cortinarius subumbilicatus	R. Hry	DD	Fungi	Basidiomycota	Agaricomycetes	Agaricales	Cortinariaceae	Cortinarius	Cortinarius subumbilicatus	3347891	species	Cortinarius subumbilicatus	Rob.Henry		
Cortinarius subviolascens	R. Hry n.nud.	DD	Fungi	Basidiomycota	Agaricomycetes	Agaricales	Cortinariaceae	Cortinarius	Cortinarius subviolascens	7924096	species	Cortinarius subviolascens	Rob.Henry ex Nezdojm.		no_author_match
Cortinarius suillus	Fr. sensu J.E. Lange	NT	Fungi	Basidiomycota	Agaricomycetes	Agaricales	Cortinariaceae	Cortinarius	Cortinarius suillus	2529184	species	Cortinarius suillus	Fr.		
Cortinarius tenebricus	J. Favre	LC	Fungi	Basidiomycota	Agaricomycetes	Agaricales	Cortinariaceae	Cortinarius	Cortinarius tenebricus	3349202	species	Cortinarius tenebricus	J.Favre		
Cortinarius tomentosus	R. Hry	DD	Fungi	Basidiomycota	Agaricomycetes	Agaricales	Cortinariaceae	Phlegmacium	Phlegmacium tomentosum	12068684	species	Phlegmacium tomentosum	(Rob.Henry) Niskanen & Liimat.		
Cortinarius tortuosus	Fr.	LC	Fungi	Basidiomycota	Agaricomycetes	Agaricales	Cortinariaceae	Cortinarius	Cortinarius tortuosus	9041684	species	Cortinarius tortuosus	(Fr.) Fr.		
Cortinarius torvus	(Bull.:Fr.) Fr.	LC	Fungi	Basidiomycota	Agaricomycetes	Agaricales	Cortinariaceae	Cortinarius	Cortinarius torvus	2528680	species	Cortinarius torvus	(Fr.) Fr.		
Cortinarius traganus	(Fr.: Fr.) Fr.	LC	Fungi	Basidiomycota	Agaricomycetes	Agaricales	Cortinariaceae	Cortinarius	Cortinarius traganus	2529113	species	Cortinarius traganus	(Fr.) Fr.		
Cortinarius triformis	Fr.	LC	Fungi	Basidiomycota	Agaricomycetes	Agaricales	Cortinariaceae	Cortinarius	Cortinarius triformis	2529190	species	Cortinarius triformis	Fr.		
Cortinarius triumphans	(Fr.) Fr.	VU	Fungi	Basidiomycota	Agaricomycetes	Agaricales	Cortinariaceae	Phlegmacium	Phlegmacium triumphans	7895491	species	Phlegmacium triumphans	(Fr.) A.Blytt		
Cortinarius trivialis	J.E. Lange	NT	Fungi	Basidiomycota	Agaricomycetes	Agaricales	Cortinariaceae	Cortinarius	Cortinarius trivialis	2529014	species	Cortinarius trivialis	J.E.Lange		
Cortinarius trossingenensis	Melot	DD	Fungi	Basidiomycota	Agaricomycetes	Agaricales	Cortinariaceae	Cortinarius	Cortinarius trossingenensis	3349273	species	Cortinarius trossingenensis	Melot		
Cortinarius tubarius	Ammirati et A.H. Sm.	NT	Fungi	Basidiomycota	Agaricomycetes	Agaricales	Cortinariaceae	Cortinarius	Cortinarius tubarius	2528693	species	Cortinarius tubarius	Ammirati & A.H.Sm.		
Cortinarius tubulipes	J. Favre	DD	Fungi	Basidiomycota	Agaricomycetes	Agaricales	Cortinariaceae	Cortinarius	Cortinarius tubulipes	3349885	species	Cortinarius tubulipes	J.Favre		
Cortinarius turgidus	Fr.	DD	Fungi	Basidiomycota	Agaricomycetes	Agaricales	Cortinariaceae	Cortinarius	Cortinarius turgidus	2529107	species	Cortinarius turgidus	Fr.		
Cortinarius turibulosus	(Jul. Schaeff. et E. Horak) Bon et G. Garnier	DD	Fungi	Basidiomycota	Agaricomycetes	Agaricales	Cortinariaceae	Cortinarius	Cortinarius turibulosus	3348270	species	Cortinarius turibulosus	(Jul.Schäff. & E.Horak) Bon & G.Garnier		
Cortinarius uliginosus	Berk.	NT	Fungi	Basidiomycota	Agaricomycetes	Agaricales	Cortinariaceae	Cortinarius	Cortinarius uliginosus	2528790	species	Cortinarius uliginosus	Berk.		
Cortinarius umidicola	Kauffman	DD	Fungi	Basidiomycota	Agaricomycetes	Agaricales	Cortinariaceae	Cortinarius	Cortinarius lucorum	9695037	species	Cortinarius lucorum	(Fr.) E.Berger		
Cortinarius uraceus	Fr.	LC	Fungi	Basidiomycota	Agaricomycetes	Agaricales	Cortinariaceae	Cortinarius	Cortinarius uraceus	2529069	species	Cortinarius uraceus	Fr.		
Cortinarius urbicus	Fr.	LC	Fungi	Basidiomycota	Agaricomycetes	Agaricales	Cortinariaceae	Cortinarius	Cortinarius urbicus	2528925	species	Cortinarius urbicus	(Fr.) Fr.		
Cortinarius valgus	Fr.	DD	Fungi	Basidiomycota	Agaricomycetes	Agaricales	Cortinariaceae	Cortinarius	Cortinarius valgus	2529258	species	Cortinarius valgus	Fr.		
Cortinarius validus	J. Favre	DD	Fungi	Basidiomycota	Agaricomycetes	Agaricales	Cortinariaceae	Phlegmacium	Phlegmacium saginum	11978537	species	Phlegmacium saginum	(Fr.) Niskanen & Liimat.		
Cortinarius variecolor	(Pers.: Fr.) Fr.	LC	Fungi	Basidiomycota	Agaricomycetes	Agaricales	Cortinariaceae	Cortinarius	Cortinarius variecolor	5898337	species	Cortinarius variecolor	(Pers.) Fr.		
Cortinarius varius	(Schaeff.: Fr.) Fr.	LC	Fungi	Basidiomycota	Agaricomycetes	Agaricales	Cortinariaceae	Cortinarius	Cortinarius varius	2529193	species	Cortinarius varius	(Schaeff.) Fr.		
Cortinarius venetus	(Fr.: Fr.) Fr.	LC	Fungi	Basidiomycota	Agaricomycetes	Agaricales	Cortinariaceae	Cortinarius	Cortinarius venetus	2528770	species	Cortinarius venetus	(Fr.) Fr.		
Cortinarius veregregius	R. Hry	DD	Fungi	Basidiomycota	Agaricomycetes	Agaricales	Cortinariaceae	Cortinarius	Cortinarius veregregius	3349947	species	Cortinarius veregregius	Rob.Henry		
Cortinarius vernus	H. Lindstr. & Melot	LC	Fungi	Basidiomycota	Agaricomycetes	Agaricales	Cortinariaceae	Cortinarius	Cortinarius vernus	2529170	species	Cortinarius vernus	H.Lindstr. & Melot		
Cortinarius violaceocinereus	(Pers.: Fr.) Fr.	DD	Fungi	Basidiomycota	Agaricomycetes	Agaricales	Cortinariaceae	Cortinarius	Cortinarius violaceocinereus	3350806	species	Cortinarius violaceocinereus	(Pers.) Fr.		
Cortinarius violaceovalens	R. Hry	DD	Fungi	Basidiomycota	Agaricomycetes	Agaricales	Cortinariaceae	Cortinarius	Cortinarius violaceovalens	3349167	species	Cortinarius violaceovalens	Chevassut & Rob.Henry		
Cortinarius violaceus	(L.: Fr.) Fr.	LC	Fungi	Basidiomycota	Agaricomycetes	Agaricales	Cortinariaceae	Cortinarius	Cortinarius violaceus	2529040	species	Cortinarius violaceus	(L.) Gray		
Cortinarius violeocaeruleus	Chevassut et R. Hry	DD							Cortinarius violeocaeruleus						not_found
Cortinarius viridipes	M.M. Moser	DD	Fungi	Basidiomycota	Agaricomycetes	Agaricales	Cortinariaceae	Cortinarius	Cortinarius viridipes	3348751	species	Cortinarius viridipes	M.M.Moser		
Cortinarius viscidulus	M.M. Moser (ined.)	DD	Fungi	Basidiomycota	Agaricomycetes	Agaricales	Cortinariaceae	Cortinarius	Cortinarius viscidulus	3350287	species	Cortinarius viscidulus	M.M.Moser		
Cortinarius vitellinus	M.M. Moser	LC	Fungi	Basidiomycota	Agaricomycetes	Agaricales	Cortinariaceae	Calonarius	Calonarius meinhardii	12117301	species	Calonarius meinhardii	(Bon) Niskanen & Liimat.		
Cortinarius vulpinus	(Velen.) R. Hry	VU	Fungi	Basidiomycota	Agaricomycetes	Agaricales	Cortinariaceae	Phlegmacium	Phlegmacium vulpinum	11999748	species	Phlegmacium vulpinum	(Velen.) Niskanen & Liimat.		
Cortinarius zinziberatus	(Scop.: Fr.) Fr.	EN	Fungi	Basidiomycota	Agaricomycetes	Agaricales	Cortinariaceae	Cortinarius	Cortinarius zinziberatus	9053208	species	Cortinarius zinziberatus	(Scop.) Fr.		
Cotylidia pannosa	(Sowerby: Fr.) D.A. Reid	LC	Fungi	Basidiomycota	Agaricomycetes	Hymenochaetales	Rickenellaceae	Cotylidia	Cotylidia pannosa	2523543	species	Cotylidia pannosa	(Sowerby) D.A.Reid		
Cotylidia undulata	(Pers.: Fr.) P. Karst.	EN	Fungi	Basidiomycota	Agaricomycetes	Hymenochaetales	Rickenellaceae	Cotylidia	Cotylidia undulata	2523566	species	Cotylidia undulata	(Fr.) P.Karst.		
Craterellus cornucopioides	(L.: Fr.) Pers.	LC	Fungi	Basidiomycota	Agaricomycetes	Cantharellales	Hydnaceae	Craterellus	Craterellus cornucopioides	2554662	species	Craterellus cornucopioides	(L.) Pers.		
Craterellus konradii	Bourdot et Maire	DD	Fungi	Basidiomycota	Agaricomycetes	Cantharellales	Hydnaceae	Craterellus	Craterellus cornucopioides	2554662	species	Craterellus cornucopioides	(L.) Pers.		
Craterocolla cerasi	(Tul.) Bref.	LC	Fungi	Basidiomycota	Agaricomycetes	Sebacinales	Sebacinaceae	Ditangium	Ditangium cerasi	3353337	species	Ditangium cerasi	(Schumach.) Costantin & L.M.Dufour		
Crepidotus applanatus	(Pers.: Fr.) P. Kumm.	LC	Fungi	Basidiomycota	Agaricomycetes	Agaricales	Crepidotaceae	Crepidotus	Crepidotus applanatus	5240984	species	Crepidotus applanatus	(Pers.) P.Kumm.		
Crepidotus autochthonus	J.E. Lange	EN	Fungi	Basidiomycota	Agaricomycetes	Agaricales	Crepidotaceae	Crepidotus	Crepidotus autochthonus	5240982	species	Crepidotus autochthonus	J.E.Lange		
Crepidotus bresadolae	Pilat	NT	Fungi	Basidiomycota	Agaricomycetes	Agaricales	Crepidotaceae	Crepidotus	Crepidotus bresadolae	5240955	species	Crepidotus bresadolae	Pilát		
Crepidotus calolepis	(Fr.) P. Karst.	DD	Fungi	Basidiomycota	Agaricomycetes	Agaricales	Crepidotaceae	Crepidotus	Crepidotus calolepis	5240970	species	Crepidotus calolepis	(Fr.) P.Karst.		
Crepidotus caspari	Velen.	LC	Fungi	Basidiomycota	Agaricomycetes	Agaricales	Crepidotaceae	Crepidotus	Crepidotus caspari	5240922	species	Crepidotus caspari	Velen.		
Crepidotus cesatii	(Rabenh.) Sacc.	LC	Fungi	Basidiomycota	Agaricomycetes	Agaricales	Crepidotaceae	Crepidotus	Crepidotus cesatii	7243941	species	Crepidotus cesatii	(Rabenh.) Sacc.		
Crepidotus ehrendorferi	Hauskn. et Krisai	CR	Fungi	Basidiomycota	Agaricomycetes	Agaricales	Crepidotaceae	Crepidotus	Crepidotus ehrendorferi	5453264	species	Crepidotus ehrendorferi	Hauskn. & Krisai		
Crepidotus epibryus	(Fr.) Quel.	LC	Fungi	Basidiomycota	Agaricomycetes	Agaricales	Crepidotaceae	Crepidotus	Crepidotus epibryus	5240973	species	Crepidotus epibryus	(Fr.) Quél.		
Crepidotus luteolus	(Lambotte) Sacc.	LC	Fungi	Basidiomycota	Agaricomycetes	Agaricales	Crepidotaceae	Crepidotus	Crepidotus luteolus	5240938	species	Crepidotus luteolus	Sacc.		
Crepidotus mollis	(Schaeff.: Fr.) Staude	LC	Fungi	Basidiomycota	Agaricomycetes	Agaricales	Crepidotaceae	Crepidotus	Crepidotus mollis	5240943	species	Crepidotus mollis	(Schaeff.) Staude		
Crepidotus subsphaerosporus	J.E. Lange	LC	Fungi	Basidiomycota	Agaricomycetes	Agaricales	Crepidotaceae	Crepidotus	Crepidotus cesatii	7243941	species	Crepidotus cesatii	(Rabenh.) Sacc.		no_author_match
Crepidotus subverrucisporus	Pilat	LC	Fungi	Basidiomycota	Agaricomycetes	Agaricales	Crepidotaceae	Crepidotus	Crepidotus subverrucisporus	8196562	species	Crepidotus subverrucisporus	Pilát		
Crepidotus variabilis	(Pers.: Fr.) P. Kumm.	LC	Fungi	Basidiomycota	Agaricomycetes	Agaricales	Crepidotaceae	Crepidotus	Crepidotus variabilis	5240994	species	Crepidotus variabilis	(Pers.) P.Kumm.		
Crinipellis scabella	(Alb. et Schwein.: Fr.) Murrill	VU	Fungi	Basidiomycota	Agaricomycetes	Agaricales	Marasmiaceae	Crinipellis	Crinipellis scabella	2538113	species	Crinipellis scabella	(Alb. & Schwein.) Murrill		
Cristinia eichleri	(Bres.) Nakasone	VU	Fungi	Basidiomycota	Agaricomycetes	Agaricales	Stephanosporaceae	Cristinia	Cristinia eichleri	3356935	species	Cristinia eichleri	(Bres.) Nakasone		
Cristinia helvetica	(Pers.) Parmasto	NT	Fungi	Basidiomycota	Agaricomycetes	Agaricales	Stephanosporaceae	Cristinia	Cristinia helvetica	2552457	species	Cristinia helvetica	(Pers.) Parmasto		
Crocicreas calathicola	(Rehm) Carp.	NT	Fungi	Ascomycota	Leotiomycetes	Helotiales	Helotiaceae	Cyathicula	Cyathicula calathicola	10822362	species	Cyathicula calathicola	(Rehm) Baral		
Crocicreas gramineum	(Fr.: Fr.) Fr.	DD	Fungi	Ascomycota	Leotiomycetes	Helotiales	Helotiaceae	Crocicreas	Crocicreas gramineum	2582557	species	Crocicreas gramineum	(Fr.) Fr.		
Crucibulum laeve	(Huds.) Kambly	LC	Fungi	Basidiomycota	Agaricomycetes	Agaricales	Nidulariaceae	Crucibulum	Crucibulum laeve	5243575	species	Crucibulum laeve	(Huds.) Kambly		
Crustoderma dryinum	(Berk. et Curt. in Berk.) Parm.	DD	Fungi	Basidiomycota	Agaricomycetes	Polyporales	Sparassidaceae	Crustoderma	Crustoderma dryinum	2543690	species	Crustoderma dryinum	(Berk. & M.A.Curtis) Parmasto		
Crustomyces subabruptus	(Bourdot et Galzin) Juelich	DD	Fungi	Basidiomycota	Agaricomycetes	Agaricales	Cystostereaceae	Crustomyces	Crustomyces subabruptus	8298023	species	Crustomyces subabruptus	(Bourdot & Galzin) Jülich		
Cryphonectria parasitica	(Murrill) M.E. Barr	LC	Fungi	Ascomycota	Sordariomycetes	Diaporthales	Cryphonectriaceae	Cryphonectria	Cryphonectria parasitica	2566393	species	Cryphonectria parasitica	(Murrill) M.E.Barr		
Cryptodiscus pallidus	(Pers.) Corda	DD	Fungi	Ascomycota	Lecanoromycetes	Ostropales	Stictidaceae	Cryptodiscus	Cryptodiscus pallidus	5476651	species	Cryptodiscus pallidus	(Pers.) Corda		
Cryptodiscus rhopaloides	Sacc.	DD	Fungi	Ascomycota	Lecanoromycetes	Ostropales	Stictidaceae	Karstenia	Karstenia rhopaloides	7643661	species	Karstenia rhopaloides	(Sacc.) Baral		
Cryptomarasmius minutus	(Peck) T.S. Jenkinson & Desjardin	VU	Fungi	Basidiomycota	Agaricomycetes	Agaricales	Physalacriaceae	Cryptomarasmius	Cryptomarasmius minutus	8246276	species	Cryptomarasmius minutus	(Peck) T.S.Jenkinson & Desjardin		
Cudonia circinans	(Pers.: Fr.) Fr.	LC	Fungi	Ascomycota	Leotiomycetes	Rhytismatales	Cudoniaceae	Cudonia	Cudonia circinans	8907562	species	Cudonia circinans	(Pers.) Fr.		
Cudoniella acicularis	(Bull.: Fr.) J. Schroet.	LC	Fungi	Ascomycota	Leotiomycetes	Helotiales	Tricladiaceae	Cudoniella	Cudoniella acicularis	2582073	species	Cudoniella acicularis	(Bull.) J.Schröt.		
Cudoniella clavus	(Alb. et Schwein.: Fr.) Dennis	VU	Fungi	Ascomycota	Leotiomycetes	Helotiales	Tricladiaceae	Cudoniella	Cudoniella clavus	3487016	species	Cudoniella clavus	(Alb. & Schwein.) Dennis		
Cudoniella tenuispora	(Cooke et Massee) Dennis	LC	Fungi	Ascomycota	Leotiomycetes	Helotiales	Tricladiaceae	Cudoniella	Cudoniella tenuispora	2582081	species	Cudoniella tenuispora	(Cooke & Massee) Dennis		
Cunninghammyces umbonatus	(G. Cunn.) Stalpers	DD	Fungi	Basidiomycota	Agaricomycetes	Agaricales	Cyphellaceae	Cunninghammyces	Cunninghammyces umbonatus	2532906	species	Cunninghammyces umbonatus	(G.Cunn.) Stalpers		
Cuphophyllus colemannianus	(A. Bloxam) Bon	LC	Fungi	Basidiomycota	Agaricomycetes	Agaricales	Hygrophoraceae	Cuphophyllus	Cuphophyllus colemannianus	2538689	species	Cuphophyllus colemannianus	(A.Bloxam) Bon		
Cuphophyllus flavipes	(Britzelm.) Bon	VU	Fungi	Basidiomycota	Agaricomycetes	Agaricales	Hygrophoraceae	Cuphophyllus	Cuphophyllus flavipes	2538579	species	Cuphophyllus flavipes	(Britzelm.) Bon		
Cuphophyllus lacmus	(Schumach.) Bon	VU	Fungi	Basidiomycota	Agaricomycetes	Agaricales	Hygrophoraceae	Cuphophyllus	Cuphophyllus lacmus	2538616	species	Cuphophyllus lacmus	(Schumach.) Bon		
Cuphophyllus pratensis	(Fr.) Bon	LC	Fungi	Basidiomycota	Agaricomycetes	Agaricales	Hygrophoraceae	Cuphophyllus	Cuphophyllus pratensis	3291564	species	Cuphophyllus pratensis	(Pers.) Bon		
Cuphophyllus russocoriaceus	(Berk. & T.K. Mill.) Bon	VU	Fungi	Basidiomycota	Agaricomycetes	Agaricales	Hygrophoraceae	Cuphophyllus	Cuphophyllus russocoriaceus	2538571	species	Cuphophyllus russocoriaceus	(Berk. & T.K.Mill.) Bon		
Cuphophyllus virgineus	(Wulfen) Kovalenko	LC	Fungi	Basidiomycota	Agaricomycetes	Agaricales	Hygrophoraceae	Cuphophyllus	Cuphophyllus virgineus	3345381	species	Cuphophyllus virgineus	(Wulfen) Kovalenko		
Cyanoboletus pulverulentus	(Opat.) Gelardi, Vizzini & Simonini	LC	Fungi	Basidiomycota	Agaricomycetes	Boletales	Boletaceae	Cyanoboletus	Cyanoboletus pulverulentus	8140531	species	Cyanoboletus pulverulentus	(Opat.) Gelardi, Vizzini & Simonini		
Cyathicula cacaliae	(Pers.: Fr.) Dennis	DD	Fungi	Ascomycota	Leotiomycetes	Helotiales	Helotiaceae	Cyathicula	Cyathicula cyathoidea	3487763	species	Cyathicula cyathoidea	(Bull.) Thüm.		
Cyathicula coronata	(Bull. ex Merat) De Not in P.Karsten	LC	Fungi	Ascomycota	Leotiomycetes	Helotiales	Helotiaceae	Cyathicula	Cyathicula coronata	7773940	species	Cyathicula coronata	(Bull. ex Mérat) De Not.		
Cyathicula culmicola	(Desm.) Carp.	DD	Fungi	Ascomycota	Leotiomycetes	Helotiales	Helotiaceae	Cyathicula	Cyathicula culmicola	7987732	species	Cyathicula culmicola	(Desm.) De Not.		author_mismatch
Cyathicula cyathoidea	(Bull.: Fr.) Thuem.	LC	Fungi	Ascomycota	Leotiomycetes	Helotiales	Helotiaceae	Cyathicula	Cyathicula cyathoidea	3487763	species	Cyathicula cyathoidea	(Bull.) Thüm.		
Cyathicula dolosella	(P.Karsten) Dennis	DD	Fungi	Ascomycota	Leotiomycetes	Helotiales	Helotiaceae	Cyathicula	Cyathicula dolosella	2582578	species	Cyathicula dolosella	(P.Karst.) Dennis		
Cyathicula pteridicola	(P. Crouan et H. Crouan) Dennis	DD	Fungi	Ascomycota	Leotiomycetes	Helotiales	Helotiaceae	Cyathicula	Cyathicula cyathoidea	3487763	species	Cyathicula cyathoidea	(Bull.) Thüm.		
Cyathicula spicarum	(Rehm) E. Muell.	DD	Fungi	Ascomycota	Leotiomycetes	Helotiales	Helotiaceae	Crocicreas	Crocicreas spicarum	2582525	species	Crocicreas spicarum	(Rehm) S.E.Carp.		
Cyathicula starbaeckii	(Rehm) S.E. Carp.	DD	Fungi	Ascomycota	Leotiomycetes	Helotiales	Helotiaceae	Cyathicula	Cyathicula starbaeckii	12054815	species	Cyathicula starbaeckii	(Rehm) Hengstm.		
Cyathicula straminea	(Berk. et Broome) E. Muell.	DD	Fungi	Ascomycota	Leotiomycetes	Helotiales	Helotiaceae	Crocicreas	Crocicreas stramineum	2582544	species	Crocicreas stramineum	(Berk. & Broome) S.E.Carp.		
Cyathus olla	(Batsch) ex Pers.	LC	Fungi	Basidiomycota	Agaricomycetes	Agaricales	Agaricaceae	Cyathus	Cyathus olla	5243125	species	Cyathus olla	(Batsch) Pers.		
Cyathus stercoreus	(Schwein.) de Toni	LC	Fungi	Basidiomycota	Agaricomycetes	Agaricales	Agaricaceae	Cyathus	Cyathus stercoreus	5243140	species	Cyathus stercoreus	(Schwein.) De Toni		
Cyathus striatus	(Huds.) Willd.:Fr.	LC	Fungi	Basidiomycota	Agaricomycetes	Agaricales	Agaricaceae	Cyathus	Cyathus striatus	5243151	species	Cyathus striatus	Willd.		
Cyclaneusma minus	(Butin) DiCosmo, Peredo et Mint	DD	Fungi	Ascomycota	Leotiomycetes	Chaetomellales	Marthamycetaceae	Cyclaneusma	Cyclaneusma minus	7426017	species	Cyclaneusma minus	(Butin) DiCosmo, Peredo & Minter		
Cylindrobasidium laeve	(Pers.: Fr.) Chamuris	LC	Fungi	Basidiomycota	Agaricomycetes	Agaricales	Physalacriaceae	Cylindrobasidium	Cylindrobasidium laeve	2537020	species	Cylindrobasidium laeve	(Pers.) Chamuris		
Cyphella digitalis	(Alb. et Schwein.: Fr.) Fr.	VU	Fungi	Basidiomycota	Agaricomycetes	Agaricales	Cyphellaceae	Cyphella	Cyphella digitalis	2532923	species	Cyphella digitalis	(Alb. & Schwein.) Fr.		
Cyphella nivea	Quel.	DD	Fungi	Basidiomycota	Agaricomycetes	Agaricales	Niaceae	Flagelloscypha	Flagelloscypha punctiformis	2530362	species	Flagelloscypha punctiformis	(Fr.) Agerer		
Cystinarius crassus	(Fr.) Niskanen & Liimat.	EN	Fungi	Basidiomycota	Agaricomycetes	Agaricales	Cortinariaceae	Cystinarius	Cystinarius crassus	11976833	species	Cystinarius crassus	(Fr.) Niskanen & Liimat.		
Cystinarius rubicundulus	(Rea) Niskanen & Liimat.	LC	Fungi	Basidiomycota	Agaricomycetes	Agaricales	Cortinariaceae	Cystinarius	Cystinarius rubicundulus	12155070	species	Cystinarius rubicundulus	(Rea) Niskanen & Liimat.		
Cystoagaricus sylvestris	(Gillet) Örstadius & E. Larss.	NT	Fungi	Basidiomycota	Agaricomycetes	Agaricales	Psathyrellaceae	Cystoagaricus	Cystoagaricus sylvestris	7687879	species	Cystoagaricus sylvestris	(Gillet) Örstadius & E.Larss.		
Cystoderma amianthinum	(Scop.) Fayod	LC	Fungi	Basidiomycota	Agaricomycetes	Agaricales	Tricholomataceae	Cystoderma	Cystoderma amianthinum	5243525	species	Cystoderma amianthinum	(Scop.) Fayod		
Cystoderma carcharias	(Pers.) Fayod	LC	Fungi	Basidiomycota	Agaricomycetes	Agaricales	Tricholomataceae	Cystoderma	Cystoderma carcharias	5243533	species	Cystoderma carcharias	(Pers.) Fayod		
Cystoderma carpaticum	M.M. Moser	DD	Fungi	Basidiomycota	Agaricomycetes	Agaricales	Agaricaceae	Lepiota	Lepiota carpatica	3340180	species	Lepiota carpatica	(M.M.Moser) M.M.Moser		
Cystoderma fallax	A.H. Sm. et Singer	LC	Fungi	Basidiomycota	Agaricomycetes	Agaricales	Tricholomataceae	Cystoderma	Cystoderma fallax	5243524	species	Cystoderma fallax	A.H.Sm. & Singer		
Cystoderma jasonis	(Cooke et Massee) Harmaja	LC	Fungi	Basidiomycota	Agaricomycetes	Agaricales	Tricholomataceae	Cystoderma	Cystoderma jasonis	5243527	species	Cystoderma jasonis	(Cooke & Massee) Harmaja		
Cystoderma simulatum	P.D. Orton	LC	Fungi	Basidiomycota	Agaricomycetes	Agaricales	Tricholomataceae	Cystoderma	Cystoderma simulatum	5243523	species	Cystoderma simulatum	P.D.Orton		
Cystoderma subvinaceum	A.H. Sm.	DD	Fungi	Basidiomycota	Agaricomycetes	Agaricales	Tricholomataceae	Cystoderma	Cystoderma subvinaceum	5459016	species	Cystoderma subvinaceum	A.H.Sm.		
Cystoderma superbum	Huijsman	VU	Fungi	Basidiomycota	Agaricomycetes	Agaricales	Tricholomataceae	Cystoderma	Cystoderma superbum	5243521	species	Cystoderma superbum	Huijsman		
Cystodermella ambrosii	(Bres.) Harmaja	DD	Fungi	Basidiomycota	Agaricomycetes	Agaricales	Agaricaceae	Cystodermella	Cystodermella ambrosii	2535172	species	Cystodermella ambrosii	(Bres.) Harmaja		
Cystodermella cinnabarina	(Alb. & Schwein.) Harmaja	VU	Fungi	Basidiomycota	Agaricomycetes	Agaricales	Agaricaceae	Cystodermella	Cystodermella cinnabarina	2535150	species	Cystodermella cinnabarina	(Alb. & Schwein.) Harmaja		
Cystodermella granulosa	(Batsch) Harmaja	LC	Fungi	Basidiomycota	Agaricomycetes	Agaricales	Agaricaceae	Cystodermella	Cystodermella granulosa	2535164	species	Cystodermella granulosa	(Batsch) Harmaja		
Cystodermella myriadocystis	(Heinem. & Thoen) Harmaja	DD	Fungi	Basidiomycota	Agaricomycetes	Agaricales	Agaricaceae	Cystodermella	Cystodermella myriadocystis	2535162	species	Cystodermella myriadocystis	(Heinem. & Thoen) Harmaja		
Cystolepiota bucknallii	(Berk. et Broome) Singer et Clemencon	LC	Fungi	Basidiomycota	Agaricomycetes	Agaricales	Agaricaceae	Cystolepiota	Cystolepiota bucknallii	2535704	species	Cystolepiota bucknallii	(Berk. & Broome) Singer & Clémençon		
Cystolepiota cystidiosa	(Smith) Bon	DD	Fungi	Basidiomycota	Agaricomycetes	Agaricales	Agaricaceae	Cystolepiota	Cystolepiota fumosifolia	2535711	species	Cystolepiota fumosifolia	(Murrill) Vellinga		
Cystolepiota hetieri	(Boud.) Singer	LC	Fungi	Basidiomycota	Agaricomycetes	Agaricales	Agaricaceae	Cystolepiota	Cystolepiota hetieri	2535723	species	Cystolepiota hetieri	(Boud.) Singer		
Cystolepiota moelleri	Knudsen	EN	Fungi	Basidiomycota	Agaricomycetes	Agaricales	Agaricaceae	Cystolepiota	Cystolepiota moelleri	2535719	species	Cystolepiota moelleri	Knudsen		
Cystolepiota pulverulenta	(Huijsman) Vellinga	EN	Fungi	Basidiomycota	Agaricomycetes	Agaricales	Agaricaceae	Cystolepiota	Cystolepiota pulverulenta	2535734	species	Cystolepiota pulverulenta	(Huijsman) Vellinga		
Cystolepiota seminuda	(Lasch) Bon	LC	Fungi	Basidiomycota	Agaricomycetes	Agaricales	Agaricaceae	Cystolepiota	Cystolepiota seminuda	2535689	species	Cystolepiota seminuda	(Lasch) Bon		
Cystolepiota sororia	(Hujisman) Singer	DD	Fungi	Basidiomycota	Agaricomycetes	Agaricales	Agaricaceae	Cystolepiota	Cystolepiota seminuda	2535689	species	Cystolepiota seminuda	(Lasch) Bon		
Cystolepiota subadulterina	Bon	DD	Fungi	Basidiomycota	Agaricomycetes	Agaricales	Agaricaceae	Cystolepiota	Cystolepiota subadulterina	3334172	species	Cystolepiota subadulterina	Bon		
Cystostereum murrayi	(Berk. et M.A. Curtis) Pouzar	DD	Fungi	Basidiomycota	Agaricomycetes	Agaricales	Cystostereaceae	Cystostereum	Cystostereum murrayi	2550260	species	Cystostereum murrayi	(Berk. & M.A.Curtis) Pouzar		
Cytidia salicina	(Fr.) Burt	LC	Fungi	Basidiomycota	Agaricomycetes	Corticiales	Vuilleminiaceae	Cytidia	Cytidia salicina	2555844	species	Cytidia salicina	(Fr.) Burt		
Dacrymyces capitatus	Schwein.	LC	Fungi	Basidiomycota	Dacrymycetes	Dacrymycetales	Dacrymycetaceae	Dacrymyces	Dacrymyces capitatus	2512907	species	Dacrymyces capitatus	Schwein.		
Dacrymyces chrysospermus	Berk. et M.A. Curtis	DD	Fungi	Basidiomycota	Dacrymycetes	Dacrymycetales	Dacrymycetaceae	Dacrymyces	Dacrymyces chrysospermus	2512921	species	Dacrymyces chrysospermus	Berk. & M.A.Curtis		
Dacrymyces confluens	P. Karst.	DD	Fungi	Basidiomycota	Dacrymycetes	Dacrymycetales	Dacrymycetaceae	Dacrymyces	Dacrymyces confluens	3371820	species	Dacrymyces confluens	P.Karst.		
Dacrymyces corticioides	Ellis et Everh.	DD	Fungi	Basidiomycota	Dacrymycetes	Dacrymycetales	Dacrymycetaceae	Dacrymyces	Dacrymyces corticioides	7245075	species	Dacrymyces corticioides	Ellis & Everh.		
Dacrymyces enatus	(Berk. et M.A. Curtis) Massee	DD	Fungi	Basidiomycota	Dacrymycetes	Dacrymycetales	Cerinomycetaceae	Cerinomyces	Cerinomyces enatus	11933432	species	Cerinomyces enatus	(Berk. & M.A.Curtis) A.Savchenko		
Dacrymyces lacrymalis	(Pers.) Sommerf.	DD	Fungi	Basidiomycota	Dacrymycetes	Dacrymycetales	Dacrymycetaceae	Dacrymyces	Dacrymyces lacrymalis	7934480	species	Dacrymyces lacrymalis	(Pers.) Nees		
Dacrymyces minor	Peck	NT	Fungi	Basidiomycota	Dacrymycetes	Dacrymycetales	Dacrymycetaceae	Dacrymyces	Dacrymyces minor	2512899	species	Dacrymyces minor	Peck		
Dacrymyces stillatus	Nees: Fr.	LC	Fungi	Basidiomycota	Dacrymycetes	Dacrymycetales	Dacrymycetaceae	Dacrymyces	Dacrymyces stillatus	11346673	species	Dacrymyces stillatus	Fr.		
Dacrymyces tortus	(Willd.: Fr.) Fr.	DD	Fungi	Basidiomycota	Dacrymycetes	Dacrymycetales	Cerinomycetaceae	Cerinomyces	Cerinomyces tortus	12053263	species	Cerinomyces tortus	(Willd.) Miettinen, J.C.Zamora & A.Savchenko		
Dacrymyces variisporus	McNabb	LC	Fungi	Basidiomycota	Dacrymycetes	Dacrymycetales	Dacrymycetaceae	Dacrymyces	Dacrymyces variisporus	2512936	species	Dacrymyces variisporus	McNabb		
Dacryobolus sudans	(Alb. et Schwein.: Fr.) Fr.	VU	Fungi	Basidiomycota	Agaricomycetes	Polyporales	Dacryobolaceae	Dacryobolus	Dacryobolus sudans	2542703	species	Dacryobolus sudans	(Alb. & Schwein.) Fr.		
Dactylospora stygia	(Berk. et M.A. Curtis) Hafellner	DD	Fungi	Ascomycota	Eurotiomycetes	Sclerococcales	Sclerococcaceae	Sclerococcum	Sclerococcum stygium	10725608	species	Sclerococcum stygium	(Berk. & M.A.Curtis) Olariaga, Teres, J.M.Martín, M.Prieto & Baral		
Daedalea quercina	(L.: Fr.) Pers.	LC	Fungi	Basidiomycota	Agaricomycetes	Polyporales	Fomitopsidaceae	Daedalea	Daedalea quercina	8879395	species	Daedalea quercina	(L.) Pers.		
Daedaleopsis confragosa	(Bolton: Fr.) J. Schroet.	LC	Fungi	Basidiomycota	Agaricomycetes	Polyporales	Polyporaceae	Daedaleopsis	Daedaleopsis confragosa	2545670	species	Daedaleopsis confragosa	(Bolton) J.Schröt.		
Daedaleopsis tricolor	(Bull.) Bondartsev et Singer	LC	Fungi	Basidiomycota	Agaricomycetes	Polyporales	Polyporaceae	Daedaleopsis	Daedaleopsis tricolor	8698842	species	Daedaleopsis tricolor	(Bull.) Bondartsev & Singer		
Daldinia concentrica	(Bolt.:Fr.) Ces. et De Not.	LC	Fungi	Ascomycota	Sordariomycetes	Xylariales	Hypoxylaceae	Daldinia	Daldinia concentrica	2576893	species	Daldinia concentrica	(Bolton) Ces. & De Not.		
Daldinia occidentalis	Child	EN	Fungi	Ascomycota	Sordariomycetes	Xylariales	Hypoxylaceae	Daldinia	Daldinia occidentalis	2576929	species	Daldinia occidentalis	Child		
Daldinia petriniae	Ju, Rogers et Martin	DD	Fungi	Ascomycota	Sordariomycetes	Xylariales	Hypoxylaceae	Daldinia	Daldinia petriniae	2576955	species	Daldinia petriniae	Y.M.Ju, J.D.Rogers & F.San Martín		
Daldinia vernicosa	(Schwein.) De Not.	DD	Fungi	Ascomycota	Sordariomycetes	Xylariales	Hypoxylaceae	Daldinia	Daldinia vernicosa	2576956	species	Daldinia vernicosa	Ces. & De Not.		
Daleomyces petersii	(Berk.) Van Vooren	LC	Fungi	Ascomycota	Pezizomycetes	Pezizales	Pezizaceae	Daleomyces	Daleomyces petersii	12196556	species	Daleomyces petersii	(Berk.) Van Vooren		
Dasyscyphella acutipilosa	Baral et E. Weber in Weber	DD	Fungi	Ascomycota	Leotiomycetes	Helotiales	Lachnaceae	Albotricha	Albotricha acutipila	2586652	species	Albotricha acutipila	(P.Karst.) Raitv.		
Dasyscyphella albocitrina	(Cooke) Baral	DD	Fungi	Ascomycota	Leotiomycetes	Helotiales	Lachnaceae	Dasyscyphella	Dasyscyphella albocitrina	3488424	species	Dasyscyphella albocitrina	(Cooke) Baral		
Dasyscyphella crystallina	(Fuckel) Raitv.	DD	Fungi	Ascomycota	Leotiomycetes	Helotiales	Lachnaceae	Lachnum	Lachnum crystallinum	2586211	species	Lachnum crystallinum	(Fuckel) Rehm		
Dasyscyphella mughonicola	(Svrcek) Raitv. et Arendh.	DD	Fungi	Ascomycota	Leotiomycetes	Helotiales	Lachnaceae	Dasyscyphella	Dasyscyphella mughonicola	2585601	species	Dasyscyphella mughonicola	(Svrček) Raitv. & Arendh.		
Dasyscyphella nivea	(Hedw.:Fr.) Raitv.	LC	Fungi	Ascomycota	Leotiomycetes	Helotiales	Lachnaceae	Dasyscyphella	Dasyscyphella nivea	9190626	species	Dasyscyphella nivea	(R.Hedw.) Raitv.		
Dasyscyphella pulverulenta	(Lib.) Baral	DD	Fungi	Ascomycota	Leotiomycetes	Helotiales	Lachnaceae	Lachnellula	Lachnellula pulverulenta	5895375	species	Lachnellula pulverulenta	(Lib.) Sasagawa & Hosoya		
Dasyscyphus latebricola	(Rehm) Raitv.	LC	Fungi	Ascomycota	Leotiomycetes	Helotiales	Lachnaceae	Lachnum	Lachnum latebricola	2586681	species	Lachnum latebricola	(Rehm) R.Galán & Raitv.		
Datronia mollis	(Sommerf.:Fr.) Donk	LC	Fungi	Basidiomycota	Agaricomycetes	Polyporales	Polyporaceae	Podofomes	Podofomes mollis	12210015	species	Podofomes mollis	(Sommerf.) Gorjón		
Datronia stereoides	(Fr.: Fr.) Ryvarden	LC	Fungi	Basidiomycota	Agaricomycetes	Polyporales	Polyporaceae	Podofomes	Podofomes stereoides	12251355	species	Podofomes stereoides	(Fr.) Gorjón		
Deconica chionophila	(Lamoure) Noordel.	LC	Fungi	Basidiomycota	Agaricomycetes	Agaricales	Strophariaceae	Deconica	Deconica chionophila	5955305	species	Deconica chionophila	(Lamoure) Noordel.		
Deconica coprophila	(Bull.) P. Karst.	VU	Fungi	Basidiomycota	Agaricomycetes	Agaricales	Strophariaceae	Deconica	Deconica coprophila	7989053	species	Deconica coprophila	(Bull.) P.Karst.		
Deconica crobula	(Fr.) Romagn.	LC	Fungi	Basidiomycota	Agaricomycetes	Agaricales	Strophariaceae	Deconica	Deconica crobula	3341769	species	Deconica crobula	(Fr.) Romagn.		
Deconica horizontalis	(Bull.) Noordel.	DD	Fungi	Basidiomycota	Agaricomycetes	Agaricales	Strophariaceae	Deconica	Deconica horizontalis	5955288	species	Deconica horizontalis	(Bull.) Noordel.		
Deconica inquilina	(Fr.) Pat. ex Romagn.	NT	Fungi	Basidiomycota	Agaricomycetes	Agaricales	Strophariaceae	Deconica	Deconica inquilina	2533595	species	Deconica inquilina	(Fr.) Pat. ex Romagn.		
Deconica merdaria	(Fr.) Noordel.	LC	Fungi	Basidiomycota	Agaricomycetes	Agaricales	Strophariaceae	Deconica	Deconica merdaria	5955301	species	Deconica merdaria	(Fr.) Noordel.		
Deconica montana	(Pers.) P.D. Orton	LC	Fungi	Basidiomycota	Agaricomycetes	Agaricales	Strophariaceae	Deconica	Deconica montana	2533554	species	Deconica montana	(Pers.) P.D.Orton		
Deconica phillipsii	(Berk. & Broome) Noordel.	VU	Fungi	Basidiomycota	Agaricomycetes	Agaricales	Strophariaceae	Deconica	Deconica phillipsii	7914506	species	Deconica phillipsii	(Berk. & Broome) Noordel.		
Deconica phyllogena	(Sacc.) Noordel.	LC	Fungi	Basidiomycota	Agaricomycetes	Agaricales	Strophariaceae	Deconica	Deconica phyllogena	5955303	species	Deconica phyllogena	(Sacc.) Noordel.		
Deconica pratensis	(P.D. Orton) Noordel.	DD	Fungi	Basidiomycota	Agaricomycetes	Agaricales	Strophariaceae	Deconica	Deconica pratensis	3560688	species	Deconica pratensis	(P.D.Orton) Noordel.		
Deconica subcoprophila	(Britzelm.) E. Horak	DD	Fungi	Basidiomycota	Agaricomycetes	Agaricales	Hymenogastraceae	Psilocybe	Psilocybe subcoprophila	5242501	species	Psilocybe subcoprophila	(Britzelm.) Sacc.		
Deconica velifera	(J. Favre) Noordel.	CR	Fungi	Basidiomycota	Agaricomycetes	Agaricales	Strophariaceae	Deconica	Deconica velifera	5955307	species	Deconica velifera	(J.Favre) Noordel.		
Deconica xeroderma	(Huijsman) Noordel.	LC	Fungi	Basidiomycota	Agaricomycetes	Agaricales	Strophariaceae	Deconica	Deconica xeroderma	8189658	species	Deconica xeroderma	(Huijsman) Noordel.		
Delicatula integrella	(Pers.: Fr.) Fayod	LC	Fungi	Basidiomycota	Agaricomycetes	Agaricales	Tricholomataceae	Delicatula	Delicatula integrella	2531735	species	Delicatula integrella	(Pers.) Fayod		
Dematioscypha dematiicola	(Berk. et Broome) Svrcek	DD	Fungi	Ascomycota	Leotiomycetes	Helotiales	Hyaloscyphaceae	Dematioscypha	Dematioscypha dematiicola	2585698	species	Dematioscypha dematiicola	(Berk. & Broome) Svrček		
Dencoeliopsis johnstonii	(Berk.) Korf	DD	Fungi	Ascomycota	Leotiomycetes	Helotiales	Rutstroemiaceae	Dencoeliopsis	Dencoeliopsis johnstonii	2581851	species	Dencoeliopsis johnstonii	(Berk.) Korf		
Dendrocollybia racemosa	(Pers.) R.H. Petersen & Redhead	LC	Fungi	Basidiomycota	Agaricomycetes	Agaricales	Tricholomataceae	Dendrocollybia	Dendrocollybia racemosa	2532033	species	Dendrocollybia racemosa	(Pers.) R.H.Petersen & Redhead		
Dendropolyporus umbellatus	(Pers.:Fr.) Juelich	LC	Fungi	Basidiomycota	Agaricomycetes	Polyporales	Polyporaceae	Polyporus	Polyporus umbellatus	5246840	species	Polyporus umbellatus	(Pers.) Fr.		
Dendrothele acerina	(Pers.: Fr.) P.A. Lemke	NT	Fungi	Basidiomycota	Agaricomycetes	Agaricales		Dendrothele	Dendrothele acerina	2555586	species	Dendrothele acerina	(Pers.) P.A.Lemke		
Dendrothele alliacea	(Quel.) P.A. Lemke	LC	Fungi	Basidiomycota	Agaricomycetes	Agaricales		Dendrothele	Dendrothele alliacea	2555560	species	Dendrothele alliacea	(Quél.) P.A.Lemke		
Dendrothele commixta	(Hoehn. et Litsch.) J. Erikss. et Ryvarden	DD	Fungi	Basidiomycota	Agaricomycetes	Agaricales		Dendrothele	Dendrothele commixta	2555577	species	Dendrothele commixta	(Höhn. & Litsch.) J.Erikss. & Ryvarden		
Dennisiodiscus sedi	(E. Muell.) Svrcek	DD	Fungi	Ascomycota	Leotiomycetes	Helotiales	Ploettnerulaceae	Dennisiodiscus	Dennisiodiscus sedi	3491231	species	Dennisiodiscus sedi	(E.Müll.) Svrček		
Dentipellis fragilis	(Pers.: Fr.) Donk	EN	Fungi	Basidiomycota	Agaricomycetes	Russulales	Hericiaceae	Dentipellis	Dentipellis fragilis	9066731	species	Dentipellis fragilis	(Pers.) Donk		
Dermea cerasi	(Pers.: Fr.) Fr.	DD	Fungi	Ascomycota	Leotiomycetes	Helotiales	Dermateaceae	Dermea	Dermea cerasi	2580700	species	Dermea cerasi	(Pers.) Fr.		
Dermea padi	(Alb. et Schwein.) Fr.	DD	Fungi	Ascomycota	Leotiomycetes	Helotiales	Dermateaceae	Dermea	Dermea padi	2580714	species	Dermea padi	(Alb. & Schwein.) Fr.		
Dermoloma cuneifolium	(Fr.: Fr.) Bon	VU	Fungi	Basidiomycota	Agaricomycetes	Agaricales	Tricholomataceae	Dermoloma	Dermoloma cuneifolium	2531882	species	Dermoloma cuneifolium	(Fr.) Singer ex Bon		
Dermoloma pseudocuneifolium	Herink ex Bon	EN	Fungi	Basidiomycota	Agaricomycetes	Agaricales	Tricholomataceae	Dermoloma	Dermoloma pseudocuneifolium	7852661	species	Dermoloma pseudocuneifolium	Herink ex Bon		
Desmazierella acicola	Lib.	DD	Fungi	Ascomycota	Pezizomycetes	Pezizales	Chorioactidaceae	Desmazierella	Desmazierella acicola	5259114	species	Desmazierella acicola	Lib.		
Deviodontia pilaecystidiata	(S. Lundell) Hjortstam & Ryvarden	DD	Fungi	Basidiomycota	Agaricomycetes	Hymenochaetales	Hymenochaetaceae	Deviodontia	Deviodontia pilaecystidiata	3283782	species	Deviodontia pilaecystidiata	(S.Lundell) Hjortstam & Ryvarden		
Diatrype bullata	(Hoffm.: Fr.) Tul.	LC	Fungi	Ascomycota	Sordariomycetes	Xylariales	Diatrypaceae	Diatrype	Diatrype bullata	2575284	species	Diatrype bullata	(Hoffm.) Fr.		
Diatrype disciformis	(Hoffm.: Fr.) Fr.	LC	Fungi	Ascomycota	Sordariomycetes	Xylariales	Diatrypaceae	Diatrype	Diatrype disciformis	2575263	species	Diatrype disciformis	(Hoffm.) Fr.		
Diatrype flavovirens	(Pers.:Fr.) Fr.	DD	Fungi	Ascomycota	Sordariomycetes	Xylariales	Diatrypaceae	Eutypa	Eutypa flavovirens	2575558	species	Eutypa flavovirens	(Pers.) Tul. & C.Tul.		
Diatrype spilomea	H.Syd.	DD	Fungi	Ascomycota	Sordariomycetes	Xylariales	Diatrypaceae	Diatrype	Diatrype spilomea	2575290	species	Diatrype spilomea	Syd.		
Diatrype stigma	(Hoffm.: Fr.) Fr.	LC	Fungi	Ascomycota	Sordariomycetes	Xylariales	Diatrypaceae	Diatrype	Diatrype stigma	2575291	species	Diatrype stigma	(Hoffm.) Fr.		
Diatrype undulata	(Pers.ex Fr.) Fr.	DD	Fungi	Ascomycota	Sordariomycetes	Xylariales	Diatrypaceae	Diatrype	Diatrype stigma	2575291	species	Diatrype stigma	(Hoffm.) Fr.		
Diatrypella circumvallata	(Nees) Fuckel	DD	Fungi	Ascomycota	Sordariomycetes	Xylariales	Diatrypaceae	Diatrypella	Diatrypella circumvallata	5486806	species	Diatrypella circumvallata	(Nees ex Fr.) Fuckel		
Diatrypella favacea	(Fr.) Sacc.	LC	Fungi	Ascomycota	Sordariomycetes	Xylariales	Diatrypaceae	Diatrypella	Diatrypella favacea	8782821	species	Diatrypella favacea	(Fr.) Ces. & De Not.		author_mismatch
Diatrypella quercina	(Pers.:Fr.) Cke.	LC	Fungi	Ascomycota	Sordariomycetes	Xylariales	Diatrypaceae	Diatrypella	Diatrypella quercina	9027329	species	Diatrypella quercina	(Pers.) Cooke		
Dibeloniella citrinella	(Rehm) E. Muell. et Defago	DD	Fungi	Ascomycota	Leotiomycetes	Helotiales	Mollisiaceae	Dibeloniella	Dibeloniella citrinella	2581164	species	Dibeloniella citrinella	(Rehm) E.Müll. & Défago		
Dichomitus campestris	(Quel.) Dom. et Orl.	VU	Fungi	Basidiomycota	Agaricomycetes	Polyporales	Polyporaceae	Szczepkamyces	Szczepkamyces campestris	10785926	species	Szczepkamyces campestris	(Quél.) Zmitr.		author_mismatch
Dichomitus squalens	(Karst.) Reid	DD	Fungi	Basidiomycota	Agaricomycetes	Polyporales	Polyporaceae	Dichomitus	Dichomitus squalens	2547329	species	Dichomitus squalens	(P.Karst.) D.A.Reid		
Diplocarpa bloxamii	(Berk. ex Phill.) Seaver	DD	Fungi	Ascomycota	Leotiomycetes	Helotiales	Cordieritidaceae	Diplocarpa	Diplocarpa bloxamii	2583894	species	Diplocarpa bloxamii	(Berk. ex W.Phillips) Seaver		
Diplocarpon polygoni	E. Muell.	DD	Fungi	Ascomycota	Leotiomycetes	Helotiales	Drepanopezizaceae	Diplocarpon	Diplocarpon polygoni	3490250	species	Diplocarpon polygoni	E.Müll.		
Diplomitoporus crustulinus	(Bres.) Domanski	DD	Fungi	Basidiomycota	Agaricomycetes	Polyporales	Polyporaceae	Diplomitoporus	Diplomitoporus crustulinus	2549083	species	Diplomitoporus crustulinus	(Bres.) Domański		
Diplomitoporus flavescens	(Bres.) Domanski	EN	Fungi	Basidiomycota	Agaricomycetes	Polyporales	Polyporaceae	Diplomitoporus	Diplomitoporus flavescens	2549065	species	Diplomitoporus flavescens	(Bres.) Domański		
Diplonaevia emergens	(Karst.) Hein	DD	Fungi	Ascomycota	Leotiomycetes	Helotiales	Calloriaceae	Diplonaevia	Diplonaevia emergens	2583600	species	Diplonaevia emergens	(P.Karst.) B.Hein		
Diplonaevia glacialis	(Rehm) Sacc.	DD	Fungi	Ascomycota	Leotiomycetes	Helotiales	Dermateaceae	Hysteropezizella	Hysteropezizella glacialis	3484839	species	Hysteropezizella glacialis	(Rehm) Nannf.		
Diplonaevia luzulina	(P. Karst.) B. Hein	DD	Fungi	Ascomycota	Leotiomycetes	Helotiales	Calloriaceae	Diplonaevia	Diplonaevia luzulina	2583941	species	Diplonaevia luzulina	(P.Karst.) B.Hein		
Diplonaevia trichophori	(Petr.) B. Hein	DD	Fungi	Ascomycota	Leotiomycetes	Helotiales	Calloriaceae	Diplonaevia	Diplonaevia trichophori	2583951	species	Diplonaevia trichophori	(Petr.) B.Hein		
Discina geogenius	(Rahm) Donadini	DD	Fungi	Ascomycota	Pezizomycetes	Pezizales	Discinaceae	Discina	Discina geogenia	5497544	species	Discina geogenia	Rahm ex Donadini		different_ending
Discinella badicolor	Boud.	DD	Fungi	Ascomycota	Leotiomycetes	Helotiales	Discinellaceae	Discinella	Discinella badicolor	5496664	species	Discinella badicolor	Boud.		
Discinella boudieri	(Quel.) Boud.	DD	Fungi	Ascomycota	Leotiomycetes	Helotiales	Discinellaceae	Discinella	Discinella boudieri	2581916	species	Discinella boudieri	(Quél.) Boud.		
Discinella lividopurpurea	Boud.	DD	Fungi	Ascomycota	Leotiomycetes	Helotiales	Discinellaceae	Discinella	Discinella lividopurpurea	5496658	species	Discinella lividopurpurea	Boud.		
Disciotis maturescens	Boud.	DD	Fungi	Ascomycota	Pezizomycetes	Pezizales	Morchellaceae	Disciotis	Disciotis maturescens	2594667	species	Disciotis maturescens	Boud.		
Disciotis venosa	(Pers.) Boud.	LC	Fungi	Ascomycota	Pezizomycetes	Pezizales	Morchellaceae	Disciotis	Disciotis venosa	9032566	species	Disciotis venosa	(Pers.) Arnould		
Disciseda bovista	(Klotzsch) P.Henn.	CR	Fungi	Basidiomycota	Agaricomycetes	Agaricales	Agaricaceae	Disciseda	Disciseda bovista	3332686	species	Disciseda bovista	(Klotzsch) Henn.		
Disciseda candida	(Schwein.) Lloyd	EN	Fungi	Basidiomycota	Agaricomycetes	Agaricales	Agaricaceae	Disciseda	Disciseda candida	2535664	species	Disciseda candida	(Schwein.) Lloyd		
Ditiola radicata	(Alb. et Schwein.: Fr.) Fr.	DD	Fungi	Basidiomycota	Dacrymycetes	Dacrymycetales	Dacrymycetaceae	Ditiola	Ditiola radicata	5236929	species	Ditiola radicata	(Alb. & Schwein.) Fr.		
Donkioporia expansa	(Desm.) Kotl.et Pouzar	DD	Fungi	Basidiomycota	Agaricomycetes	Polyporales	Polyporaceae	Donkioporia	Donkioporia expansa	2543372	species	Donkioporia expansa	(Desm.) Kotl. & Pouzar		
Drepanopeziza paradoxoides	(Rehm) Defago	DD	Fungi	Ascomycota	Leotiomycetes	Helotiales	Drepanopezizaceae	Drepanopeziza	Drepanopeziza paradoxoides	3490401	species	Drepanopeziza paradoxoides	(Rehm) Défago		
Dumontinia tuberosa	(Bull. ex Merat) Kohn	LC	Fungi	Ascomycota	Leotiomycetes	Helotiales	Sclerotiniaceae	Dumontinia	Dumontinia tuberosa	8691955	species	Dumontinia tuberosa	(Bull.) L.M.Kohn		
Duplicaria empetri	(Wrangel: Fr.) Fuckel	DD	Fungi	Ascomycota	Leotiomycetes	Rhytismatales	Rhytismataceae	Duplicaria	Duplicaria empetri	5255699	species	Duplicaria empetri	(Pers.) Fuckel		
Durandiella callunae	E. Muell. et Schlaepf.-Bernh.	DD	Fungi	Ascomycota	Leotiomycetes	Leotiales	Tympanidaceae	Durandiella	Durandiella callunae	3490564	species	Durandiella callunae	E.Müll. & Schläpf.-Bernh.		
Durandiella gallica	Morelet	LC	Fungi	Ascomycota	Leotiomycetes	Leotiales	Tympanidaceae	Durandiella	Durandiella gallica	2580953	species	Durandiella gallica	M.Morelet		
Durella macrospora	Fuckel	DD	Fungi	Ascomycota	Leotiomycetes	Helotiales	Helotiaceae	Durella	Durella macrospora	2581643	species	Durella macrospora	Fuckel		
Durella sanguinea	(Pers.) Nannf.	DD	Fungi	Ascomycota	Leotiomycetes	Helotiales	Helotiaceae	Patinellaria	Patinellaria sanguinea	2582504	species	Patinellaria sanguinea	(Pers.) P.Karst.		
Echinoderma asperum	(Pers.:Fr.) Bon	LC	Fungi	Basidiomycota	Agaricomycetes	Agaricales	Agaricaceae	Echinoderma	Echinoderma asperum	5243011	species	Echinoderma asperum	(Pers.) Bon		
Echinoderma calcicola	(Knudsen) Bon	LC	Fungi	Basidiomycota	Agaricomycetes	Agaricales	Agaricaceae	Echinoderma	Echinoderma calcicola	5243029	species	Echinoderma calcicola	(Knudsen) Bon		
Echinoderma carinii	(Bres.) Bon	LC	Fungi	Basidiomycota	Agaricomycetes	Agaricales	Agaricaceae	Echinoderma	Echinoderma carinii	5243012	species	Echinoderma carinii	(Bres.) Bon		
Echinoderma echinaceum	(J.E.Lange) Bon	VU	Fungi	Basidiomycota	Agaricomycetes	Agaricales	Agaricaceae	Echinoderma	Echinoderma echinaceum	6011136	species	Echinoderma echinaceum	(J.E.Lange) Bon		
Echinoderma hystrix	(F.H.Moeller et J.E.Lange) Bon	VU	Fungi	Basidiomycota	Agaricomycetes	Agaricales	Agaricaceae	Echinoderma	Echinoderma hystrix	8393053	species	Echinoderma hystrix	(F.H.Møller & J.E.Lange) Bon		
Echinoderma jacobi	(Vellinga et Knudsen) Gminder	LC	Fungi	Basidiomycota	Agaricomycetes	Agaricales	Agaricaceae	Echinoderma	Echinoderma jacobi	5243014	species	Echinoderma jacobi	(Vellinga & Knudsen) Gminder		
Echinoderma perplexum	(Knudsen) Bon	LC	Fungi	Basidiomycota	Agaricomycetes	Agaricales	Agaricaceae	Echinoderma	Echinoderma perplexum	5243019	species	Echinoderma perplexum	(Knudsen) Bon		
Echinoderma pseudoasperulum	(Knudsen) Bon	EN	Fungi	Basidiomycota	Agaricomycetes	Agaricales	Agaricaceae	Echinoderma	Echinoderma pseudoasperulum	5243013	species	Echinoderma pseudoasperulum	(Knudsen) Bon		
Eichleriella deglubens	(Berk. et Broome) D.A. Reid	LC	Fungi	Basidiomycota	Agaricomycetes	Auriculariales	Auriculariaceae	Heteroradulum	Heteroradulum deglubens	9688507	species	Heteroradulum deglubens	(Berk. & Broome) Spirin & Malysheva		
Elaiopezia polaripapulata	(J. Moravec) Van Vooren	DD	Fungi	Ascomycota	Pezizomycetes	Pezizales	Pezizaceae	Elaiopezia	Elaiopezia polaripapulata	12126849	species	Elaiopezia polaripapulata	(J.Moravec) Van Vooren		
Elaphomyces asperulus	Vittad.	LC	Fungi	Ascomycota	Eurotiomycetes	Eurotiales	Elaphomycetaceae	Elaphomyces	Elaphomyces asperulus	6019059	species	Elaphomyces asperulus	Vittad.		
Elaphomyces granulatus	Fr.	LC	Fungi	Ascomycota	Eurotiomycetes	Eurotiales	Elaphomycetaceae	Elaphomyces	Elaphomyces granulatus	2598370	species	Elaphomyces granulatus	Fr.		
Elaphomyces hassiacus	Hesse	DD	Fungi	Ascomycota	Eurotiomycetes	Eurotiales	Elaphomycetaceae	Elaphomyces	Elaphomyces granulatus	2598370	species	Elaphomyces granulatus	Fr.		
Elaphomyces maculatus	Vittad.	DD	Fungi	Ascomycota	Eurotiomycetes	Eurotiales	Elaphomycetaceae	Elaphomyces	Elaphomyces maculatus	3465247	species	Elaphomyces maculatus	Vittad.		
Elaphomyces muricatus	Fr.	LC	Fungi	Ascomycota	Eurotiomycetes	Eurotiales	Elaphomycetaceae	Elaphomyces	Elaphomyces muricatus	2598368	species	Elaphomyces muricatus	Fr.		
Elaphomyces persoonii	Vittad.	DD	Fungi	Ascomycota	Eurotiomycetes	Eurotiales	Elaphomycetaceae	Elaphomyces	Elaphomyces persoonii	7252226	species	Elaphomyces persoonii	Vittad.		
Elaphomyces reticulatus	Vittad.	DD	Fungi	Ascomycota	Eurotiomycetes	Eurotiales	Elaphomycetaceae	Elaphomyces	Elaphomyces muricatus	2598368	species	Elaphomyces muricatus	Fr.		
Elasmomyces mattiroloanus	Cav.	DD	Fungi	Basidiomycota	Agaricomycetes	Russulales	Russulaceae	Russula	Russula mattiroloana	10888465	species	Russula mattiroloana	(Cavara) T.Lebel		
Encoelia carpini	(Rehm) Kirschst.	DD	Fungi	Ascomycota	Leotiomycetes	Helotiales	Cenangiaceae	Encoelia	Encoelia carpini	5495685	species	Encoelia carpini	Boud.		author_mismatch
Encoelia furfuracea	(Roth:Pers.) Karst.	LC	Fungi	Ascomycota	Leotiomycetes	Helotiales	Cenangiaceae	Encoelia	Encoelia furfuracea	9020044	species	Encoelia furfuracea	(Roth) P.Karst.		
Encoeliopsis bresadolae	(Rehm) J.W. Groves	DD	Fungi	Ascomycota	Leotiomycetes	Helotiales	Helotiaceae	Encoeliopsis	Encoeliopsis bresadolae	5256339	species	Encoeliopsis bresadolae	(Rehm) J.W.Groves		
Encoeliopsis rhododendri	(Ces.) Nannf.	DD	Fungi	Ascomycota	Leotiomycetes	Helotiales	Helotiaceae	Encoeliopsis	Encoeliopsis rhododendri	8672790	species	Encoeliopsis rhododendri	(Ces.) Nannf.		
Entocybe nitida	(Quél.) T.J. Baroni, Largent & V. Hofst.	LC	Fungi	Basidiomycota	Agaricomycetes	Agaricales	Entolomataceae	Entocybe	Entocybe nitida	7846402	species	Entocybe nitida	(Quél.) T.J.Baroni, Largent & V.Hofst.		
Entocybe pseudoturbida	(Romagn.) T.J. Baroni, V. Hofst. & Largent	VU	Fungi	Basidiomycota	Agaricomycetes	Agaricales	Entolomataceae	Entocybe	Entocybe pseudoturbida	8110807	species	Entocybe pseudoturbida	(Romagn.) T.J.Baroni, V.Hofst. & Largent		
Entocybe turbida	(Fr.) T.J. Baroni, V. Hofst. & Largent	LC	Fungi	Basidiomycota	Agaricomycetes	Agaricales	Entolomataceae	Entocybe	Entocybe turbida	8344848	species	Entocybe turbida	(Fr.) T.J.Baroni, V.Hofst. & Largent		
Entocybe vinacea	(Scop.) T.J. Baroni, V. Hofst. & Largent	EN	Fungi	Basidiomycota	Agaricomycetes	Agaricales	Entolomataceae	Entocybe	Entocybe vinacea	8172611	species	Entocybe vinacea	(Scop.) T.J.Baroni, V.Hofst. & Largent		
Entoloma aethiops	(Scop.) Stevenson	DD	Fungi	Basidiomycota	Agaricomycetes	Agaricales	Entolomataceae	Entoloma	Entoloma aethiops	2539971	species	Entoloma aethiops	(Scop.) G.Stev.		
Entoloma alpicola	(J. Favre) Noordel.	VU	Fungi	Basidiomycota	Agaricomycetes	Agaricales	Entolomataceae	Entoloma	Entoloma alpicola	7244252	species	Entoloma alpicola	(J.Favre) Bon & Jamoni		
Entoloma ameides	(Berk. et Broome) Sacc.	LC	Fungi	Basidiomycota	Agaricomycetes	Agaricales	Entolomataceae	Entoloma	Entoloma ameides	2539756	species	Entoloma ameides	(Berk. & Broome) Sacc.		
Entoloma anatinum	(Lasch) Donk	DD	Fungi	Basidiomycota	Agaricomycetes	Agaricales	Entolomataceae	Entoloma	Entoloma anatinum	2539818	species	Entoloma anatinum	(Lasch) Donk		
Entoloma aprile	(Britzelm.) Sacc.	VU	Fungi	Basidiomycota	Agaricomycetes	Agaricales	Entolomataceae	Entoloma	Entoloma aprile	2539389	species	Entoloma aprile	(Britzelm.) Sacc.		
Entoloma araneosum	(Quel.) M.M. Moser	LC	Fungi	Basidiomycota	Agaricomycetes	Agaricales	Entolomataceae	Entoloma	Entoloma araneosum	2539719	species	Entoloma araneosum	(Quél.) M.M.Moser		
Entoloma asprellum	(Fr.: Fr.) Fayod	VU	Fungi	Basidiomycota	Agaricomycetes	Agaricales	Entolomataceae	Entoloma	Entoloma asprellum	2539669	species	Entoloma asprellum	(Fr.) Fayod		
Entoloma atrocoeruleum	Noordel.	VU	Fungi	Basidiomycota	Agaricomycetes	Agaricales	Entolomataceae	Entoloma	Entoloma atrocoeruleum	2539662	species	Entoloma atrocoeruleum	Noordel.		
Entoloma atromarginatum	(Romagn. et J. Favre) Zschieschang	DD	Fungi	Basidiomycota	Agaricomycetes	Agaricales	Entolomataceae	Entoloma	Entoloma atromarginatum	2539378	species	Entoloma atromarginatum	(Romagn. & J.Favre) Zschiesch.		
Entoloma atrosericeum	(Kuehner) Noordel.	VU	Fungi	Basidiomycota	Agaricomycetes	Agaricales	Entolomataceae	Entoloma	Entoloma atrosericeum	7244318	species	Entoloma atrosericeum	(Kühner) Noordel.		
Entoloma bloxamii	(Berk. et Broome) Sacc.	EN	Fungi	Basidiomycota	Agaricomycetes	Agaricales	Entolomataceae	Entoloma	Entoloma bloxamii	2539763	species	Entoloma bloxamii	(Berk. & Broome) Sacc.		
Entoloma byssisedum	(Pers.:Fr.) Donk	LC	Fungi	Basidiomycota	Agaricomycetes	Agaricales	Entolomataceae	Entoloma	Entoloma byssisedum	2539524	species	Entoloma byssisedum	(Pers.) Donk		
Entoloma caccabus	(Kuehner) Noordel.	EN	Fungi	Basidiomycota	Agaricomycetes	Agaricales	Entolomataceae	Entoloma	Entoloma caccabus	2539955	species	Entoloma caccabus	(Kühner) Noordel.		
Entoloma caeruleum	(P.D. Orton) Noordel.	DD	Fungi	Basidiomycota	Agaricomycetes	Agaricales	Entolomataceae	Entoloma	Entoloma caeruleum	2539398	species	Entoloma caeruleum	(P.D.Orton) Noordel.		
Entoloma caesiocinctum	(Kuehner) Noordel.	LC	Fungi	Basidiomycota	Agaricomycetes	Agaricales	Entolomataceae	Entoloma	Entoloma caesiocinctum	2539436	species	Entoloma caesiocinctum	(Kühner) Noordel.		
Entoloma caliginosus	(Romagn. et J. Favre) Bon et Courtec.	DD	Fungi	Basidiomycota	Agaricomycetes	Agaricales	Entolomataceae	Entoloma	Entoloma caliginosum	3346537	species	Entoloma caliginosum	(Romagn. & J.Favre) Bon & Courtec.		different_ending
Entoloma carneogriseum	(Berk. et Broome) Noordel.	EN	Fungi	Basidiomycota	Agaricomycetes	Agaricales	Entolomataceae	Entoloma	Entoloma carneogriseum	2539635	species	Entoloma carneogriseum	(Berk. & Broome) Noordel.		
Entoloma catalaunicum	(Singer) Noordel.	LC	Fungi	Basidiomycota	Agaricomycetes	Agaricales	Entolomataceae	Entoloma	Entoloma catalaunicum	2539507	species	Entoloma catalaunicum	(Singer) Noordel.		
Entoloma cephalotrichum	(P.D. Orton) Noordel.	DD	Fungi	Basidiomycota	Agaricomycetes	Agaricales	Entolomataceae	Entoloma	Entoloma cephalotrichum	2539587	species	Entoloma cephalotrichum	(P.D.Orton) Noordel.		
Entoloma cetratum	(Fr.) M.M. Moser	LC	Fungi	Basidiomycota	Agaricomycetes	Agaricales	Entolomataceae	Entoloma	Entoloma cetratum	2539557	species	Entoloma cetratum	(Fr.) M.M.Moser		
Entoloma chalybaeum	(Pers.ex Fr.) Noordel.	LC	Fungi	Basidiomycota	Agaricomycetes	Agaricales	Entolomataceae	Entoloma	Entoloma chalybaeum	7451115	species	Entoloma chalybaeum	(Fr.) Noordel.		
Entoloma chlorophyllum	Noordel.	DD	Fungi	Basidiomycota	Agaricomycetes	Agaricales	Entolomataceae	Entoloma	Entoloma chlorophyllum	2539896	species	Entoloma chlorophyllum	Noordel.		
Entoloma clandestinum	(Fr.) Noordeloos	EN	Fungi	Basidiomycota	Agaricomycetes	Agaricales	Entolomataceae	Entoloma	Entoloma clandestinum	2539857	species	Entoloma clandestinum	(Fr.) Noordel.		
Entoloma clypeatum	(L.) P. Kumm.	LC	Fungi	Basidiomycota	Agaricomycetes	Agaricales	Entolomataceae	Entoloma	Entoloma clypeatum	3345846	species	Entoloma clypeatum	(L.) P.Kumm.		
Entoloma cocles	(Fr.) Noordel.	DD	Fungi	Basidiomycota	Agaricomycetes	Agaricales	Entolomataceae	Entoloma	Entoloma cocles	2539928	species	Entoloma cocles	(Fr.) Noordel.		
Entoloma coelestinum	(Fr.) Hesler	DD	Fungi	Basidiomycota	Agaricomycetes	Agaricales	Entolomataceae	Entoloma	Entoloma coelestinum	2539950	species	Entoloma coelestinum	(Fr.) Hesler		
Entoloma coeruleum	(P.D. Orton) Noordel.	DD	Fungi	Basidiomycota	Agaricomycetes	Agaricales	Entolomataceae	Entoloma	Entoloma caeruleum	2539398	species	Entoloma caeruleum	(P.D.Orton) Noordel.		
Entoloma conferendum	(Britzelm.) Noordel.	LC	Fungi	Basidiomycota	Agaricomycetes	Agaricales	Entolomataceae	Entoloma	Entoloma conferendum	3346023	species	Entoloma conferendum	(Britzelm.) Noordel.		
Entoloma corvinum	(Kuehner) Noordel.	VU	Fungi	Basidiomycota	Agaricomycetes	Agaricales	Entolomataceae	Entoloma	Entoloma corvinum	2539545	species	Entoloma corvinum	(Kühner) Noordel.		
Entoloma costatum	(Fr.: Fr.) P. Kumm.	EN	Fungi	Basidiomycota	Agaricomycetes	Agaricales	Entolomataceae	Entoloma	Entoloma costatum	2539770	species	Entoloma costatum	(Fr.) P.Kumm.		
Entoloma cryptocystidiatum	Arnolds et Noordel.	DD	Fungi	Basidiomycota	Agaricomycetes	Agaricales	Entolomataceae	Entoloma	Entoloma cryptocystidiatum	3346407	species	Entoloma cryptocystidiatum	Arnolds & Noordel.		
Entoloma cuneatum	(Bres.) M.M. Moser	LC	Fungi	Basidiomycota	Agaricomycetes	Agaricales	Entolomataceae	Entoloma	Entoloma cuneatum	2539475	species	Entoloma cuneatum	(Bres.) M.M.Moser		
Entoloma cuspidiferum	(Kuehner et Romagn.) Noordel.	EN	Fungi	Basidiomycota	Agaricomycetes	Agaricales	Entolomataceae	Entoloma	Entoloma cuspidiferum	2539324	species	Entoloma cuspidiferum	Noordel.		
Entoloma cyanulum	(Lasch: Fr.) Noordel.	DD	Fungi	Basidiomycota	Agaricomycetes	Agaricales	Entolomataceae	Entoloma	Entoloma cyanulum	2539566	species	Entoloma cyanulum	(Lasch) Noordel.		
Entoloma defibulatum	Arnolds et Noordel.	DD	Fungi	Basidiomycota	Agaricomycetes	Agaricales	Entolomataceae	Entoloma	Entoloma defibulatum	3346754	species	Entoloma defibulatum	Arnolds & Noordel.		
Entoloma depluens	(Batsch: Fr.) Hesler	DD	Fungi	Basidiomycota	Agaricomycetes	Agaricales	Entolomataceae	Entoloma	Entoloma depluens	2539845	species	Entoloma depluens	(Batsch) Hesler		
Entoloma dichroum	(Pers.: Fr.) P. Kumm.	VU	Fungi	Basidiomycota	Agaricomycetes	Agaricales	Entolomataceae	Entoloma	Entoloma dichroum	2539470	species	Entoloma dichroum	(Pers.) P.Kumm.		
Entoloma dysthales	(Peck) Sacc.	LC	Fungi	Basidiomycota	Agaricomycetes	Agaricales	Entolomataceae	Entoloma	Entoloma dysthales	2539884	species	Entoloma dysthales	(Peck) Sacc.		
Entoloma dysthaloides	Noordel.	VU	Fungi	Basidiomycota	Agaricomycetes	Agaricales	Entolomataceae	Entoloma	Entoloma dysthaloides	2539404	species	Entoloma dysthaloides	Noordel.		
Entoloma elodes	(Fr.: Fr.) P. Kumm.	VU	Fungi	Basidiomycota	Agaricomycetes	Agaricales	Entolomataceae	Entoloma	Entoloma elodes	2539529	species	Entoloma elodes	(Fr.) P.Kumm.		
Entoloma engadinum	(E. Horak) Noordel.	DD	Fungi	Basidiomycota	Agaricomycetes	Agaricales	Entolomataceae	Entoloma	Entoloma engadinum	3346277	species	Entoloma engadinum	(E.Horak) Noordel.		
Entoloma euchroum	(Pers.:Fr.) Donk	LC	Fungi	Basidiomycota	Agaricomycetes	Agaricales	Entolomataceae	Entoloma	Entoloma euchroum	2539484	species	Entoloma euchroum	(Pers.) Donk		
Entoloma excentricum	Bres.	LC	Fungi	Basidiomycota	Agaricomycetes	Agaricales	Entolomataceae	Entoloma	Entoloma excentricum	3345827	species	Entoloma excentricum	Bres.		
Entoloma exile	(Fr.) Hesler	EN	Fungi	Basidiomycota	Agaricomycetes	Agaricales	Entolomataceae	Entoloma	Entoloma exile	2539773	species	Entoloma exile	(Fr.) Hesler		
Entoloma eximium	(Romagn.) Noordel.	DD	Fungi	Basidiomycota	Agaricomycetes	Agaricales	Entolomataceae	Entoloma	Entoloma chionoderma	3346641	species	Entoloma chionoderma	(Pilát) Noordel.		
Entoloma farinasprellum	Arnolds	DD	Fungi	Basidiomycota	Agaricomycetes	Agaricales	Entolomataceae	Entoloma	Entoloma farinasprellum	3346358	species	Entoloma farinasprellum	Arnolds		
Entoloma farinogustus	Arnolds et Noordel.	DD	Fungi	Basidiomycota	Agaricomycetes	Agaricales	Entolomataceae	Entoloma	Entoloma farinogustus	3346351	species	Entoloma farinogustus	Arnolds & Noordel.		
Entoloma favrei	Noordel.	EN	Fungi	Basidiomycota	Agaricomycetes	Agaricales	Entolomataceae	Entoloma	Entoloma favrei	2539306	species	Entoloma favrei	Noordel.		
Entoloma fernandae	(Romagn.) Noordel.	DD	Fungi	Basidiomycota	Agaricomycetes	Agaricales	Entolomataceae	Entoloma	Entoloma fernandae	2539365	species	Entoloma fernandae	(Romagn.) Noordel.		
Entoloma flocculosum	(Bres.) Pacioni	DD	Fungi	Basidiomycota	Agaricomycetes	Agaricales	Entolomataceae	Entoloma	Entoloma flocculosum	7587965	species	Entoloma flocculosum	(Bres.) Pacioni		
Entoloma formosum	(Fr.: Fr.) Noordel.	LC	Fungi	Basidiomycota	Agaricomycetes	Agaricales	Entolomataceae	Entoloma	Entoloma formosum	9121349	species	Entoloma formosum	(Fr.) Noordel.		
Entoloma fuscomarginatum	P.D. Orton	DD	Fungi	Basidiomycota	Agaricomycetes	Agaricales	Entolomataceae	Entoloma	Entoloma fuscomarginatum	2539737	species	Entoloma fuscomarginatum	P.D.Orton		
Entoloma fuscotomentosum	F.H. Moeller	DD	Fungi	Basidiomycota	Agaricomycetes	Agaricales	Entolomataceae	Entoloma	Entoloma fuscotomentosum	7986219	species	Entoloma fuscotomentosum	F.H.Møller		
Entoloma glaucobasis	Noordel.	DD	Fungi	Basidiomycota	Agaricomycetes	Agaricales	Entolomataceae	Entoloma	Entoloma glaucobasis	3346913	species	Entoloma glaucobasis	Huijsman ex Noordel.		
Entoloma griseocyaneum	(Fr.) M.M. Moser	VU	Fungi	Basidiomycota	Agaricomycetes	Agaricales	Entolomataceae	Entoloma	Entoloma griseocyaneum	2539866	species	Entoloma griseocyaneum	(Fr.) P.Kumm.		author_mismatch
Entoloma griseoluridum	(Kuehner) M.M. Moser	VU	Fungi	Basidiomycota	Agaricomycetes	Agaricales	Entolomataceae	Entoloma	Entoloma griseoluridum	2539301	species	Entoloma griseoluridum	(Kühner) M.M.Moser		
Entoloma griseorubidum	(Kuehner) Noordel.	EN	Fungi	Basidiomycota	Agaricomycetes	Agaricales	Entolomataceae	Entoloma	Entoloma indutoides	2539429	species	Entoloma indutoides	(P.D.Orton) Noordel.		
Entoloma hebes	(Romagn.) Trimbach	LC	Fungi	Basidiomycota	Agaricomycetes	Agaricales	Entolomataceae	Entoloma	Entoloma hebes	2539337	species	Entoloma hebes	(Romagn.) Trimbach		
Entoloma henrici	Horak et Aeberhard	DD	Fungi	Basidiomycota	Agaricomycetes	Agaricales	Entolomataceae	Entoloma	Entoloma henrici	2539553	species	Entoloma henrici	E.Horak & Aeberh.		
Entoloma hirtipes	(Schum.:Fr.) M.M. Moser	LC	Fungi	Basidiomycota	Agaricomycetes	Agaricales	Entolomataceae	Entoloma	Entoloma hirtipes	2539233	species	Entoloma hirtipes	(Schumach.) M.M.Moser		
Entoloma hirtum	(Velen.) Noordel.	DD	Fungi	Basidiomycota	Agaricomycetes	Agaricales	Entolomataceae	Entoloma	Entoloma hirtum	2540000	species	Entoloma hirtum	(Velen.) Noordel.		
Entoloma huijsmanii	Noordel.	DD	Fungi	Basidiomycota	Agaricomycetes	Agaricales	Entolomataceae	Entoloma	Entoloma huijsmanii	2539458	species	Entoloma huijsmanii	Noordel.		
Entoloma ianthinum	(Romagn. et J. Favre) Noordel.	DD	Fungi	Basidiomycota	Agaricomycetes	Agaricales	Entolomataceae	Entoloma	Entoloma ianthinum	2539653	species	Entoloma ianthinum	(Romagn. & J.Favre) Noordel.		
Entoloma incanum	(Fr.: Fr.) Hesler	LC	Fungi	Basidiomycota	Agaricomycetes	Agaricales	Entolomataceae	Entoloma	Entoloma incanum	8842718	species	Entoloma incanum	(Fr.) Hesler		
Entoloma incarnatofuscescens	(Britzelm.) Noordel.	LC	Fungi	Basidiomycota	Agaricomycetes	Agaricales	Entolomataceae	Entoloma	Entoloma incarnatofuscescens	2539988	species	Entoloma incarnatofuscescens	(Britzelm.) Noordel.		
Entoloma indutoides	(P.D. Orton) Noordel.	DD	Fungi	Basidiomycota	Agaricomycetes	Agaricales	Entolomataceae	Entoloma	Entoloma indutoides	2539429	species	Entoloma indutoides	(P.D.Orton) Noordel.		
Entoloma infula	(Fr.) Noordel.	VU	Fungi	Basidiomycota	Agaricomycetes	Agaricales	Entolomataceae	Entoloma	Entoloma infula	3346529	species	Entoloma infula	(Fr.) Noordel.		
Entoloma jubatum	(Fr.) Karst.	VU	Fungi	Basidiomycota	Agaricomycetes	Agaricales	Entolomataceae	Entoloma	Entoloma jubatum	2539982	species	Entoloma jubatum	(Fr.) P.Karst.		
Entoloma juncinum	(Kuehner et Romagn.) Noordel.	LC	Fungi	Basidiomycota	Agaricomycetes	Agaricales	Entolomataceae	Entoloma	Entoloma juncinum	2539965	species	Entoloma juncinum	(Kühner & Romagn.) Noordel.		
Entoloma juniperinum	Barkman et Noordel.	DD	Fungi	Basidiomycota	Agaricomycetes	Agaricales	Entolomataceae	Entoloma	Entoloma juniperinum	3345914	species	Entoloma juniperinum	Barkman & Noordel.		
Entoloma kervernii	(Guernisac) M. Moser	DD	Fungi	Basidiomycota	Agaricomycetes	Agaricales	Entolomataceae	Entoloma	Entoloma kervernii	2539516	species	Entoloma kervernii	(De Guern.) M.M.Moser		
Entoloma lampropus	(Fr.: Fr.) Hesler	LC	Fungi	Basidiomycota	Agaricomycetes	Agaricales	Entolomataceae	Entoloma	Entoloma lampropus	2539648	species	Entoloma lampropus	(Fr.) Hesler		
Entoloma lanicum	(Romagn.) Moser, Noordel.	VU	Fungi	Basidiomycota	Agaricomycetes	Agaricales	Entolomataceae	Entoloma	Entoloma lanicum	2539503	species	Entoloma lanicum	(Romagn.) Noordel.		
Entoloma lanuginosipes	Noordel.	DD	Fungi	Basidiomycota	Agaricomycetes	Agaricales	Entolomataceae	Entoloma	Entoloma lanuginosipes	2539944	species	Entoloma lanuginosipes	Noordel.		
Entoloma lepidissimum	(Svrcek) Noordel.	VU	Fungi	Basidiomycota	Agaricomycetes	Agaricales	Entolomataceae	Entoloma	Entoloma lepidissimum	3345799	species	Entoloma lepidissimum	(Svrček) Noordel.		
Entoloma lepiotosme	(Romagn.) Noordel.	DD	Fungi	Basidiomycota	Agaricomycetes	Agaricales	Entolomataceae	Entoloma	Entoloma lepiotosme	7548463	species	Entoloma lepiotosme	(Romagn.) Noordel.		
Entoloma lividoalbum	(Kuehner et Romagn.) Kubicka	LC	Fungi	Basidiomycota	Agaricomycetes	Agaricales	Entolomataceae	Entoloma	Entoloma lividoalbum	2539864	species	Entoloma lividoalbum	(Kühner & Romagn.) Kubička		
Entoloma lividocyanulum	Kuehner ex Noordel.	EN	Fungi	Basidiomycota	Agaricomycetes	Agaricales	Entolomataceae	Entoloma	Entoloma lividocyanulum	7432146	species	Entoloma lividocyanulum	(Kühner) Noordel.		
Entoloma longistriatum	(Peck) Noordel.	LC	Fungi	Basidiomycota	Agaricomycetes	Agaricales	Entolomataceae	Entoloma	Entoloma longistriatum	3346196	species	Entoloma longistriatum	(Peck) Noordel.		
Entoloma lucidum	(P.D. Orton) M.M. Moser	DD	Fungi	Basidiomycota	Agaricomycetes	Agaricales	Entolomataceae	Entoloma	Entoloma lucidum	2539839	species	Entoloma lucidum	(P.D.Orton) M.M.Moser		
Entoloma luteobasis	Ebert et E. Ludw.	DD	Fungi	Basidiomycota	Agaricomycetes	Agaricales	Entolomataceae	Entoloma	Entoloma luteobasis	3346607	species	Entoloma luteobasis	Ebert & E.Ludw.		
Entoloma majaloides	P.D. Orton	VU	Fungi	Basidiomycota	Agaricomycetes	Agaricales	Entolomataceae	Entoloma	Entoloma majaloides	2539616	species	Entoloma majaloides	P.D.Orton		
Entoloma mammosum	(Fr.) Hesler	LC	Fungi	Basidiomycota	Agaricomycetes	Agaricales	Entolomataceae	Entoloma	Entoloma mammosum	2539298	species	Entoloma mammosum	(L.) Hesler		
Entoloma melanochroum	Noordel.	DD	Fungi	Basidiomycota	Agaricomycetes	Agaricales	Entolomataceae	Entoloma	Entoloma melanochroum	2539474	species	Entoloma melanochroum	Noordel.		
Entoloma minutum	(P. Karst.) Noordel.	EN	Fungi	Basidiomycota	Agaricomycetes	Agaricales	Entolomataceae	Entoloma	Entoloma minutum	2539798	species	Entoloma minutum	(P.Karst.) Noordel.		
Entoloma mougeotii	(Fr.) Hesler	LC	Fungi	Basidiomycota	Agaricomycetes	Agaricales	Entolomataceae	Entoloma	Entoloma mougeotii	3346289	species	Entoloma mougeotii	(Fr.) Hesler		
Entoloma mutabilipes	Noordel. et Liiv	DD	Fungi	Basidiomycota	Agaricomycetes	Agaricales	Entolomataceae	Entoloma	Entoloma mutabilipes	2539824	species	Entoloma mutabilipes	Noordel. & Liiv		
Entoloma myrmecophilum	(Romagn.) M.M. Moser	LC	Fungi	Basidiomycota	Agaricomycetes	Agaricales	Entolomataceae	Entoloma	Entoloma myrmecophilum	2539760	species	Entoloma myrmecophilum	(Romagn.) M.M.Moser		
Entoloma nausiosme	Noordel.	DD	Fungi	Basidiomycota	Agaricomycetes	Agaricales	Entolomataceae	Entoloma	Entoloma nausiosme	2539435	species	Entoloma nausiosme	Noordel.		
Entoloma neglectum	(Lasch: Fr.) Moser	EN	Fungi	Basidiomycota	Agaricomycetes	Agaricales	Entolomataceae	Entoloma	Entoloma neglectum	2539692	species	Entoloma neglectum	(Lasch) Arnolds		
Entoloma nidorosum	(Fr.) Quel.	LC	Fungi	Basidiomycota	Agaricomycetes	Agaricales	Entolomataceae	Entoloma	Entoloma rhodopolium	2539657	species	Entoloma rhodopolium	(Fr.) P.Kumm.		
Entoloma nigellum	(Quel.) Noordel.	DD	Fungi	Basidiomycota	Agaricomycetes	Agaricales	Entolomataceae	Entoloma	Entoloma nigellum	2539520	species	Entoloma nigellum	(Quél.) Noordel.		
Entoloma niphoides	(Romagn.) P.D. Orton	DD	Fungi	Basidiomycota	Agaricomycetes	Agaricales	Entolomataceae	Rhodophyllus	Rhodophyllus niphoides	3553191	species	Rhodophyllus niphoides	Romagn.		
Entoloma nitens	(Velen.) Noordel.	LC	Fungi	Basidiomycota	Agaricomycetes	Agaricales	Entolomataceae	Entoloma	Entoloma nitens	2539714	species	Entoloma nitens	(Velen.) Noordel.		
Entoloma occultopigmentatum	Arnolds et Noordel.	DD	Fungi	Basidiomycota	Agaricomycetes	Agaricales	Entolomataceae	Entoloma	Entoloma sericeum	3345972	species	Entoloma sericeum	Quél.		
Entoloma ochromicaceum	Noordel. et Liiv	DD	Fungi	Basidiomycota	Agaricomycetes	Agaricales	Entolomataceae	Entoloma	Entoloma ochromicaceum	2539895	species	Entoloma ochromicaceum	Noordel. & Liiv		
Entoloma olorinum	(Romagn. et J. Favre) Noordel.	DD	Fungi	Basidiomycota	Agaricomycetes	Agaricales	Entolomataceae	Entoloma	Entoloma olorinum	2539659	species	Entoloma olorinum	(Romagn. & J.Favre) Noordel.		
Entoloma opacum	(Velen.) Noordel.	DD	Fungi	Basidiomycota	Agaricomycetes	Agaricales	Entolomataceae	Entoloma	Entoloma opacum	2539946	species	Entoloma opacum	Noordel.		
Entoloma ortonii	Arnolds et Noordel.	DD	Fungi	Basidiomycota	Agaricomycetes	Agaricales	Entolomataceae	Entoloma	Entoloma ortonii	2539630	species	Entoloma ortonii	Arnolds & Noordel.		
Entoloma paludicola	P.D. Orton	DD	Fungi	Basidiomycota	Agaricomycetes	Agaricales	Entolomataceae	Entoloma	Entoloma paludicola	7674892	species	Entoloma paludicola	P.D.Orton		
Entoloma papillatum	(Bres.) Dennis	LC	Fungi	Basidiomycota	Agaricomycetes	Agaricales	Entolomataceae	Entoloma	Entoloma papillatum	2539451	species	Entoloma papillatum	(Bres.) Dennis		
Entoloma parkensis	(Fr.) Noordel.	DD	Fungi	Basidiomycota	Agaricomycetes	Agaricales	Entolomataceae	Entoloma	Entoloma parkensis	2539578	species	Entoloma parkensis	(Fr.) Noordel.		
Entoloma percandidum	Noordel.	DD	Fungi	Basidiomycota	Agaricomycetes	Agaricales	Entolomataceae	Entoloma	Entoloma percandidum	2539931	species	Entoloma percandidum	Noordel.		
Entoloma phaeocyathus	Noordel.	EN	Fungi	Basidiomycota	Agaricomycetes	Agaricales	Entolomataceae	Entoloma	Entoloma phaeocyathum	2539897	species	Entoloma phaeocyathum	Noordel.		different_ending
Entoloma placidum	(Fr.:Fr.) Noordel.	VU	Fungi	Basidiomycota	Agaricomycetes	Agaricales	Entolomataceae	Entoloma	Entoloma placidum	8538467	species	Entoloma placidum	(Fr.) Noordel.		
Entoloma plebeioides	(Schulzer) Noordel.	DD	Fungi	Basidiomycota	Agaricomycetes	Agaricales	Entolomataceae	Entoloma	Entoloma plebeioides	2539861	species	Entoloma plebeioides	(Schulzer) Noordel.		
Entoloma plebejum	(Kalchbr.) Noordel.	EN	Fungi	Basidiomycota	Agaricomycetes	Agaricales	Entolomataceae	Entoloma	Entoloma plebejum	2539827	species	Entoloma plebejum	(Kalchbr.) Noordel.		
Entoloma pleopodium	(Bull. ex DC: Fr.) Noordel.	LC	Fungi	Basidiomycota	Agaricomycetes	Agaricales	Entolomataceae	Entoloma	Entoloma pleopodium	9176580	species	Entoloma pleopodium	(Bull.) Noordel.		
Entoloma poliopus	(Romagn.) Noordel.	LC	Fungi	Basidiomycota	Agaricomycetes	Agaricales	Entolomataceae	Entoloma	Entoloma poliopus	3346222	species	Entoloma poliopus	(Romagn.) Noordel.		
Entoloma politoflavipes	Noordel. et Liiv	DD	Fungi	Basidiomycota	Agaricomycetes	Agaricales	Entolomataceae	Entoloma	Entoloma politoflavipes	2539856	species	Entoloma politoflavipes	Noordel. & Liiv		
Entoloma politum	(Pers.: Fr.) Donk	LC	Fungi	Basidiomycota	Agaricomycetes	Agaricales	Entolomataceae	Entoloma	Entoloma politum	2539916	species	Entoloma politum	(Fr.) Donk		
Entoloma porphyrophaeum	(Fr.) P. Karst.	EN	Fungi	Basidiomycota	Agaricomycetes	Agaricales	Entolomataceae	Entoloma	Entoloma porphyrophaeum	2539995	species	Entoloma porphyrophaeum	(Fr.) P.Karst.		
Entoloma pratense	Noordel.	DD	Fungi	Basidiomycota	Agaricomycetes	Agaricales	Entolomataceae	Entoloma	Entoloma pratense	3346360	species	Entoloma pratense	Hesler		author_mismatch
Entoloma proterum	Noordel. et Woelfel	DD	Fungi	Basidiomycota	Agaricomycetes	Agaricales	Entolomataceae	Entoloma	Entoloma proterum	3346673	species	Entoloma proterum	Noordel. & Wölfel		
Entoloma prunuloides	(Fr.: Fr.) Quel.	VU	Fungi	Basidiomycota	Agaricomycetes	Agaricales	Entolomataceae	Entoloma	Entoloma prunuloides	2539285	species	Entoloma prunuloides	(Fr.) Quél.		
Entoloma pseudocoelestinum	Arnolds	VU	Fungi	Basidiomycota	Agaricomycetes	Agaricales	Entolomataceae	Entoloma	Entoloma pseudocoelestinum	2539639	species	Entoloma pseudocoelestinum	Arnolds		
Entoloma pseudoexcentricum	(Romagn.) Kreisel	DD	Fungi	Basidiomycota	Agaricomycetes	Agaricales	Entolomataceae	Entoloma	Entoloma pseudoexcentricum	7244230	species	Entoloma pseudoexcentricum	(Romagn.) Zschiesch.		
Entoloma pseudoturci	Noordel.	DD	Fungi	Basidiomycota	Agaricomycetes	Agaricales	Entolomataceae	Entoloma	Entoloma pseudoturci	2539376	species	Entoloma pseudoturci	Noordel.		
Entoloma pygmaeopapillatum	Arnolds et Winterh.	DD	Fungi	Basidiomycota	Agaricomycetes	Agaricales	Entolomataceae	Entoloma	Entoloma pygmaeopapillatum	2539349	species	Entoloma pygmaeopapillatum	Arnolds & Winterh.		
Entoloma queletii	(Boud.) Noordel.	DD	Fungi	Basidiomycota	Agaricomycetes	Agaricales	Entolomataceae	Entoloma	Entoloma queletii	2539419	species	Entoloma queletii	(Boud.) Noordel.		
Entoloma querquedula	(Romagn.) Noordel.	DD	Fungi	Basidiomycota	Agaricomycetes	Agaricales	Entolomataceae	Entoloma	Entoloma querquedula	2539871	species	Entoloma querquedula	(Romagn.) Noordel.		
Entoloma rhodocylix	(Lasch: Fr.) M.M. Moser	VU	Fungi	Basidiomycota	Agaricomycetes	Agaricales	Entolomataceae	Entoloma	Entoloma rhodocylix	2539977	species	Entoloma rhodocylix	(Lasch) M.M.Moser		
Entoloma rhodopolium	(Fr.: Fr.) P. Kumm.	LC	Fungi	Basidiomycota	Agaricomycetes	Agaricales	Entolomataceae	Entoloma	Entoloma rhodopolium	2539657	species	Entoloma rhodopolium	(Fr.) P.Kumm.		
Entoloma rhombisporum	(Kuehner et Boursier) E. Horak	LC	Fungi	Basidiomycota	Agaricomycetes	Agaricales	Entolomataceae	Entoloma	Entoloma rhombisporum	3345834	species	Entoloma rhombisporum	(Kühner & Boursier) E.Horak		
Entoloma roseum	(Longyear) Hesler	CR	Fungi	Basidiomycota	Agaricomycetes	Agaricales	Entolomataceae	Entoloma	Entoloma roseum	2539350	species	Entoloma roseum	(Longyear) Hesler		
Entoloma rufocarneum	(Berk.) Noordel.	DD	Fungi	Basidiomycota	Agaricomycetes	Agaricales	Entolomataceae	Entoloma	Entoloma rufocarneum	2539749	species	Entoloma rufocarneum	(Berk.) Noordel.		
Entoloma rusticoides	(Gillet) Noordel.	LC	Fungi	Basidiomycota	Agaricomycetes	Agaricales	Entolomataceae	Entoloma	Entoloma rusticoides	2539383	species	Entoloma rusticoides	(Gillet) Noordel.		
Entoloma sacchariolens	(Romagn.) Noordel.	DD	Fungi	Basidiomycota	Agaricomycetes	Agaricales	Entolomataceae	Entoloma	Entoloma sacchariolens	2539534	species	Entoloma sacchariolens	(Romagn.) Noordel.		
Entoloma saepium	(Noulet et Dassier) Richon et Roze	VU	Fungi	Basidiomycota	Agaricomycetes	Agaricales	Entolomataceae	Entoloma	Entoloma sepium	3346903	species	Entoloma sepium	(Noulet & Dass.) Richon & Roze		
Entoloma saundersii	(Fr.) Sacc.	VU	Fungi	Basidiomycota	Agaricomycetes	Agaricales	Entolomataceae	Entoloma	Entoloma saundersii	2539480	species	Entoloma saundersii	(Fr.) Sacc.		
Entoloma scabiosum	(Fr.) Quel.	VU	Fungi	Basidiomycota	Agaricomycetes	Agaricales	Entolomataceae	Entoloma	Entoloma scabiosum	2539463	species	Entoloma scabiosum	(Fr.) Quél.		
Entoloma scabrosum	(Fr.) Noordel.	DD	Fungi	Basidiomycota	Agaricomycetes	Agaricales	Entolomataceae	Entoloma	Entoloma scabrosum	2539710	species	Entoloma scabrosum	(Fr.) Noordel.		
Entoloma sericatum	(Britzelm.) Sacc.	VU	Fungi	Basidiomycota	Agaricomycetes	Agaricales	Entolomataceae	Entoloma	Entoloma sericatum	2539655	species	Entoloma sericatum	(Britzelm.) Sacc.		
Entoloma sericellum	(Fr.: Fr.) P. Kumm.	LC	Fungi	Basidiomycota	Agaricomycetes	Agaricales	Entolomataceae	Entoloma	Entoloma sericellum	8963563	species	Entoloma sericellum	(Fr.) P.Kumm.		
Entoloma sericeoides	(J.E. Lange) Noordel.	LC	Fungi	Basidiomycota	Agaricomycetes	Agaricales	Entolomataceae	Entoloma	Entoloma sericeoides	2539626	species	Entoloma sericeoides	(J.E.Lange) Noordel.		
Entoloma sericeum	(Bull.) Quel.	LC	Fungi	Basidiomycota	Agaricomycetes	Agaricales	Entolomataceae	Entoloma	Entoloma sericeum	3345972	species	Entoloma sericeum	Quél.		
Entoloma serrulatum	(Fr.: Fr.) Hesler	LC	Fungi	Basidiomycota	Agaricomycetes	Agaricales	Entolomataceae	Entoloma	Entoloma serrulatum	2539489	species	Entoloma serrulatum	(Fr.) Hesler		
Entoloma sinuatum	(Bull.: Fr.) P. Kumm.	LC	Fungi	Basidiomycota	Agaricomycetes	Agaricales	Entolomataceae	Entoloma	Entoloma sinuatum	2539308	species	Entoloma sinuatum	(Bull.) P.Kumm.		
Entoloma sodale	Kuehner et Romagn. ex Noordel.	LC	Fungi	Basidiomycota	Agaricomycetes	Agaricales	Entolomataceae	Entoloma	Entoloma sodale	8393894	species	Entoloma sodale	Kühner & Romagn. ex Noordel.		
Entoloma solstitiale	(Fr.) Noordel.	DD	Fungi	Basidiomycota	Agaricomycetes	Agaricales	Entolomataceae	Entoloma	Entoloma solstitiale	2539574	species	Entoloma solstitiale	(Fr.) Noordel.		
Entoloma sordidulum	(Kuehner et Romagn.) P.D. Orton	VU	Fungi	Basidiomycota	Agaricomycetes	Agaricales	Entolomataceae	Entoloma	Entoloma sordidulum	2539322	species	Entoloma sordidulum	(Kühner & Romagn.) P.D.Orton		
Entoloma speculum	(Fr.) Quel.	DD	Fungi	Basidiomycota	Agaricomycetes	Agaricales	Entolomataceae	Entoloma	Entoloma speculum	7933915	species	Entoloma speculum	(Fr.) Quél.		
Entoloma sphaerocystis	Noordel.	DD	Fungi	Basidiomycota	Agaricomycetes	Agaricales	Entolomataceae	Entoloma	Entoloma sphaerocystis	3346829	species	Entoloma sphaerocystis	Noordel.		
Entoloma sphagneti	Naveau	DD	Fungi	Basidiomycota	Agaricomycetes	Agaricales	Entolomataceae	Entoloma	Entoloma sphagneti	2539939	species	Entoloma sphagneti	Naveau		
Entoloma sphagnorum	(Romagn. et J. Favre) Noordel.	EN	Fungi	Basidiomycota	Agaricomycetes	Agaricales	Entolomataceae	Entoloma	Entoloma sphagnorum	2539741	species	Entoloma sphagnorum	(Romagn. & J.Favre) Bon & Courtec.		
Entoloma strigosissimum	(Rea) Noordel.	NT	Fungi	Basidiomycota	Agaricomycetes	Agaricales	Entolomataceae	Entoloma	Entoloma strigosissimum	2539272	species	Entoloma strigosissimum	(Rea) Noordel.		
Entoloma subradiatum	(Kuehner et Romagn.) M.M. Moser	LC	Fungi	Basidiomycota	Agaricomycetes	Agaricales	Entolomataceae	Entoloma	Entoloma subradiatum	2539217	species	Entoloma subradiatum	(Kühner & Romagn.) M.M.Moser		
Entoloma tibiicystidiatum	Noordel.	DD	Fungi	Basidiomycota	Agaricomycetes	Agaricales	Entolomataceae	Entoloma	Entoloma tibiicystidiatum	3346307	species	Entoloma tibiicystidiatum	Arnolds & Noordel.		
Entoloma tjallingiorum	Noordel.	VU	Fungi	Basidiomycota	Agaricomycetes	Agaricales	Entolomataceae	Entoloma	Entoloma tjallingiorum	2539842	species	Entoloma tjallingiorum	Noordel.		
Entoloma turci	(Bres.) M.M. Moser	EN	Fungi	Basidiomycota	Agaricomycetes	Agaricales	Entolomataceae	Entoloma	Entoloma turci	2539936	species	Entoloma turci	(Bres.) M.M.Moser		
Entoloma undatum	(Gillet) M.M. Moser	LC	Fungi	Basidiomycota	Agaricomycetes	Agaricales	Entolomataceae	Entoloma	Entoloma undatum	2539904	species	Entoloma undatum	(Gillet) M.M.Moser		
Entoloma undulatosporum	Arnolds et Noordel.	DD	Fungi	Basidiomycota	Agaricomycetes	Agaricales	Entolomataceae	Entoloma	Entoloma undulatosporum	3346004	species	Entoloma undulatosporum	Arnolds & Noordel.		
Entoloma venosum	Gillet	LC	Fungi	Basidiomycota	Agaricomycetes	Agaricales	Entolomataceae	Entoloma	Entoloma venosum	3345916	species	Entoloma venosum	Gillet		
Entoloma ventricosum	Arnolds et Noordel.	DD	Fungi	Basidiomycota	Agaricomycetes	Agaricales	Entolomataceae	Entoloma	Entoloma ventricosum	2539854	species	Entoloma ventricosum	Arnolds & Noordel.		
Entoloma verecundum	(Fr.) Noordel.	DD	Fungi	Basidiomycota	Agaricomycetes	Agaricales	Entolomataceae	Entoloma	Entoloma verecundum	9219169	species	Entoloma verecundum	(Fr.) Noordel.		
Entoloma vernum	S. Lundell	LC	Fungi	Basidiomycota	Agaricomycetes	Agaricales	Entolomataceae	Entoloma	Entoloma vernum	2539539	species	Entoloma vernum	S.Lundell		
Entoloma versatile	(Fr.) M.M. Moser	VU	Fungi	Basidiomycota	Agaricomycetes	Agaricales	Entolomataceae	Entoloma	Entoloma versatile	2539809	species	Entoloma versatile	(Gillet) M.M.Moser		
Entoloma violaceozonatum	Noordel. et Liiv	DD	Fungi	Basidiomycota	Agaricomycetes	Agaricales	Entolomataceae	Entoloma	Entoloma violaceozonatum	3346751	species	Entoloma violaceozonatum	Noordel. & Liiv		
Entoloma xanthocaulon	Arnolds et Noordel.	DD	Fungi	Basidiomycota	Agaricomycetes	Agaricales	Entolomataceae	Entoloma	Entoloma xanthocaulon	2539743	species	Entoloma xanthocaulon	Arnolds & Noordel.		
Entoloma xanthochroum	(P.D. Orton) Noordel.	VU	Fungi	Basidiomycota	Agaricomycetes	Agaricales	Entolomataceae	Entoloma	Entoloma xanthochroum	2539688	species	Entoloma xanthochroum	(P.D.Orton) Noordel.		
Episclerotium sclerotipus	(Boud.) L.M. Kohn	DD	Fungi	Ascomycota	Leotiomycetes	Helotiales	Helotiaceae	Episclerotium	Episclerotium sclerotipus	2581499	species	Episclerotium sclerotipus	(Boud.) L.M.Kohn		
Episphaeria fraxinicola	(Berk. et Broome) Donk	DD	Fungi	Basidiomycota	Agaricomycetes	Agaricales	Crepidotaceae	Episphaeria	Episphaeria fraxinicola	2528512	species	Episphaeria fraxinicola	(Berk. & Broome) Donk		
Epithele typhae	(Fr.) Pat.	DD	Fungi	Basidiomycota	Agaricomycetes	Polyporales	Polyporaceae	Epithele	Epithele typhae	2548930	species	Epithele typhae	(Pers.) Pat.		
Erikssonopsis ericae	(Fr.: Fr.) M. Morelet	DD	Fungi	Ascomycota	Leotiomycetes	Helotiales	Helotiaceae	Erikssonopsis	Erikssonopsis ericae	2581788	species	Erikssonopsis ericae	(Fr.) M.Morelet		
Eriopezia caesia	(Pers.:Fr.) Rehm	NT	Fungi	Ascomycota	Leotiomycetes	Helotiales	Arachnopezizaceae	Eriopezia	Eriopezia caesia	2585805	species	Eriopezia caesia	(Pers.) Rehm		
Erythricium laetum	(P. Karst.) J. Erikss. et Hjortstam	VU	Fungi	Basidiomycota	Agaricomycetes	Corticiales	Corticiaceae	Erythricium	Erythricium laetum	2555740	species	Erythricium laetum	(P.Karst.) J.Erikss. & Hjortstam		
Eupropolella vaccinii	(Rehm) Hoehn.	DD	Fungi	Ascomycota	Leotiomycetes	Helotiales	Calloriaceae	Eupropolella	Eupropolella vaccinii	2584252	species	Eupropolella vaccinii	(Rehm) Höhn.		
Eupropolella volkartiana	(Rehm) Defago	DD	Fungi	Ascomycota	Leotiomycetes	Helotiales	Calloriaceae	Naeviella	Naeviella volkartiana	2584264	species	Naeviella volkartiana	(Rehm) Nannf.		
Eutypa lata	(Pers.: Fr.) Tul. et C. Tul.	DD	Fungi	Ascomycota	Sordariomycetes	Xylariales	Diatrypaceae	Eutypa	Eutypa lata	2575469	species	Eutypa lata	(Pers.) Tul. & C.Tul.		
Eutypa leioplaca	(Fr.: Fr.) Fuckel	DD	Fungi	Ascomycota	Sordariomycetes	Xylariales	Diatrypaceae	Eutypa	Eutypa leioplaca	7878112	species	Eutypa leioplaca	(Fr.) Fuckel		
Eutypa lineolata	Rehm	DD	Fungi	Ascomycota	Sordariomycetes	Xylariales	Diatrypaceae	Eutypa	Eutypa lineolata	3459177	species	Eutypa lineolata	Rehm		
Eutypa maura	(Fr.:Fr.) Fuck.	LC	Fungi	Ascomycota	Sordariomycetes	Xylariales	Diatrypaceae	Eutypa	Eutypa maura	8001638	species	Eutypa maura	(Fr.) Fuckel		
Eutypa petrakii	Rappaz	DD	Fungi	Ascomycota	Sordariomycetes	Xylariales	Diatrypaceae	Cryptosphaeria	Cryptosphaeria moravica	2575347	species	Cryptosphaeria moravica	Petr. & Sacc.		
Eutypa scabrosa	(Bull.) Fuckel	DD	Fungi	Ascomycota	Sordariomycetes	Xylariales	Diatrypaceae	Eutypa	Eutypa scabrosa	2575529	species	Eutypa scabrosa	(Bull.) Auersw.		
Eutypa spinosa	(Pers.:Fr.) Tul.	DD	Fungi	Ascomycota	Sordariomycetes	Xylariales	Diatrypaceae	Eutypa	Eutypa spinosa	8749998	species	Eutypa spinosa	(Pers.) Tul. & C.Tul.		
Eutypella cerviculata	(Fr.: Fr.) Sacc.	DD	Fungi	Ascomycota	Sordariomycetes	Xylariales	Diatrypaceae	Eutypella	Eutypella cerviculata	9078443	species	Eutypella cerviculata	(Fr.) Sacc.		
Eutypella dissepta	(Fr.: Fr.) Rappaz	DD	Fungi	Ascomycota	Sordariomycetes	Xylariales	Diatrypaceae	Quaternaria	Quaternaria dissepta	2575325	species	Quaternaria dissepta	(Fr.) Tul. & C.Tul.		
Eutypella prunastri	(Pers.:Fr.) Sacc.	DD	Fungi	Ascomycota	Sordariomycetes	Xylariales	Diatrypaceae	Eutypella	Eutypella prunastri	2575250	species	Eutypella prunastri	(Pers.) Sacc.		
Eutypella sorbi	(Alb. et Schwein.: Fr.) Sacc.	DD	Fungi	Ascomycota	Sordariomycetes	Xylariales	Diatrypaceae	Eutypella	Eutypella sorbi	2575244	species	Eutypella sorbi	(Alb. & Schwein.) Sacc.		
Eutypella tetraploa	(Berk. et M.A. Curtis) Sacc.	DD	Fungi	Ascomycota	Sordariomycetes	Xylariales	Diatrypaceae	Eutypella	Eutypella tetraploa	2575256	species	Eutypella tetraploa	(Berk. & M.A.Curtis) Sacc.		
Exidia cartilaginea	S. Lundell et Neuhoff	CR	Fungi	Basidiomycota	Agaricomycetes	Auriculariales	Auriculariaceae	Exidia	Exidia cartilaginea	7241371	species	Exidia cartilaginea	S.Lundell & Neuhoff		
Exidia intumescens	(Sm.) Rea	DD	Fungi	Basidiomycota	Agaricomycetes	Auriculariales	Auriculariaceae	Exidia	Exidia intumescens	2553617	species	Exidia intumescens	(Sm.) Rea		
Exidia pithya	Alb. et Schwein.: Fr.	LC	Fungi	Basidiomycota	Agaricomycetes	Auriculariales	Auriculariaceae	Exidia	Exidia pithya	3314481	species	Exidia pithya	(Alb. & Schwein.) Fr.		
Exidia plana	(Wiggers) Donk	LC	Fungi	Basidiomycota	Agaricomycetes	Auriculariales	Auriculariaceae	Exidia	Exidia nigricans	5954805	species	Exidia nigricans	(With.) P.Roberts		
Exidia recisa	(Ditmar: Fr.) Fr.	LC	Fungi	Basidiomycota	Agaricomycetes	Auriculariales	Auriculariaceae	Exidia	Exidia recisa	2553588	species	Exidia recisa	(Ditmar) Fr.		
Exidia repanda	Fr.	DD	Fungi	Basidiomycota	Agaricomycetes	Auriculariales	Auriculariaceae	Exidia	Exidia repanda	2553591	species	Exidia repanda	Fr.		
Exidia saccharina	(Alb. et Schwein.: Fr.) Fr.	LC	Fungi	Basidiomycota	Agaricomycetes	Auriculariales	Auriculariaceae	Exidia	Exidia saccharina	2553594	species	Exidia saccharina	Fr.		
Exidia thuretiana	(Lev.) Fr.	LC	Fungi	Basidiomycota	Agaricomycetes	Auriculariales	Auriculariaceae	Exidia	Exidia thuretiana	2553600	species	Exidia thuretiana	(Lév.) Fr.		
Exidia truncata	Fr.	LC	Fungi	Basidiomycota	Agaricomycetes	Auriculariales	Auriculariaceae	Exidia	Exidia glandulosa	2553607	species	Exidia glandulosa	(Bull.) Fr.		
Exidia umbrinella	Bres.	DD	Fungi	Basidiomycota	Agaricomycetes	Auriculariales	Auriculariaceae	Exidia	Exidia umbrinella	3314463	species	Exidia umbrinella	Bres.		
Exidiopsis calcea	(Pers.) Wells	LC	Fungi	Basidiomycota	Agaricomycetes	Auriculariales	Auriculariaceae	Alloexidiopsis	Alloexidiopsis calcea	12216133	species	Alloexidiopsis calcea	(Pers.) L.W.Zhou & S.L.Liu		
Exidiopsis effusa	(Bref. ex Sacc.) A. Moeller	LC	Fungi	Basidiomycota	Agaricomycetes	Auriculariales	Auriculariaceae	Exidiopsis	Exidiopsis effusa	2553645	species	Exidiopsis effusa	(Bref. ex Sacc.) Möller		
Exidiopsis gloeophora	(Oberw.) Wojewoda	DD	Fungi	Basidiomycota	Agaricomycetes	Sebacinales	Sebacinaceae	Sebacina	Sebacina gloeophora	3353377	species	Sebacina gloeophora	Oberw.		
Exidiopsis grisea	(Pers.) Bourdot et L. Maire	LC	Fungi	Basidiomycota	Agaricomycetes	Sebacinales	Sebacinaceae	Sebacina	Sebacina grisea	2522066	species	Sebacina grisea	Bres.		
Exidiopsis longispora	(Hauerslev) Wojewoda	DD	Fungi	Basidiomycota	Agaricomycetes	Auriculariales		Ceratosebacina	Ceratosebacina longispora	2553888	species	Ceratosebacina longispora	(Hauerslev) P.Roberts		
Exidiopsis umbrina	(Rogers) Wojewoda	DD	Fungi	Basidiomycota	Agaricomycetes	Sebacinales	Sebacinaceae	Sebacina	Sebacina umbrina	2522063	species	Sebacina umbrina	D.P.Rogers		
Exobasidium expansum	Nannf.	DD	Fungi	Basidiomycota	Exobasidiomycetes	Exobasidiales	Exobasidiaceae	Exobasidium	Exobasidium expansum	2513245	species	Exobasidium expansum	Nannf.		
Exobasidium japonicum	Shirai	DD	Fungi	Basidiomycota	Exobasidiomycetes	Exobasidiales	Exobasidiaceae	Exobasidium	Exobasidium japonicum	2513225	species	Exobasidium japonicum	Shirai		
Exobasidium juelianum	Nannf.	LC	Fungi	Basidiomycota	Exobasidiomycetes	Exobasidiales	Exobasidiaceae	Exobasidium	Exobasidium juelianum	2513247	species	Exobasidium juelianum	Nannf.		
Exobasidium karstenii	Sacc. et Trotter	EN	Fungi	Basidiomycota	Exobasidiomycetes	Exobasidiales	Exobasidiaceae	Exobasidium	Exobasidium karstenii	2513222	species	Exobasidium karstenii	Sacc. & Trotter		
Exobasidium myrtilli	Siegm.	DD	Fungi	Basidiomycota	Exobasidiomycetes	Exobasidiales	Exobasidiaceae	Exobasidium	Exobasidium myrtilli	2513193	species	Exobasidium myrtilli	Siegm.		
Exobasidium pachysporum	Nannf.	EN	Fungi	Basidiomycota	Exobasidiomycetes	Exobasidiales	Exobasidiaceae	Exobasidium	Exobasidium pachysporum	2513235	species	Exobasidium pachysporum	Nannf.		
Exobasidium rhododendri	(Fuckel) C.E. Cramer	LC	Fungi	Basidiomycota	Exobasidiomycetes	Exobasidiales	Exobasidiaceae	Exobasidium	Exobasidium rhododendri	2513208	species	Exobasidium rhododendri	(Fuckel) C.E.Cramer		
Exobasidium rostrupii	Nannf.	NT	Fungi	Basidiomycota	Exobasidiomycetes	Exobasidiales	Exobasidiaceae	Exobasidium	Exobasidium rostrupii	2513230	species	Exobasidium rostrupii	Nannf.		
Exobasidium splendidum	Nannf.	DD	Fungi	Basidiomycota	Exobasidiomycetes	Exobasidiales	Exobasidiaceae	Exobasidium	Exobasidium splendidum	2513216	species	Exobasidium splendidum	Nannf.		
Exobasidium uvae-ursi	(Maire) Juel	DD	Fungi	Basidiomycota	Exobasidiomycetes	Exobasidiales	Exobasidiaceae	Exobasidium	Exobasidium uvae-ursi	3371892	species	Exobasidium uvae-ursi	(Maire) Juel		
Exobasidium vaccinii	(Fuckel) Woronin	LC	Fungi	Basidiomycota	Exobasidiomycetes	Exobasidiales	Exobasidiaceae	Exobasidium	Exobasidium vaccinii	9589545	species	Exobasidium vaccinii	(Fuckel) Woronin		
Exobasidium vaccinii-uliginosi	Boud.	VU	Fungi	Basidiomycota	Exobasidiomycetes	Exobasidiales	Exobasidiaceae	Exobasidium	Exobasidium vaccinii-uliginosi	2513254	species	Exobasidium vaccinii-uliginosi	Boud.		
Faerberia carbonaria	(Alb. et Schwein.) Pouzar	NT	Fungi	Basidiomycota	Agaricomycetes	Polyporales	Polyporaceae	Faerberia	Faerberia carbonaria	2546354	species	Faerberia carbonaria	(Alb. & Schwein.) Pouzar		
Fayodia anthracobia	(J. Favre) Knudsen	DD	Fungi	Basidiomycota	Agaricomycetes	Agaricales	Tricholomataceae	Fayodia	Fayodia anthracobia	8047099	species	Fayodia anthracobia	(J.Favre) Knudsen		
Fayodia bisphaerigera	(J.E. Lange) Singer	LC	Fungi	Basidiomycota	Agaricomycetes	Agaricales	Tricholomataceae	Fayodia	Fayodia bisphaerigera	8076152	species	Fayodia bisphaerigera	(J.E.Lange) Singer		
Fayodia campanella	E. Horak	DD	Fungi	Basidiomycota	Agaricomycetes	Agaricales	Tricholomataceae	Fayodia	Fayodia campanella	3327179	species	Fayodia campanella	E.Horak		
Femsjonia peziziformis	(Lev.) P. Karst.	LC	Fungi	Basidiomycota	Dacrymycetes	Dacrymycetales	Dacrymycetaceae	Ditiola	Ditiola peziziformis	5236925	species	Ditiola peziziformis	(Lév.) D.A.Reid		
Fibriciellum silvae-ryae	J. Erikss. et Ryvarden	DD	Fungi	Basidiomycota	Agaricomycetes	Trechisporales	Sistotremataceae	Trechispora	Trechispora silvae-ryae	2523172	species	Trechispora silvae-ryae	(J.Erikss. & Ryvarden) K.H.Larss.		
Fibricium subceraceum	(Hallenb.) Bernicchia	DD	Fungi	Basidiomycota	Agaricomycetes	Hymenochaetales		Fibricium	Fibricium subceraceum	2519201	species	Fibricium subceraceum	(Hallenb.) Bernicchia		
Fibrodontia gossypina	Parmasto	NT	Fungi	Basidiomycota	Agaricomycetes	Hymenochaetales	Schizoporaceae	Fibrodontia	Fibrodontia gossypina	2518948	species	Fibrodontia gossypina	Parmasto		
Fibroporia gossypium	(Speg.) Parmasto	DD	Fungi	Basidiomycota	Agaricomycetes	Polyporales	Fomitopsidaceae	Antrodia	Antrodia gossypium	2542476	species	Antrodia gossypium	(Speg.) Ryvarden		
Fibroporia vaillantii	(DC.: Fr.) Parmasto	EN	Fungi	Basidiomycota	Agaricomycetes	Polyporales	Fibroporiaceae	Fibroporia	Fibroporia vaillantii	9083566	species	Fibroporia vaillantii	(DC.) Parmasto		
Fistulina hepatica	(Schaeff: Fr.) Fr.	LC	Fungi	Basidiomycota	Agaricomycetes	Agaricales	Fistulinaceae	Fistulina	Fistulina hepatica	2531012	species	Fistulina hepatica	(Schaeff.) With.		no_author_match
Flagelloscypha christinae	Agerer	DD	Fungi	Basidiomycota	Agaricomycetes	Agaricales	Niaceae	Flagelloscypha	Flagelloscypha christinae	2530340	species	Flagelloscypha christinae	Agerer		
Flagelloscypha faginea	(Lib.) W.B. Cooke	DD	Fungi	Basidiomycota	Agaricomycetes	Agaricales	Niaceae	Flagelloscypha	Flagelloscypha faginea	2530316	species	Flagelloscypha faginea	(Lib.) W.B.Cooke		
Flagelloscypha kavinae	(Pilat) W.B. Cooke	DD	Fungi	Basidiomycota	Agaricomycetes	Agaricales	Niaceae	Flagelloscypha	Flagelloscypha kavinae	2530343	species	Flagelloscypha kavinae	(Pilát) W.B.Cooke		
Flagelloscypha minutissima	(Burt) Donk	LC	Fungi	Basidiomycota	Agaricomycetes	Agaricales	Niaceae	Flagelloscypha	Flagelloscypha minutissima	2530324	species	Flagelloscypha minutissima	(Burt) Donk		
Flagelloscypha pilatii	Agerer	DD	Fungi	Basidiomycota	Agaricomycetes	Agaricales	Niaceae	Flagelloscypha	Flagelloscypha pilatii	2530346	species	Flagelloscypha pilatii	Agerer		
Flammula alnicola	(Fr.) P. Kumm.	VU	Fungi	Basidiomycota	Agaricomycetes	Agaricales	Hymenogastraceae	Flammula	Flammula alnicola	3344235	species	Flammula alnicola	(Fr.) P.Kumm.		
Flammula pinicola	(Jacobsson) Noordel.	DD	Fungi	Basidiomycota	Agaricomycetes	Agaricales	Strophariaceae	Pholiota	Pholiota pinicola	2534127	species	Pholiota pinicola	Jacobsson		
Flammulaster carpophilus	(Fr.) Earle	VU	Fungi	Basidiomycota	Agaricomycetes	Agaricales	Tubariaceae	Flammulaster	Flammulaster carpophilus	8325572	species	Flammulaster carpophilus	(Fr.) Earle ex Vellinga		
Flammulaster ferrugineus	(Maire ex Kuehner) Watling	EN	Fungi	Basidiomycota	Agaricomycetes	Agaricales	Tubariaceae	Flammulaster	Flammulaster ferrugineus	2528457	species	Flammulaster ferrugineus	(Maire ex Kühner) Watling		
Flammulaster granulosus	(J.E. Lange) Watling	EN	Fungi	Basidiomycota	Agaricomycetes	Agaricales	Tubariaceae	Flammulaster	Flammulaster granulosus	2528439	species	Flammulaster granulosus	(J.E.Lange) Watling		
Flammulaster limulatus	(Weinm.:Fr.) Watling	VU	Fungi	Basidiomycota	Agaricomycetes	Agaricales	Tubariaceae	Flammulaster	Flammulaster limulatus	3330140	species	Flammulaster limulatus	(Fr.) Watling		
Flammulaster muricatus	(Fr.) Watling	VU	Fungi	Basidiomycota	Agaricomycetes	Agaricales	Tubariaceae	Flammulaster	Flammulaster muricatus	9034342	species	Flammulaster muricatus	(Fr.) Watling		
Flammulaster rhombosporus	(G.F. Atk.) Watling	DD	Fungi	Basidiomycota	Agaricomycetes	Agaricales	Tubariaceae	Flammulaster	Flammulaster carpophilus	8325572	species	Flammulaster carpophilus	(Fr.) Earle ex Vellinga		
Flammulaster saliciphilus	(J. Favre) Watling	DD	Fungi	Basidiomycota	Agaricomycetes	Agaricales	Tubariaceae	Flammulaster	Flammulaster saliciphilus	2528454	species	Flammulaster saliciphilus	(J.Favre) Watling		
Flammulaster siparius	(Fr.) Watling	DD	Fungi	Basidiomycota	Agaricomycetes	Agaricales	Tubariaceae	Flammulaster	Flammulaster siparius	2528479	species	Flammulaster siparius	(Fr.) Watling		
Flammulaster speireoides	(Romagn.) Watling	DD	Fungi	Basidiomycota	Agaricomycetes	Agaricales	Tubariaceae	Flammulaster	Flammulaster speireoides	2528472	species	Flammulaster speireoides	(Romagn.) Watling		
Flammulaster subincarnatus	(Joss. et Kuehner) Watling	DD	Fungi	Basidiomycota	Agaricomycetes	Agaricales	Tubariaceae	Flammulaster	Flammulaster carpophilus	8325572	species	Flammulaster carpophilus	(Fr.) Earle ex Vellinga		
Flammulina fennae	Bas	VU	Fungi	Basidiomycota	Agaricomycetes	Agaricales	Physalacriaceae	Flammulina	Flammulina fennae	5243611	species	Flammulina fennae	Bas		
Flammulina velutipes	(M.A. Curtis: Fr.) P. Karst.	LC	Fungi	Basidiomycota	Agaricomycetes	Agaricales	Physalacriaceae	Flammulina	Flammulina velutipes	3341441	species	Flammulina velutipes	(Curtis) Singer		
Floccularia luteovirens	(Alb. & Schwein.) Pouzar	CR	Fungi	Basidiomycota	Agaricomycetes	Agaricales	Agaricaceae	Floccularia	Floccularia luteovirens	3333955	species	Floccularia luteovirens	(Alb. & Schwein.) Pouzar		
Fomes fomentarius	(L.: Fr.) Fr.	LC	Fungi	Basidiomycota	Agaricomycetes	Polyporales	Polyporaceae	Fomes	Fomes fomentarius	8068867	species	Fomes fomentarius	(L.) Fr.		
Fomitiporia hartigii	(Allesch. & Schnabl) Fiasson & Niemelä	LC	Fungi	Basidiomycota	Agaricomycetes	Hymenochaetales	Hymenochaetaceae	Phellinus	Phellinus hartigii	2520757	species	Phellinus hartigii	(Allesch. & Schnabl) Pat.		
Fomitiporia hippophaeicola	(H. Jahn) Fiasson & Niemelä	VU	Fungi	Basidiomycota	Agaricomycetes	Hymenochaetales	Hymenochaetaceae	Fomitiporia	Fomitiporia hippophaeicola	3361170	species	Fomitiporia hippophaeicola	(H.Jahn) Fiasson & Niemelä		
Fomitiporia pseudopunctata	(A. David, Dequatre & Fiasson) Fiasson	DD	Fungi	Basidiomycota	Agaricomycetes	Hymenochaetales	Hymenochaetaceae	Fomitiporia	Fomitiporia pseudopunctata	2520114	species	Fomitiporia pseudopunctata	(A.David, Dequatre & Fiasson) Fiasson		
Fomitiporia punctata	(Fr.) Murril.	LC	Fungi	Basidiomycota	Agaricomycetes	Hymenochaetales	Hymenochaetaceae	Fomitiporia	Fomitiporia punctata	8669905	species	Fomitiporia punctata	(P.Karst.) Murrill		
Fomitiporia robusta	(P. Karst.) Fiasson & Niemelä	LC	Fungi	Basidiomycota	Agaricomycetes	Hymenochaetales	Hymenochaetaceae	Fomitiporia	Fomitiporia robusta	2520459	species	Fomitiporia robusta	(P.Karst.) Fiasson & Niemelä		
Fomitopsis pinicola	(Sowerby: Fr.) P. Karst.	LC	Fungi	Basidiomycota	Agaricomycetes	Polyporales	Fomitopsidaceae	Fomitopsis	Fomitopsis pinicola	2542395	species	Fomitopsis pinicola	(Sw.) P.Karst.		
Fomitopsis rosea	(Alb. et Schwein.: Fr.) P. Karst.	NT	Fungi	Basidiomycota	Agaricomycetes	Polyporales	Fomitopsidaceae	Rhodofomes	Rhodofomes roseus	8179389	species	Rhodofomes roseus	(Alb. & Schwein.) Kotl. & Pouzar		
Fuscolachnum misellum	(Roberge) J.H. Haines	DD	Fungi	Ascomycota	Leotiomycetes	Helotiales	Hyphodiscaceae	Fuscolachnum	Fuscolachnum misellum	2586443	species	Fuscolachnum misellum	(Roberge ex Desm.) J.H.Haines		
Fuscolachnum pteridis	(Alb. et Schwein.: Fr.) J.H. Haines	DD	Fungi	Ascomycota	Leotiomycetes	Helotiales	Hyphodiscaceae	Fuscolachnum	Fuscolachnum pteridis	2586433	species	Fuscolachnum pteridis	(Alb. & Schwein.) J.H.Haines		
Fuscoporia contigua	(Pers.: Fr.) G. Cunn.	NT	Fungi	Basidiomycota	Agaricomycetes	Hymenochaetales	Hymenochaetaceae	Fuscoporia	Fuscoporia contigua	2520283	species	Fuscoporia contigua	(Pers.) G.Cunn.		
Fuscoporia ferrea	(Pers.) G. Cunn.	DD	Fungi	Basidiomycota	Agaricomycetes	Hymenochaetales	Hymenochaetaceae	Fuscoporia	Fuscoporia ferrea	2520665	species	Fuscoporia ferrea	(Pers.) G.Cunn.		
Fuscoporia ferruginosa	(Schrad.: Fr.) Murril.	LC	Fungi	Basidiomycota	Agaricomycetes	Hymenochaetales	Hymenochaetaceae	Fuscoporia	Fuscoporia ferruginosa	2520410	species	Fuscoporia ferruginosa	(Schrad.) Murrill		
Fuscoporia torulosa	(Pers.) T. Wagner & M. Fisch.	CR	Fungi	Basidiomycota	Agaricomycetes	Hymenochaetales	Hymenochaetaceae	Fuscoporia	Fuscoporia torulosa	2520502	species	Fuscoporia torulosa	(Pers.) T.Wagner & M.Fisch.		
Fuscoporia viticola	(Schwein.: Fr.) Murril.	CR	Fungi	Basidiomycota	Agaricomycetes	Hymenochaetales	Hymenochaetaceae	Phellinus	Phellinus viticola	8683249	species	Phellinus viticola	(Schwein.) Donk		
Galerella plicatella	(Peck) Singer	DD	Fungi	Basidiomycota	Agaricomycetes	Agaricales	Bolbitiaceae	Galerella	Galerella plicatella	5241241	species	Galerella plicatella	(Peck) Singer		
Galerina acris	Gulden	DD	Fungi	Basidiomycota	Agaricomycetes	Agaricales	Hymenogastraceae	Galerina	Galerina acris	8418736	species	Galerina acris	Gulden		
Galerina alpestris	Singer	DD	Fungi	Basidiomycota	Agaricomycetes	Agaricales	Hymenogastraceae	Galerina	Galerina alpestris	3342692	species	Galerina alpestris	Singer		
Galerina ampullaceocystis	P.D. Orton	LC	Fungi	Basidiomycota	Agaricomycetes	Agaricales	Hymenogastraceae	Galerina	Galerina ampullaceocystis	2533768	species	Galerina ampullaceocystis	P.D.Orton		
Galerina annulata	(J. Favre) Singer	DD	Fungi	Basidiomycota	Agaricomycetes	Agaricales	Hymenogastraceae	Galerina	Galerina annulata	2533927	species	Galerina annulata	(J.Favre) Singer		
Galerina atkinsoniana	A.H. Sm.	LC	Fungi	Basidiomycota	Agaricomycetes	Agaricales	Hymenogastraceae	Galerina	Galerina atkinsoniana	2533879	species	Galerina atkinsoniana	A.H.Sm.		
Galerina autumnalis	(Peck) A.H. Sm et Singer	LC	Fungi	Basidiomycota	Agaricomycetes	Agaricales	Hymenogastraceae	Galerina	Galerina marginata	8118872	species	Galerina marginata	(Batsch) Kühner		
Galerina badipes	(Fr.) Kuehner	LC	Fungi	Basidiomycota	Agaricomycetes	Agaricales	Hymenogastraceae	Galerina	Galerina badipes	2533822	species	Galerina badipes	(Pers.) Kühner		
Galerina bresadolana	Bon	DD	Fungi	Basidiomycota	Agaricomycetes	Agaricales	Hymenogastraceae	Galerina	Galerina bresadolana	3342732	species	Galerina bresadolana	Bon		
Galerina calyptrata	P.D. Orton	LC	Fungi	Basidiomycota	Agaricomycetes	Agaricales	Hymenogastraceae	Galerina	Galerina calyptrata	2533899	species	Galerina calyptrata	P.D.Orton		
Galerina camerina	(Fr.) Kuehner	LC	Fungi	Basidiomycota	Agaricomycetes	Agaricales	Hymenogastraceae	Galerina	Galerina camerina	2533876	species	Galerina camerina	(Fr.) Kühner		
Galerina cedretorum	Maire	DD	Fungi	Basidiomycota	Agaricomycetes	Agaricales	Hymenogastraceae	Galerina	Galerina badipes	2533822	species	Galerina badipes	(Pers.) Kühner		author_mismatch
Galerina cephalotricha	Kuehner	LC	Fungi	Basidiomycota	Agaricomycetes	Agaricales	Hymenogastraceae	Galerina	Galerina cephalotricha	2533807	species	Galerina cephalotricha	Kühner		
Galerina cerina	A.H. Sm. et Singer	LC	Fungi	Basidiomycota	Agaricomycetes	Agaricales	Hymenogastraceae	Galerina	Galerina cerina	2533795	species	Galerina cerina	A.H.Sm. & Singer		
Galerina cinctula	P.D. Orton	EN	Fungi	Basidiomycota	Agaricomycetes	Agaricales	Hymenogastraceae	Galerina	Galerina cinctula	2533875	species	Galerina cinctula	P.D.Orton		
Galerina clavata	(Velen.) Kuehner	LC	Fungi	Basidiomycota	Agaricomycetes	Agaricales	Hymenogastraceae	Galerina	Galerina clavata	8251059	species	Galerina clavata	(Velen.) Kühner		
Galerina clavus	Romagn.	DD	Fungi	Basidiomycota	Agaricomycetes	Agaricales	Crassisporiaceae	Romagnesiella	Romagnesiella clavus	8371552	species	Romagnesiella clavus	(Romagn.) Contu, Matheny, P.-A.Moreau, Vizzini & A.de Haan		
Galerina dimorphocystis	A.H. Sm. et Singer	DD	Fungi	Basidiomycota	Agaricomycetes	Agaricales	Hymenogastraceae	Galerina	Galerina dimorphocystis	2533810	species	Galerina dimorphocystis	A.H.Sm. & Singer		
Galerina embolus	(Fr.) Orton	DD	Fungi	Basidiomycota	Agaricomycetes	Agaricales	Hymenogastraceae	Galerina	Galerina embolus	2533838	species	Galerina embolus	(Fr.) P.D.Orton		
Galerina gibbosa	J. Favre	DD	Fungi	Basidiomycota	Agaricomycetes	Agaricales	Hymenogastraceae	Galerina	Galerina gibbosa	3342860	species	Galerina gibbosa	J.Favre		
Galerina griseipes	Kuehner	DD	Fungi	Basidiomycota	Agaricomycetes	Agaricales	Hymenogastraceae	Galerina	Galerina griseipes	7466002	species	Galerina griseipes	Kühner		
Galerina heimansii	Reijnders	DD	Fungi	Basidiomycota	Agaricomycetes	Agaricales	Hymenogastraceae	Galerina	Galerina heimansii	2533815	species	Galerina heimansii	Reijnders		
Galerina hypnorum	(Schrank: Fr.) Kuehner	LC	Fungi	Basidiomycota	Agaricomycetes	Agaricales	Hymenogastraceae	Galerina	Galerina hypnorum	2533870	species	Galerina hypnorum	(Schrank) Kühner		
Galerina jaapii	A.H. Sm. et Singer	EN	Fungi	Basidiomycota	Agaricomycetes	Agaricales	Hymenogastraceae	Galerina	Galerina jaapii	2533919	species	Galerina jaapii	A.H.Sm. & Singer		
Galerina karstenii	A.H. Sm. et Singer	DD	Fungi	Basidiomycota	Agaricomycetes	Agaricales	Hymenogastraceae	Galerina	Galerina karstenii	3342585	species	Galerina karstenii	A.H.Sm. & Singer		
Galerina laevis	(Pers.) Singer	LC	Fungi	Basidiomycota	Agaricomycetes	Agaricales	Hymenogastraceae	Galerina	Galerina graminea	2533780	species	Galerina graminea	(Velen.) Kühner		
Galerina marginata	(Batsch) Kuehner	LC	Fungi	Basidiomycota	Agaricomycetes	Agaricales	Hymenogastraceae	Galerina	Galerina marginata	8118872	species	Galerina marginata	(Batsch) Kühner		
Galerina mniophila	(Lasch: Fr.) Kuehner	LC	Fungi	Basidiomycota	Agaricomycetes	Agaricales	Hymenogastraceae	Galerina	Galerina mniophila	2533913	species	Galerina mniophila	(Lasch) Kühner		
Galerina mycenoides	(Fr.) Kuehner	DD	Fungi	Basidiomycota	Agaricomycetes	Agaricales	Hymenogastraceae	Galerina	Galerina mycenoides	2533920	species	Galerina mycenoides	(Fr.) Kühner		
Galerina nana	(Petri) Kuehner	LC	Fungi	Basidiomycota	Agaricomycetes	Agaricales	Hymenogastraceae	Galerina	Galerina nana	2533908	species	Galerina nana	(Petri) Kühner		
Galerina pallida	(Pilat) E. Horak et M.M. Moser	DD	Fungi	Basidiomycota	Agaricomycetes	Agaricales	Hymenogastraceae	Galerina	Galerina pallida	3342840	species	Galerina pallida	(Pilát) E.Horak & M.M.Moser		
Galerina paludosa	(Fr.) Kuehner	LC	Fungi	Basidiomycota	Agaricomycetes	Agaricales	Hymenogastraceae	Galerina	Galerina paludosa	2533888	species	Galerina paludosa	(Fr.) Kühner		
Galerina permixta	(P.D. Orton) Pegler et Young	DD	Fungi	Basidiomycota	Agaricomycetes	Agaricales	Hymenogastraceae	Galerina	Galerina permixta	2533901	species	Galerina permixta	(P.D.Orton) Pegler		
Galerina pruinatipes	A.H. Sm.	LC	Fungi	Basidiomycota	Agaricomycetes	Agaricales	Hymenogastraceae	Galerina	Galerina pruinatipes	7243204	species	Galerina pruinatipes	A.H.Sm.		
Galerina pseudocamerina	Singer	DD	Fungi	Basidiomycota	Agaricomycetes	Agaricales	Hymenogastraceae	Galerina	Galerina ampullaceocystis	2533768	species	Galerina ampullaceocystis	P.D.Orton		
Galerina pseudocerina	A.H. Sm. et Singer	LC	Fungi	Basidiomycota	Agaricomycetes	Agaricales	Hymenogastraceae	Galerina	Galerina pseudocerina	2533766	species	Galerina pseudocerina	A.H.Sm. & Singer		
Galerina pseudomniophila	Kuehner	EN	Fungi	Basidiomycota	Agaricomycetes	Agaricales	Hymenogastraceae	Galerina	Galerina pseudomniophila	7503784	species	Galerina pseudomniophila	Kühner		
Galerina pseudomycenopsis	Pilat	DD	Fungi	Basidiomycota	Agaricomycetes	Agaricales	Hymenogastraceae	Galerina	Galerina pseudomycenopsis	8356400	species	Galerina pseudomycenopsis	Pilát		
Galerina pseudotundrae	Kuehner	VU	Fungi	Basidiomycota	Agaricomycetes	Agaricales	Hymenogastraceae	Galerina	Galerina pseudotundrae	2533816	species	Galerina pseudotundrae	Kühner		
Galerina pumila	(Pers.: Fr.) J.E. Lange ex Singer	LC	Fungi	Basidiomycota	Agaricomycetes	Agaricales	Hymenogastraceae	Galerina	Galerina pumila	8214795	species	Galerina pumila	(Pers.) Singer		
Galerina sahleri	(Quel.) Kuehner sensu J. Favre	LC	Fungi	Basidiomycota	Agaricomycetes	Agaricales	Hymenogastraceae	Galerina	Galerina sahleri	7243230	species	Galerina sahleri	(Quél.) Kühner		
Galerina salicicola	P.D. Orton	EN	Fungi	Basidiomycota	Agaricomycetes	Agaricales	Hymenogastraceae	Galerina	Galerina salicicola	2533886	species	Galerina salicicola	P.D.Orton		
Galerina sideroides	(Bull.) Kuehner	LC	Fungi	Basidiomycota	Agaricomycetes	Agaricales	Hymenogastraceae	Galerina	Galerina sideroides	7729743	species	Galerina sideroides	(Bull.) Kühner		
Galerina sphagnorum	(Pers.:Fr.) Kuehner	NT	Fungi	Basidiomycota	Agaricomycetes	Agaricales	Hymenogastraceae	Galerina	Galerina sphagnorum	9067519	species	Galerina sphagnorum	(Pers.) Kühner		
Galerina stordalii	A.H. Sm.	DD	Fungi	Basidiomycota	Agaricomycetes	Agaricales	Hymenogastraceae	Galerina	Galerina stordalii	2533809	species	Galerina stordalii	A.H.Sm.		
Galerina stylifera	(G.F. Atk.) A.H. Sm. et Singer	LC	Fungi	Basidiomycota	Agaricomycetes	Agaricales	Hymenogastraceae	Galerina	Galerina stylifera	2533895	species	Galerina stylifera	(G.F.Atk.) A.H.Sm. & Singer		
Galerina subbadipes	Huijsm.	DD	Fungi	Basidiomycota	Agaricomycetes	Agaricales	Hymenogastraceae	Galerina	Galerina subbadipes	2533869	species	Galerina subbadipes	Huijsman		
Galerina subclavata	Kuehner	LC	Fungi	Basidiomycota	Agaricomycetes	Agaricales	Hymenogastraceae	Galerina	Galerina subclavata	2533782	species	Galerina subclavata	Kühner		
Galerina terrestris	Wells et Kempton	DD	Fungi	Basidiomycota	Agaricomycetes	Agaricales	Hymenogastraceae	Galerina	Galerina terrestris	2533777	species	Galerina terrestris	V.L.Wells & Kempton		
Galerina tibiicystis	(G.F. Atk.) Kuehner	NT	Fungi	Basidiomycota	Agaricomycetes	Agaricales	Hymenogastraceae	Galerina	Galerina tibiicystis	2533865	species	Galerina tibiicystis	(G.F.Atk.) Kühner		
Galerina triscopa	(Fr.) Kuehner	LC	Fungi	Basidiomycota	Agaricomycetes	Agaricales	Hymenogastraceae	Galerina	Galerina triscopa	2533942	species	Galerina triscopa	(Fr.) Kühner		
Galerina uncialis	(Britzelm.) Kuehner	LC	Fungi	Basidiomycota	Agaricomycetes	Agaricales	Hymenogastraceae	Galerina	Galerina uncialis	8154895	species	Galerina uncialis	(Britzelm.) Kühner		
Galerina vittiformis	(Fr.) Singer	LC	Fungi	Basidiomycota	Agaricomycetes	Agaricales	Hymenogastraceae	Galerina	Galerina vittiformis	2533783	species	Galerina vittiformis	(Fr.) Singer		
Galzinia incrustans	(Hoehn. et Litsch.) Parmasto	VU	Fungi	Basidiomycota	Agaricomycetes	Corticiales	Corticiaceae	Mycobernardia	Mycobernardia incrustans	12209376	species	Mycobernardia incrustans	(Parmasto) Ghobad-Nejhad		
Galzinia pedicellata	Bourdot	DD	Fungi	Basidiomycota	Agaricomycetes	Corticiales	Corticiaceae	Galzinia	Galzinia pedicellata	2555786	species	Galzinia pedicellata	Bourdot		
Gamundia striatula	(Kuehner) Raithelhuber	LC	Fungi	Basidiomycota	Agaricomycetes	Agaricales	Tricholomataceae	Gamundia	Gamundia striatula	2532008	species	Gamundia striatula	(Kühner) Raithelh.		
Ganoderma adspersum	(Schulzer) Donk	LC	Fungi	Basidiomycota	Agaricomycetes	Polyporales	Polyporaceae	Ganoderma	Ganoderma adspersum	2549570	species	Ganoderma adspersum	(Schulzer) Donk		
Ganoderma carnosum	Pat.	LC	Fungi	Basidiomycota	Agaricomycetes	Polyporales	Polyporaceae	Ganoderma	Ganoderma carnosum	2549719	species	Ganoderma carnosum	Pat.		
Ganoderma lipsiense	(Batsch) G.F. Atk.	LC	Fungi	Basidiomycota	Agaricomycetes	Polyporales	Polyporaceae	Polyporus	Polyporus lipsiensis	5248275	species	Polyporus lipsiensis	(Batsch) E.H.L.Krause		
Ganoderma lucidum	(Fr.) P. Karst.	LC	Fungi	Basidiomycota	Agaricomycetes	Polyporales	Polyporaceae	Ganoderma	Ganoderma lucidum	2549730	species	Ganoderma lucidum	(Curtis) P.Karst.		
Ganoderma resinaceum	Boud.	VU	Fungi	Basidiomycota	Agaricomycetes	Polyporales	Polyporaceae	Ganoderma	Ganoderma resinaceum	2549683	species	Ganoderma resinaceum	Boud.		
Ganoderma valesiacum	Boud.	EN	Fungi	Basidiomycota	Agaricomycetes	Polyporales	Polyporaceae	Ganoderma	Ganoderma valesiacum	2549723	species	Ganoderma valesiacum	Boud.		
Gastrosporium simplex	Matt.	CR	Fungi	Basidiomycota	Agaricomycetes	Phallales	Gastrosporiaceae	Gastrosporium	Gastrosporium simplex	2525748	species	Gastrosporium simplex	Mattir.		
Gautieria dubia	E.Fischer	DD	Fungi	Basidiomycota	Agaricomycetes	Gomphales	Gomphaceae	Gautieria	Gautieria dubia	8420577	species	Gautieria dubia	E.Fisch.		
Gautieria graveolens	Vittad.	LC	Fungi	Basidiomycota	Agaricomycetes	Gomphales	Gomphaceae	Gautieria	Gautieria graveolens	2522033	species	Gautieria graveolens	Vittad.		
Gautieria mexicana	(Fischer) Zeller et Dodge	CR	Fungi	Basidiomycota	Agaricomycetes	Gomphales	Gomphaceae	Gautieria	Gautieria mexicana	2522022	species	Gautieria mexicana	(E.Fisch.) Zeller & C.W.Dodge		
Gautieria morchelliformis	Vittad.	LC	Fungi	Basidiomycota	Agaricomycetes	Gomphales	Gomphaceae	Gautieria	Gautieria morchelliformis	2522031	species	Gautieria morchelliformis	Vittad.		
Gautieria otthii	Trog	DD	Fungi	Basidiomycota	Agaricomycetes	Gomphales	Gomphaceae	Gautieria	Gautieria otthii	2522029	species	Gautieria otthii	Trog		
Geastrum badium	Pers.	DD	Fungi	Basidiomycota	Agaricomycetes	Geastrales	Geastraceae	Geastrum	Geastrum elegans	2554347	species	Geastrum elegans	Vittad.		
Geastrum berkeleyi	Massee	DD	Fungi	Basidiomycota	Agaricomycetes	Geastrales	Geastraceae	Geastrum	Geastrum berkeleyi	2554327	species	Geastrum berkeleyi	Massee		
Geastrum corollinum	(Batsch) Hollos	DD	Fungi	Basidiomycota	Agaricomycetes	Geastrales	Geastraceae	Geastrum	Geastrum corollinum	2554374	species	Geastrum corollinum	(Batsch) Hollós		
Geastrum coronatum	Pers.: Pers.	CR	Fungi	Basidiomycota	Agaricomycetes	Geastrales	Geastraceae	Geastrum	Geastrum coronatum	2554325	species	Geastrum coronatum	Pers.		
Geastrum fimbriatum	Fr.: Fr.	LC	Fungi	Basidiomycota	Agaricomycetes	Geastrales	Geastraceae	Geastrum	Geastrum fimbriatum	2554355	species	Geastrum fimbriatum	Fr.		
Geastrum floriforme	Vittad.	DD	Fungi	Basidiomycota	Agaricomycetes	Geastrales	Geastraceae	Geastrum	Geastrum floriforme	2554326	species	Geastrum floriforme	Vittad.		
Geastrum fornicatum	(Huds.ex Pers.) Hooker	DD	Fungi	Basidiomycota	Agaricomycetes	Geastrales	Geastraceae	Geastrum	Geastrum fornicatum	2554359	species	Geastrum fornicatum	(Huds.) Hook.		
Geastrum lageniforme	Vittad.	DD	Fungi	Basidiomycota	Agaricomycetes	Geastrales	Geastraceae	Geastrum	Geastrum lageniforme	2554332	species	Geastrum lageniforme	Vittad.		
Geastrum melanocephalum	(Czern.) V.J. Stanek	EN	Fungi	Basidiomycota	Agaricomycetes	Geastrales	Geastraceae	Geastrum	Geastrum melanocephalum	2554370	species	Geastrum melanocephalum	(Czern.) V.J.Stanĕk		
Geastrum minimum	Schwein.	LC	Fungi	Basidiomycota	Agaricomycetes	Geastrales	Geastraceae	Geastrum	Geastrum minimum	2554328	species	Geastrum minimum	Schwein.		
Geastrum nanum	Pers.	EN	Fungi	Basidiomycota	Agaricomycetes	Geastrales	Geastraceae	Geastrum	Geastrum striatum	2554383	species	Geastrum striatum	DC.		
Geastrum pectinatum	Pers.: Pers.	LC	Fungi	Basidiomycota	Agaricomycetes	Geastrales	Geastraceae	Geastrum	Geastrum pectinatum	2554343	species	Geastrum pectinatum	Pers.		
Geastrum pouzarii	V.J. Stanek	DD	Fungi	Basidiomycota	Agaricomycetes	Geastrales	Geastraceae	Geastrum	Geastrum pouzarii	2554364	species	Geastrum pouzarii	V.J.Stanĕk		
Geastrum quadrifidum	Pers.:Pers.	LC	Fungi	Basidiomycota	Agaricomycetes	Geastrales	Geastraceae	Geastrum	Geastrum quadrifidum	2554338	species	Geastrum quadrifidum	Pers.		
Geastrum rufescens	Pers.: Pers.	LC	Fungi	Basidiomycota	Agaricomycetes	Geastrales	Geastraceae	Geastrum	Geastrum rufescens	2554340	species	Geastrum rufescens	Pers.		
Geastrum saccatum	Fr.	DD	Fungi	Basidiomycota	Agaricomycetes	Geastrales	Geastraceae	Geastrum	Geastrum saccatum	2554333	species	Geastrum saccatum	Fr.		
Geastrum striatum	DC.: Pers.	NT	Fungi	Basidiomycota	Agaricomycetes	Geastrales	Geastraceae	Geastrum	Geastrum striatum	2554383	species	Geastrum striatum	DC.		author_mismatch
Geastrum triplex	Jungh.	LC	Fungi	Basidiomycota	Agaricomycetes	Geastrales	Geastraceae	Geastrum	Geastrum triplex	2554367	species	Geastrum triplex	Jungh.		
Genea hispidula	Berk. et Broome	DD	Fungi	Ascomycota	Pezizomycetes	Pezizales	Pyronemataceae	Genea	Genea hispidula	7630369	species	Genea hispidula	Berk. & Broome		
Genea klotzschii	Berk. et Broome	DD	Fungi	Ascomycota	Pezizomycetes	Pezizales	Pyronemataceae	Genea	Genea klotzschii	5258880	species	Genea klotzschii	Berk. & Broome		
Geoglossum cookeanum	Nannfeld	EN	Fungi	Ascomycota	Geoglossomycetes	Geoglossales	Geoglossaceae	Geoglossum	Geoglossum cookeianum	3484504	species	Geoglossum cookeianum	Nannf.		
Geoglossum fallax	Durand	DD	Fungi	Ascomycota	Geoglossomycetes	Geoglossales	Geoglossaceae	Geoglossum	Geoglossum fallax	2586856	species	Geoglossum fallax	E.J.Durand		
Geoglossum glabrum	Pers.: Fr.	DD	Fungi	Ascomycota	Geoglossomycetes	Geoglossales	Geoglossaceae	Geoglossum	Geoglossum glabrum	2586845	species	Geoglossum glabrum	Pers.		
Geoglossum peckianum	Cooke	DD	Fungi	Ascomycota	Geoglossomycetes	Geoglossales	Geoglossaceae	Geoglossum	Geoglossum peckianum	2586869	species	Geoglossum peckianum	Cooke		
Geoglossum simile	Peck	DD	Fungi	Ascomycota	Geoglossomycetes	Geoglossales	Geoglossaceae	Geoglossum	Geoglossum simile	2586858	species	Geoglossum simile	Peck		
Geoglossum starbaeckii	Nannf.	DD	Fungi	Ascomycota	Geoglossomycetes	Geoglossales	Geoglossaceae	Geoglossum	Geoglossum starbaeckii	2586860	species	Geoglossum starbaeckii	Nannf.		
Geoglossum umbratile	Sacc.	LC	Fungi	Ascomycota	Geoglossomycetes	Geoglossales	Geoglossaceae	Geoglossum	Geoglossum umbratile	2586857	species	Geoglossum umbratile	Sacc.		
Geopora arenicola	(Lev.) Kers	LC	Fungi	Ascomycota	Pezizomycetes	Pezizales	Pyronemataceae	Geopora	Geopora arenicola	5258616	species	Geopora arenicola	(Lév.) Kers		
Geopora cervina	(Velen.) T. Schumach.	DD	Fungi	Ascomycota	Pezizomycetes	Pezizales	Pyronemataceae	Geopora	Geopora cervina	5258626	species	Geopora cervina	(Velen.) T.Schumach.		
Geopora cooperi	Harkn.	DD	Fungi	Ascomycota	Pezizomycetes	Pezizales	Pyronemataceae	Geopora	Geopora cooperi	5499776	species	Geopora cooperi	Harkn.		
Geopora foliacea	(Schaeff.) S. Ahmad	DD	Fungi	Ascomycota	Pezizomycetes	Pezizales	Pyronemataceae	Geopora	Geopora foliacea	5258614	species	Geopora foliacea	(Schaeff.) S.Ahmad		
Geopora herinkii	Svrcek	DD	Fungi	Ascomycota	Pezizomycetes	Pezizales	Pyronemataceae	Tricharinopsis	Tricharinopsis herinkii	10827424	species	Tricharinopsis herinkii	(Svrček) U.Lindem., Van Vooren & Healy		author_mismatch
Geopora nicaeensis	(Boud.) Torre	DD	Fungi	Ascomycota	Pezizomycetes	Pezizales	Pyronemataceae	Geopora	Geopora nicaeensis	5499782	species	Geopora nicaeensis	(Boud.) M.Torre		
Geopora sumneriana	(Cooke) M. Torre	LC	Fungi	Ascomycota	Pezizomycetes	Pezizales	Pyronemataceae	Geopora	Geopora sumneriana	5258630	species	Geopora sumneriana	(Cooke ex W.Phillips) M.Torre		
Geopora tenuis	(Fuckel) T. Schumach.	LC	Fungi	Ascomycota	Pezizomycetes	Pezizales	Pyronemataceae	Geopora	Geopora tenuis	5258622	species	Geopora tenuis	(Fuckel) T.Schumach.		
Geopyxis alpina	Hoehn.	DD	Fungi	Ascomycota	Pezizomycetes	Pezizales	Pyronemataceae	Geopyxis	Geopyxis alpina	3496170	species	Geopyxis alpina	Höhn.		
Geopyxis carbonaria	(Alb. et Schwein.: Fr.) Sacc.	LC	Fungi	Ascomycota	Pezizomycetes	Pezizales	Pyronemataceae	Geopyxis	Geopyxis carbonaria	2593573	species	Geopyxis carbonaria	(Alb. & Schwein.) Sacc.		
Geopyxis majalis	(Fr.) Sacc.	DD	Fungi	Ascomycota	Pezizomycetes	Pezizales	Pyronemataceae	Geopyxis	Geopyxis majalis	2593580	species	Geopyxis majalis	(Fr.) Sacc.		
Geoscypha ampelina	(Gillet) Van Vooren & Dougoud	LC	Fungi	Ascomycota	Pezizomycetes	Pezizales	Pezizaceae	Geoscypha	Geoscypha ampelina	12038760	species	Geoscypha ampelina	(Gillet) Van Vooren & Dougoud		
Geoscypha tenacella	(Sacc.) Van Vooren	LC	Fungi	Ascomycota	Pezizomycetes	Pezizales	Pezizaceae	Geoscypha	Geoscypha tenacella	12263649	species	Geoscypha tenacella	(Sacc.) Van Vooren		
Geoscypha violacea	(Pers.) Lambotte	LC	Fungi	Ascomycota	Pezizomycetes	Pezizales	Pezizaceae	Geoscypha	Geoscypha violacea	12242244	species	Geoscypha violacea	(Pers.) Lambotte		
Gerronema alutaceum	Singer	DD	Fungi	Basidiomycota	Agaricomycetes	Agaricales	Marasmiaceae	Gerronema	Gerronema alutaceum	3320178	species	Gerronema alutaceum	Singer		
Gerronema josserandii	Singer	EN	Fungi	Basidiomycota	Agaricomycetes	Agaricales	Marasmiaceae	Gerronema	Gerronema josserandii	2538200	species	Gerronema josserandii	Singer		
Gerronema reclinis	(Fr.) Clemencon	DD	Fungi	Basidiomycota	Agaricomycetes	Agaricales	Marasmiaceae	Gerronema	Gerronema reclinis	3320158	species	Gerronema reclinis	(Fr.) Clémençon		
Gerronema strombodes	(Berk. et Mont.) Singer	VU	Fungi	Basidiomycota	Agaricomycetes	Agaricales	Marasmiaceae	Gerronema	Gerronema strombodes	2538254	species	Gerronema strombodes	(Berk. & Mont.) Singer		
Gliophorus irrigatus	(Pers.) A.M. Ainsw. & P.M. Kirk	LC	Fungi	Basidiomycota	Agaricomycetes	Agaricales	Hygrophoraceae	Gliophorus	Gliophorus irrigatus	8097905	species	Gliophorus irrigatus	(Pers.) A.M.Ainsw. & P.M.Kirk		
Gliophorus laetus	(Pers.) Herink	VU	Fungi	Basidiomycota	Agaricomycetes	Agaricales	Hygrophoraceae	Gliophorus	Gliophorus laetus	3304469	species	Gliophorus laetus	(Pers.) Herink		
Gliophorus psittacinus	(Schaeff.) Herink	LC	Fungi	Basidiomycota	Agaricomycetes	Agaricales	Hygrophoraceae	Gliophorus	Gliophorus psittacinus	3345400	species	Gliophorus psittacinus	(Schaeff.) Herink		
Globulicium hiemale	(Laurila) Hjortstam	DD	Fungi	Basidiomycota	Agaricomycetes	Hymenochaetales	Rickenellaceae	Globulicium	Globulicium hiemale	2540649	species	Globulicium hiemale	(Laurila) Hjortstam		
Gloeocystidiellum clavuligerum	(Hoehn. et Litsch.) Nakasone	LC	Fungi	Basidiomycota	Agaricomycetes	Russulales	Stereaceae	Gloeocystidiellum	Gloeocystidiellum clavuligerum	2553231	species	Gloeocystidiellum clavuligerum	(Höhn. & Litsch.) Nakasone		
Gloeocystidiellum porosum	(Berk. et M.A. Curtis) Donk	LC	Fungi	Basidiomycota	Agaricomycetes	Russulales	Stereaceae	Gloeocystidiellum	Gloeocystidiellum porosum	2553244	species	Gloeocystidiellum porosum	(Berk. & M.A.Curtis) Donk		
Gloeodontia columbiensis	Burt ex Burds. et Lomb.	DD	Fungi	Basidiomycota	Agaricomycetes	Russulales	Gloeodontiaceae	Gloeodontia	Gloeodontia columbiensis	2553025	species	Gloeodontia columbiensis	Burt ex Burds. & Lombard		
Gloeodontia subasperispora	(Litsch.) E. Larss. & K.H. Larss.	VU	Fungi	Basidiomycota	Agaricomycetes	Russulales	Gloeodontiaceae	Gloeodontia	Gloeodontia subasperispora	2553026	species	Gloeodontia subasperispora	(Litsch.) E.Larss. & K.H.Larss.		
Gloeohypochnicium analogum	(Bourdot & Galzin) Hjortstam	DD	Fungi	Basidiomycota	Agaricomycetes	Russulales		Gloeohypochnicium	Gloeohypochnicium analogum	2544664	species	Gloeohypochnicium analogum	(Bourdot & Galzin) Hjortstam		
Gloeophyllum abietinum	(Bull.: Fr.) P. Karst.	LC	Fungi	Basidiomycota	Agaricomycetes	Gloeophyllales	Gloeophyllaceae	Gloeophyllum	Gloeophyllum abietinum	5249202	species	Gloeophyllum abietinum	(Bull.) P.Karst.		
Gloeophyllum odoratum	(Wulfen: Fr.) Imazeki	LC	Fungi	Basidiomycota	Agaricomycetes	Gloeophyllales	Gloeophyllaceae	Gloeophyllum	Gloeophyllum odoratum	5249216	species	Gloeophyllum odoratum	(Wulfen) Imazeki		
Gloeophyllum protractum	(Fr.) Imazeki	DD	Fungi	Basidiomycota	Agaricomycetes	Gloeophyllales	Gloeophyllaceae	Gloeophyllum	Gloeophyllum protractum	5249234	species	Gloeophyllum protractum	(Fr.) Imazeki		
Gloeophyllum sepiarium	(Wulfen: Fr.) P. Karst.	LC	Fungi	Basidiomycota	Agaricomycetes	Gloeophyllales	Gloeophyllaceae	Gloeophyllum	Gloeophyllum sepiarium	5249253	species	Gloeophyllum sepiarium	(Wulfen) P.Karst.		
Gloeophyllum trabeum	(Pers.:Fr.) Murrill	LC	Fungi	Basidiomycota	Agaricomycetes	Gloeophyllales	Gloeophyllaceae	Gloeophyllum	Gloeophyllum trabeum	5249188	species	Gloeophyllum trabeum	(Pers.) Murrill		
Gloeoporus dichrous	(Fr.: Fr.) Bres.	VU	Fungi	Basidiomycota	Agaricomycetes	Polyporales	Irpicaceae	Vitreoporus	Vitreoporus dichrous	10719947	species	Vitreoporus dichrous	(Fr.) Zmitr.		
Gloeoporus pannocinctus	(Romell) J. Erikss.	DD	Fungi	Basidiomycota	Agaricomycetes	Polyporales	Irpicaceae	Gloeoporus	Gloeoporus pannocinctus	2544607	species	Gloeoporus pannocinctus	(Romell) J.Erikss.		
Gloeotinia aschersoniana	(Henn. et Ploettn.) Baral	DD	Fungi	Ascomycota	Leotiomycetes	Helotiales	Sclerotiniaceae	Ciboria	Ciboria aschersoniana	2583051	species	Ciboria aschersoniana	(Henn. & Plöttn.) Whetzel		
Gloiothele citrina	(Pers.) Ginns & G.W. Freeman	LC	Fungi	Basidiomycota	Agaricomycetes	Russulales	Peniophoraceae	Gloiothele	Gloiothele citrina	2552364	species	Gloiothele citrina	(Pers.) Ginns & G.W.Freeman		
Gloiothele lactescens		VU	Fungi	Basidiomycota	Agaricomycetes	Russulales	Peniophoraceae	Gloiothele	Gloiothele lactescens	2552382	species	Gloiothele lactescens	(Berk.) Hjortstam		
Glutinoglossum glutinosum	(Pers.) Hustad, A.N. Mill., Dentinger & P.F. Cannon	VU	Fungi	Ascomycota	Geoglossomycetes	Geoglossales	Geoglossaceae	Glutinoglossum	Glutinoglossum glutinosum	7463311	species	Glutinoglossum glutinosum	(Pers.) Hustad, A.N.Mill., Dentinger & P.F.Cannon		
Godronia callunigena	(P. Karst.) P. Karst.	DD	Fungi	Ascomycota	Leotiomycetes	Helotiales	Godroniaceae	Godronia	Godronia callunigena	2582915	species	Godronia callunigena	(P.Karst.) P.Karst.		
Godronia fuliginosa	(Fr.: Fr.) Seaver	DD	Fungi	Ascomycota	Leotiomycetes	Helotiales	Godroniaceae	Godronia	Godronia fuliginosa	9004604	species	Godronia fuliginosa	(Pers.) Seaver		
Godronia ribis	(Fr.) Seaver	DD	Fungi	Ascomycota	Leotiomycetes	Helotiales	Godroniaceae	Godronia	Godronia ribis	2582903	species	Godronia ribis	(Fr.) Seaver		
Godronia uberiformis	J.W. Groves	DD	Fungi	Ascomycota	Leotiomycetes	Helotiales	Godroniaceae	Godronia	Godronia uberiformis	2582922	species	Godronia uberiformis	J.W.Groves		
Godronia urceolus	(J.C. Schmidt: Fr.) P. Karst.	DD	Fungi	Ascomycota	Leotiomycetes	Helotiales	Godroniaceae	Godronia	Godronia urceolus	2582928	species	Godronia urceolus	(Alb. & Schwein.) P.Karst.		
Gomphidius glutinosus	(Schaeff.: Fr.) Fr.	LC	Fungi	Basidiomycota	Agaricomycetes	Boletales	Gomphidiaceae	Gomphidius	Gomphidius glutinosus	2525027	species	Gomphidius glutinosus	(Schaeff.) Fr.		
Gomphidius gracilis	Berk. et Broome	NT	Fungi	Basidiomycota	Agaricomycetes	Boletales	Gomphidiaceae	Gomphidius	Gomphidius maculatus	2525039	species	Gomphidius maculatus	(Scop.) Fr.		
Gomphidius maculatus	Fr.	LC	Fungi	Basidiomycota	Agaricomycetes	Boletales	Gomphidiaceae	Gomphidius	Gomphidius maculatus	2525039	species	Gomphidius maculatus	(Scop.) Fr.		
Gomphidius roseus	(L.) Fr.	VU	Fungi	Basidiomycota	Agaricomycetes	Boletales	Gomphidiaceae	Gomphidius	Gomphidius roseus	7889985	species	Gomphidius roseus	(Fr.) Oudem.		
Gomphus clavatus	(Pers.ex Fr.) S.F.Gray	LC	Fungi	Basidiomycota	Agaricomycetes	Gomphales	Gomphaceae	Gomphus	Gomphus clavatus	5238786	species	Gomphus clavatus	(Pers.) Gray		
Gorgoniceps aridula	(Karst.) Karst.	DD	Fungi	Ascomycota	Leotiomycetes	Helotiales	Helotiaceae	Gorgoniceps	Gorgoniceps aridula	2582053	species	Gorgoniceps aridula	(P.Karst.) P.Karst.		
Gremmeniella abietina	(Lagerb.) M. Morelet	DD	Fungi	Ascomycota	Leotiomycetes	Helotiales	Godroniaceae	Gremmeniella	Gremmeniella abietina	2584139	species	Gremmeniella abietina	(Lagerb.) M.Morelet		
Gremmeniella laricina	(Ettl.) Petrini et al.	DD	Fungi	Ascomycota	Leotiomycetes	Helotiales	Godroniaceae	Gremmeniella	Gremmeniella laricina	2584154	species	Gremmeniella laricina	(Ettl.) Petrini, L.E.Petrini, Lafl. & Ouell.		
Grifola frondosa	(Dicks.:Fr.) Gray	LC	Fungi	Basidiomycota	Agaricomycetes	Polyporales	Grifolaceae	Grifola	Grifola frondosa	2540800	species	Grifola frondosa	(Dicks.) Gray		
Guepiniopsis alpina	(Tracy et Earle) Brasf.	DD	Fungi	Basidiomycota	Dacrymycetes	Dacrymycetales	Dacrymycetaceae	Guepiniopsis	Guepiniopsis alpina	2512874	species	Guepiniopsis alpina	(Tracy & Earle) Brasf.		
Guepiniopsis buccina	(Pers.: Fr.) L.L. Kenn.	VU	Fungi	Basidiomycota	Dacrymycetes	Dacrymycetales	Dacrymycetaceae	Guepiniopsis	Guepiniopsis buccina	2512861	species	Guepiniopsis buccina	(Pers.) L.L.Kenn.		
Guepiniopsis chrysocoma	(Bull.) Brasf.	DD	Fungi	Basidiomycota	Dacrymycetes	Dacrymycetales	Dacrymycetaceae	Dacrymyces	Dacrymyces chrysocomus	2512890	species	Dacrymyces chrysocomus	(Bull.) Tul.		
Guepiniopsis suecica	(McNabb) Juelich	DD	Fungi	Basidiomycota	Dacrymycetes	Dacrymycetales	Dacrymycetaceae	Guepiniopsis	Guepiniopsis suecica	3371610	species	Guepiniopsis suecica	(McNabb) Jülich		
Gymnopilus bellulus	(Peck) Murrill	LC	Fungi	Basidiomycota	Agaricomycetes	Agaricales	Hymenogastraceae	Gymnopilus	Gymnopilus bellulus	2533655	species	Gymnopilus bellulus	(Peck) Murrill		
Gymnopilus flavus	(Bres.) Singer	EN	Fungi	Basidiomycota	Agaricomycetes	Agaricales	Hymenogastraceae	Gymnopilus	Gymnopilus flavus	2533685	species	Gymnopilus flavus	(Bres.) Singer		
Gymnopilus fulgens	(J. Favre et Maire) Singer	DD	Fungi	Basidiomycota	Agaricomycetes	Agaricales	Hymenogastraceae	Gymnopilus	Gymnopilus fulgens	2533642	species	Gymnopilus fulgens	(J.Favre & Maire) Singer		
Gymnopilus liquiritiae	(Pers.:Fr.) Karst.	DD	Fungi	Basidiomycota	Agaricomycetes	Agaricales	Hymenogastraceae	Gymnopilus	Gymnopilus liquiritiae	2533721	species	Gymnopilus liquiritiae	(Pers.) P.Karst.		
Gymnopilus microsporus	Singer	DD	Fungi	Basidiomycota	Agaricomycetes	Agaricales	Hymenogastraceae	Gymnopilus	Gymnopilus microsporus	3343048	species	Gymnopilus microsporus	Singer		
Gymnopilus odini	(Fr.) Kuehner et Romagn.	EN	Fungi	Basidiomycota	Agaricomycetes	Agaricales	Hymenogastraceae	Gymnopilus	Gymnopilus odini	2533652	species	Gymnopilus odini	(Fr.) Bon & P.Roux		
Gymnopilus penetrans	(Fr.:Fr.) Murrill	LC	Fungi	Basidiomycota	Agaricomycetes	Agaricales	Hymenogastraceae	Gymnopilus	Gymnopilus penetrans	2533692	species	Gymnopilus penetrans	(Fr.) Murrill		
Gymnopilus picreus	(Pers.: Fr.) P. Karst.	EN	Fungi	Basidiomycota	Agaricomycetes	Agaricales	Hymenogastraceae	Gymnopilus	Gymnopilus picreus	2533726	species	Gymnopilus picreus	(Pers.) P.Karst.		
Gymnopilus purpuratus	(Cooke et Massee) Singer	DD	Fungi	Basidiomycota	Agaricomycetes	Agaricales	Hymenogastraceae	Gymnopilus	Gymnopilus purpuratus	2533717	species	Gymnopilus purpuratus	(Cooke & Massee) Singer		
Gymnopilus sapineus	(Fr.) Maire	LC	Fungi	Basidiomycota	Agaricomycetes	Agaricales	Hymenogastraceae	Gymnopilus	Gymnopilus sapineus	2533669	species	Gymnopilus sapineus	(Fr.) Murrill		
Gymnopilus spectabilis	(Fr.) A.H. Sm.	LC	Fungi	Basidiomycota	Agaricomycetes	Agaricales	Hymenogastraceae	Gymnopilus	Gymnopilus junonius	2533674	species	Gymnopilus junonius	(Fr.) P.D.Orton		
Gymnopilus stabilis	(Weinm.) Kuehner et Romagn.	EN	Fungi	Basidiomycota	Agaricomycetes	Agaricales	Hymenogastraceae	Gymnopilus	Gymnopilus stabilis	2533649	species	Gymnopilus stabilis	(Weinm.) Kühner & Romagn. ex Bon		
Gymnopilus subsphaerosporus	(Joss.) Kuehner et Romagn.	VU	Fungi	Basidiomycota	Agaricomycetes	Agaricales	Hymenogastraceae	Gymnopilus	Gymnopilus subsphaerosporus	3343007	species	Gymnopilus subsphaerosporus	(Joss.) Kühner & Romagn.		
Gymnopus acervatus	(Fr.:Fr.) Murrill	NT	Fungi	Basidiomycota	Agaricomycetes	Agaricales	Omphalotaceae	Connopus	Connopus acervatus	8114489	species	Connopus acervatus	(Fr.) K.W.Hughes, Mather & R.H.Petersen		
Gymnopus androsaceus	(L.:Fr.) Antonin et Noordel.	LC	Fungi	Basidiomycota	Agaricomycetes	Agaricales	Omphalotaceae	Gymnopus	Gymnopus androsaceus	7392837	species	Gymnopus androsaceus	(L.) Antonín & Noordel.		
Gymnopus aquosus	(Bull.:Fr.) Antonin et Noordel.	DD	Fungi	Basidiomycota	Agaricomycetes	Agaricales	Omphalotaceae	Gymnopus	Gymnopus aquosus	9177901	species	Gymnopus aquosus	(Bull.) Antonín & Noordel.		
Gymnopus benoistii	(Boud.) Antonin et Noordel.	DD	Fungi	Basidiomycota	Agaricomycetes	Agaricales	Omphalotaceae	Gymnopus	Gymnopus benoistii	5243735	species	Gymnopus benoistii	(Boud.) Antonín & Noordel.		
Gymnopus brassicolens	(Romagn.) Antonin et Noordel.	LC	Fungi	Basidiomycota	Agaricomycetes	Agaricales	Omphalotaceae	Gymnopus	Gymnopus brassicolens	3566115	species	Gymnopus brassicolens	(Romagn.) Antonín & Noordel.		
Gymnopus confluens	(Pers.:Fr.) Antonin, Halling et Noordel.	LC	Fungi	Basidiomycota	Agaricomycetes	Agaricales	Omphalotaceae	Collybiopsis	Collybiopsis confluens	11993337	species	Collybiopsis confluens	(Pers.) R.H.Petersen		
Gymnopus dryophilus	(Bull.:Fr.) Murrill	LC	Fungi	Basidiomycota	Agaricomycetes	Agaricales	Omphalotaceae	Gymnopus	Gymnopus dryophilus	5243756	species	Gymnopus dryophilus	(Bull.) Murrill		
Gymnopus erythropus	(Pers.:Fr.) Antonin, Halling et Noordel.	LC	Fungi	Basidiomycota	Agaricomycetes	Agaricales	Omphalotaceae	Gymnopus	Gymnopus erythropus	8929763	species	Gymnopus erythropus	(Pers.) Antonín, Halling & Noordel.		
Gymnopus fagiphilus	(Velen.) Antonin, Halling et Noordel.	DD	Fungi	Basidiomycota	Agaricomycetes	Agaricales	Omphalotaceae	Gymnopus	Gymnopus fagiphilus	5243736	species	Gymnopus fagiphilus	(Velen.) Antonín, Halling & Noordel.		
Gymnopus foetidus	(Sowerby) P.M. Kirk	LC	Fungi	Basidiomycota	Agaricomycetes	Agaricales	Omphalotaceae	Gymnopus	Gymnopus foetidus	8091645	species	Gymnopus foetidus	(Sowerby) P.M.Kirk		
Gymnopus fuscopurpureus	(Fr.) Antonin, Halling et Noordel.	LC	Fungi	Basidiomycota	Agaricomycetes	Agaricales	Omphalotaceae	Gymnopus	Gymnopus fuscopurpureus	8732406	species	Gymnopus fuscopurpureus	(Pers.) Antonín, Halling & Noordel.		
Gymnopus fusipes	(Bull.:Fr.) Gray	LC	Fungi	Basidiomycota	Agaricomycetes	Agaricales	Omphalotaceae	Gymnopus	Gymnopus fusipes	5243758	species	Gymnopus fusipes	(Bull.) Gray		
Gymnopus hariolorum	(Bull.:Fr.) Antonin, Halling et Noordel.	LC	Fungi	Basidiomycota	Agaricomycetes	Agaricales	Omphalotaceae	Gymnopus	Gymnopus hariolorum	9120099	species	Gymnopus hariolorum	(Bull.) Antonín, Halling & Noordel.		
Gymnopus hybridus	(Kuehner et Romagn.) Antonin et Noordel.	VU	Fungi	Basidiomycota	Agaricomycetes	Agaricales	Omphalotaceae	Gymnopus	Gymnopus hybridus	5449412	species	Gymnopus hybridus	(Kühner & Romagn.) Antonín & Noordel.		
Gymnopus impudicus	(Fr.) Antonin, Halling et Noordel.	LC	Fungi	Basidiomycota	Agaricomycetes	Agaricales	Omphalotaceae	Gymnopus	Gymnopus impudicus	5243737	species	Gymnopus impudicus	(Fr.) Antonín, Halling & Noordel.		
Gymnopus inodorus	(Pat.) Antonin et Noordel.	DD	Fungi	Basidiomycota	Agaricomycetes	Agaricales	Omphalotaceae	Gymnopus	Gymnopus inodorus	5242114	species	Gymnopus inodorus	(Pat.) Antonín & Noordel.		
Gymnopus loiseleurietorum	(M.M.Moser, Gerhold et Tobies) Antonin et Noordel.	DD	Fungi	Basidiomycota	Agaricomycetes	Agaricales	Omphalotaceae	Gymnopus	Gymnopus loiseleurietorum	5449312	species	Gymnopus loiseleurietorum	(M.M.Moser, Gerhold & Tobies) Antonín & Noordel.		
Gymnopus ocior	(Pers.) Antonin et Noordel.	LC	Fungi	Basidiomycota	Agaricomycetes	Agaricales	Omphalotaceae	Gymnopus	Gymnopus ocior	5243738	species	Gymnopus ocior	(Pers.) Antonín & Noordel.		
Gymnopus oreadoides	(Pass.) Antonin et Noordel.	VU	Fungi	Basidiomycota	Agaricomycetes	Agaricales	Omphalotaceae	Gymnopus	Gymnopus oreadoides	5243754	species	Gymnopus oreadoides	(Pass.) Antonín & Noordel.		
Gymnopus peronatus	(Bolton:Fr.) Antonin, Halling et Noordel.	LC	Fungi	Basidiomycota	Agaricomycetes	Agaricales	Omphalotaceae	Collybiopsis	Collybiopsis peronata	12092733	species	Collybiopsis peronata	(Bolton) R.H.Petersen		
Gymnopus putillus	(Fr.:Fr.) Antonin, Halling et Noordel.	LC	Fungi	Basidiomycota	Agaricomycetes	Agaricales	Omphalotaceae	Gymnopus	Gymnopus putillus	9024555	species	Gymnopus putillus	(Fr.) Antonín, Halling & Noordel.		
Gymnopus quercophilus	(Pouzar) Antonin et Noordel.	EN	Fungi	Basidiomycota	Agaricomycetes	Agaricales	Omphalotaceae	Collybiopsis	Collybiopsis quercophila	12163330	species	Collybiopsis quercophila	(Pouzar) R.H.Petersen		
Gymnopus terginus	(Fr.:Fr.) Antonin et Noordel.	DD	Fungi	Basidiomycota	Agaricomycetes	Agaricales	Omphalotaceae	Gymnopus	Gymnopus terginus	9117845	species	Gymnopus terginus	(Fr.) Antonín & Noordel.		
Gymnopus vernus	(Ryman) Antonin et Noordel.	EN	Fungi	Basidiomycota	Agaricomycetes	Agaricales	Omphalotaceae	Gymnopus	Gymnopus vernus	5449328	species	Gymnopus vernus	(Ryman) Antonín & Noordel.		
Gyrodon lividus	(Bull.:Fr.) Sacc.	LC	Fungi	Basidiomycota	Agaricomycetes	Boletales	Paxillaceae	Gyrodon	Gyrodon lividus	8972210	species	Gyrodon lividus	(Bull.) Sacc.		
Gyroflexus brevibasidiatus	(Singer) Raithelh.	CR	Fungi	Basidiomycota	Agaricomycetes	Hymenochaetales	Repetobasidiaceae	Gyroflexus	Gyroflexus brevibasidiatus	2519182	species	Gyroflexus brevibasidiatus	(Singer) Raithelh.		
Gyromitra accumbens	(Rahm) Harmaja	VU	Fungi	Ascomycota	Pezizomycetes	Pezizales	Discinaceae	Gyromitra	Gyromitra accumbens	5497506	species	Gyromitra accumbens	Harmaja		
Gyromitra ancilis	(Pers.:Fr.) Kreisel	LC	Fungi	Ascomycota	Pezizomycetes	Pezizales	Discinaceae	Discina	Discina ancilis	5258519	species	Discina ancilis	(Pers.) Sacc.		
Gyromitra esculenta	(Pers.) Fr.	LC	Fungi	Ascomycota	Pezizomycetes	Pezizales	Discinaceae	Gyromitra	Gyromitra esculenta	5258510	species	Gyromitra esculenta	Pers. ex Fr.		
Gyromitra fastigiata	(Krombh.) Rehm	DD	Fungi	Ascomycota	Pezizomycetes	Pezizales	Discinaceae	Discina	Discina fastigiata	5497524	species	Discina fastigiata	(Krombh.) Svrček & J.Moravec		
Gyromitra gigas	(Krombh.) Cooke	LC	Fungi	Ascomycota	Pezizomycetes	Pezizales	Discinaceae	Gyromitra	Gyromitra gigas	12197740	species	Gyromitra gigas	(Krombh.) Quél.		
Gyromitra infula	(Schaeff. ex Pers.) Quel.	LC	Fungi	Ascomycota	Pezizomycetes	Pezizales	Discinaceae	Gyromitra	Gyromitra infula	5258509	species	Gyromitra infula	(Schaeff.) Quél.		
Gyromitra leucoxantha	(Bres.) Harmaja	EN	Fungi	Ascomycota	Pezizomycetes	Pezizales	Discinaceae	Gyromitra	Gyromitra leucoxantha	5258516	species	Gyromitra leucoxantha	(Bres.) Harmaja		
Gyromitra melaleuca	(Bres.) Kreisel	EN	Fungi	Ascomycota	Pezizomycetes	Pezizales	Discinaceae	Discina	Discina melaleuca	5820600	species	Discina melaleuca	Bres.		author_mismatch
Gyromitra parma	(J. Breitenb. et Maas Geest.) Kreisel	EN	Fungi	Ascomycota	Pezizomycetes	Pezizales	Discinaceae	Gyromitra	Gyromitra parma	5497491	species	Gyromitra parma	(J.Breitenb. & Maas Geest.) Kotl. & Pouzar		author_mismatch
Gyromitra spinosospora	(Lucchini & Pelland.) A. Koch, J. Christian & Lohm.	DD	Fungi	Ascomycota	Pezizomycetes	Pezizales	Discinaceae	Gyromitra	Gyromitra spinosospora	5497510	species	Gyromitra spinosospora	(Lucchini & Pelland.) A.Koch, Christan & Lohmeyer		
Gyroporus castaneus	(Bull.: Fr.) Quel.	VU	Fungi	Basidiomycota	Agaricomycetes	Boletales	Gyroporaceae	Gyroporus	Gyroporus castaneus	9133361	species	Gyroporus castaneus	(Bull.) Quél.		
Gyroporus cyanescens	(Bull.: Fr.) Quel.	LC	Fungi	Basidiomycota	Agaricomycetes	Boletales	Gyroporaceae	Gyroporus	Gyroporus cyanescens	2524265	species	Gyroporus cyanescens	(Bull.) Quél.		
Haasiella venustissima	(Fr.) Kotl. et Pouzar	EN	Fungi	Basidiomycota	Agaricomycetes	Agaricales	Hygrophoraceae	Haasiella	Haasiella venustissima	5241947	species	Haasiella venustissima	(Fr.) Kotl. & Pouzar		
Habrostictis rubra	Fuckel	DD	Fungi	Ascomycota	Orbiliomycetes	Orbiliales	Orbiliaceae	Orbilia	Orbilia carpoboloides	3476247	species	Orbilia carpoboloides	(P.Crouan & H.Crouan) Baral		
Haglundia perelegans	Nannf.	DD	Fungi	Ascomycota	Leotiomycetes	Helotiales	Mollisiaceae	Mollisia	Mollisia olivascens	2585094	species	Mollisia olivascens	(Feltgen) Le Gal & F.Mangenot		
Hamatocanthoscypha laricionis	(Velen.) Svrcek	LC	Fungi	Ascomycota	Leotiomycetes	Helotiales	Hamatocanthoscyphaceae	Hamatocanthoscypha	Hamatocanthoscypha laricionis	2586831	species	Hamatocanthoscypha laricionis	(Velen.) Svrček		
Hamatocanthoscypha uncinata	(W. Phillips) Huhtinen	DD	Fungi	Ascomycota	Leotiomycetes	Helotiales	Hamatocanthoscyphaceae	Hamatocanthoscypha	Hamatocanthoscypha uncinata	7245934	species	Hamatocanthoscypha uncinata	(W.Phillips) Huhtinen		
Hamatocanthoscypha uncipila	(Le Gal) Huhtinen	DD	Fungi	Ascomycota	Leotiomycetes	Helotiales	Hamatocanthoscyphaceae	Hamatocanthoscypha	Hamatocanthoscypha uncipila	2586838	species	Hamatocanthoscypha uncipila	(Le Gal) Huhtinen		
Hapalopilus rutilans	(Pers.:Fr.) Karst.	LC	Fungi	Basidiomycota	Agaricomycetes	Polyporales	Phanerochaetaceae	Hapalopilus	Hapalopilus rutilans	8383534	species	Hapalopilus rutilans	(Pers.) Murrill		
Hastodontia hastata	(Litsch.) Hjortstam & Ryvarden	LC	Fungi	Basidiomycota	Agaricomycetes	Hymenochaetales	Hymenochaetaceae	Hastodontia	Hastodontia hastata	3562736	species	Hastodontia hastata	(Litsch.) Hjortstam & Ryvarden		
Hebeloma album	Peck	DD	Fungi	Basidiomycota	Agaricomycetes	Agaricales	Hymenogastraceae	Hebeloma	Hebeloma album	7674725	species	Hebeloma album	Peck		
Hebeloma alpinum	(J. Favre) Bruchet	LC	Fungi	Basidiomycota	Agaricomycetes	Agaricales	Hymenogastraceae	Hebeloma	Hebeloma alpinum	2533006	species	Hebeloma alpinum	(J.Favre) Bruchet		
Hebeloma birrus	Fr.	LC	Fungi	Basidiomycota	Agaricomycetes	Agaricales	Hymenogastraceae	Hebeloma	Hebeloma birrus	2533035	species	Hebeloma birrus	(Fr.) Gillet		no_author_match
Hebeloma candidipes	Bruchet	DD	Fungi	Basidiomycota	Agaricomycetes	Agaricales	Hymenogastraceae	Hebeloma	Hebeloma clavulipes	6014899	species	Hebeloma clavulipes	Romagn.		
Hebeloma circinans	Quel.	LC	Fungi	Basidiomycota	Agaricomycetes	Agaricales	Hymenogastraceae	Hebeloma	Hebeloma circinans	7843654	species	Hebeloma circinans	Quél.		
Hebeloma claviceps	(Fr.) P. Kumm.	EN	Fungi	Basidiomycota	Agaricomycetes	Agaricales	Hymenogastraceae	Hebeloma	Hebeloma claviceps	7243140	species	Hebeloma claviceps	(Fr.) Quél.		author_mismatch
Hebeloma clavulipes	Romagn.	DD	Fungi	Basidiomycota	Agaricomycetes	Agaricales	Hymenogastraceae	Hebeloma	Hebeloma clavulipes	6014899	species	Hebeloma clavulipes	Romagn.		
Hebeloma collariatum	Bruchet	DD	Fungi	Basidiomycota	Agaricomycetes	Agaricales	Hymenogastraceae	Hebeloma	Hebeloma collariatum	6014898	species	Hebeloma collariatum	Bruchet		
Hebeloma crustuliniforme	(Bull.) Quel.	LC	Fungi	Basidiomycota	Agaricomycetes	Agaricales	Hymenogastraceae	Hebeloma	Hebeloma crustuliniforme	2533043	species	Hebeloma crustuliniforme	(Bull.) Quél.		
Hebeloma cylindrosporum	Romagn.	DD	Fungi	Basidiomycota	Agaricomycetes	Agaricales	Hymenogastraceae	Hebeloma	Hebeloma cylindrosporum	2533041	species	Hebeloma cylindrosporum	Romagn.		
Hebeloma dunense	L. Corb. et R. Heim	DD	Fungi	Basidiomycota	Agaricomycetes	Agaricales	Hymenogastraceae	Hebeloma	Hebeloma dunense	2533110	species	Hebeloma dunense	L.Corb. & R.Heim		
Hebeloma elatum	(Batsch: Fr.) Gillet	DD	Fungi	Basidiomycota	Agaricomycetes	Agaricales	Hymenogastraceae	Hebeloma	Hebeloma sinapizans	8396400	species	Hebeloma sinapizans	(Paulet) Gillet		
Hebeloma firmum	(Fr.) Quel.	DD	Fungi	Basidiomycota	Agaricomycetes	Agaricales	Hymenogastraceae	Hebeloma	Hebeloma firmum	9970593	species	Hebeloma firmum	(Fr.) Quél.		
Hebeloma fusipes	Bres.	DD	Fungi	Basidiomycota	Agaricomycetes	Agaricales	Hymenogastraceae	Hebeloma	Hebeloma fusipes	3343505	species	Hebeloma fusipes	Bres.		
Hebeloma fusisporum	Groeger et Zschieschang	DD	Fungi	Basidiomycota	Agaricomycetes	Agaricales	Hymenogastraceae	Hebeloma	Hebeloma fusisporum	2533098	species	Hebeloma fusisporum	Gröger & Zschiesch.		
Hebeloma gigaspermum	Groeger et Zschieschang	DD	Fungi	Basidiomycota	Agaricomycetes	Agaricales	Hymenogastraceae	Hebeloma	Hebeloma gigaspermum	2533047	species	Hebeloma gigaspermum	Gröger & Zschiesch.		
Hebeloma helodes	J. Favre	VU	Fungi	Basidiomycota	Agaricomycetes	Agaricales	Hymenogastraceae	Hebeloma	Hebeloma helodes	2533055	species	Hebeloma helodes	J.Favre		
Hebeloma hiemale	Bres.	LC	Fungi	Basidiomycota	Agaricomycetes	Agaricales	Hymenogastraceae	Hebeloma	Hebeloma hiemale	2533022	species	Hebeloma hiemale	Bres.		
Hebeloma kuehneri	Bruchet	LC	Fungi	Basidiomycota	Agaricomycetes	Agaricales	Hymenogastraceae	Hebeloma	Hebeloma kuehneri	3343262	species	Hebeloma kuehneri	Bruchet		
Hebeloma leucosarx	P.D. Orton	LC	Fungi	Basidiomycota	Agaricomycetes	Agaricales	Hymenogastraceae	Hebeloma	Hebeloma leucosarx	2532998	species	Hebeloma leucosarx	P.D.Orton		
Hebeloma marginatulum	Bruchet	LC	Fungi	Basidiomycota	Agaricomycetes	Agaricales	Hymenogastraceae	Hebeloma	Hebeloma marginatulum	2533024	species	Hebeloma marginatulum	(J.Favre) Bruchet		
Hebeloma mesophaeum	(Pers.:Fr.) Quel.	LC	Fungi	Basidiomycota	Agaricomycetes	Agaricales	Hymenogastraceae	Hebeloma	Hebeloma mesophaeum	2533062	species	Hebeloma mesophaeum	(Pers.) Quél.		
Hebeloma minus	Bruchet	VU	Fungi	Basidiomycota	Agaricomycetes	Agaricales	Hymenogastraceae	Hebeloma	Hebeloma minus	3343243	species	Hebeloma minus	Bruchet		
Hebeloma nigellum	Bruchet	DD	Fungi	Basidiomycota	Agaricomycetes	Agaricales	Hymenogastraceae	Hebeloma	Hebeloma nigellum	3343236	species	Hebeloma nigellum	Bruchet		
Hebeloma ochroalbidum	Bohus	DD	Fungi	Basidiomycota	Agaricomycetes	Agaricales	Hymenogastraceae	Hebeloma	Hebeloma ochroalbidum	3343192	species	Hebeloma ochroalbidum	Bohus		
Hebeloma oculatum	Bruchet	DD	Fungi	Basidiomycota	Agaricomycetes	Agaricales	Hymenogastraceae	Hebeloma	Hebeloma oculatum	3343182	species	Hebeloma oculatum	Bruchet		
Hebeloma odoratissimum	Britzelm.	VU	Fungi	Basidiomycota	Agaricomycetes	Agaricales	Hymenogastraceae	Hebeloma	Hebeloma odoratissimum	3343475	species	Hebeloma odoratissimum	(Britzelm.) Sacc., 1895		
Hebeloma pallidoluctuosum	Groeger et Zschieschang	LC	Fungi	Basidiomycota	Agaricomycetes	Agaricales	Hymenogastraceae	Hebeloma	Hebeloma pallidoluctuosum	2533031	species	Hebeloma pallidoluctuosum	Gröger & Zschiesch.		
Hebeloma perpallidum	M.M. Moser	VU	Fungi	Basidiomycota	Agaricomycetes	Agaricales	Hymenogastraceae	Hebeloma	Hebeloma perpallidum	3343202	species	Hebeloma perpallidum	M.M.Moser		
Hebeloma populinum	Romagn.	LC	Fungi	Basidiomycota	Agaricomycetes	Agaricales	Hymenogastraceae	Hebeloma	Hebeloma populinum	2533096	species	Hebeloma populinum	Romagn.		
Hebeloma pseudoamarescens	(Kuehner et Romagn.) P. Collin	DD	Fungi	Basidiomycota	Agaricomycetes	Agaricales	Hymenogastraceae	Hebeloma	Hebeloma pseudoamarescens	2533026	species	Hebeloma pseudoamarescens	(Kühner & Romagn.) P.Collin		
Hebeloma pumilum	J.E. Lange	VU	Fungi	Basidiomycota	Agaricomycetes	Agaricales	Hymenogastraceae	Hebeloma	Hebeloma birrus	2533035	species	Hebeloma birrus	(Fr.) Gillet		
Hebeloma pusillum	J.E. Lange	LC	Fungi	Basidiomycota	Agaricomycetes	Agaricales	Hymenogastraceae	Hebeloma	Hebeloma pusillum	2533114	species	Hebeloma pusillum	J.E.Lange		
Hebeloma radicosum	(Bull.:Fr.) Ricken	LC	Fungi	Basidiomycota	Agaricomycetes	Agaricales	Hymenogastraceae	Hebeloma	Hebeloma radicosum	2533079	species	Hebeloma radicosum	(Bull.) Ricken		
Hebeloma remyi	Bruchet	VU	Fungi	Basidiomycota	Agaricomycetes	Agaricales	Hymenogastraceae	Hebeloma	Hebeloma remyi	3343316	species	Hebeloma remyi	Bruchet		
Hebeloma repandum	Bruchet	LC	Fungi	Basidiomycota	Agaricomycetes	Agaricales	Hymenogastraceae	Hebeloma	Hebeloma bruchetii	2533108	species	Hebeloma bruchetii	Bon		
Hebeloma sacchariolens	Quel.	LC	Fungi	Basidiomycota	Agaricomycetes	Agaricales	Hymenogastraceae	Hebeloma	Hebeloma sacchariolens	2533034	species	Hebeloma sacchariolens	Quél.		
Hebeloma sarcophyllum	Peck	DD	Fungi	Basidiomycota	Agaricomycetes	Agaricales	Hymenogastraceae	Hebeloma	Hebeloma sarcophyllum	9240621	species	Hebeloma sarcophyllum	Peck		
Hebeloma senescens	(Batsch) Berk. et Broome	LC	Fungi	Basidiomycota	Agaricomycetes	Agaricales	Hymenogastraceae	Hebeloma	Hebeloma laterinum	2533009	species	Hebeloma laterinum	(Batsch) Vesterh.		
Hebeloma sinapizans	(Paulet: Fr.) Gillet	LC	Fungi	Basidiomycota	Agaricomycetes	Agaricales	Hymenogastraceae	Hebeloma	Hebeloma sinapizans	8396400	species	Hebeloma sinapizans	(Paulet) Gillet		
Hebeloma sordescens	Vesterh.	LC	Fungi	Basidiomycota	Agaricomycetes	Agaricales	Hymenogastraceae	Hebeloma	Hebeloma sordescens	2533059	species	Hebeloma sordescens	Vesterh.		
Hebeloma sordidum	Maire	VU	Fungi	Basidiomycota	Agaricomycetes	Agaricales	Hymenogastraceae	Hebeloma	Hebeloma sordidum	2533091	species	Hebeloma sordidum	Maire		
Hebeloma stenocystis	J. Favre	DD	Fungi	Basidiomycota	Agaricomycetes	Agaricales	Hymenogastraceae	Hebeloma	Hebeloma stenocystis	2533087	species	Hebeloma stenocystis	J.Favre		
Hebeloma strophosum	(Fr.) Sacc.	VU	Fungi	Basidiomycota	Agaricomycetes	Agaricales	Hymenogastraceae	Hebeloma	Hebeloma mesophaeum	2533062	species	Hebeloma mesophaeum	(Pers.) Quél.		
Hebeloma subconcolor	Bruchet	DD	Fungi	Basidiomycota	Agaricomycetes	Agaricales	Hymenogastraceae	Hebeloma	Hebeloma subconcolor	3343461	species	Hebeloma subconcolor	Bruchet		
Hebeloma syrjense	P. Karst.	VU	Fungi	Basidiomycota	Agaricomycetes	Agaricales	Hymenogastraceae	Hebeloma	Hebeloma syrjense	2533118	species	Hebeloma syrjense	(P.Karst.) P.Karst.		
Hebeloma theobrominum	Quadraccia	LC	Fungi	Basidiomycota	Agaricomycetes	Agaricales	Hymenogastraceae	Hebeloma	Hebeloma theobrominum	2533049	species	Hebeloma theobrominum	Quadr.		
Hebeloma vaccinum	Romagn.	DD	Fungi	Basidiomycota	Agaricomycetes	Agaricales	Hymenogastraceae	Hebeloma	Hebeloma vaccinum	2533060	species	Hebeloma vaccinum	Romagn.		
Hebeloma velutipes	Bruchet	LC	Fungi	Basidiomycota	Agaricomycetes	Agaricales	Hymenogastraceae	Hebeloma	Hebeloma leucosarx	2532998	species	Hebeloma leucosarx	P.D.Orton		
Hebeloma versipelle	(Fr.) Gillet	VU	Fungi	Basidiomycota	Agaricomycetes	Agaricales	Hymenogastraceae	Hebeloma	Hebeloma versipelle	7243110	species	Hebeloma versipelle	(Fr.) Gillet		
Helicobasidium compactum	(Boedijn) Boedijn	DD	Fungi	Basidiomycota	Pucciniomycetes	Helicobasidiales	Helicobasidiaceae	Helicobasidium	Helicobasidium longisporum	2513823	species	Helicobasidium longisporum	Wakef.		
Helicobasidium purpureum	Tul.	DD	Fungi	Basidiomycota	Pucciniomycetes	Helicobasidiales	Helicobasidiaceae	Helicobasidium	Helicobasidium purpureum	2513815	species	Helicobasidium purpureum	(Tul.) Pat.		author_mismatch
Helicogloea lagerheimii	Pat.	DD	Fungi	Basidiomycota	Atractiellomycetes	Atractiellales	Phleogenaceae	Helicogloea	Helicogloea lagerheimii	2557874	species	Helicogloea lagerheimii	Pat.		
Helminthosphaeria clavariarum	(Tul.) Fuckel	LC	Fungi	Ascomycota	Sordariomycetes	Sordariales	Helminthosphaeriaceae	Helminthosphaeria	Helminthosphaeria clavariarum	8498650	species	Helminthosphaeria clavariarum	(Desm.) Fuckel		
Helotium episphaericum	Peck	DD	Fungi	Ascomycota	Leotiomycetes	Helotiales	Tricladiaceae	Helotium	Helotium episphaerium	6335717	species	Helotium episphaerium	House		similar_found,author_mismatch
Helvella acetabulum	(L.) Quel.	LC	Fungi	Ascomycota	Pezizomycetes	Pezizales	Helvellaceae	Helvella	Helvella acetabulum	2594756	species	Helvella acetabulum	(L.) Quél.		
Helvella aestivalis	(Heim et Remy) Dissing et Raitviir	DD	Fungi	Ascomycota	Pezizomycetes	Pezizales	Helvellaceae	Balsamia	Balsamia aestivalis	9985549	species	Balsamia aestivalis	(R.Heim & L.Rémy) K.Hansen, Skrede & T.Schumach.		
Helvella albella	Quel.	DD	Fungi	Ascomycota	Pezizomycetes	Pezizales	Helvellaceae	Helvella	Helvella albella	2594752	species	Helvella albella	Quél.		
Helvella alpestris	Boud.	LC	Fungi	Ascomycota	Pezizomycetes	Pezizales	Helvellaceae	Helvella	Helvella corium	2594737	species	Helvella corium	(O.Weberb.) Massee		
Helvella atra	Holmsk.	LC	Fungi	Ascomycota	Pezizomycetes	Pezizales	Helvellaceae	Helvella	Helvella atra	8502183	species	Helvella atra	Holmskj.		
Helvella confusa	Harmaja	DD	Fungi	Ascomycota	Pezizomycetes	Pezizales	Helvellaceae	Dissingia	Dissingia confusa	9928082	species	Dissingia confusa	(Harmaja) K.Hansen & X.H.Wang		
Helvella corium	(Weberb.) Massee	LC	Fungi	Ascomycota	Pezizomycetes	Pezizales	Helvellaceae	Helvella	Helvella corium	2594737	species	Helvella corium	(O.Weberb.) Massee		
Helvella costifera	Nannf.	LC	Fungi	Ascomycota	Pezizomycetes	Pezizales	Helvellaceae	Helvella	Helvella costifera	2594734	species	Helvella costifera	Nannf.		
Helvella crispa	Fr.	LC	Fungi	Ascomycota	Pezizomycetes	Pezizales	Helvellaceae	Helvella	Helvella crispa	2554614	species	Helvella crispa	(Scop.) Fr.		
Helvella cupuliformis	Dissing et Nannf.	LC	Fungi	Ascomycota	Pezizomycetes	Pezizales	Helvellaceae	Helvella	Helvella cupuliformis	2594754	species	Helvella cupuliformis	Dissing & Nannf.		
Helvella elastica	Bull.	LC	Fungi	Ascomycota	Pezizomycetes	Pezizales	Helvellaceae	Helvella	Helvella elastica	2594716	species	Helvella elastica	Bull.		
Helvella ephippium	Lev.	LC	Fungi	Ascomycota	Pezizomycetes	Pezizales	Helvellaceae	Helvella	Helvella ephippium	2594711	species	Helvella ephippium	Lév.		
Helvella fibrosa	(Wallr.) Korf	VU	Fungi	Ascomycota	Pezizomycetes	Pezizales	Helvellaceae	Helvella	Helvella fibrosa	3492753	species	Helvella fibrosa	(Wallr.) Korf		
Helvella fusca	Gillet (sensu Bres.)	DD	Fungi	Ascomycota	Pezizomycetes	Pezizales	Helvellaceae	Helvella	Helvella fusca	2594705	species	Helvella fusca	Gillet		
Helvella hyperborea	Harmaja	DD	Fungi	Ascomycota	Pezizomycetes	Pezizales	Helvellaceae	Helvella	Helvella hyperborea	3492923	species	Helvella hyperborea	Harmaja		
Helvella lactea	Boud.	DD	Fungi	Ascomycota	Pezizomycetes	Pezizales	Helvellaceae	Helvella	Helvella lactea	3492928	species	Helvella lactea	Boud.		
Helvella lacunosa	Afz.:Fr.	LC	Fungi	Ascomycota	Pezizomycetes	Pezizales	Helvellaceae	Helvella	Helvella lacunosa	2594765	species	Helvella lacunosa	Afzel.		
Helvella latispora	Boud.	LC	Fungi	Ascomycota	Pezizomycetes	Pezizales	Helvellaceae	Helvella	Helvella latispora	2594706	species	Helvella latispora	Boud.		
Helvella leucomelaena	(Pers.) Nannf.	LC	Fungi	Ascomycota	Pezizomycetes	Pezizales	Helvellaceae	Dissingia	Dissingia leucomelaena	10171641	species	Dissingia leucomelaena	(Pers.) K.Hansen & X.H.Wang		
Helvella macropus	(Pers.:Fr.) Karst.	LC	Fungi	Ascomycota	Pezizomycetes	Pezizales	Helvellaceae	Helvella	Helvella macropus	2594776	species	Helvella macropus	(Pers.) P.Karst.		
Helvella oblongispora	Harmaja	DD	Fungi	Ascomycota	Pezizomycetes	Pezizales	Helvellaceae	Dissingia	Dissingia oblongispora	10360379	species	Dissingia oblongispora	(Harmaja) T.Schumach. & Skrede		
Helvella palustris	Peck	DD	Fungi	Ascomycota	Pezizomycetes	Pezizales	Helvellaceae	Helvella	Helvella palustris	3492930	species	Helvella palustris	Peck		
Helvella phlebophora	Pat. et Doass.	EN	Fungi	Ascomycota	Pezizomycetes	Pezizales	Helvellaceae	Helvella	Helvella phlebophora	2594732	species	Helvella phlebophora	Pat. & Doass.		
Helvella queletii	Bres.	VU	Fungi	Ascomycota	Pezizomycetes	Pezizales	Helvellaceae	Paxina	Paxina queletii	8069437	species	Paxina queletii	(Bres.) Stangl		
Helvella rivularis	Dissing et Sivertsen	DD	Fungi	Ascomycota	Pezizomycetes	Pezizales	Helvellaceae	Helvella	Helvella rivularis	3492867	species	Helvella rivularis	Dissing & Sivertsen		
Helvella silvicola	(Beck) Harmaja	LC	Fungi	Ascomycota	Pezizomycetes	Pezizales	Helvellaceae	Wynnella	Wynnella silvicola	2594803	species	Wynnella silvicola	Nannf.		
Helvella spadicea	Schaeff.	LC	Fungi	Ascomycota	Pezizomycetes	Pezizales	Helvellaceae	Helvella	Helvella spadicea	3492738	species	Helvella spadicea	Schaeff.		
Helvella unicolor	(Boud.) Dissing	DD	Fungi	Ascomycota	Pezizomycetes	Pezizales	Helvellaceae	Helvella	Helvella unicolor	3492842	species	Helvella unicolor	(Boud.) Dissing		
Hemileccinum depilatum	(Redeuilh) Šutara	NT	Fungi	Basidiomycota	Agaricomycetes	Boletales	Boletaceae	Hemileccinum	Hemileccinum depilatum	3356210	species	Hemileccinum depilatum	(Redeuilh) Šutara		
Hemileccinum impolitum	(Fr.) Šutara	VU	Fungi	Basidiomycota	Agaricomycetes	Boletales	Boletaceae	Hemileccinum	Hemileccinum impolitum	9108288	species	Hemileccinum impolitum	(Fr.) Šutara		
Hemimycena angustispora	(Joss. ex P.D. Orton) Singer	DD	Fungi	Basidiomycota	Agaricomycetes	Agaricales	Mycenaceae	Hemimycena	Hemimycena angustispora	2527485	species	Hemimycena angustispora	(P.D.Orton) Singer		
Hemimycena candida	(Bres.) Singer	DD	Fungi	Basidiomycota	Agaricomycetes	Agaricales	Mycenaceae	Hemimycena	Hemimycena candida	2527508	species	Hemimycena candida	(Bres.) Singer		
Hemimycena cephalotricha	(Joss.) Singer	DD	Fungi	Basidiomycota	Agaricomycetes	Agaricales	Mycenaceae	Hemimycena	Hemimycena cephalotricha	8644231	species	Hemimycena cephalotricha	(Joss. ex Redhead) Singer		
Hemimycena crispata	(Kuehner) Singer	VU	Fungi	Basidiomycota	Agaricomycetes	Agaricales	Mycenaceae	Hemimycena	Hemimycena crispata	2527570	species	Hemimycena crispata	(Kühner) Singer		
Hemimycena crispula	(Quel.) Singer	LC	Fungi	Basidiomycota	Agaricomycetes	Agaricales	Mycenaceae	Hemimycena	Hemimycena hirsuta	9123527	species	Hemimycena hirsuta	(Tode) Singer		
Hemimycena cucullata	(Pers.: Fr.) Singer	LC	Fungi	Basidiomycota	Agaricomycetes	Agaricales	Mycenaceae	Hemimycena	Hemimycena cucullata	8941302	species	Hemimycena cucullata	(Pers.) Singer		
Hemimycena delectabilis	(Peck) Singer	LC	Fungi	Basidiomycota	Agaricomycetes	Agaricales	Mycenaceae	Atheniella	Atheniella delectabilis	10861792	species	Atheniella delectabilis	(Peck) Lüderitz & H.Lehmann		
Hemimycena delicatella	(Peck) Singer	LC	Fungi	Basidiomycota	Agaricomycetes	Agaricales	Mycenaceae	Hemimycena	Hemimycena lactea	8864284	species	Hemimycena lactea	(Pers.) Singer		
Hemimycena epichloe	(Kuehner) Singer	DD	Fungi	Basidiomycota	Agaricomycetes	Agaricales	Mycenaceae	Hemimycena	Hemimycena epichloe	6095761	species	Hemimycena epichloe	(Kühner) Singer		
Hemimycena ignobilis	Joss.	DD	Fungi	Basidiomycota	Agaricomycetes	Agaricales	Mycenaceae	Hemimycena	Hemimycena ignobilis	3318807	species	Hemimycena ignobilis	Joss. ex Bon		
Hemimycena mairei	(E.J. Gilbert) Singer	EN	Fungi	Basidiomycota	Agaricomycetes	Agaricales	Mycenaceae	Hemimycena	Hemimycena mairei	8674395	species	Hemimycena mairei	(E.-J.Gilbert) Singer		
Hemimycena mauretanica	(Maire) Singer	DD	Fungi	Basidiomycota	Agaricomycetes	Agaricales	Mycenaceae	Hemimycena	Hemimycena mauretanica	2527545	species	Hemimycena mauretanica	(Maire) Singer		
Hemimycena ochrogaleata	(J. Favre) M.M. Moser	VU	Fungi	Basidiomycota	Agaricomycetes	Agaricales	Mycenaceae	Hemimycena	Hemimycena ochrogaleata	2527538	species	Hemimycena ochrogaleata	(J.Favre) M.M.Moser		
Hemimycena pithya	(Fr.) Doerfelt	LC	Fungi	Basidiomycota	Agaricomycetes	Agaricales	Mycenaceae	Hemimycena	Hemimycena pithya	8593394	species	Hemimycena pithya	(Pers.) Dörfelt		
Hemimycena pseudocrispata	(Valla) Maas Geest.	DD	Fungi	Basidiomycota	Agaricomycetes	Agaricales	Mycenaceae	Hemimycena	Hemimycena pseudocrispata	3318837	species	Hemimycena pseudocrispata	(Valla) Maas Geest.		
Hemimycena pseudocrispula	(Kuehner) Singer	LC	Fungi	Basidiomycota	Agaricomycetes	Agaricales	Mycenaceae	Hemimycena	Hemimycena pseudocrispula	2527520	species	Hemimycena pseudocrispula	(Kühner) Singer		
Hemimycena pseudogibba	(Valla) Antonin et Noordel.	DD	Fungi	Basidiomycota	Agaricomycetes	Agaricales	Mycenaceae	Hemimycena	Hemimycena pseudogibba	3318825	species	Hemimycena pseudogibba	(Valla) Antonín & Noordel.		
Hemimycena pseudogracilis	(Kuehner et Maire) Singer	LC	Fungi	Basidiomycota	Agaricomycetes	Agaricales	Omphalotaceae	Marasmiellus	Marasmiellus pseudogracilis	3320957	species	Marasmiellus pseudogracilis	(Kühner & Maire) Singer		
Hemimycena pseudolactea	(Kuehner) Singer	LC	Fungi	Basidiomycota	Agaricomycetes	Agaricales	Mycenaceae	Hemimycena	Hemimycena pseudolactea	2527491	species	Hemimycena pseudolactea	(Kühner) Singer		
Hemimycena rickenii	(A.H. Sm.) Singer	DD	Fungi	Basidiomycota	Agaricomycetes	Agaricales	Mycenaceae	Hemimycena	Hemimycena rickenii	2527534	species	Hemimycena rickenii	(A.H.Sm.) Singer		
Hemimycena subimmaculata	(Murrill) Elborne et Lassoe	DD	Fungi	Basidiomycota	Agaricomycetes	Agaricales	Mycenaceae	Hemimycena	Hemimycena subimmaculata	2527443	species	Hemimycena subimmaculata	(Murrill) Elborne & Læssøe		
Henningsomyces candidus	(Pers. ex Schleich.) Kuntze	LC	Fungi	Basidiomycota	Agaricomycetes	Agaricales	Marasmiaceae	Henningsomyces	Henningsomyces candidus	5243660	species	Henningsomyces candidus	(Pers.) Kuntze		
Henningsomyces puber	(Rom.: W.B.Cooke) Reid	DD	Fungi	Basidiomycota	Agaricomycetes	Agaricales	Marasmiaceae	Henningsomyces	Henningsomyces puber	5243668	species	Henningsomyces puber	(Romell ex W.B.Cooke) D.A.Reid		
Hericium cirrhatum	(Pers.) Nikol.	VU	Fungi	Basidiomycota	Agaricomycetes	Russulales	Hericiaceae	Hericium	Hericium cirrhatum	5248548	species	Hericium cirrhatum	(Pers.) Nikol.		
Hericium coralloides	(Scop.: Fr.) Gray em. Fr., Hallen.	VU	Fungi	Basidiomycota	Agaricomycetes	Russulales	Hericiaceae	Hericium	Hericium coralloides	5248532	species	Hericium coralloides	(Scop.) Pers.		author_mismatch
Hericium erinaceus	(Bull.: Fr.) Pers.	EN	Fungi	Basidiomycota	Agaricomycetes	Russulales	Hericiaceae	Hericium	Hericium erinaceus	5248508	species	Hericium erinaceus	(Bull.) Pers.		
Hericium flagellum	(Scop.) Pers.	VU	Fungi	Basidiomycota	Agaricomycetes	Russulales	Hericiaceae	Hericium	Hericium flagellum	5248527	species	Hericium flagellum	(Scop.) Pers.		
Heterobasidion annosum	(Fr.) Bref. aggr.	LC	Fungi	Basidiomycota	Agaricomycetes	Russulales	Bondarzewiaceae	Heterobasidion	Heterobasidion annosum	2551968	species	Heterobasidion annosum	(Fr.) Bref.		
Heterosphaeria patella	(Tode: Fr.) Grev.	LC	Fungi	Ascomycota	Leotiomycetes	Helotiales	Heterosphaeriaceae	Heterosphaeria	Heterosphaeria patella	2581982	species	Heterosphaeria patella	(Tode) Grev.		
Heterosphaeria veratri	Nespiak et Mueller	DD	Fungi	Ascomycota	Leotiomycetes	Helotiales	Heterosphaeriaceae	Heterosphaeria	Heterosphaeria sublineolata	8093837	species	Heterosphaeria sublineolata	(Thüm.) Leuchtm.		
Heyderia abietis	(Fr.) Link	LC	Fungi	Ascomycota	Leotiomycetes	Helotiales	Cenangiaceae	Heyderia	Heyderia abietis	5255919	species	Heyderia abietis	(Fr.) Link		
Hodophilus atropunctus	(Pers.: Fr.) Arnolds	CR	Fungi	Basidiomycota	Agaricomycetes	Agaricales	Clavariaceae	Hodophilus	Hodophilus atropunctus	9671726	species	Hodophilus atropunctus	(Pers.) Birkebak & Adamčík		no_author_match
Hodophilus foetens	(A.H. Sm. & Hesler) Birkebak & Adamčík	CR	Fungi	Basidiomycota	Agaricomycetes	Agaricales	Clavariaceae	Hodophilus	Hodophilus foetens	9818349	species	Hodophilus foetens	(W.Phillips) Birkebak & Adamčík		
Hodophilus micaceus	(A.H. Sm. & Hesler) Birkebak & Adamcik	CR	Fungi	Basidiomycota	Agaricomycetes	Agaricales	Clavariaceae	Hodophilus	Hodophilus micaceus	9343735	species	Hodophilus micaceus	(Berk. & Broome) Birkebak & Adamčík		
Hohenbuehelia approximans	(Peck) Singer	DD	Fungi	Basidiomycota	Agaricomycetes	Agaricales	Pleurotaceae	Hohenbuehelia	Hohenbuehelia approximans	2526324	species	Hohenbuehelia approximans	(Peck) Singer		
Hohenbuehelia atrocoerulea	(Fr.) Singer	LC	Fungi	Basidiomycota	Agaricomycetes	Agaricales	Pleurotaceae	Hohenbuehelia	Hohenbuehelia atrocoerulea	9026382	species	Hohenbuehelia atrocoerulea	(Fr.) Singer		
Hohenbuehelia auriscalpium	(Maire) Singer	VU	Fungi	Basidiomycota	Agaricomycetes	Agaricales	Pleurotaceae	Hohenbuehelia	Hohenbuehelia auriscalpium	2526280	species	Hohenbuehelia auriscalpium	(Maire) Singer		
Hohenbuehelia chevallieri	(Pat.) Pegler	DD	Fungi	Basidiomycota	Agaricomycetes	Agaricales	Pleurotaceae	Hohenbuehelia	Hohenbuehelia chevallieri	3329377	species	Hohenbuehelia chevallieri	(Pat.) Pegler		
Hohenbuehelia geogenia	(DC.:Fr.) Singer	LC	Fungi	Basidiomycota	Agaricomycetes	Agaricales	Pleurotaceae	Hohenbuehelia	Hohenbuehelia petaloides	2526256	species	Hohenbuehelia petaloides	(Bull.) Schulzer		
Hohenbuehelia grisea	(Peck) Singer	VU	Fungi	Basidiomycota	Agaricomycetes	Agaricales	Pleurotaceae	Hohenbuehelia	Hohenbuehelia grisea	2526413	species	Hohenbuehelia grisea	(Peck) Singer		
Hohenbuehelia longipes	(Boud.) M.M. Moser	CR	Fungi	Basidiomycota	Agaricomycetes	Agaricales	Pleurotaceae	Hohenbuehelia	Hohenbuehelia longipes	2526398	species	Hohenbuehelia longipes	(Boud.) M.M.Moser		
Hohenbuehelia mastrucata	(Fr.: Fr.) Singer	EN	Fungi	Basidiomycota	Agaricomycetes	Agaricales	Pleurotaceae	Hohenbuehelia	Hohenbuehelia mastrucata	9182040	species	Hohenbuehelia mastrucata	(Fr.) Singer		
Hohenbuehelia petaloides	(Bull.: Fr.) Schulzer	NT	Fungi	Basidiomycota	Agaricomycetes	Agaricales	Pleurotaceae	Hohenbuehelia	Hohenbuehelia petaloides	2526256	species	Hohenbuehelia petaloides	(Bull.) Schulzer		
Hohenbuehelia reniformis	(G. Mey.: Fr.) Singer	DD	Fungi	Basidiomycota	Agaricomycetes	Agaricales	Pleurotaceae	Hohenbuehelia	Hohenbuehelia reniformis	2526296	species	Hohenbuehelia reniformis	(G.Mey.) Singer		
Hohenbuehelia tremula	(Schaeff.) Thorn & G.L. Barron	DD	Fungi	Basidiomycota	Agaricomycetes	Agaricales	Pleurotaceae	Hohenbuehelia	Hohenbuehelia tremula	2526284	species	Hohenbuehelia tremula	(Schaeff.) Thorn & G.L.Barron		
Hohenbuehelia unguicularis	(Fr.) O.K. Mill.	DD	Fungi	Basidiomycota	Agaricomycetes	Agaricales	Pleurotaceae	Hohenbuehelia	Hohenbuehelia unguicularis	2526377	species	Hohenbuehelia unguicularis	(Fr.) O.K.Mill.		
Holwaya mucida	(Schulzer v.Muegg.) Korf et Abaw	DD	Fungi	Ascomycota	Leotiomycetes	Helotiales	Bulgariaceae	Holwaya	Holwaya mucida	3481158	species	Holwaya mucida	(Schulzer) Korf & Abawi		
Homophron cernuum	(Vahl) Örstadius & E. Larss.	VU	Fungi	Basidiomycota	Agaricomycetes	Agaricales	Psathyrellaceae	Homophron	Homophron cernuum	7641159	species	Homophron cernuum	(Vahl) Örstadius & E.Larss.		
Homophron spadiceum	(P. Kumm.) Örstadius & E. Larss.	VU	Fungi	Basidiomycota	Agaricomycetes	Agaricales	Psathyrellaceae	Homophron	Homophron spadiceum	7686337	species	Homophron spadiceum	(P.Kumm.) Örstadius & E.Larss.		
Hortiboletus engelii	(Hlaváček) Biketova & Wasser	DD	Fungi	Basidiomycota	Agaricomycetes	Boletales	Boletaceae	Hortiboletus	Hortiboletus engelii	7525078	species	Hortiboletus engelii	(Hlaváček) Biketova & Wasser		
Hortiboletus rubellus	(Krombh.) Simonini, Vizzini & Gelardi	LC	Fungi	Basidiomycota	Agaricomycetes	Boletales	Boletaceae	Hortiboletus	Hortiboletus rubellus	8060178	species	Hortiboletus rubellus	(Krombh.) Simonini, Vizzini & Gelardi		
Humaria hemisphaerica	(Wigg.ex Gray) Fkl.	LC	Fungi	Ascomycota	Pezizomycetes	Pezizales	Pyronemataceae	Humaria	Humaria hemisphaerica	5258860	species	Humaria hemisphaerica	(F.H.Wigg.) Fuckel		
Hyalodon piceicola	(Kühner ex Bourdot) Malysheva & Spirin	VU	Fungi	Basidiomycota	Agaricomycetes	Auriculariales		Hyalodon	Hyalodon piceicola	10484187	species	Hyalodon piceicola	(Kühner ex Bourdot) Malysheva & Spirin		
Hyalopeziza alni	Mueller	LC	Fungi	Ascomycota	Leotiomycetes	Helotiales	Hyaloscyphaceae	Hyalopeziza	Hyalopeziza alni	2585951	species	Hyalopeziza alni	E.Müll.		
Hyalopeziza ciliata	Fuckel	DD	Fungi	Ascomycota	Leotiomycetes	Helotiales	Hyaloscyphaceae	Hyalopeziza	Hyalopeziza ciliata	2585935	species	Hyalopeziza ciliata	Fuckel		
Hyalopeziza nectrioidea	(Rehm) Raschle	DD	Fungi	Ascomycota	Leotiomycetes	Helotiales	Hyaloscyphaceae	Hyalopeziza	Hyalopeziza nectrioidea	2585949	species	Hyalopeziza nectrioidea	(Rehm) Raschle		
Hyaloscypha albohyalina	(P. Karst.) Boud.	LC	Fungi	Ascomycota	Leotiomycetes	Helotiales	Hyaloscyphaceae	Hyaloscypha	Hyaloscypha albohyalina	3489552	species	Hyaloscypha albohyalina	(P.Karst.) Boud.		
Hyaloscypha aureliella	(Nyl.) Huhtinen	DD	Fungi	Ascomycota	Leotiomycetes	Helotiales	Hyaloscyphaceae	Hyaloscypha	Hyaloscypha aureliella	2585245	species	Hyaloscypha aureliella	(Nyl.) Huhtinen		
Hyaloscypha daedaleae	Velen.	DD	Fungi	Ascomycota	Leotiomycetes	Helotiales	Hyaloscyphaceae	Hyaloscypha	Hyaloscypha daedaleae	2585207	species	Hyaloscypha daedaleae	Velen.		
Hyaloscypha fuckelii	Nannf.	DD	Fungi	Ascomycota	Leotiomycetes	Helotiales	Hyaloscyphaceae	Hyaloscypha	Hyaloscypha fuckelii	2585230	species	Hyaloscypha fuckelii	Nannf.		
Hyaloscypha herbarum	Velen.	DD	Fungi	Ascomycota	Leotiomycetes	Helotiales	Hyaloscyphaceae	Hyaloscypha	Hyaloscypha herbarum	2585237	species	Hyaloscypha herbarum	Velen.		
Hyaloscypha hyalina	(Pers.:Fr.) Boud.	LC	Fungi	Ascomycota	Leotiomycetes	Helotiales	Hyaloscyphaceae	Hyaloscypha	Hyaloscypha hyalina	2585266	species	Hyaloscypha hyalina	(Pers.) Boud.		
Hyaloscypha leuconica	(Cke) Nannf.	NT	Fungi	Ascomycota	Leotiomycetes	Helotiales	Hyaloscyphaceae	Hyaloscypha	Hyaloscypha leuconica	8551461	species	Hyaloscypha leuconica	(Cooke ex Stev.) Nannf.		
Hyaloscypha quercicola	(Velen.) Huhtinen	DD	Fungi	Ascomycota	Leotiomycetes	Helotiales	Hyaloscyphaceae	Hyaloscypha	Hyaloscypha quercicola	2585238	species	Hyaloscypha quercicola	(Velen.) Huhtinen		
Hyaloscypha vitreola	(Karst.) Boud.	DD	Fungi	Ascomycota	Leotiomycetes	Helotiales	Hyaloscyphaceae	Hyaloscypha	Hyaloscypha vitreola	2585279	species	Hyaloscypha vitreola	(P.Karst.) Boud.		
Hydnangium carneum	Wallr.in Dietrich	DD	Fungi	Basidiomycota	Agaricomycetes	Agaricales	Hydnangiaceae	Hydnangium	Hydnangium carneum	2530904	species	Hydnangium carneum	Wallr.		
Hydnangium cereum	Soehner	DD	Fungi	Basidiomycota	Agaricomycetes	Russulales	Russulaceae	Russula	Russula cerea	10898729	species	Russula cerea	(Soehner) J.M.Vidal		
Hydnellum aurantiacum	(Batsch: Fr.) P. Karst.	LC	Fungi	Basidiomycota	Agaricomycetes	Thelephorales	Bankeraceae	Hydnellum	Hydnellum aurantiacum	2522291	species	Hydnellum aurantiacum	(Batsch) P.Karst.		
Hydnellum auratile	(Britzelm.) Maas-Geest.	EN	Fungi	Basidiomycota	Agaricomycetes	Thelephorales	Bankeraceae	Hydnellum	Hydnellum auratile	2522284	species	Hydnellum auratile	(Britzelm.) Maas Geest.		
Hydnellum caeruleum	(Hornem.: Pers.) P. Karst.	LC	Fungi	Basidiomycota	Agaricomycetes	Thelephorales	Bankeraceae	Hydnellum	Hydnellum caeruleum	2522245	species	Hydnellum caeruleum	(Hornem.) P.Karst.		
Hydnellum compactum	(Pers.: Fr.) P. Karst.	EN	Fungi	Basidiomycota	Agaricomycetes	Thelephorales	Bankeraceae	Hydnellum	Hydnellum compactum	2522307	species	Hydnellum compactum	(Pers.) P.Karst.		
Hydnellum concrescens	(Pers.: Fr.) Banker	LC	Fungi	Basidiomycota	Agaricomycetes	Thelephorales	Bankeraceae	Hydnellum	Hydnellum concrescens	2522259	species	Hydnellum concrescens	(Pers.) Banker		
Hydnellum cumulatum	Harrison	DD	Fungi	Basidiomycota	Agaricomycetes	Thelephorales	Bankeraceae	Hydnellum	Hydnellum cumulatum	2522286	species	Hydnellum cumulatum	K.A.Harrison		
Hydnellum ferrugineum	(Fr.: Fr.) P. Karst.	LC	Fungi	Basidiomycota	Agaricomycetes	Thelephorales	Bankeraceae	Hydnellum	Hydnellum ferrugineum	2522229	species	Hydnellum ferrugineum	(Fr.) P.Karst.		
Hydnellum geogenium	(Fr.) Banker	EN	Fungi	Basidiomycota	Agaricomycetes	Thelephorales	Bankeraceae	Hydnellum	Hydnellum geogenium	2522318	species	Hydnellum geogenium	(Fr.) Banker		
Hydnellum mirabile	(Fr.) Karst.	DD	Fungi	Basidiomycota	Agaricomycetes	Thelephorales	Bankeraceae	Hydnellum	Hydnellum mirabile	2522221	species	Hydnellum mirabile	(Fr.) P.Karst.		
Hydnellum peckii	Banker	LC	Fungi	Basidiomycota	Agaricomycetes	Thelephorales	Bankeraceae	Hydnellum	Hydnellum peckii	2522210	species	Hydnellum peckii	Banker		
Hydnellum scrobiculatum	(Fr.) P. Karst.	LC	Fungi	Basidiomycota	Agaricomycetes	Thelephorales	Bankeraceae	Hydnellum	Hydnellum scrobiculatum	2522326	species	Hydnellum scrobiculatum	(Fr.) P.Karst.		
Hydnellum spongiosipes	(Peck) Pouzar	VU	Fungi	Basidiomycota	Agaricomycetes	Thelephorales	Bankeraceae	Hydnellum	Hydnellum spongiosipes	2522335	species	Hydnellum spongiosipes	(Peck) Pouzar		
Hydnellum suaveolens	(Scop.: Fr.) P. Karst.	LC	Fungi	Basidiomycota	Agaricomycetes	Thelephorales	Bankeraceae	Hydnellum	Hydnellum suaveolens	2522203	species	Hydnellum suaveolens	(Scop.) P.Karst.		
Hydnobolites cerebriformis	Tul. et Tul.	DD	Fungi	Ascomycota	Pezizomycetes	Pezizales	Pezizaceae	Hydnobolites	Hydnobolites cerebriformis	2593394	species	Hydnobolites cerebriformis	Tul. & C.Tul.		
Hydnocystis piligera	Tul.	VU	Fungi	Ascomycota	Pezizomycetes	Pezizales	Pyronemataceae	Hydnocystis	Hydnocystis piligera	3496079	species	Hydnocystis piligera	Tul. & C.Tul.		
Hydnoporia corrugata	(Fr.) K.H. Larss. & Spirin	LC	Fungi	Basidiomycota	Agaricomycetes	Hymenochaetales	Hymenochaetaceae	Hydnoporia	Hydnoporia corrugata	10824936	species	Hydnoporia corrugata	(Fr.) K.H.Larss. & Spirin		
Hydnoporia tabacina	(Sowerby) Spirin, Miettinen & K.H. Larss.	VU	Fungi	Basidiomycota	Agaricomycetes	Hymenochaetales	Hymenochaetaceae	Hydnoporia	Hydnoporia tabacina	10700730	species	Hydnoporia tabacina	(Sowerby) Spirin, Miettinen & K.H.Larss.		
Hydnotrya cerebriformis	Harkn.	LC	Fungi	Ascomycota	Pezizomycetes	Pezizales	Discinaceae	Hydnotrya	Hydnotrya cerebriformis	2593392	species	Hydnotrya cerebriformis	Harkn.		
Hydnotrya michaelis	(Fischer) Trappe	DD	Fungi	Ascomycota	Pezizomycetes	Pezizales	Discinaceae	Hydnotrya	Hydnotrya michaelis	2593382	species	Hydnotrya michaelis	(E.Fisch.) Trappe		
Hydnotrya ploettneriana	(Henn.) Hawker	DD	Fungi	Ascomycota	Pezizomycetes	Pezizales	Discinaceae	Hydnotrya	Hydnotrya michaelis	2593382	species	Hydnotrya michaelis	(E.Fisch.) Trappe		
Hydnotrya tulasnei	Berk. et Broome	LC	Fungi	Ascomycota	Pezizomycetes	Pezizales	Discinaceae	Hydnotrya	Hydnotrya tulasnei	2593397	species	Hydnotrya tulasnei	(Berk.) Berk. & Broome		
Hydnum albidum	Peck	EN	Fungi	Basidiomycota	Agaricomycetes	Cantharellales	Hydnaceae	Hydnum	Hydnum albidum	3368245	species	Hydnum albidum	Peck		
Hydnum repandum	L.: Fr.	LC	Fungi	Basidiomycota	Agaricomycetes	Cantharellales	Hydnaceae	Hydnum	Hydnum repandum	2554716	species	Hydnum repandum	L.		
Hydnum rufescens	Fr.	LC	Fungi	Basidiomycota	Agaricomycetes	Cantharellales	Hydnaceae	Hydnum	Hydnum rufescens	2544165	species	Hydnum rufescens	Pers.		
Hydropus atramentosus	(Kalchbr.) Kotl. et Pouzar	EN	Fungi	Basidiomycota	Agaricomycetes	Agaricales	Mycenaceae	Hydropus	Hydropus atramentosus	5449113	species	Hydropus atramentosus	(Kalchbr.) Kotl. & Pouzar		
Hydropus floccipes	(Fr.) Singer	DD	Fungi	Basidiomycota	Agaricomycetes	Agaricales	Porotheleaceae	Pseudohydropus	Pseudohydropus floccipes	12179616	species	Pseudohydropus floccipes	(Fr.) Vizzini & Consiglio		
Hydropus marginellus	(Pers.:Fr.) Singer	LC	Fungi	Basidiomycota	Agaricomycetes	Agaricales	Mycenaceae	Hydropus	Hydropus marginellus	9171173	species	Hydropus marginellus	(Pers.) Singer		
Hydropus paradoxus	M.M. Moser	DD	Fungi	Basidiomycota	Agaricomycetes	Agaricales	Mycenaceae	Hydropus	Hydropus paradoxus	7243892	species	Hydropus paradoxus	M.M.Moser		
Hydropus subalpinus	(Hoehn.) Singer	LC	Fungi	Basidiomycota	Agaricomycetes	Agaricales	Porotheleaceae	Hydropodia	Hydropodia subalpina	12213418	species	Hydropodia subalpina	(Höhn.) Vizzini, Consiglio & M.Marchetti		
Hydropus trichoderma	(Joss.) Singer	LC	Fungi	Basidiomycota	Agaricomycetes	Agaricales	Mycenaceae	Hydropus	Hydropus trichoderma	5243878	species	Hydropus trichoderma	(Joss.) Singer		
Hygroaster asterosporus	(J.E. Lange) Singer	LC	Fungi	Basidiomycota	Agaricomycetes	Agaricales	Tricholomataceae	Omphaliaster	Omphaliaster asterosporus	2531766	species	Omphaliaster asterosporus	(J.E.Lange) Lamoure		
Hygrocybe calciphila	Arnolds	VU	Fungi	Basidiomycota	Agaricomycetes	Agaricales	Hygrophoraceae	Hygrocybe	Hygrocybe calciphila	2538703	species	Hygrocybe calciphila	Arnolds		
Hygrocybe ceracea	(Wulfen: Fr.) P. Kumm.	VU	Fungi	Basidiomycota	Agaricomycetes	Agaricales	Hygrophoraceae	Hygrocybe	Hygrocybe ceracea	2538644	species	Hygrocybe ceracea	(Sowerby) P.Kumm.		
Hygrocybe chlorophana	(Fr.: Fr.) Wuensche	LC	Fungi	Basidiomycota	Agaricomycetes	Agaricales	Hygrophoraceae	Hygrocybe	Hygrocybe chlorophana	2538630	species	Hygrocybe chlorophana	(Fr.) Wünsche		
Hygrocybe citrinofusca	(J. Favre) Bon	DD	Fungi	Basidiomycota	Agaricomycetes	Agaricales	Hygrophoraceae	Hygrophorus	Hygrophorus citrinofuscus	3344933	species	Hygrophorus citrinofuscus	J.Favre		
Hygrocybe citrinovirens	(J.E. Lange) Jul. Schaeff.	NT	Fungi	Basidiomycota	Agaricomycetes	Agaricales	Hygrophoraceae	Hygrocybe	Hygrocybe citrinovirens	2538477	species	Hygrocybe citrinovirens	(J.E.Lange) Jul.Schäff.		
Hygrocybe coccinea	(Schaeff.: Fr.) P. Kumm.	LC	Fungi	Basidiomycota	Agaricomycetes	Agaricales	Hygrophoraceae	Hygrocybe	Hygrocybe coccinea	2538445	species	Hygrocybe coccinea	(Schaeff.) P.Kumm.		
Hygrocybe coccineocrenata	(P.D. Orton) M.M. Moser	EN	Fungi	Basidiomycota	Agaricomycetes	Agaricales	Hygrophoraceae	Hygrocybe	Hygrocybe coccineocrenata	2538605	species	Hygrocybe coccineocrenata	(P.D.Orton) M.M.Moser		
Hygrocybe conica	(Scop.: Fr.) P. Kumm.	LC	Fungi	Basidiomycota	Agaricomycetes	Agaricales	Hygrophoraceae	Hygrocybe	Hygrocybe conica	2538524	species	Hygrocybe conica	(Schaeff.) P.Kumm.		
Hygrocybe conicoides	(P.D. Orton) P.D. Orton et Watling	DD	Fungi	Basidiomycota	Agaricomycetes	Agaricales	Hygrophoraceae	Hygrocybe	Hygrocybe conicoides	2538618	species	Hygrocybe conicoides	(P.D.Orton) P.D.Orton & Watling		
Hygrocybe conicopalustris	R. Haller	NT	Fungi	Basidiomycota	Agaricomycetes	Agaricales	Hygrophoraceae	Hygrocybe	Hygrocybe conicopalustris	3345087	species	Hygrocybe conicopalustris	R.Haller Aar.		
Hygrocybe fornicata	(Fr.) Singer	VU	Fungi	Basidiomycota	Agaricomycetes	Agaricales	Hygrophoraceae	Cuphophyllus	Cuphophyllus fornicatus	7387045	species	Cuphophyllus fornicatus	(Fr.) Lodge, Padamsee & Vizzini		
Hygrocybe glacialis	Borgen et Senn-Irlet	DD	Fungi	Basidiomycota	Agaricomycetes	Agaricales	Hygrophoraceae	Hygrocybe	Hygrocybe glacialis	3345208	species	Hygrocybe glacialis	T.Borgen & Senn-Irlet		
Hygrocybe glutinipes	(J.E. Lange) R. Haller	LC	Fungi	Basidiomycota	Agaricomycetes	Agaricales	Hygrophoraceae	Hygrocybe	Hygrocybe glutinipes	3345140	species	Hygrocybe glutinipes	(J.E.Lange) R.Haller Aar.		
Hygrocybe helobia	(Arnolds) Bon	VU	Fungi	Basidiomycota	Agaricomycetes	Agaricales	Hygrophoraceae	Hygrocybe	Hygrocybe helobia	2538664	species	Hygrocybe helobia	(Arnolds) Bon		
Hygrocybe insipida	(J.E. Lange ex S. Lundell) M.M. Moser	EN	Fungi	Basidiomycota	Agaricomycetes	Agaricales	Hygrophoraceae	Hygrocybe	Hygrocybe insipida	2538655	species	Hygrocybe insipida	(J.E.Lange) M.M.Moser		
Hygrocybe intermedia	(Pass.) Fayod	NT	Fungi	Basidiomycota	Agaricomycetes	Agaricales	Hygrophoraceae	Hygrocybe	Hygrocybe intermedia	2538468	species	Hygrocybe intermedia	(Pass.) Fayod		
Hygrocybe konradii	R. Haller	VU	Fungi	Basidiomycota	Agaricomycetes	Agaricales	Hygrophoraceae	Hygrocybe	Hygrocybe acutoconica	3345237	species	Hygrocybe acutoconica	(Clem.) Singer		
Hygrocybe lepida	Arnolds	LC	Fungi	Basidiomycota	Agaricomycetes	Agaricales	Hygrophoraceae	Hygrocybe	Hygrocybe lepida	2538599	species	Hygrocybe lepida	Arnolds		
Hygrocybe lilacina	(Laest.) M.M. Moser	DD	Fungi	Basidiomycota	Agaricomycetes	Agaricales	Hygrophoraceae	Chromosera	Chromosera lilacina	7834096	species	Chromosera lilacina	(P.Karst.) Vizzini & Ercole		
Hygrocybe miniata	(Fr.) P. Kumm.	NT	Fungi	Basidiomycota	Agaricomycetes	Agaricales	Hygrophoraceae	Hygrocybe	Hygrocybe miniata	2538580	species	Hygrocybe miniata	(Fr.) P.Kumm.		
Hygrocybe mucronella	(Fr.) P. Karst.	EN	Fungi	Basidiomycota	Agaricomycetes	Agaricales	Hygrophoraceae	Hygrocybe	Hygrocybe mucronella	2538588	species	Hygrocybe mucronella	(Fr.) P.Karst.		
Hygrocybe nigrescens	(Quel.) Kuehner	LC	Fungi	Basidiomycota	Agaricomycetes	Agaricales	Hygrophoraceae	Hygrocybe	Hygrocybe nigrescens	7672956	species	Hygrocybe nigrescens	(Quél.) Kühner		
Hygrocybe obrussea	(Fr.: Fr.) Wuensche	VU	Fungi	Basidiomycota	Agaricomycetes	Agaricales	Hygrophoraceae	Hygrocybe	Hygrocybe obrussea	3345253	species	Hygrocybe obrussea	(Fr.) Wünsche		
Hygrocybe ortoniana	Bon	DD	Fungi	Basidiomycota	Agaricomycetes	Agaricales	Hygrophoraceae	Hygrocybe	Hygrocybe ortoniana	3345389	species	Hygrocybe ortoniana	Bon		
Hygrocybe parvula	(Peck) Murrill	EN	Fungi	Basidiomycota	Agaricomycetes	Agaricales	Hygrophoraceae	Hygrocybe	Hygrocybe parvula	7574021	species	Hygrocybe parvula	(Peck) Murrill		
Hygrocybe persistens	(Britzelm.) Singer	NT	Fungi	Basidiomycota	Agaricomycetes	Agaricales	Hygrophoraceae	Hygrocybe	Hygrocybe acutoconica	3345237	species	Hygrocybe acutoconica	(Clem.) Singer		
Hygrocybe punicea	(Fr.) P. Kumm.	VU	Fungi	Basidiomycota	Agaricomycetes	Agaricales	Hygrophoraceae	Hygrocybe	Hygrocybe punicea	2538552	species	Hygrocybe punicea	(Fr.) P.Kumm.		
Hygrocybe reidii	Kuehner	VU	Fungi	Basidiomycota	Agaricomycetes	Agaricales	Hygrophoraceae	Hygrocybe	Hygrocybe reidii	8369786	species	Hygrocybe reidii	Kühner		
Hygrocybe riparia	Kreisel	DD	Fungi	Basidiomycota	Agaricomycetes	Agaricales	Hygrophoraceae	Hygrocybe	Hygrocybe riparia	7244139	species	Hygrocybe riparia	Kreisel		
Hygrocybe spadicea	(Scop.: Fr.) P. Karst.	EN	Fungi	Basidiomycota	Agaricomycetes	Agaricales	Hygrophoraceae	Hygrocybe	Hygrocybe spadicea	2538564	species	Hygrocybe spadicea	(Scop.) P.Karst.		
Hygrocybe strangulata	P.D. Orton	DD	Fungi	Basidiomycota	Agaricomycetes	Agaricales	Hygrophoraceae	Hygrocybe	Hygrocybe miniata	2538580	species	Hygrocybe miniata	(Fr.) P.Kumm.		
Hygrocybe subglobispora	(P.D. Orton) M.M. Moser	EN	Fungi	Basidiomycota	Agaricomycetes	Agaricales	Hygrophoraceae	Hygrocybe	Hygrocybe acutoconica	3345237	species	Hygrocybe acutoconica	(Clem.) Singer		
Hygrocybe subpapillata	Kuehner	DD	Fungi	Basidiomycota	Agaricomycetes	Agaricales	Hygrophoraceae	Hygrocybe	Hygrocybe subpapillata	7968514	species	Hygrocybe subpapillata	Kühner		
Hygrocybe substrangulata	(P.D. Orton) M.M. Moser	DD	Fungi	Basidiomycota	Agaricomycetes	Agaricales	Hygrophoraceae	Hygrocybe	Hygrocybe substrangulata	2538546	species	Hygrocybe substrangulata	(P.D.Orton) P.D.Orton & Watling		
Hygrocybe turunda	(Fr.: Fr.) P. Karst.	VU	Fungi	Basidiomycota	Agaricomycetes	Agaricales	Hygrophoraceae	Hygrocybe	Hygrocybe turunda	2538454	species	Hygrocybe turunda	(Fr.) P.Karst.		
Hygrocybe vitellina	(Fr.) P. Karst.	DD	Fungi	Basidiomycota	Agaricomycetes	Agaricales	Hygrophoraceae	Gloioxanthomyces	Gloioxanthomyces vitellinus	8390574	species	Gloioxanthomyces vitellinus	(Fr.) Lodge, Vizzini, Ercole & Boertm.		
Hygronarius renidens	(Fr.) Niskanen & Liimat.	LC	Fungi	Basidiomycota	Agaricomycetes	Agaricales	Cortinariaceae	Hygronarius	Hygronarius renidens	12157541	species	Hygronarius renidens	(Fr.) Niskanen & Liimat.		
Hygrophoropsis aurantiaca	(Wulfen: Fr.) Maire	LC	Fungi	Basidiomycota	Agaricomycetes	Boletales	Hygrophoropsidaceae	Hygrophoropsis	Hygrophoropsis aurantiaca	2525710	species	Hygrophoropsis aurantiaca	(Wulfen) Maire		
Hygrophoropsis morganii	(Peck) Bigelow	LC	Fungi	Basidiomycota	Agaricomycetes	Agaricales	Hygrophoraceae	Aphroditeola	Aphroditeola olida	7442261	species	Aphroditeola olida	(Quél.) Redhead & Manfr.Binder		
Hygrophoropsis pallida	(Peck) Kreisel	DD	Fungi	Basidiomycota	Agaricomycetes	Boletales	Hygrophoropsidaceae	Hygrophoropsis	Hygrophoropsis pallida	2525707	species	Hygrophoropsis pallida	(Cooke) Kreisel		
Hygrophorus agathosmus	(Fr.) Fr.	LC	Fungi	Basidiomycota	Agaricomycetes	Agaricales	Hygrophoraceae	Hygrophorus	Hygrophorus agathosmus	2538727	species	Hygrophorus agathosmus	(Fr.) Fr.		
Hygrophorus arbustivus	(Fr.) Fr.	VU	Fungi	Basidiomycota	Agaricomycetes	Agaricales	Hygrophoraceae	Hygrophorus	Hygrophorus arbustivus	2538716	species	Hygrophorus arbustivus	Fr.		
Hygrophorus atramentosus	(Secr.) Haas et R. Haller	VU	Fungi	Basidiomycota	Agaricomycetes	Agaricales	Hygrophoraceae	Hygrophorus	Hygrophorus atramentosus	7747227	species	Hygrophorus atramentosus	(Alb. & Schwein.) H.Haas & R.Haller Aar. ex Bon		
Hygrophorus calophyllus	P. Karst.	EN	Fungi	Basidiomycota	Agaricomycetes	Agaricales	Hygrophoraceae	Hygrophorus	Hygrophorus camarophyllus	2538720	species	Hygrophorus camarophyllus	(Alb. & Schwein.) Dumée, Grandjean & Maire		
Hygrophorus camarophyllus	(Alb. et Schwein.: Fr.) Dumee, Grandjean et Maire	LC	Fungi	Basidiomycota	Agaricomycetes	Agaricales	Hygrophoraceae	Hygrophorus	Hygrophorus camarophyllus	2538720	species	Hygrophorus camarophyllus	(Alb. & Schwein.) Dumée, Grandjean & Maire		
Hygrophorus capreolarius	Kalchbr.	LC	Fungi	Basidiomycota	Agaricomycetes	Agaricales	Hygrophoraceae	Hygrophorus	Hygrophorus capreolarius	3344917	species	Hygrophorus capreolarius	Kalchbr.		
Hygrophorus chrysodon	(Batsch: Fr.) Fr.	LC	Fungi	Basidiomycota	Agaricomycetes	Agaricales	Hygrophoraceae	Hygrophorus	Hygrophorus chrysodon	2538788	species	Hygrophorus chrysodon	(Batsch) Fr.		
Hygrophorus discoideus	(Pers.: Fr.) Fr.	LC	Fungi	Basidiomycota	Agaricomycetes	Agaricales	Hygrophoraceae	Hygrophorus	Hygrophorus discoideus	2538820	species	Hygrophorus discoideus	(Pers.) Fr.		
Hygrophorus discoxanthus	(Fr.) Rea	LC	Fungi	Basidiomycota	Agaricomycetes	Agaricales	Hygrophoraceae	Hygrophorus	Hygrophorus discoxanthus	2538815	species	Hygrophorus discoxanthus	(Fr.) Rea		
Hygrophorus eburneus	(Bull.: Fr.) Fr.	LC	Fungi	Basidiomycota	Agaricomycetes	Agaricales	Hygrophoraceae	Hygrophorus	Hygrophorus eburneus	9053531	species	Hygrophorus eburneus	(Bull.) Fr.		
Hygrophorus erubescens	(Fr.) Fr.	LC	Fungi	Basidiomycota	Agaricomycetes	Agaricales	Hygrophoraceae	Hygrophorus	Hygrophorus erubescens	2538799	species	Hygrophorus erubescens	(Fr.) Fr.		
Hygrophorus fagi	Bon et Becker	DD	Fungi	Basidiomycota	Agaricomycetes	Agaricales	Hygrophoraceae	Hygrophorus	Hygrophorus fagi	3344703	species	Hygrophorus fagi	G.Becker & Bon		author_mismatch
Hygrophorus hedrychii	Val.	VU	Fungi	Basidiomycota	Agaricomycetes	Agaricales	Hygrophoraceae	Hygrophorus	Hygrophorus hedrychii	2538776	species	Hygrophorus hedrychii	(Velen.) K.Kult		author_mismatch
Hygrophorus hyacinthinus	Quel.	LC	Fungi	Basidiomycota	Agaricomycetes	Agaricales	Hygrophoraceae	Hygrophorus	Hygrophorus hyacinthinus	3345035	species	Hygrophorus hyacinthinus	Quél.		
Hygrophorus hypothejus	(Fr.:Fr.) Fr.	LC	Fungi	Basidiomycota	Agaricomycetes	Agaricales	Hygrophoraceae	Hygrophorus	Hygrophorus hypothejus	2538748	species	Hygrophorus hypothejus	(Fr.) Fr.		
Hygrophorus latitabundus	Britzelm.	VU	Fungi	Basidiomycota	Agaricomycetes	Agaricales	Hygrophoraceae	Hygrophorus	Hygrophorus latitabundus	2538733	species	Hygrophorus latitabundus	Britzelm.		
Hygrophorus leporinus	Fr.	CR	Fungi	Basidiomycota	Agaricomycetes	Agaricales	Hygrophoraceae	Hygrocybe	Hygrocybe leporina	3345520	species	Hygrocybe leporina	(Fr.) P.D.Orton & Watling		
Hygrophorus leucophaeus	(Scop.:Fr.) Fr.	VU	Fungi	Basidiomycota	Agaricomycetes	Agaricales	Hygrophoraceae	Hygrophorus	Hygrophorus leucophaeus	2538796	species	Hygrophorus leucophaeus	(Scop.) Fr., 1838		
Hygrophorus ligatus	Fr.	VU	Fungi	Basidiomycota	Agaricomycetes	Agaricales	Hygrophoraceae	Hygrophorus	Hygrophorus ligatus	3344548	species	Hygrophorus ligatus	Fr.		
Hygrophorus lindtneri	M.M. Moser	VU	Fungi	Basidiomycota	Agaricomycetes	Agaricales	Hygrophoraceae	Hygrophorus	Hygrophorus lindtneri	2538812	species	Hygrophorus lindtneri	M.M.Moser		
Hygrophorus lucorum	Kalchbr.	LC	Fungi	Basidiomycota	Agaricomycetes	Agaricales	Hygrophoraceae	Hygrophorus	Hygrophorus lucorum	2538774	species	Hygrophorus lucorum	Kalchbr.		
Hygrophorus marzuolus	(Fr.) Bres.	NT	Fungi	Basidiomycota	Agaricomycetes	Agaricales	Hygrophoraceae	Hygrophorus	Hygrophorus marzuolus	7244099	species	Hygrophorus marzuolus	(Fr.) Bres.		
Hygrophorus melizeus	(Fr.: Fr.) Fr.	LC	Fungi	Basidiomycota	Agaricomycetes	Agaricales	Hygrophoraceae	Hygrophorus	Hygrophorus hedrychii	2538776	species	Hygrophorus hedrychii	(Velen.) K.Kult		
Hygrophorus mesotephrus	Berk. et Broome	VU	Fungi	Basidiomycota	Agaricomycetes	Agaricales	Hygrophoraceae	Hygrophorus	Hygrophorus mesotephrus	2538797	species	Hygrophorus mesotephrus	Berk. & Broome		
Hygrophorus nemoreus	(Pers.: Fr.) Fr.	LC	Fungi	Basidiomycota	Agaricomycetes	Agaricales	Hygrophoraceae	Hygrophorus	Hygrophorus nemoreus	2538708	species	Hygrophorus nemoreus	(Pers.) Fr.		
Hygrophorus olivaceoalbus	(Fr.: Fr.) Fr.	LC	Fungi	Basidiomycota	Agaricomycetes	Agaricales	Hygrophoraceae	Hygrophorus	Hygrophorus olivaceoalbus	2538784	species	Hygrophorus olivaceoalbus	(Fr.) Fr.		
Hygrophorus penarius	Fr.	LC	Fungi	Basidiomycota	Agaricomycetes	Agaricales	Hygrophoraceae	Hygrophorus	Hygrophorus penarius	2538718	species	Hygrophorus penarius	Fr.		
Hygrophorus persicolor	Ricek	VU	Fungi	Basidiomycota	Agaricomycetes	Agaricales	Hygrophoraceae	Hygrophorus	Hygrophorus persicolor	3344860	species	Hygrophorus persicolor	Ricek		
Hygrophorus persoonii	Arnolds	LC	Fungi	Basidiomycota	Agaricomycetes	Agaricales	Hygrophoraceae	Hygrophorus	Hygrophorus persoonii	2538803	species	Hygrophorus persoonii	Arnolds		
Hygrophorus piceae	Kuehner	LC	Fungi	Basidiomycota	Agaricomycetes	Agaricales	Hygrophoraceae	Hygrophorus	Hygrophorus piceae	8135649	species	Hygrophorus piceae	Kühner		
Hygrophorus pleurotoides	J. Favre	CR	Fungi	Basidiomycota	Agaricomycetes	Agaricales	Hygrophoraceae	Hygrophorus	Hygrophorus pleurotoides	3344652	species	Hygrophorus pleurotoides	J.Favre		
Hygrophorus poetarum	Heim	VU	Fungi	Basidiomycota	Agaricomycetes	Agaricales	Hygrophoraceae	Hygrophorus	Hygrophorus poetarum	2538746	species	Hygrophorus poetarum	R.Heim		
Hygrophorus ponderatus	Britzelm.	DD	Fungi	Basidiomycota	Agaricomycetes	Agaricales	Hygrophoraceae	Hygrophorus	Hygrophorus ponderatus	3344945	species	Hygrophorus ponderatus	Britzelm.		
Hygrophorus pudorinus	(Fr.) Fr.	LC	Fungi	Basidiomycota	Agaricomycetes	Agaricales	Hygrophoraceae	Hygrophorus	Hygrophorus pudorinus	2538714	species	Hygrophorus pudorinus	(Fr.) Fr.		
Hygrophorus purpurascens	(Alb. et Schwein.: Fr.) Fr.	EN	Fungi	Basidiomycota	Agaricomycetes	Agaricales	Hygrophoraceae	Hygrophorus	Hygrophorus purpurascens	3344741	species	Hygrophorus purpurascens	(Alb. & Schwein.) Fr.		
Hygrophorus pustulatus	(Pers.:Fr.) Fr.	LC	Fungi	Basidiomycota	Agaricomycetes	Agaricales	Hygrophoraceae	Hygrophorus	Hygrophorus pustulatus	9210249	species	Hygrophorus pustulatus	(Pers.) Fr.		
Hygrophorus queletii	Bres.	LC	Fungi	Basidiomycota	Agaricomycetes	Agaricales	Hygrophoraceae	Hygrophorus	Hygrophorus queletii	3344939	species	Hygrophorus queletii	Bres.		
Hygrophorus russula	(Schaeff.: Fr.) Quel.	VU	Fungi	Basidiomycota	Agaricomycetes	Agaricales	Hygrophoraceae	Hygrophorus	Hygrophorus russula	7747956	species	Hygrophorus russula	(Schaeff.) Quél.		
Hygrophorus speciosus	Peck	LC	Fungi	Basidiomycota	Agaricomycetes	Agaricales	Hygrophoraceae	Hygrophorus	Hygrophorus speciosus	7244108	species	Hygrophorus speciosus	Peck		
Hygrophorus subviscifer	(P. Karst.) Harmaja	CR	Fungi	Basidiomycota	Agaricomycetes	Agaricales	Hygrophoraceae	Hygrophorus	Hygrophorus subviscifer	3344749	species	Hygrophorus subviscifer	(P.Karst.) Harmaja		
Hymenochaete carpatica	Pilat	LC	Fungi	Basidiomycota	Agaricomycetes	Hymenochaetales	Hymenochaetaceae	Hymenochaete	Hymenochaete carpatica	2519743	species	Hymenochaete carpatica	Pilát		
Hymenochaete cinnamomea	(Pers.: Fr.) Bres.	LC	Fungi	Basidiomycota	Agaricomycetes	Hymenochaetales	Hymenochaetaceae	Hymenochaete	Hymenochaete cinnamomea	8787203	species	Hymenochaete cinnamomea	(Pers.) Bres.		
Hymenochaete cruenta	(Pers.: Fr.) Donk	VU	Fungi	Basidiomycota	Agaricomycetes	Hymenochaetales	Hymenochaetaceae	Hymenochaete	Hymenochaete cruenta	8873774	species	Hymenochaete cruenta	(Pers.) Donk		
Hymenochaete fuliginosa	(Pers.: Fr.) Bres.	LC	Fungi	Basidiomycota	Agaricomycetes	Hymenochaetales	Hymenochaetaceae	Hymenochaete	Hymenochaete fuliginosa	2519806	species	Hymenochaete fuliginosa	(Fr.) Lév.		author_mismatch
Hymenochaete rubiginosa	(Dicks.: Fr.) Lev.	LC	Fungi	Basidiomycota	Agaricomycetes	Hymenochaetales	Hymenochaetaceae	Hymenochaete	Hymenochaete rubiginosa	2519770	species	Hymenochaete rubiginosa	(Dicks.) Lév.		
Hymenochaete subfuliginosa	Bourdot et Galzin	DD	Fungi	Basidiomycota	Agaricomycetes	Hymenochaetales	Hymenochaetaceae	Hymenochaete	Hymenochaete fuliginosa	2519806	species	Hymenochaete fuliginosa	(Fr.) Lév.		
Hymenogaster arenarius	Tul.	DD	Fungi	Basidiomycota	Agaricomycetes	Agaricales	Hymenogastraceae	Hymenogaster	Hymenogaster arenarius	5242420	species	Hymenogaster arenarius	Tul. & C.Tul.		
Hymenogaster aromaticus	Velen.	DD	Fungi	Basidiomycota	Agaricomycetes	Agaricales	Cortinariaceae	Cortinarius	Cortinarius olens	9765543	species	Cortinarius olens	Gasparini		
Hymenogaster asterigmatus	Soehner	DD	Fungi	Basidiomycota	Agaricomycetes	Agaricales	Hymenogastraceae	Hymenogaster	Hymenogaster asterigmatus	5459782	species	Hymenogaster asterigmatus	Soehner		
Hymenogaster calosporus	Tul.	DD	Fungi	Basidiomycota	Agaricomycetes	Agaricales	Hymenogastraceae	Hymenogaster	Hymenogaster calosporus	7733927	species	Hymenogaster calosporus	Tul. & C.Tul.		
Hymenogaster cinereus	Hesse	DD	Fungi	Basidiomycota	Agaricomycetes	Agaricales	Hymenogastraceae	Hymenogaster	Hymenogaster cinereus	5459751	species	Hymenogaster cinereus	R.Hesse		
Hymenogaster citrinus	Vittad.	DD	Fungi	Basidiomycota	Agaricomycetes	Agaricales	Hymenogastraceae	Hymenogaster	Hymenogaster citrinus	5242418	species	Hymenogaster citrinus	Vittad.		
Hymenogaster griseus	Vittad.	DD	Fungi	Basidiomycota	Agaricomycetes	Agaricales	Hymenogastraceae	Hymenogaster	Hymenogaster griseus	5242410	species	Hymenogaster griseus	Vittad.		
Hymenogaster hessei	Soehner	DD	Fungi	Basidiomycota	Agaricomycetes	Agaricales	Hymenogastraceae	Hymenogaster	Hymenogaster hessei	5242408	species	Hymenogaster hessei	Soehner		
Hymenogaster lilacinus	Tul.	DD	Fungi	Basidiomycota	Agaricomycetes	Agaricales	Hymenogastraceae	Hymenogaster	Hymenogaster lilacinus	5242425	species	Hymenogaster lilacinus	Tul.		
Hymenogaster luteus	Vittad.	DD	Fungi	Basidiomycota	Agaricomycetes	Agaricales	Hymenogastraceae	Hymenogaster	Hymenogaster luteus	5241035	species	Hymenogaster luteus	Vittad.		
Hymenogaster lycoperdineus	Vittad.	DD	Fungi	Basidiomycota	Agaricomycetes	Agaricales	Hymenogastraceae	Hymenogaster	Hymenogaster griseus	5242410	species	Hymenogaster griseus	Vittad.		
Hymenogaster muticus	Berk. et Broome	DD	Fungi	Basidiomycota	Agaricomycetes	Agaricales	Hymenogastraceae	Hymenogaster	Hymenogaster muticus	5242409	species	Hymenogaster muticus	Berk. & Broome		
Hymenogaster niveus	Vittad.	DD	Fungi	Basidiomycota	Agaricomycetes	Agaricales	Cortinariaceae	Protoglossum	Protoglossum niveum	2528634	species	Protoglossum niveum	(Vittad.) T.W.May		
Hymenogaster populetorum	Tul.	DD	Fungi	Basidiomycota	Agaricomycetes	Agaricales	Hymenogastraceae	Hymenogaster	Hymenogaster griseus	5242410	species	Hymenogaster griseus	Vittad.		
Hymenogaster spictensis	Pat.	DD	Fungi	Basidiomycota	Agaricomycetes	Agaricales	Hymenogastraceae	Hymenogaster	Hymenogaster spictensis	5459756	species	Hymenogaster spictensis	Pat.		
Hymenogaster submacrosporus	Svrcek	DD	Fungi	Basidiomycota	Agaricomycetes	Agaricales	Hymenogastraceae	Hymenogaster	Hymenogaster submacrosporus	5459721	species	Hymenogaster submacrosporus	Svrček		
Hymenogaster sulcatus	Hesse	DD	Fungi	Basidiomycota	Agaricomycetes	Agaricales	Hymenogastraceae	Hymenogaster	Hymenogaster sulcatus	5242417	species	Hymenogaster sulcatus	R.Hesse		
Hymenogaster tener	Berk. et Broome	DD	Fungi	Basidiomycota	Agaricomycetes	Agaricales	Hymenogastraceae	Hymenogaster	Hymenogaster tener	5242424	species	Hymenogaster tener	Berk.		
Hymenogaster thwaitesii	Berk. et Broome	DD	Fungi	Basidiomycota	Agaricomycetes	Agaricales	Hymenogastraceae	Hymenogaster	Hymenogaster thwaitesii	5242411	species	Hymenogaster thwaitesii	Berk. & Broome		
Hymenogaster vulgaris	Tul.ap.Berk. et Broome	CR	Fungi	Basidiomycota	Agaricomycetes	Agaricales	Hymenogastraceae	Hymenogaster	Hymenogaster vulgaris	5242423	species	Hymenogaster vulgaris	Tul. & C.Tul.		author_mismatch
Hymenopellis radicata	(Relhan) R.H. Petersen	LC	Fungi	Basidiomycota	Agaricomycetes	Agaricales	Physalacriaceae	Hymenopellis	Hymenopellis radicata	8031042	species	Hymenopellis radicata	(Relhan) R.H.Petersen		
Hymenoscyphus albidus	(Rob. ex Desm.) Phill.	VU	Fungi	Ascomycota	Leotiomycetes	Helotiales	Helotiaceae	Hymenoscyphus	Hymenoscyphus albidus	8621048	species	Hymenoscyphus albidus	(Gillet) W.Phillips		
Hymenoscyphus calyculus	(Fr. ) Phill.	LC	Fungi	Ascomycota	Leotiomycetes	Helotiales	Helotiaceae	Hymenoscyphus	Hymenoscyphus calyculus	2582283	species	Hymenoscyphus calyculus	(Fr.) W.Phillips		
Hymenoscyphus caudatus	(Karst.) Dennis	LC	Fungi	Ascomycota	Leotiomycetes	Helotiales	Helotiaceae	Hymenoscyphus	Hymenoscyphus caudatus	2582362	species	Hymenoscyphus caudatus	(P.Karst.) Dennis		
Hymenoscyphus conscriptus	(Karst.) Korf ex Kobayasi et al.	LC	Fungi	Ascomycota	Leotiomycetes	Helotiales	Helotiaceae	Hymenoscyphus	Hymenoscyphus calyculus	2582283	species	Hymenoscyphus calyculus	(Fr.) W.Phillips		no_author_match
Hymenoscyphus consobrinus	(Boud.) Hengstm.	DD	Fungi	Ascomycota	Leotiomycetes	Helotiales	Helotiaceae	Hymenoscyphus	Hymenoscyphus menthae	2582395	species	Hymenoscyphus menthae	(W.Phillips) Baral		
Hymenoscyphus epiphyllus	(Pers.:Fr.) Rehm ex Kaufm.	LC	Fungi	Ascomycota	Leotiomycetes	Helotiales	Helotiaceae	Hymenoscyphus	Hymenoscyphus epiphyllus	9099774	species	Hymenoscyphus epiphyllus	(Pers.) Rehm ex Kauffman		
Hymenoscyphus fagineus	(Pers.:Fr.) Dennis	LC	Fungi	Ascomycota	Leotiomycetes	Helotiales	Helotiaceae	Hymenoscyphus	Hymenoscyphus fagineus	8886601	species	Hymenoscyphus fagineus	(Pers.) Dennis		
Hymenoscyphus fructigenus	(Bull. ex Mer.:Fr.) Gray	LC	Fungi	Ascomycota	Leotiomycetes	Helotiales	Helotiaceae	Hymenoscyphus	Hymenoscyphus fructigenus	9198759	species	Hymenoscyphus fructigenus	(Bull.) Gray		
Hymenoscyphus fucatus	(Phill.) Baral in Baral et Krieglst.	DD	Fungi	Ascomycota	Leotiomycetes	Helotiales	Helotiaceae	Hymenoscyphus	Hymenoscyphus fucatus	2582337	species	Hymenoscyphus fucatus	(Cooke & W.Phillips) Baral		
Hymenoscyphus imberbis	(Bull.: Fr.) Dennis	VU	Fungi	Ascomycota	Leotiomycetes	Helotiales	Helotiaceae	Hymenoscyphus	Hymenoscyphus imberbis	2582202	species	Hymenoscyphus imberbis	(Bull.) Dennis		
Hymenoscyphus immutabilis	(Fuckel) Dennis	NT	Fungi	Ascomycota	Leotiomycetes	Helotiales	Helotiaceae	Hymenoscyphus	Hymenoscyphus immutabilis	2582475	species	Hymenoscyphus immutabilis	(Fuckel) Dennis		
Hymenoscyphus juncisedus	(Velen.) Dennis	DD	Fungi	Ascomycota	Leotiomycetes	Helotiales	Tricladiaceae	Cudoniella	Cudoniella junciseda	2582068	species	Cudoniella junciseda	(Velen.) Dennis		
Hymenoscyphus laetus	(Boud.) Dennis	DD	Fungi	Ascomycota	Leotiomycetes	Helotiales	Helotiaceae	Hymenoscyphus	Hymenoscyphus laetus	2582322	species	Hymenoscyphus laetus	(Boud.) Dennis		
Hymenoscyphus menthae	(Phill.) Baral in Baral et Krieglst.	DD	Fungi	Ascomycota	Leotiomycetes	Helotiales	Helotiaceae	Hymenoscyphus	Hymenoscyphus menthae	2582395	species	Hymenoscyphus menthae	(W.Phillips) Baral		
Hymenoscyphus ombrophiliformis	Svrcek	DD	Fungi	Ascomycota	Leotiomycetes	Helotiales	Helotiaceae	Hymenoscyphus	Hymenoscyphus ombrophiliformis	3487917	species	Hymenoscyphus ombrophiliformis	Svrček		
Hymenoscyphus ravus	Svrcek	DD	Fungi	Ascomycota	Leotiomycetes	Helotiales	Helotiaceae	Hymenoscyphus	Hymenoscyphus ravus	3488116	species	Hymenoscyphus ravus	Svrček		
Hymenoscyphus repandus	(W. Phillips) Dennis	LC	Fungi	Ascomycota	Leotiomycetes	Helotiales	Helotiaceae	Hymenoscyphus	Hymenoscyphus repandus	2582306	species	Hymenoscyphus repandus	(W.Phillips) Dennis		
Hymenoscyphus rokebyensis	(Svrcek) Matheis	DD	Fungi	Ascomycota	Leotiomycetes	Helotiales	Helotiaceae	Hymenoscyphus	Hymenoscyphus rokebyensis	2582462	species	Hymenoscyphus rokebyensis	(Svrček) Matheis		
Hymenoscyphus salicellus	(Fr.) Dennis	DD	Fungi	Ascomycota	Leotiomycetes	Helotiales	Helotiaceae	Hymenoscyphus	Hymenoscyphus salicellus	2582414	species	Hymenoscyphus salicellus	(Fr.) Dennis		
Hymenoscyphus scutula	(Pers.:Fr.) Phill.	LC	Fungi	Ascomycota	Leotiomycetes	Helotiales	Helotiaceae	Hymenoscyphus	Hymenoscyphus scutula	2582331	species	Hymenoscyphus scutula	(Pers.) W.Phillips		
Hymenoscyphus separabilis	(P. Karst.) Dennis	DD	Fungi	Ascomycota	Leotiomycetes	Helotiales	Pezizellaceae	Calycellina	Calycellina separabilis	10685565	species	Calycellina separabilis	(P.Karst.) Baral		
Hymenoscyphus serotinus	(Pers.:Fr.) Phill.	LC	Fungi	Ascomycota	Leotiomycetes	Helotiales	Helotiaceae	Hymenoscyphus	Hymenoscyphus serotinus	2582470	species	Hymenoscyphus serotinus	(Pers.) W.Phillips		
Hymenoscyphus subferrugineus	(Nyl.) Dennis	DD	Fungi	Ascomycota	Leotiomycetes	Helotiales	Helotiaceae	Hymenoscyphus	Hymenoscyphus subferrugineus	2582372	species	Hymenoscyphus subferrugineus	(Nyl.) Dennis		
Hymenoscyphus trichosporus	Dougoud	LC	Fungi	Ascomycota	Leotiomycetes	Helotiales	Helotiaceae	Hymenoscyphus	Hymenoscyphus trichosporus	3488094	species	Hymenoscyphus trichosporus	Dougoud		
Hymenoscyphus vernus	(Boud.) Dennis	DD	Fungi	Ascomycota	Leotiomycetes	Helotiales	Helotiaceae	Hymenoscyphus	Hymenoscyphus vernus	10619876	species	Hymenoscyphus vernus	(Boud.) Dennis		
Hymenoscyphus vitellinus	(Rehm) Kuntze	LC	Fungi	Ascomycota	Leotiomycetes	Helotiales	Helotiaceae	Hymenoscyphus	Hymenoscyphus vitellinus	2582279	species	Hymenoscyphus vitellinus	(Rehm) Kuntze		
Hymenoscyphus vitigenus	(De Not.) Dennis	DD	Fungi	Ascomycota	Leotiomycetes	Helotiales	Helotiaceae	Hymenoscyphus	Hymenoscyphus vitigenus	2582422	species	Hymenoscyphus vitigenus	(De Not.) Dennis		
Hyphoderma argillaceum	(Bres.) Donk	LC	Fungi	Basidiomycota	Agaricomycetes	Hymenochaetales		Kurtia	Kurtia argillacea	7408233	species	Kurtia argillacea	(Bres.) Karasiński		
Hyphoderma cremeoalbum	(Hoehn. et Litsch.) Juelich	DD	Fungi	Basidiomycota	Agaricomycetes	Polyporales	Hyphodermataceae	Hyphoderma	Hyphoderma cremeoalbum	8283483	species	Hyphoderma cremeoalbum	(Höhn. & Litsch.) Jülich		
Hyphoderma definitum	(H.S. Jacks.) Donk	DD	Fungi	Basidiomycota	Agaricomycetes	Polyporales	Hyphodermataceae	Hyphoderma	Hyphoderma definitum	5245749	species	Hyphoderma definitum	(H.S.Jacks.) Donk		
Hyphoderma litschaueri	(Burt) J. Erikss. et A. Strid	DD	Fungi	Basidiomycota	Agaricomycetes	Polyporales	Hyphodermataceae	Hyphoderma	Hyphoderma litschaueri	5245788	species	Hyphoderma litschaueri	(Burt) J.Erikss. & Å.Strid		
Hyphoderma macedonicum	(Litsch.) Donk	DD	Fungi	Basidiomycota	Agaricomycetes	Hymenochaetales		Kurtia	Kurtia macedonica	7829336	species	Kurtia macedonica	(Litsch.) Karasiński		
Hyphoderma medioburiense	(Burt) Donk	DD	Fungi	Basidiomycota	Agaricomycetes	Polyporales	Hyphodermataceae	Hyphoderma	Hyphoderma medioburiense	5245736	species	Hyphoderma medioburiense	(Burt) Donk		
Hyphoderma mutatum	(Peck) Donk	LC	Fungi	Basidiomycota	Agaricomycetes	Polyporales	Hyphodermataceae	Mutatoderma	Mutatoderma mutatum	2555511	species	Mutatoderma mutatum	(Peck) C.E.Gómez		
Hyphoderma obtusum	J. Erikss.	DD	Fungi	Basidiomycota	Agaricomycetes	Polyporales	Hyphodermataceae	Hyphoderma	Hyphoderma obtusum	5245704	species	Hyphoderma obtusum	J.Erikss.		
Hyphoderma occidentale	(D.P. Rogers) Boidin & Gilles	DD	Fungi	Basidiomycota	Agaricomycetes	Polyporales	Hyphodermataceae	Hyphoderma	Hyphoderma occidentale	5245747	species	Hyphoderma occidentale	(D.P.Rogers) Boidin & Gilles		
Hyphoderma orphanellum	(Bourdot et Galzin) Donk	DD	Fungi	Basidiomycota	Agaricomycetes	Polyporales	Hyphodermataceae	Hyphoderma	Hyphoderma orphanellum	5245691	species	Hyphoderma orphanellum	(Bourdot & Galzin) Donk		
Hyphoderma roseocremeum	(Bres.) Donk	VU	Fungi	Basidiomycota	Agaricomycetes	Polyporales	Hyphodermataceae	Hyphoderma	Hyphoderma roseocremeum	5245674	species	Hyphoderma roseocremeum	(Bres.) Donk		
Hyphoderma setigerum	(Fr.) Donk	LC	Fungi	Basidiomycota	Agaricomycetes	Polyporales	Hyphodermataceae	Hyphoderma	Hyphoderma setigerum	5245764	species	Hyphoderma setigerum	(Fr.) Donk		
Hyphoderma sibiricum	(Parmasto) J. Erikss. et A. Strid	DD	Fungi	Basidiomycota	Agaricomycetes	Polyporales	Hyphodermataceae	Hyphoderma	Hyphoderma sibiricum	5245758	species	Hyphoderma sibiricum	(Parmasto) J.Erikss. & Å.Strid		
Hyphoderma transiens	(Bres.) Parmasto	EN	Fungi	Basidiomycota	Agaricomycetes	Polyporales	Hyphodermataceae	Hyphoderma	Hyphoderma transiens	5245712	species	Hyphoderma transiens	(Bres.) Parmasto		
Hyphodermella corrugata	(Fr.) J. Erikss. et Ryvarden	VU	Fungi	Basidiomycota	Agaricomycetes	Polyporales	Phanerochaetaceae	Hyphodermella	Hyphodermella corrugata	2542046	species	Hyphodermella corrugata	(Fr.) J.Erikss. & Ryvarden		
Hyphodiscus viridipilosus	(Graddon) Baral	DD	Fungi	Ascomycota	Leotiomycetes	Helotiales	Hyphodiscaceae	Hyphodiscus	Hyphodiscus smaragdinus	8217674	species	Hyphodiscus smaragdinus	(Kirschst.) Baral		
Hyphodontia abieticola	(Bourdot et Galzin) J. Erikss.	VU	Fungi	Basidiomycota	Agaricomycetes	Hymenochaetales	Hyphodontiaceae	Hyphodontia	Hyphodontia abieticola	2518795	species	Hyphodontia abieticola	(Bourdot & Galzin) J.Erikss.		
Hyphodontia alienata	(S. Lundell) J. Erikss.	DD	Fungi	Basidiomycota	Agaricomycetes	Hymenochaetales	Hyphodontiaceae	Hyphodontia	Hyphodontia alienata	2518744	species	Hyphodontia alienata	(S.Lundell) J.Erikss.		
Hyphodontia alutaria	(Burt) J. Erikss.	LC	Fungi	Basidiomycota	Agaricomycetes	Hymenochaetales	Hyphodontiaceae	Hyphodontia	Hyphodontia alutaria	2518751	species	Hyphodontia alutaria	(Burt) J.Erikss.		
Hyphodontia arguta	(Fr.) J. Erikss.	LC	Fungi	Basidiomycota	Agaricomycetes	Hymenochaetales	Hyphodontiaceae	Hyphodontia	Hyphodontia arguta	2518950	species	Hyphodontia arguta	(Fr.) J.Erikss.		
Hyphodontia barba-jovis	(Fr.) J. Erikss.	LC	Fungi	Basidiomycota	Agaricomycetes	Hymenochaetales	Hyphodontiaceae	Hyphodontia	Hyphodontia barba-jovis	2518772	species	Hyphodontia barba-jovis	(Bull.) J.Erikss.		
Hyphodontia cineracea	(Bourdot et Galzin) J. Erikss. et Hjortstam	NT	Fungi	Basidiomycota	Agaricomycetes	Hymenochaetales	Hyphodontiaceae	Kneiffiella	Kneiffiella cineracea	5237558	species	Kneiffiella cineracea	(Bourdot & Galzin) Jülich & Stalpers		
Hyphodontia crustosa	(Pers.: Fr.) J. Erikss.	LC	Fungi	Basidiomycota	Agaricomycetes	Corticiales	Corticiaceae	Lyomyces	Lyomyces crustosus	5237636	species	Lyomyces crustosus	(Pers.) P.Karst.		
Hyphodontia floccosa	(Bourdot et Galzin) J. Erikss.	DD	Fungi	Basidiomycota	Agaricomycetes	Hymenochaetales	Hyphodontiaceae	Kneiffiella	Kneiffiella floccosa	5237541	species	Kneiffiella floccosa	(Bourdot & Galzin) Jülich & Stalpers		
Hyphodontia microspora	J. Erikss. et Hjortstam	DD	Fungi	Basidiomycota	Agaricomycetes	Hymenochaetales	Hyphodontiaceae	Hyphodontia	Hyphodontia microspora	2518926	species	Hyphodontia microspora	J.Erikss. & Hjortstam		
Hyphodontia pallidula	(Bres.) J. Erikss.	LC	Fungi	Basidiomycota	Agaricomycetes	Hymenochaetales	Hyphodontiaceae	Hyphodontia	Hyphodontia pallidula	2518963	species	Hyphodontia pallidula	(Bres.) J.Erikss.		
Hyphodontia quercina	(Pers.: Fr.) J. Erikss.	VU	Fungi	Basidiomycota	Agaricomycetes	Hymenochaetales	Hyphodontiaceae	Hyphodontia	Hyphodontia quercina	2518880	species	Hyphodontia quercina	(Pers.) J.Erikss.		
Hyphodontia subalutacea	(P. Karst.) J. Erikss.	NT	Fungi	Basidiomycota	Agaricomycetes	Polyporales	Hyphodermataceae	Kneiffia	Kneiffia subalutacea	8161224	species	Kneiffia subalutacea	(P.Karst.) Bres.		
Hypholoma capnoides	(Fr.: Fr.) P. Kumm.	LC	Fungi	Basidiomycota	Agaricomycetes	Agaricales	Strophariaceae	Hypholoma	Hypholoma capnoides	2533439	species	Hypholoma capnoides	(Fr.) P.Kumm.		
Hypholoma elaeodes	Fr.	DD	Fungi	Basidiomycota	Agaricomycetes	Agaricales	Strophariaceae	Hypholoma	Hypholoma fasciculare	3293632	species	Hypholoma fasciculare	(Huds.) P.Kumm.		author_mismatch
Hypholoma elongatum	(Pers.:Fr.) Ricken	LC	Fungi	Basidiomycota	Agaricomycetes	Agaricales	Strophariaceae	Hypholoma	Hypholoma elongatum	9039008	species	Hypholoma elongatum	(Pers.) Ricken		
Hypholoma ericaeoides	P.D. Orton	EN	Fungi	Basidiomycota	Agaricomycetes	Agaricales	Strophariaceae	Hypholoma	Hypholoma ericaeoides	2533460	species	Hypholoma ericaeoides	P.D.Orton		
Hypholoma ericaeum	(Pers.: Fr.) Kuehner	DD	Fungi	Basidiomycota	Agaricomycetes	Agaricales	Strophariaceae	Hypholoma	Hypholoma ericaeum	8905140	species	Hypholoma ericaeum	(Pers.) Kühner		
Hypholoma fasciculare	(Huds.: Fr.) P. Kumm.	LC	Fungi	Basidiomycota	Agaricomycetes	Agaricales	Strophariaceae	Hypholoma	Hypholoma fasciculare	3293632	species	Hypholoma fasciculare	(Huds.) P.Kumm.		
Hypholoma laeticolor	(F.H. Moeller) P.D. Orton	EN	Fungi	Basidiomycota	Agaricomycetes	Agaricales	Strophariaceae	Hypholoma	Hypholoma laeticolor	8335619	species	Hypholoma laeticolor	(F.H.Møller) P.D.Orton		
Hypholoma marginatum	(Pers.: Fr.) J. Schroet.	LC	Fungi	Basidiomycota	Agaricomycetes	Agaricales	Strophariaceae	Hypholoma	Hypholoma marginatum	2533409	species	Hypholoma marginatum	J.Schröt.		
Hypholoma myosotis	(Fr.: Fr.) M. Lange	VU	Fungi	Basidiomycota	Agaricomycetes	Agaricales	Strophariaceae	Hypholoma	Hypholoma myosotis	2533498	species	Hypholoma myosotis	(Fr.) M.Lange		
Hypholoma polytrichi	(Fr.: Fr.) Ricken	VU	Fungi	Basidiomycota	Agaricomycetes	Agaricales	Strophariaceae	Hypholoma	Hypholoma polytrichi	2533468	species	Hypholoma polytrichi	(Fr.) Ricken		
Hypholoma radicosum	J.E. Lange	LC	Fungi	Basidiomycota	Agaricomycetes	Agaricales	Strophariaceae	Hypholoma	Hypholoma radicosum	2533411	species	Hypholoma radicosum	J.E.Lange		
Hypholoma subericaeum	(Fr.) Kuehner	EN	Fungi	Basidiomycota	Agaricomycetes	Agaricales	Strophariaceae	Hypholoma	Hypholoma subericaeum	2533401	species	Hypholoma subericaeum	(Fr.) Kühner		
Hypholoma sublateritium	(Fr.) Quel.	LC	Fungi	Basidiomycota	Agaricomycetes	Agaricales	Strophariaceae	Hypholoma	Hypholoma lateritium	2533424	species	Hypholoma lateritium	(Schaeff.) P.Kumm.		
Hypholoma udum	(Pers.:Fr.) Kuehner	LC	Fungi	Basidiomycota	Agaricomycetes	Agaricales	Strophariaceae	Bogbodia	Bogbodia uda	7367525	species	Bogbodia uda	(Pers.) Redhead		
Hypochnella violacea	Auersw. ex Schroet.	DD	Fungi	Basidiomycota	Agaricomycetes	Atheliales	Atheliaceae	Hypochnella	Hypochnella violacea	2554132	species	Hypochnella violacea	Auersw. ex J.Schröt.		
Hypochniciellum cremeoisabellinum	(Litsch) Hjortstam	DD	Fungi	Basidiomycota	Agaricomycetes	Amylocorticiales	Amylocorticiaceae	Amylocorticiellum	Amylocorticiellum cremeoisabellinum	2525176	species	Amylocorticiellum cremeoisabellinum	(Litsch.) Spirin & Zmitr.		
Hypochniciellum molle	(Fr.) Hjortstam	LC	Fungi	Basidiomycota	Agaricomycetes	Amylocorticiales	Amylocorticiaceae	Amylocorticiellum	Amylocorticiellum molle	2525158	species	Amylocorticiellum molle	(Fr.) Spirin & Zmitr.		
Hypochniciellum ovoideum	(Juelich) Hjortstam et Ryvarden	DD	Fungi	Basidiomycota	Agaricomycetes	Atheliales	Atheliaceae	Hypochniciellum	Hypochniciellum ovoideum	2554272	species	Hypochniciellum ovoideum	(Jülich) Hjortstam & Ryvarden		
Hypochnicium bombycinum	(Sommerf.: Fr.) J. Erikss.	NT	Fungi	Basidiomycota	Agaricomycetes	Polyporales	Meruliaceae	Hypochnicium	Hypochnicium bombycinum	2543566	species	Hypochnicium bombycinum	(Sommerf.) J.Erikss.		
Hypochnicium eichleri	(Bres.) J. Erikss. et Ryvarden	LC	Fungi	Basidiomycota	Agaricomycetes	Polyporales	Meruliaceae	Hypochnicium	Hypochnicium eichleri	2543535	species	Hypochnicium eichleri	(Bres. ex Sacc. & P.Syd.) J.Erikss. & Ryvarden		
Hypochnicium erikssonii	Hallenb. et Hjortstam	LC	Fungi	Basidiomycota	Agaricomycetes	Polyporales	Meruliaceae	Hypochnicium	Hypochnicium erikssonii	2543539	species	Hypochnicium erikssonii	Hallenb. & Hjortstam		
Hypochnicium geogenium	(Bres.) Erikss.	LC	Fungi	Basidiomycota	Agaricomycetes	Polyporales	Meruliaceae	Hypochnicium	Hypochnicium geogenium	2543596	species	Hypochnicium geogenium	(Bres.) J.Erikss.		
Hypochnicium lundellii	(Bourdot) J. Erikss.	LC	Fungi	Basidiomycota	Agaricomycetes	Polyporales	Meruliaceae	Hypochnicium	Hypochnicium lundellii	2543556	species	Hypochnicium lundellii	(Bourdot) J.Erikss.		
Hypochnicium polonense	(Bres.) A. Strid	LC	Fungi	Basidiomycota	Agaricomycetes	Polyporales	Meruliaceae	Gyrophanopsis	Gyrophanopsis polonensis	2543588	species	Gyrophanopsis polonensis	(Bres.) Stalpers & P.K.Buchanan		
Hypochnicium punctulatum	(Cooke) J. Erikss.	LC	Fungi	Basidiomycota	Agaricomycetes	Polyporales	Meruliaceae	Hypochnicium	Hypochnicium punctulatum	2543534	species	Hypochnicium punctulatum	(Cooke) J.Erikss.		
Hypochnicium subrigescens	Boidin	DD	Fungi	Basidiomycota	Agaricomycetes	Polyporales	Meruliaceae	Hypochnicium	Hypochnicium subrigescens	2543565	species	Hypochnicium subrigescens	Boidin		
Hypochnicium vellereum	(Ellis et Cragin) Parmasto	NT	Fungi	Basidiomycota	Agaricomycetes	Agaricales	Cyphellaceae	Granulobasidium	Granulobasidium vellereum	2532931	species	Granulobasidium vellereum	(Ellis & Cragin) Jülich		
Hypocrea argillacea	W. Phillips et Plowr.	DD	Fungi	Ascomycota	Sordariomycetes	Hypocreales	Hypocreaceae	Hypocrea	Hypocrea argillacea	2561464	species	Hypocrea argillacea	W.Phillips & Plowr.		
Hypocrea aureoviridis	Plowr. et Cooke	DD	Fungi	Ascomycota	Sordariomycetes	Hypocreales	Hypocreaceae	Trichoderma	Trichoderma aureoviride	5251367	species	Trichoderma aureoviride	Rifai		
Hypocrea citrina	(Pers.ex Fr.) Fr.	LC	Fungi	Ascomycota	Sordariomycetes	Hypocreales	Hypocreaceae	Trichoderma	Trichoderma citrinum	7543633	species	Trichoderma citrinum	(Pers.) Jaklitsch, W.Gams & Voglmayr		
Hypocrea gelatinosa	(Tode: Fr.) Fr.	LC	Fungi	Ascomycota	Sordariomycetes	Hypocreales	Hypocreaceae	Hypocrea	Hypocrea gelatinosa	9221615	species	Hypocrea gelatinosa	(Tode) Fr.		
Hypocrea lactea	Fr.	DD	Fungi	Ascomycota	Sordariomycetes	Hypocreales	Hypocreaceae	Hypocrea	Hypocrea lactea	8889697	species	Hypocrea lactea	(Fr.) Fr.		
Hypocrea lutea	(Tode: Fr.) Petch	DD	Fungi	Ascomycota	Sordariomycetes	Hypocreales	Hypocreaceae	Trichoderma	Trichoderma deliquescens	7796268	species	Trichoderma deliquescens	(Sopp) Jaklitsch		
Hypocrea psychrophila	E. Muell. et al.	DD	Fungi	Ascomycota	Sordariomycetes	Hypocreales	Hypocreaceae	Trichoderma	Trichoderma psychrophilum	8212341	species	Trichoderma psychrophilum	Jaklitsch		
Hypocrea pulvinata	Fuckel	LC	Fungi	Ascomycota	Sordariomycetes	Hypocreales	Hypocreaceae	Trichoderma	Trichoderma pulvinatum	8068583	species	Trichoderma pulvinatum	(Fuckel) Jaklitsch & Voglmayr		
Hypocrea rufa	(Pers.:Fr.) Fr.	LC	Fungi	Ascomycota	Sordariomycetes	Hypocreales	Hypocreaceae	Trichoderma	Trichoderma viride	5251340	species	Trichoderma viride	Pers.		
Hypocreopsis lichenoides	(Tode: Fr.) Seaver	EN	Fungi	Ascomycota	Sordariomycetes	Hypocreales	Hypocreaceae	Hypocreopsis	Hypocreopsis lichenoides	5251311	species	Hypocreopsis lichenoides	(Tode) Seaver		
Hypoderma rubi	(Pers.: Fr.) DC.	DD	Fungi	Ascomycota	Leotiomycetes	Rhytismatales	Rhytismataceae	Hypoderma	Hypoderma rubi	5255711	species	Hypoderma rubi	(Pers.) DC.		
Hypodermella laricis	Tubeuf	DD	Fungi	Ascomycota	Leotiomycetes	Rhytismatales	Rhytismataceae	Hypodermella	Hypodermella laricis	2579524	species	Hypodermella laricis	Tubeuf		
Hypomyces aurantius	(Pers.:Fr.) Tul.	LC	Fungi	Ascomycota	Sordariomycetes	Hypocreales	Hypocreaceae	Hypomyces	Hypomyces aurantius	7930134	species	Hypomyces aurantius	(Pers.) Fuckel		
Hypomyces chrysospermus	Tul.	LC	Fungi	Ascomycota	Sordariomycetes	Hypocreales	Hypocreaceae	Hypomyces	Hypomyces chrysospermus	2561867	species	Hypomyces chrysospermus	Tul. & C.Tul.		
Hypomyces lateritius	Schrad.	LC	Fungi	Ascomycota	Sordariomycetes	Hypocreales	Hypocreaceae	Hypomyces	Hypomyces lateritius	9174212	species	Hypomyces lateritius	(Fr.) Tul. & C.Tul.		author_mismatch
Hypomyces luteovirens	(Fr.: Fr.) Plowr.	DD	Fungi	Ascomycota	Sordariomycetes	Hypocreales	Hypocreaceae	Hypomyces	Hypomyces luteovirens	8926389	species	Hypomyces luteovirens	(Fr.) Tul. & C.Tul.		
Hypomyces ochraceus	(Pers.) Tul.	DD	Fungi	Ascomycota	Sordariomycetes	Hypocreales	Hypocreaceae	Hypomyces	Hypomyces ochraceus	2561792	species	Hypomyces ochraceus	(Pers.) Tul. & C.Tul.		
Hypoxylon fragiforme	(Pers.:Fr.) Kickx	LC	Fungi	Ascomycota	Sordariomycetes	Xylariales	Hypoxylaceae	Hypoxylon	Hypoxylon fragiforme	5254672	species	Hypoxylon fragiforme	(Pers.) J.Kickx f.		
Hypoxylon fuscum	(Pers.:Fr.) Fr.	LC	Fungi	Ascomycota	Sordariomycetes	Xylariales	Hypoxylaceae	Hypoxylon	Hypoxylon fuscum	5254797	species	Hypoxylon fuscum	(Pers.) Fr.		
Hypoxylon howeanum	Peck	EN	Fungi	Ascomycota	Sordariomycetes	Xylariales	Hypoxylaceae	Hypoxylon	Hypoxylon howeanum	5254707	species	Hypoxylon howeanum	Peck		
Hypoxylon rubiginosum	(Pers.:Fr.) Fr.	LC	Fungi	Ascomycota	Sordariomycetes	Xylariales	Hypoxylaceae	Hypoxylon	Hypoxylon rubiginosum	8991587	species	Hypoxylon rubiginosum	(Pers.) Fr.		
Hypsizygus ulmarius	(Bull.: Fr.) Redhead	EN	Fungi	Basidiomycota	Agaricomycetes	Agaricales	Lyophyllaceae	Hypsizygus	Hypsizygus ulmarius	9113338	species	Hypsizygus ulmarius	(Bull.) Redhead		
Hysterangium hessei	Soehner	DD	Fungi	Basidiomycota	Agaricomycetes	Hysterangiales	Hysterangiaceae	Hysterangium	Hysterangium hessei	8031738	species	Hysterangium hessei	Soehner		
Hysterangium knappii	Soehner	DD	Fungi	Basidiomycota	Agaricomycetes	Hysterangiales	Hysterangiaceae	Hysterangium	Hysterangium knappii	3352048	species	Hysterangium knappii	Soehner		
Hysterangium membranaceum	Vittad.	DD	Fungi	Basidiomycota	Agaricomycetes	Hysterangiales	Hysterangiaceae	Hysterangium	Hysterangium membranaceum	3351997	species	Hysterangium membranaceum	Vittad.		
Hysterangium nephriticum	Berk.	DD	Fungi	Basidiomycota	Agaricomycetes	Hysterangiales	Hysterangiaceae	Hysterangium	Hysterangium nephriticum	2525888	species	Hysterangium nephriticum	Berk.		
Hysterangium pompholyx	Tul.	DD	Fungi	Basidiomycota	Agaricomycetes	Hysterangiales	Hysterangiaceae	Statesia	Statesia pompholyx	12199000	species	Statesia pompholyx	(Tul. & C.Tul.) Castellano, T.Lebel, Davoodian & K.Hosaka		
Hysterangium separabile	Zeller	CR	Fungi	Basidiomycota	Agaricomycetes	Hysterangiales	Hysterangiaceae	Hysterangium	Hysterangium separabile	3351979	species	Hysterangium separabile	Zeller		
Hysterangium stoloniferum	Tul. et Tul.	DD	Fungi	Basidiomycota	Agaricomycetes	Hysterangiales	Hysterangiaceae	Hysterangium	Hysterangium stoloniferum	2525886	species	Hysterangium stoloniferum	Tul. & C.Tul.		
Hysterium pulicare	Pers.: Fr.	LC	Fungi	Ascomycota	Dothideomycetes	Hysteriales	Hysteriaceae	Hysterium	Hysterium pulicare	5261981	species	Hysterium pulicare	Pers.		author_mismatch
Hysteropezizella diminuens	(P. Karst.) Nannf.	DD	Fungi	Ascomycota	Leotiomycetes	Helotiales	Dermateaceae	Hysteropezizella	Hysteropezizella diminuens	2584450	species	Hysteropezizella diminuens	(P.Karst.) Nannf.		
Hysteropezizella hypopyrrha	(Rehm) Nannf.	DD	Fungi	Ascomycota	Leotiomycetes	Helotiales	Calloriaceae	Merostictis	Merostictis hypopyrrha	2583602	species	Merostictis hypopyrrha	(Rehm) Défago		
Hysteropezizella phragmitina	(P. Karst. et Starbaeck) Nannf.	DD	Fungi	Ascomycota	Leotiomycetes	Helotiales	Dermateaceae	Hysteropezizella	Hysteropezizella phragmitina	2584431	species	Hysteropezizella phragmitina	(P.Karst. & Starbäck) Nannf.		
Hysterostegiella juniperina	(E. Muell.) Schmid-Heckel	DD	Fungi	Ascomycota	Leotiomycetes	Helotiales	Dermateaceae	Hysterostegiella	Hysterostegiella juniperina	3484732	species	Hysterostegiella juniperina	(E.Müll.) Schmid-Heckel		
Imleria badia	(Fr.) Vizzini	LC	Fungi	Basidiomycota	Agaricomycetes	Boletales	Boletaceae	Imleria	Imleria badia	7832732	species	Imleria badia	(Fr.) Vizzini		
Imperator rhodopurpureus	(Smotl.) Assyov et al.	VU	Fungi	Basidiomycota	Agaricomycetes	Boletales	Boletaceae	Imperator	Imperator rhodopurpureus	8352057	species	Imperator rhodopurpureus	(Smotl.) Assyov, Bellanger, Bertéa, Courtec., Koller, Loizides, G.Marques, J.A.Muñoz, Oppicelli, D.Puddu, F.Rich. & P.-A.Moreau		
Imperator torosus	(Fr.) Assyov et al.	EN	Fungi	Basidiomycota	Agaricomycetes	Boletales	Boletaceae	Imperator	Imperator torosus	7549601	species	Imperator torosus	(Fr.) Assyov, Bellanger, Bertéa, Courtec., Koller, Loizides, G.Marques, J.A.Muñoz, Oppicelli, D.Puddu, F.Rich. & P.-A.Moreau		
Incrucipulum ciliare	(Schrad.:Fr.) Baral in Ba. et Kr	LC	Fungi	Ascomycota	Leotiomycetes	Helotiales	Lachnaceae	Incrucipulum	Incrucipulum ciliare	9182325	species	Incrucipulum ciliare	(Schrad. ex J.F.Gmel.) Baral		
Incrucipulum virtembergense	(Matheis) Baral in Ba. et Kr.	DD	Fungi	Ascomycota	Leotiomycetes	Helotiales	Lachnaceae	Incrucipulum	Incrucipulum virtembergense	2586612	species	Incrucipulum virtembergense	(Matheis) Baral		
Incrupila aspidii	(Lib.) Raitv.	DD	Fungi	Ascomycota	Leotiomycetes	Helotiales	Hyaloscyphaceae	Incrupila	Incrupila aspidii	2585300	species	Incrupila aspidii	(Lib.) Raitv.		
Infundibulicybe alkaliviolascens	(Bellù) Bellù	DD	Fungi	Basidiomycota	Agaricomycetes	Agaricales	Tricholomataceae	Infundibulicybe	Infundibulicybe alkaliviolascens	8227093	species	Infundibulicybe alkaliviolascens	(Bellù) Bellù		
Infundibulicybe bresadolana	(Singer) Harmaja	VU	Fungi	Basidiomycota	Agaricomycetes	Agaricales	Tricholomataceae	Clitocybe	Clitocybe bresadolana	7242133	species	Clitocybe bresadolana	Singer		
Infundibulicybe geotropa	(Bull.) Harmaja	LC	Fungi	Basidiomycota	Agaricomycetes	Agaricales	Tricholomataceae	Infundibulicybe	Infundibulicybe geotropa	9186073	species	Infundibulicybe geotropa	(Bull.) Harmaja		
Infundibulicybe gibba	(Pers.) Harmaja	LC	Fungi	Basidiomycota	Agaricomycetes	Agaricales	Tricholomataceae	Infundibulicybe	Infundibulicybe gibba	2531146	species	Infundibulicybe gibba	(Pers.) Harmaja		
Infundibulicybe glareosa	(Röllin & Monthoux) Harmaja	EN	Fungi	Basidiomycota	Agaricomycetes	Agaricales	Tricholomataceae	Clitocybe	Clitocybe glareosa	3326926	species	Clitocybe glareosa	Röllin & Monthoux		
Infundibulicybe lateritia	(J. Favre) Vizzini et Contu	EN	Fungi	Basidiomycota	Agaricomycetes	Agaricales	Tricholomataceae	Infundibulicybe	Infundibulicybe lateritia	8103695	species	Infundibulicybe lateritia	(J.Favre) Vizzini & Contu		
Infundibulicybe squamulosa	(Pers.) Harmaja	LC	Fungi	Basidiomycota	Agaricomycetes	Agaricales	Tricholomataceae	Infundibulicybe	Infundibulicybe squamulosa	2531188	species	Infundibulicybe squamulosa	(Pers.) Harmaja		
Infundibulicybe subsalmonea	(Lamoure) N. Schwab	VU	Fungi	Basidiomycota	Agaricomycetes	Agaricales	Tricholomataceae	Infundibulicybe	Infundibulicybe subsalmonea	10867540	species	Infundibulicybe subsalmonea	(Lamoure) N.Schwab		
Inocutis dryophila	(Berk.) Fiass. & Niem.	DD	Fungi	Basidiomycota	Agaricomycetes	Hymenochaetales	Hymenochaetaceae	Inocutis	Inocutis dryophila	2521025	species	Inocutis dryophila	(Berk.) Fiasson & Niemelä		
Inocutis rheades	(Pers.) Fiasson & Niemelä	EN	Fungi	Basidiomycota	Agaricomycetes	Hymenochaetales	Hymenochaetaceae	Inocutis	Inocutis rheades	2520997	species	Inocutis rheades	(Pers.) Fiasson & Niemelä		
Inocybe abjecta	(P. Karst.) Sacc.	DD	Fungi	Basidiomycota	Agaricomycetes	Agaricales	Inocybaceae	Inocybe	Inocybe flocculosa	2528025	species	Inocybe flocculosa	Sacc.		
Inocybe acuta	Boud.	LC	Fungi	Basidiomycota	Agaricomycetes	Agaricales	Inocybaceae	Inocybe	Inocybe acuta	2528114	species	Inocybe acuta	Boud.		
Inocybe albofibrillosa	Stangl et Schmid-Heckel	DD	Fungi	Basidiomycota	Agaricomycetes	Agaricales	Inocybaceae	Inocybe	Inocybe albofibrillosa	3330938	species	Inocybe albofibrillosa	Stangl & Schmid-Heckel		
Inocybe albomarginata	Velen.	DD	Fungi	Basidiomycota	Agaricomycetes	Agaricales	Inocybaceae	Inocybe	Inocybe albomarginata	2527898	species	Inocybe albomarginata	Velen.		
Inocybe albovelutipes	Stangl	EN	Fungi	Basidiomycota	Agaricomycetes	Agaricales	Inocybaceae	Inocybe	Inocybe albovelutipes	2527961	species	Inocybe albovelutipes	Stangl		
Inocybe alnea	Stangl	EN	Fungi	Basidiomycota	Agaricomycetes	Agaricales	Inocybaceae	Inocybe	Inocybe alnea	3331543	species	Inocybe alnea	Stangl		
Inocybe amblyospora	Kuehner	EN	Fungi	Basidiomycota	Agaricomycetes	Agaricales	Inocybaceae	Inocybe	Inocybe amblyospora	8293796	species	Inocybe amblyospora	Kühner		
Inocybe amethystina	Kuyper	LC	Fungi	Basidiomycota	Agaricomycetes	Agaricales	Inocybaceae	Inocybe	Inocybe amethystina	2528146	species	Inocybe amethystina	Kuyper		
Inocybe appendiculata	Kuehner	LC	Fungi	Basidiomycota	Agaricomycetes	Agaricales	Inocybaceae	Inocybe	Inocybe appendiculata	2527882	species	Inocybe appendiculata	Kühner		
Inocybe assimilata	(Britzelm.) Sacc.	LC	Fungi	Basidiomycota	Agaricomycetes	Agaricales	Inocybaceae	Inocybe	Inocybe assimilata	7421080	species	Inocybe assimilata	(Britzelm.) Sacc.		
Inocybe asterospora	Quel.	LC	Fungi	Basidiomycota	Agaricomycetes	Agaricales	Inocybaceae	Inocybe	Inocybe asterospora	2527952	species	Inocybe asterospora	Quél.		
Inocybe aurantiifolia	Beller	DD	Fungi	Basidiomycota	Agaricomycetes	Agaricales	Inocybaceae	Inocybe	Inocybe aurantiifolia	3331783	species	Inocybe aurantiifolia	Beller		
Inocybe aurea	Huijsman	DD	Fungi	Basidiomycota	Agaricomycetes	Agaricales	Inocybaceae	Inocybe	Inocybe aurea	2528144	species	Inocybe aurea	Huijsman		
Inocybe auricoma	(Batsch) J.E. Lange	EN	Fungi	Basidiomycota	Agaricomycetes	Agaricales	Inocybaceae	Inocybe	Inocybe auricoma	8358284	species	Inocybe auricoma	(Batsch) Sacc.		
Inocybe auricomella	Kuehner	DD	Fungi	Basidiomycota	Agaricomycetes	Agaricales	Inocybaceae	Inocybe	Inocybe auricomella	8389830	species	Inocybe auricomella	Kühner		
Inocybe ayeri	Furrer-Ziogas	DD	Fungi	Basidiomycota	Agaricomycetes	Agaricales	Inocybaceae	Inocybe	Inocybe ayeri	3331138	species	Inocybe ayeri	Furrer-Ziogas		
Inocybe bresadolae	Massee	VU	Fungi	Basidiomycota	Agaricomycetes	Agaricales	Inocybaceae	Inocybe	Inocybe bresadolae	2528201	species	Inocybe bresadolae	Massee		
Inocybe brevicystis	Metrod ex Kuyper	DD	Fungi	Basidiomycota	Agaricomycetes	Agaricales	Inocybaceae	Inocybe	Inocybe brevicystis	3331198	species	Inocybe brevicystis	Métrod ex Kuyper		
Inocybe brunneorufa	Stangl et J. Veselsky	LC	Fungi	Basidiomycota	Agaricomycetes	Agaricales	Inocybaceae	Inocybe	Inocybe calida	2528009	species	Inocybe calida	Velen.		
Inocybe caesariata	(Fr.) P. Karst.	DD	Fungi	Basidiomycota	Agaricomycetes	Agaricales	Inocybaceae	Inocybe	Inocybe caesariata	7244003	species	Inocybe caesariata	(Fr.) P.Karst.		
Inocybe calospora	Quel.	VU	Fungi	Basidiomycota	Agaricomycetes	Agaricales	Inocybaceae	Inocybe	Inocybe calospora	2527887	species	Inocybe calospora	Quél.		
Inocybe casimiri	Velen.	LC	Fungi	Basidiomycota	Agaricomycetes	Agaricales	Inocybaceae	Inocybe	Inocybe leptophylla	2528077	species	Inocybe leptophylla	G.F.Atk.		similar_found
Inocybe cicatricata	Ellis et Everh.	DD	Fungi	Basidiomycota	Agaricomycetes	Agaricales	Inocybaceae	Inocybe	Inocybe cicatricata	3331588	species	Inocybe cicatricata	Ellis & Everh.		
Inocybe coelestium	Kuyper	LC	Fungi	Basidiomycota	Agaricomycetes	Agaricales	Inocybaceae	Inocybe	Inocybe coelestium	3331274	species	Inocybe coelestium	Kuyper		
Inocybe concinnula	J. Favre	VU	Fungi	Basidiomycota	Agaricomycetes	Agaricales	Inocybaceae	Inocybe	Inocybe concinnula	2527998	species	Inocybe concinnula	J.Favre		
Inocybe corydalina	Quel.	LC	Fungi	Basidiomycota	Agaricomycetes	Agaricales	Inocybaceae	Inocybe	Inocybe corydalina	3330686	species	Inocybe corydalina	Quél.		
Inocybe crocifolia	Herink	LC	Fungi	Basidiomycota	Agaricomycetes	Agaricales	Inocybaceae	Inocybe	Inocybe flocculosa	2528025	species	Inocybe flocculosa	Sacc.		
Inocybe cryptocystis	D.E. Stuntz	DD	Fungi	Basidiomycota	Agaricomycetes	Agaricales	Inocybaceae	Inocybe	Inocybe cryptocystis	2527968	species	Inocybe cryptocystis	D.E.Stuntz		
Inocybe curvipes	P. Karst.	VU	Fungi	Basidiomycota	Agaricomycetes	Agaricales	Inocybaceae	Inocybe	Inocybe curvipes	2527979	species	Inocybe curvipes	P.Karst.		
Inocybe decipiens	Bres.	EN	Fungi	Basidiomycota	Agaricomycetes	Agaricales	Inocybaceae	Inocybe	Inocybe decipiens	2528054	species	Inocybe decipiens	Bres.		
Inocybe deglubens	(Fr.) Gillet	DD	Fungi	Basidiomycota	Agaricomycetes	Agaricales	Inocybaceae	Inocybe	Inocybe deglubens	2528026	species	Inocybe deglubens	(Fr.) Gillet		
Inocybe destricta	(Fr.) Quél.	DD	Fungi	Basidiomycota	Agaricomycetes	Agaricales	Inocybaceae	Pseudosperma	Pseudosperma rimosum	10846389	species	Pseudosperma rimosum	(Bull.) Matheny & Esteve-Rav.		
Inocybe dulcamara	(Alb. et Schwein.ex Pers.) P. Kumm.	LC	Fungi	Basidiomycota	Agaricomycetes	Agaricales	Inocybaceae	Inocybe	Inocybe dulcamara	2528128	species	Inocybe dulcamara	(Pers.) P.Kumm.		
Inocybe dunensis	P.D. Orton	EN	Fungi	Basidiomycota	Agaricomycetes	Agaricales	Inocybaceae	Inocybe	Inocybe dunensis	2528053	species	Inocybe dunensis	P.D.Orton		
Inocybe egenula	J. Favre	LC	Fungi	Basidiomycota	Agaricomycetes	Agaricales	Inocybaceae	Inocybe	Inocybe egenula	3331245	species	Inocybe egenula	J.Favre		
Inocybe erinaceomorpha	Stangl et J. Veselsky	LC	Fungi	Basidiomycota	Agaricomycetes	Agaricales	Inocybaceae	Inocybe	Inocybe erinaceomorpha	3330915	species	Inocybe erinaceomorpha	Stangl & J.Veselský		
Inocybe favrei	Bon	DD	Fungi	Basidiomycota	Agaricomycetes	Agaricales	Inocybaceae	Inocybe	Inocybe favrei	7243973	species	Inocybe favrei	Bon		
Inocybe fibrosa	(Sowerby) Gillet	LC	Fungi	Basidiomycota	Agaricomycetes	Agaricales	Inocybaceae	Inocybe	Inocybe fibrosa	2527906	species	Inocybe fibrosa	(Sowerby) Gillet		
Inocybe fibrosoides	Kuehner	LC	Fungi	Basidiomycota	Agaricomycetes	Agaricales	Inocybaceae	Inocybe	Inocybe fibrosoides	2528123	species	Inocybe fibrosoides	Kühner		
Inocybe flocculosa	(Berk.) Sacc.	LC	Fungi	Basidiomycota	Agaricomycetes	Agaricales	Inocybaceae	Inocybe	Inocybe flocculosa	2528025	species	Inocybe flocculosa	Sacc.		
Inocybe fraudans	(Britzelm.) Sacc.	LC	Fungi	Basidiomycota	Agaricomycetes	Agaricales	Inocybaceae	Inocybe	Inocybe fraudans	2528159	species	Inocybe fraudans	(Britzelm.) Sacc.		
Inocybe frigidula	J. Favre	VU	Fungi	Basidiomycota	Agaricomycetes	Agaricales	Inocybaceae	Inocybe	Inocybe frigidula	3331208	species	Inocybe frigidula	J.Favre		
Inocybe fuligineoatra	Huijsman	DD	Fungi	Basidiomycota	Agaricomycetes	Agaricales	Inocybaceae	Inocybe	Inocybe fuligineoatra	2527942	species	Inocybe fuligineoatra	Huijsman		
Inocybe furfurea	Kuehner	LC	Fungi	Basidiomycota	Agaricomycetes	Agaricales	Inocybaceae	Inocybe	Inocybe furfurea	8257399	species	Inocybe furfurea	Kühner		
Inocybe fuscidula	Velen.	LC	Fungi	Basidiomycota	Agaricomycetes	Agaricales	Inocybaceae	Inocybe	Inocybe fuscidula	7726394	species	Inocybe fuscidula	Velen.		
Inocybe gaillardii	Gillet	DD	Fungi	Basidiomycota	Agaricomycetes	Agaricales	Inocybaceae	Inocybe	Inocybe calospora	2527887	species	Inocybe calospora	Quél.		
Inocybe geophylla	(Sowerby: Fr.) P. Kumm.	LC	Fungi	Basidiomycota	Agaricomycetes	Agaricales	Inocybaceae	Inocybe	Inocybe geophylla	3330851	species	Inocybe geophylla	P.Kumm.		
Inocybe giacomi	J. Favre	LC	Fungi	Basidiomycota	Agaricomycetes	Agaricales	Inocybaceae	Inocybe	Inocybe giacomi	8399958	species	Inocybe giacomi	J.Favre		
Inocybe glabrescens	Velen.	LC	Fungi	Basidiomycota	Agaricomycetes	Agaricales	Inocybaceae	Inocybe	Inocybe glabrescens	2528172	species	Inocybe glabrescens	Velen.		
Inocybe glabripes	Ricken	LC	Fungi	Basidiomycota	Agaricomycetes	Agaricales	Inocybaceae	Inocybe	Inocybe glabripes	2528135	species	Inocybe glabripes	Ricken		
Inocybe glabrodisca	P.D. Orton	DD	Fungi	Basidiomycota	Agaricomycetes	Agaricales	Inocybaceae	Inocybe	Inocybe glabrodisca	2528019	species	Inocybe glabrodisca	P.D.Orton		
Inocybe godeyi	Gillet	LC	Fungi	Basidiomycota	Agaricomycetes	Agaricales	Inocybaceae	Inocybe	Inocybe godeyi	2528110	species	Inocybe godeyi	Gillet		
Inocybe goniopusio	Stangl	DD	Fungi	Basidiomycota	Agaricomycetes	Agaricales	Inocybaceae	Inocybe	Inocybe goniopusio	3331841	species	Inocybe goniopusio	Stangl		
Inocybe grammata	Quel.	LC	Fungi	Basidiomycota	Agaricomycetes	Agaricales	Inocybaceae	Inocybe	Inocybe grammata	2528125	species	Inocybe grammata	Quél.		
Inocybe griseolilacina	J.E. Lange	LC	Fungi	Basidiomycota	Agaricomycetes	Agaricales	Inocybaceae	Inocybe	Inocybe griseolilacina	2528122	species	Inocybe griseolilacina	J.E.Lange		
Inocybe griseovelata	Kuehner	EN	Fungi	Basidiomycota	Agaricomycetes	Agaricales	Inocybaceae	Inocybe	Inocybe griseovelata	3331674	species	Inocybe griseovelata	Kühner		
Inocybe haemacta	(Berk. et Broom) Sacc.	LC	Fungi	Basidiomycota	Agaricomycetes	Agaricales	Inocybaceae	Inocybe	Inocybe haemacta	2527957	species	Inocybe haemacta	(Berk. & Cooke) Sacc.		
Inocybe heimiana	Bon	DD	Fungi	Basidiomycota	Agaricomycetes	Agaricales	Inocybaceae	Inocybe	Inocybe dunensis	2528053	species	Inocybe dunensis	P.D.Orton		
Inocybe hirtella	Bres.	LC	Fungi	Basidiomycota	Agaricomycetes	Agaricales	Inocybaceae	Inocybe	Inocybe hirtella	2527992	species	Inocybe hirtella	Bres.		
Inocybe hirtelloides	Stangl et Veselsky	EN	Fungi	Basidiomycota	Agaricomycetes	Agaricales	Inocybaceae	Inocybe	Inocybe hirtelloides	3331693	species	Inocybe hirtelloides	Stangl & J.Veselský		
Inocybe huijsmanii	Kuyper	DD	Fungi	Basidiomycota	Agaricomycetes	Agaricales	Inocybaceae	Inocybe	Inocybe huijsmanii	2527967	species	Inocybe huijsmanii	Kuyper		
Inocybe humilis	J. Favre	CR	Fungi	Basidiomycota	Agaricomycetes	Agaricales	Inocybaceae	Inocybe	Inocybe humilis	2528008	species	Inocybe humilis	J.Favre		
Inocybe hystrix	(Fr.) P. Karst.	VU	Fungi	Basidiomycota	Agaricomycetes	Agaricales	Inocybaceae	Inocybe	Inocybe hystrix	2527867	species	Inocybe hystrix	(Fr.) P.Karst.		
Inocybe inconcinna	P. Karst.	DD	Fungi	Basidiomycota	Agaricomycetes	Agaricales	Inocybaceae	Inocybe	Inocybe inconcinna	3331088	species	Inocybe inconcinna	P.Karst.		
Inocybe inodora	Velen.	NT	Fungi	Basidiomycota	Agaricomycetes	Agaricales	Inocybaceae	Inocybe	Inocybe inodora	2527978	species	Inocybe inodora	Velen.		
Inocybe jacobi	Kuehner	LC	Fungi	Basidiomycota	Agaricomycetes	Agaricales	Inocybaceae	Inocybe	Inocybe rufoalba	8620665	species	Inocybe rufoalba	Sacc.		
Inocybe javorkae	Babos & Stangl	DD	Fungi	Basidiomycota	Agaricomycetes	Agaricales	Inocybaceae	Inocybe	Inocybe javorkae	3331364	species	Inocybe javorkae	Babos & Stangl		
Inocybe lacera	(Fr.: Fr.) P. Kumm.	LC	Fungi	Basidiomycota	Agaricomycetes	Agaricales	Inocybaceae	Inocybe	Inocybe lacera	3330718	species	Inocybe lacera	(Fr.) P.Kumm.		
Inocybe langei	R. Heim	LC	Fungi	Basidiomycota	Agaricomycetes	Agaricales	Inocybaceae	Inocybe	Inocybe langei	2527993	species	Inocybe langei	R.Heim		
Inocybe lanuginosa	(Bull.: Fr.) P. Kumm.	LC	Fungi	Basidiomycota	Agaricomycetes	Agaricales	Inocybaceae	Inocybe	Inocybe lanuginosa	7244052	species	Inocybe lanuginosa	(Bull.) P.Kumm.		
Inocybe leiocephala	D.E. Stuntz	LC	Fungi	Basidiomycota	Agaricomycetes	Agaricales	Inocybaceae	Inocybe	Inocybe catalaunica	2528038	species	Inocybe catalaunica	Singer		
Inocybe leptocystis	G.F. Atk.	EN	Fungi	Basidiomycota	Agaricomycetes	Agaricales	Inocybaceae	Inocybe	Inocybe leptocystis	2528001	species	Inocybe leptocystis	G.F.Atk.		
Inocybe leptophylla	G.F. Atk.	LC	Fungi	Basidiomycota	Agaricomycetes	Agaricales	Inocybaceae	Inocybe	Inocybe leptophylla	2528077	species	Inocybe leptophylla	G.F.Atk.		
Inocybe lilacina	(Peck) C.H. Kaufm.	LC	Fungi	Basidiomycota	Agaricomycetes	Agaricales	Inocybaceae	Inocybe	Inocybe geophylla	3330851	species	Inocybe geophylla	P.Kumm.		
Inocybe lucifuga	(Fr.: Fr.) P. Kumm.	DD	Fungi	Basidiomycota	Agaricomycetes	Agaricales	Inocybaceae	Inocybe	Inocybe lucifuga	7745236	species	Inocybe lucifuga	(Fr.) P.Kumm.		
Inocybe luteipes	J. Favre	VU	Fungi	Basidiomycota	Agaricomycetes	Agaricales	Inocybaceae	Inocybe	Inocybe luteipes	3331524	species	Inocybe luteipes	J.Favre		
Inocybe lutescens	Velen.	LC	Fungi	Basidiomycota	Agaricomycetes	Agaricales	Inocybaceae	Inocybe	Inocybe lutescens	7243949	species	Inocybe lutescens	Velen.		
Inocybe macrospora	(R. Heim) Alessio inval.	DD	Fungi	Basidiomycota	Agaricomycetes	Agaricales	Inocybaceae	Inocybe	Inocybe abnormispora	3331012	species	Inocybe abnormispora	Alessio		
Inocybe maculipes	J. Favre	VU	Fungi	Basidiomycota	Agaricomycetes	Agaricales	Inocybaceae	Inocybe	Inocybe maculipes	3331485	species	Inocybe maculipes	J.Favre		
Inocybe margaritispora	(Berk. ap.Cooke) Sacc.	VU	Fungi	Basidiomycota	Agaricomycetes	Agaricales	Inocybaceae	Inocybe	Inocybe margaritispora	2528063	species	Inocybe margaritispora	(Berk.) Sacc.		
Inocybe melanopus	D.E. Stuntz	EN	Fungi	Basidiomycota	Agaricomycetes	Agaricales	Inocybaceae	Inocybe	Inocybe melanopus	3331396	species	Inocybe melanopus	D.E.Stuntz		
Inocybe minimispora	Reumaux	DD	Fungi	Basidiomycota	Agaricomycetes	Agaricales	Inocybaceae	Inocybe	Inocybe minimispora	3331353	species	Inocybe minimispora	Reumaux		
Inocybe mixtilis	(Britzelm.) Sacc.	LC	Fungi	Basidiomycota	Agaricomycetes	Agaricales	Inocybaceae	Inocybe	Inocybe mixtilis	2527925	species	Inocybe mixtilis	(Britzelm.) Sacc.		
Inocybe monochroa	J. Favre	VU	Fungi	Basidiomycota	Agaricomycetes	Agaricales	Inocybaceae	Inocybe	Inocybe monochroa	3331436	species	Inocybe monochroa	J.Favre		
Inocybe mucronata	R. Heim	DD	Fungi	Basidiomycota	Agaricomycetes	Agaricales	Inocybaceae	Inocybe	Inocybe mucronata	3331763	species	Inocybe mucronata	R.Heim		
Inocybe mundula	(J. Favre) Senn-Irlet	VU	Fungi	Basidiomycota	Agaricomycetes	Agaricales	Inocybaceae	Inocybe	Inocybe favrei	7376300	species	Inocybe favrei	Nespiak		author_mismatch
Inocybe muricellata	Bres.	LC	Fungi	Basidiomycota	Agaricomycetes	Agaricales	Inocybaceae	Inocybe	Inocybe muricellata	2527991	species	Inocybe muricellata	Bres.		
Inocybe napipes	J.E. Lange	LC	Fungi	Basidiomycota	Agaricomycetes	Agaricales	Inocybaceae	Inocybe	Inocybe napipes	2527987	species	Inocybe napipes	J.E.Lange		
Inocybe nespiakii	Bon	DD	Fungi	Basidiomycota	Agaricomycetes	Agaricales	Inocybaceae	Inocybe	Inocybe nespiaki	7829585	species	Inocybe nespiaki	Bon		similar_found
Inocybe nitidiuscula	(Britzelm.) Sacc.	LC	Fungi	Basidiomycota	Agaricomycetes	Agaricales	Inocybaceae	Inocybe	Inocybe nitidiuscula	7780876	species	Inocybe nitidiuscula	(Britzelm.) Lapl.		
Inocybe oblectabilis	(Britzelm.) Sacc.	VU	Fungi	Basidiomycota	Agaricomycetes	Agaricales	Inocybaceae	Inocybe	Inocybe oblectabilis	2527973	species	Inocybe oblectabilis	(Britzelm.) Sacc.		
Inocybe obscurobadia	(J. Favre) Grund et D.E. Stuntz	LC	Fungi	Basidiomycota	Agaricomycetes	Agaricales	Inocybaceae	Inocybe	Inocybe obscurobadia	2528000	species	Inocybe obscurobadia	(J.Favre) Grund & D.E.Stuntz		
Inocybe ochracea	Stangl	DD	Fungi	Basidiomycota	Agaricomycetes	Agaricales	Inocybaceae	Inocybe	Inocybe ochracea	3331597	species	Inocybe ochracea	Stangl		
Inocybe ochroalba	Bruyl.	LC	Fungi	Basidiomycota	Agaricomycetes	Agaricales	Inocybaceae	Inocybe	Inocybe ochroalba	2527986	species	Inocybe ochroalba	Bruyl.		
Inocybe ochroleuca	J. Favre	DD	Fungi	Basidiomycota	Agaricomycetes	Agaricales	Inocybaceae	Inocybe	Inocybe ochroleuca	3331334	species	Inocybe ochroleuca	J.Favre		
Inocybe olivaceobrunnea	J. Favre ex Kuyper	DD	Fungi	Basidiomycota	Agaricomycetes	Agaricales	Inocybaceae	Inocybe	Inocybe olivaceobrunnea	8292152	species	Inocybe olivaceobrunnea	J.Favre ex Kuyper		
Inocybe oreina	J. Favre	LC	Fungi	Basidiomycota	Agaricomycetes	Agaricales	Inocybaceae	Inocybe	Inocybe oreina	3331325	species	Inocybe oreina	J.Favre		
Inocybe ovatocystis	Boursier et Kuehner	VU	Fungi	Basidiomycota	Agaricomycetes	Agaricales	Inocybaceae	Inocybe	Inocybe ovatocystis	3330864	species	Inocybe ovatocystis	Boursier & Kühner		
Inocybe pallida	Velen.	DD	Fungi	Basidiomycota	Agaricomycetes	Agaricales	Inocybaceae	Inocybe	Inocybe pallida	2528072	species	Inocybe pallida	Velen.		
Inocybe paludinella	(Peck) Sacc.	NT	Fungi	Basidiomycota	Agaricomycetes	Agaricales	Inocybaceae	Inocybe	Inocybe paludinella	2528022	species	Inocybe paludinella	(Peck) Sacc.		
Inocybe pelargonium	Kuehner	LC	Fungi	Basidiomycota	Agaricomycetes	Agaricales	Inocybaceae	Inocybe	Inocybe pelargonium	8059150	species	Inocybe pelargonium	Kühner		
Inocybe petiginosa	(Fr.: Fr.) Gillet	LC	Fungi	Basidiomycota	Agaricomycetes	Agaricales	Inocybaceae	Inocybe	Inocybe petiginosa	2528073	species	Inocybe petiginosa	(Fr.) Gillet		
Inocybe phaeocomis	(Pers.) Kuyper	LC	Fungi	Basidiomycota	Agaricomycetes	Agaricales	Inocybaceae	Inocybe	Inocybe cincinnata	8863729	species	Inocybe cincinnata	(Fr.) Quél.		
Inocybe phaeodisca	Kuehner	LC	Fungi	Basidiomycota	Agaricomycetes	Agaricales	Inocybaceae	Inocybe	Inocybe phaeodisca	8411912	species	Inocybe phaeodisca	Kühner		
Inocybe phaeoleuca	Kuehner	LC	Fungi	Basidiomycota	Agaricomycetes	Agaricales	Inocybaceae	Inocybe	Inocybe phaeoleuca	8025559	species	Inocybe phaeoleuca	Kühner		
Inocybe phaeosticta	Furrer	VU	Fungi	Basidiomycota	Agaricomycetes	Agaricales	Inocybaceae	Inocybe	Inocybe margaritispora	2528063	species	Inocybe margaritispora	(Berk.) Sacc.		
Inocybe piceae	Stangl et Schwoebel	LC	Fungi	Basidiomycota	Agaricomycetes	Agaricales	Inocybaceae	Inocybe	Inocybe pseudohiulca	8123986	species	Inocybe pseudohiulca	Kühner		
Inocybe polytrichi-norvegici	Kuehner	DD	Fungi	Basidiomycota	Agaricomycetes	Agaricales	Inocybaceae	Inocybe	Inocybe polytrichi-norvegici	3331766	species	Inocybe polytrichi-norvegici	Kühner		
Inocybe posterula	(Britzelm.) Sacc.	LC	Fungi	Basidiomycota	Agaricomycetes	Agaricales	Inocybaceae	Inocybe	Inocybe posterula	2528117	species	Inocybe posterula	(Britzelm.) Sacc.		
Inocybe praetervisa	Quel.	LC	Fungi	Basidiomycota	Agaricomycetes	Agaricales	Inocybaceae	Inocybe	Inocybe praetervisa	2527971	species	Inocybe praetervisa	Quél.		
Inocybe proximella	P. Karst.	EN	Fungi	Basidiomycota	Agaricomycetes	Agaricales	Inocybaceae	Inocybe	Inocybe proximella	2527950	species	Inocybe proximella	P.Karst.		
Inocybe pseudoasterospora	Kuehner et Boursier	LC	Fungi	Basidiomycota	Agaricomycetes	Agaricales	Inocybaceae	Inocybe	Inocybe pseudoasterospora	2527879	species	Inocybe pseudoasterospora	Kühner & Boursier		
Inocybe pseudobrunnea	Alessio	DD	Fungi	Basidiomycota	Agaricomycetes	Agaricales	Inocybaceae	Inocybe	Inocybe pseudobrunnea	3331703	species	Inocybe pseudobrunnea	Alessio		
Inocybe pseudodestricta	Stangl et Veselsky	LC	Fungi	Basidiomycota	Agaricomycetes	Agaricales	Inocybaceae	Inocybe	Inocybe pseudodestricta	2527969	species	Inocybe pseudodestricta	Stangl & J.Veselský		
Inocybe pseudohiulca	Kuehner	VU	Fungi	Basidiomycota	Agaricomycetes	Agaricales	Inocybaceae	Inocybe	Inocybe pseudohiulca	8123986	species	Inocybe pseudohiulca	Kühner		
Inocybe pseudoreducta	Stangl et Glowinski	LC	Fungi	Basidiomycota	Agaricomycetes	Agaricales	Inocybaceae	Inocybe	Inocybe pseudoreducta	2528007	species	Inocybe pseudoreducta	Stangl & Glowinski		
Inocybe pseudoumbrina	Stangl	DD	Fungi	Basidiomycota	Agaricomycetes	Agaricales	Inocybaceae	Inocybe	Inocybe pseudoumbrina	3331445	species	Inocybe pseudoumbrina	Stangl		
Inocybe pusio	P. Karst.	LC	Fungi	Basidiomycota	Agaricomycetes	Agaricales	Inocybaceae	Inocybe	Inocybe pusio	2528005	species	Inocybe pusio	P.Karst.		
Inocybe putilla	Bres.	LC	Fungi	Basidiomycota	Agaricomycetes	Agaricales	Inocybaceae	Inocybe	Inocybe putilla	2528011	species	Inocybe putilla	Bres.		
Inocybe queletii	Maire et Konrad	LC	Fungi	Basidiomycota	Agaricomycetes	Agaricales	Inocybaceae	Inocybe	Inocybe queletii	7244026	species	Inocybe queletii	Konrad		
Inocybe relicina	Fr.	CR	Fungi	Basidiomycota	Agaricomycetes	Agaricales	Inocybaceae	Inocybe	Inocybe relicina	3331223	species	Inocybe relicina	(Fr.) Quél.		
Inocybe rhacodes	J. Favre	EN	Fungi	Basidiomycota	Agaricomycetes	Agaricales	Inocybaceae	Inocybe	Inocybe lacera	3330718	species	Inocybe lacera	(Fr.) P.Kumm.		
Inocybe roseipes	Malencon	LC	Fungi	Basidiomycota	Agaricomycetes	Agaricales	Inocybaceae	Inocybe	Inocybe roseipes	3331714	species	Inocybe roseipes	Malençon		
Inocybe rufoalba	Pat. et Doassans	DD	Fungi	Basidiomycota	Agaricomycetes	Agaricales	Inocybaceae	Inocybe	Inocybe rufoalba	8147314	species	Inocybe rufoalba	Pat. & Doassans		
Inocybe rufobrunnea	J. Favre	DD	Fungi	Basidiomycota	Agaricomycetes	Agaricales	Inocybaceae	Inocybe	Inocybe rufobrunnea	3331498	species	Inocybe rufobrunnea	J.Favre		
Inocybe rufotacta	Schwoebel et Stangl	LC	Fungi	Basidiomycota	Agaricomycetes	Agaricales	Inocybaceae	Inocybe	Inocybe rufotacta	3331393	species	Inocybe rufotacta	Schwöbel & Stangl		
Inocybe rupestris	J. Favre	DD	Fungi	Basidiomycota	Agaricomycetes	Agaricales	Inocybaceae	Inocybe	Inocybe rupestris	3331808	species	Inocybe rupestris	J.Favre		
Inocybe salicis	Kuehner	EN	Fungi	Basidiomycota	Agaricomycetes	Agaricales	Inocybaceae	Inocybe	Inocybe salicis	2527909	species	Inocybe salicis	Kühner		
Inocybe sambucina	(Fr.) Quel.	EN	Fungi	Basidiomycota	Agaricomycetes	Agaricales	Inocybaceae	Inocybe	Inocybe sambucina	8919824	species	Inocybe sambucina	(Fr.) Quél.		
Inocybe sapinea	Velen.	DD	Fungi	Basidiomycota	Agaricomycetes	Agaricales	Inocybaceae	Inocybe	Inocybe sapinea	3330976	species	Inocybe sapinea	Velen.		
Inocybe serotina	Peck	DD	Fungi	Basidiomycota	Agaricomycetes	Agaricales	Inocybaceae	Inocybe	Inocybe serotina	2527944	species	Inocybe serotina	Peck		
Inocybe similis	Bres.	DD	Fungi	Basidiomycota	Agaricomycetes	Agaricales	Inocybaceae	Inocybe	Inocybe similis	3331085	species	Inocybe similis	Bres.		
Inocybe sindonia	(Fr.) P. Karst.	LC	Fungi	Basidiomycota	Agaricomycetes	Agaricales	Inocybaceae	Inocybe	Inocybe sindonia	2527869	species	Inocybe sindonia	(Fr.) P.Karst.		
Inocybe soluta	Velen.	LC	Fungi	Basidiomycota	Agaricomycetes	Agaricales	Inocybaceae	Inocybe	Inocybe soluta	2528061	species	Inocybe soluta	Velen.		
Inocybe splendens	R. Heim	LC	Fungi	Basidiomycota	Agaricomycetes	Agaricales	Inocybaceae	Inocybe	Inocybe splendens	3331004	species	Inocybe splendens	R.Heim		
Inocybe stellatospora	(Peck) Massee	DD	Fungi	Basidiomycota	Agaricomycetes	Agaricales	Inocybaceae	Inocybe	Inocybe stellatospora	7883791	species	Inocybe stellatospora	(Peck) Massee		
Inocybe striata	Bres.	LC	Fungi	Basidiomycota	Agaricomycetes	Agaricales	Inocybaceae	Inocybe	Inocybe acuta	2528114	species	Inocybe acuta	Boud.		
Inocybe strigiceps	Horak	VU	Fungi	Basidiomycota	Agaricomycetes	Agaricales	Inocybaceae	Inocybe	Inocybe tenax	9652950	species	Inocybe tenax	Matheny & Bougher		
Inocybe subcarpta	Kuehner et Boursier	LC	Fungi	Basidiomycota	Agaricomycetes	Agaricales	Inocybaceae	Inocybe	Inocybe subcarpta	7995602	species	Inocybe subcarpta	Kühner & Boursier		
Inocybe subporospora	Kuyper	DD	Fungi	Basidiomycota	Agaricomycetes	Agaricales	Inocybaceae	Inocybe	Inocybe subporospora	3331115	species	Inocybe subporospora	Kuyper		
Inocybe substellata	Kuehner	LC	Fungi	Basidiomycota	Agaricomycetes	Agaricales	Inocybaceae	Inocybe	Inocybe substellata	7914027	species	Inocybe substellata	Kühner		
Inocybe subtigrina	Kuehner	DD	Fungi	Basidiomycota	Agaricomycetes	Agaricales	Inocybaceae	Inocybe	Inocybe flocculosa	2528025	species	Inocybe flocculosa	Sacc.		
Inocybe tabacina	Furrer-Ziogas	EN	Fungi	Basidiomycota	Agaricomycetes	Agaricales	Inocybaceae	Inocybe	Inocybe tabacina	2527977	species	Inocybe tabacina	Furrer-Ziogas		
Inocybe tenebrosa	Quel.	EN	Fungi	Basidiomycota	Agaricomycetes	Agaricales	Inocybaceae	Inocybe	Inocybe tenebrosa	2527893	species	Inocybe tenebrosa	Quél.		
Inocybe tenerella	(J. Favre) ex Kuyper et Month. (ined.)	DD	Fungi	Basidiomycota	Agaricomycetes	Agaricales	Inocybaceae	Inocybe	Inocybe tenerella	7522782	species	Inocybe tenerella	J.Favre, 1960		author_mismatch
Inocybe tigrina	R. Heim	DD	Fungi	Basidiomycota	Agaricomycetes	Agaricales	Inocybaceae	Inocybe	Inocybe tigrina	2528028	species	Inocybe tigrina	R.Heim		
Inocybe tjallingiorum	Kuyper	LC	Fungi	Basidiomycota	Agaricomycetes	Agaricales	Inocybaceae	Inocybe	Inocybe tjallingiorum	2528179	species	Inocybe tjallingiorum	Kuyper		
Inocybe transitoria	(Britzelm.) Sacc.	DD	Fungi	Basidiomycota	Agaricomycetes	Agaricales	Inocybaceae	Inocybe	Inocybe transitoria	3331886	species	Inocybe transitoria	(Britzelm.) Sacc.		
Inocybe treneri	Bres.	DD	Fungi	Basidiomycota	Agaricomycetes	Agaricales	Inocybaceae	Inocybe	Inocybe treneri	3331078	species	Inocybe treneri	Bres.		
Inocybe tricolor	Kuehner	EN	Fungi	Basidiomycota	Agaricomycetes	Agaricales	Inocybaceae	Inocybe	Inocybe tricolor	7449828	species	Inocybe tricolor	Kühner		
Inocybe trivialis	J.E. Lange	DD	Fungi	Basidiomycota	Agaricomycetes	Agaricales	Inocybaceae	Inocybe	Inocybe duriuscula	2528175	species	Inocybe duriuscula	Rea		no_author_match,multiple_accepted_names_resolved
Inocybe umbratica	Quel.	NT	Fungi	Basidiomycota	Agaricomycetes	Agaricales	Inocybaceae	Inocybe	Inocybe umbratica	2528120	species	Inocybe umbratica	Quél.		
Inocybe vaccina	Kuehner	LC	Fungi	Basidiomycota	Agaricomycetes	Agaricales	Inocybaceae	Inocybe	Inocybe vaccina	2527878	species	Inocybe vaccina	Kühner		
Inocybe vatricosa	(Fr.: Fr.) P. Karst.	DD	Fungi	Basidiomycota	Agaricomycetes	Agaricales	Hymenogastraceae	Hebeloma	Hebeloma vatricosum	3343338	species	Hebeloma vatricosum	(Fr.) Murrill		
Inocybe vulpinella	Bruyl.	NT	Fungi	Basidiomycota	Agaricomycetes	Agaricales	Inocybaceae	Inocybe	Inocybe vulpinella	2527943	species	Inocybe vulpinella	Bruyl.		
Inocybe whitei	(Berk. et Broome) Sacc.	LC	Fungi	Basidiomycota	Agaricomycetes	Agaricales	Inocybaceae	Inocybe	Inocybe whitei	2528180	species	Inocybe whitei	(Berk. & Broome) Sacc.		
Inocybe xanthomelas	Kuehner et Boursier	EN	Fungi	Basidiomycota	Agaricomycetes	Agaricales	Inocybaceae	Inocybe	Inocybe xanthomelas	2527910	species	Inocybe xanthomelas	Boursier & Kühner		author_mismatch
Inonotus cuticularis	(Bull.: Fr.) P. Karst.	EN	Fungi	Basidiomycota	Agaricomycetes	Hymenochaetales	Hymenochaetaceae	Inonotus	Inonotus cuticularis	2521101	species	Inonotus cuticularis	(Bull.) P.Karst.		
Inonotus hispidus	(Bull.: Fr.) P. Karst.	LC	Fungi	Basidiomycota	Agaricomycetes	Hymenochaetales	Hymenochaetaceae	Inonotus	Inonotus hispidus	2521208	species	Inonotus hispidus	(Bull.) P.Karst.		
Inonotus obliquus	(Pers.:Fr.) Pilat	VU	Fungi	Basidiomycota	Agaricomycetes	Hymenochaetales	Hymenochaetaceae	Inonotus	Inonotus obliquus	2521089	species	Inonotus obliquus	(Fr.) Pilát		
Inosperma adaequatum	(Britzelm.) Matheny & Esteve-Rav.	LC	Fungi	Basidiomycota	Agaricomycetes	Agaricales	Inocybaceae	Inosperma	Inosperma adaequatum	10847641	species	Inosperma adaequatum	(Britzelm.) Matheny & Esteve-Rav.		
Inosperma bongardii	(Weinm.) Matheny & Esteve-Rav.	LC	Fungi	Basidiomycota	Agaricomycetes	Agaricales	Inocybaceae	Inosperma	Inosperma bongardii	10677598	species	Inosperma bongardii	(Weinm.) Matheny & Esteve-Rav.		
Inosperma calamistratum	(Fr.) Matheny & Esteve-Rav.	LC	Fungi	Basidiomycota	Agaricomycetes	Agaricales	Inocybaceae	Inosperma	Inosperma calamistratum	10726407	species	Inosperma calamistratum	(Fr.) Matheny & Esteve-Rav.		
Inosperma cervicolor	(Pers.) Matheny & Esteve-Rav.	LC	Fungi	Basidiomycota	Agaricomycetes	Agaricales	Inocybaceae	Inosperma	Inosperma cervicolor	10859162	species	Inosperma cervicolor	(Pers.) Matheny & Esteve-Rav.		
Inosperma cookei	(Bres.) Matheny & Esteve-Rav.	LC	Fungi	Basidiomycota	Agaricomycetes	Agaricales	Inocybaceae	Inosperma	Inosperma cookei	10798878	species	Inosperma cookei	(Bres.) Matheny & Esteve-Rav.		
Inosperma erubescens	(A. Blytt) Matheny & Esteve-Rav.	LC	Fungi	Basidiomycota	Agaricomycetes	Agaricales	Inocybaceae	Inosperma	Inosperma erubescens	10776858	species	Inosperma erubescens	(A.Blytt) Matheny & Esteve-Rav.		
Inosperma geraniodorum	(J. Favre) Matheny & Esteve-Rav.	EN	Fungi	Basidiomycota	Agaricomycetes	Agaricales	Inocybaceae	Inosperma	Inosperma geraniodorum	10715835	species	Inosperma geraniodorum	(J.Favre) Matheny & Esteve-Rav.		
Inosperma hirsutum	(Lasch) Matheny & Esteve-Rav.	DD	Fungi	Basidiomycota	Agaricomycetes	Agaricales	Inocybaceae	Inosperma	Inosperma hirsutum	10731656	species	Inosperma hirsutum	(Lasch) Matheny & Esteve-Rav.		
Inosperma kuthanii	(Stangl & J. Veselský) Matheny & Esteve-Rav.	DD	Fungi	Basidiomycota	Agaricomycetes	Agaricales	Inocybaceae	Inosperma	Inosperma kuthanii	10757304	species	Inosperma kuthanii	(Stangl & J.Veselský) Matheny & Esteve-Rav.		
Inosperma maculatum	(Boud.) Matheny & Esteve-Rav.	LC	Fungi	Basidiomycota	Agaricomycetes	Agaricales	Inocybaceae	Inosperma	Inosperma maculatum	10894510	species	Inosperma maculatum	(Boud.) Matheny & Esteve-Rav.		
Inosperma pisciodorum	(Donadini & Riousset) Matheny & Esteve-Rav.	LC	Fungi	Basidiomycota	Agaricomycetes	Agaricales	Inocybaceae	Inosperma	Inosperma pisciodorum	10863461	species	Inosperma pisciodorum	(Donadini & Riousset) Matheny & Esteve-Rav.		
Inosperma quietiodor	(Bon) Matheny & Esteve-Rav.	LC	Fungi	Basidiomycota	Agaricomycetes	Agaricales	Inocybaceae	Inosperma	Inosperma quietiodor	10806278	species	Inosperma quietiodor	(Bon) Matheny & Esteve-Rav.		
Intextomyces contiguus	(P. Karst.) J. Erikss, et Ryvarden	DD	Fungi	Basidiomycota	Agaricomycetes	Polyporales	Hyphodermataceae	Intextomyces	Intextomyces contiguus	2523898	species	Intextomyces contiguus	(P.Karst.) J.Erikss. & Ryvarden		
Iodophanus carneus	(Pers.:Fr.) Korf	LC	Fungi	Ascomycota	Pezizomycetes	Pezizales	Pezizaceae	Iodophanus	Iodophanus carneus	2595140	species	Iodophanus carneus	(Pers.) Korf		
Ionomidotis fulvotingens	(Berk. et M.A. Curtis) Cash	NT	Fungi	Ascomycota	Leotiomycetes	Helotiales	Cordieritidaceae	Ionomidotis	Ionomidotis fulvotingens	2581585	species	Ionomidotis fulvotingens	(Berk. & M.A.Curtis) E.K.Cash		
Ionopezia gerardii	(Cooke) Van Vooren	LC	Fungi	Ascomycota	Pezizomycetes	Pezizales	Pezizaceae	Ionopezia	Ionopezia gerardii	11986412	species	Ionopezia gerardii	(Cooke) Van Vooren		
Irpex lacteus	(Fr.ex Fr.) Fr.	LC	Fungi	Basidiomycota	Agaricomycetes	Polyporales	Irpicaceae	Irpex	Irpex lacteus	2544188	species	Irpex lacteus	(Fr.) Fr.		
Irpicodon pendulus	(Alb. et Schwein.: Fr.) Pouzar	LC	Fungi	Basidiomycota	Agaricomycetes	Amylocorticiales	Amylocorticiaceae	Irpicodon	Irpicodon pendulus	2525125	species	Irpicodon pendulus	(Alb. & Schwein.) Pouzar		
Ischnoderma benzoinum	(Wahl.:Fr.) Karst.	LC	Fungi	Basidiomycota	Agaricomycetes	Polyporales	Ischnodermataceae	Ischnoderma	Ischnoderma benzoinum	2543500	species	Ischnoderma benzoinum	(Wahlenb.) P.Karst.		
Ischnoderma resinosum	(Fr.) P. Karst.	EN	Fungi	Basidiomycota	Agaricomycetes	Polyporales	Ischnodermataceae	Ischnoderma	Ischnoderma resinosum	2543487	species	Ischnoderma resinosum	(Schrad.) P.Karst.		
Jaapia ochroleuca	(Bres.) Nannf. et Erikss.	DD	Fungi	Basidiomycota	Agaricomycetes	Jaapiales	Jaapiaceae	Jaapia	Jaapia ochroleuca	5239753	species	Jaapia ochroleuca	(Bres.) Nannf. & J.Erikss.		
Jackrogersella multiformis	(Fr.) L. Wendt, Kuhnert & M. Stadler	LC	Fungi	Ascomycota	Sordariomycetes	Xylariales	Hypoxylaceae	Jackrogersella	Jackrogersella multiformis	9397402	species	Jackrogersella multiformis	(Fr.) L.Wendt, Kuhnert & M.Stadler		
Jacksonomyces segregatus	(Bourdot & Galzin) Sheng H. Wu & Z.C. Chen	DD	Fungi	Basidiomycota	Agaricomycetes	Polyporales	Meruliaceae	Phlebia	Phlebia segregata	2545011	species	Phlebia segregata	(Bourdot & Galzin) Parmasto		
Jahnoporus hirtus	(Cooke) Nuss	EN	Fungi	Basidiomycota	Agaricomycetes	Polyporales	Dacryobolaceae	Jahnoporus	Jahnoporus hirtus	2551714	species	Jahnoporus hirtus	(Cooke) Nuss		
Junghuhnia fimbriatella	Peck	DD	Fungi	Basidiomycota	Agaricomycetes	Polyporales	Steccherinaceae	Steccherinum	Steccherinum fimbriatellum	9810932	species	Steccherinum fimbriatellum	(Peck) Miettinen		author_mismatch
Junghuhnia lacera	(P. Karst.) Niemelä & Kinnunen	DD	Fungi	Basidiomycota	Agaricomycetes	Polyporales	Steccherinaceae	Steccherinum	Steccherinum lacerum	7791864	species	Steccherinum lacerum	(P.Karst.) Kotir. & Saaren.		
Junghuhnia luteoalba	(Karst.) Ryvarden	DD	Fungi	Basidiomycota	Agaricomycetes	Polyporales	Steccherinaceae	Butyrea	Butyrea luteoalba	9755826	species	Butyrea luteoalba	(P.Karst.) Miettinen		
Junghuhnia nitida	(Pers.:Fr.) Ryvarden	LC	Fungi	Basidiomycota	Agaricomycetes	Polyporales	Steccherinaceae	Junghuhnia	Junghuhnia nitida	9099973	species	Junghuhnia nitida	(Pers.) Ryvarden		
Junghuhnia pseudozilingiana	(Parmasto) Ryvarden	DD	Fungi	Basidiomycota	Agaricomycetes	Polyporales	Steccherinaceae	Junghuhnia	Junghuhnia pseudozilingiana	5246013	species	Junghuhnia pseudozilingiana	(Parmasto) Ryvarden		
Karstenia lonicerae	(Velen.) Sherwood	DD	Fungi	Ascomycota	Lecanoromycetes	Ostropales	Stictidaceae	Karstenia	Karstenia lonicerae	5255781	species	Karstenia lonicerae	(Velen.) Sherwood		
Kavinia alboviridis	(Morgan) Gilberts. et Budington	DD	Fungi	Basidiomycota	Agaricomycetes	Gomphales	Lentariaceae	Kavinia	Kavinia alboviridis	2521466	species	Kavinia alboviridis	(Morgan) Gilb. & Budington		
Kavinia himantia	(Schw.) Erikss.	DD	Fungi	Basidiomycota	Agaricomycetes	Gomphales	Lentariaceae	Hydnocristella	Hydnocristella himantia	2521476	species	Hydnocristella himantia	(Schwein.) R.H.Petersen		
Kotlabaea deformis	(Karst.) Secr.	LC	Fungi	Ascomycota	Pezizomycetes	Pezizales	Pyronemataceae	Byssonectria	Byssonectria deformis	8366281	species	Byssonectria deformis	(P.Karst.) U.Lindem. & M.Vega		
Kotlabaea delectans	(Starb.) Svrcek	LC	Fungi	Ascomycota	Pezizomycetes	Pezizales	Pyronemataceae	Kotlabaea	Kotlabaea delectans	3497236	species	Kotlabaea delectans	(Starbäck) Svrček		
Kuehneromyces mutabilis	(Schaeff.: Fr.) Singer et A.H. Sm.	LC	Fungi	Basidiomycota	Agaricomycetes	Agaricales	Strophariaceae	Kuehneromyces	Kuehneromyces mutabilis	2533962	species	Kuehneromyces mutabilis	(Schaeff.) Singer & A.H.Sm.		
Kuehneromyces myriadophyllus	(P.D. Orton) Pegler et Young	LC	Fungi	Basidiomycota	Agaricomycetes	Agaricales	Strophariaceae	Pholiota	Pholiota lignicola	2533974	species	Pholiota lignicola	(Peck) Jacobsson		
Laccaria amethystina	(Huds.) Cooke	LC	Fungi	Basidiomycota	Agaricomycetes	Agaricales	Hydnangiaceae	Laccaria	Laccaria amethystina	2530983	species	Laccaria amethystina	Cooke		
Laccaria bicolor	(Maire) Orton	LC	Fungi	Basidiomycota	Agaricomycetes	Agaricales	Hydnangiaceae	Laccaria	Laccaria bicolor	2530973	species	Laccaria bicolor	(Maire) P.D.Orton		
Laccaria echinospora	(Speg.) Singer	DD	Fungi	Basidiomycota	Agaricomycetes	Agaricales	Hydnangiaceae	Laccaria	Laccaria echinospora	2530971	species	Laccaria echinospora	(Speg.) Singer		
Laccaria impolita	Vellinga et Mueller	DD	Fungi	Basidiomycota	Agaricomycetes	Agaricales	Hydnangiaceae	Laccaria	Laccaria fraterna	8595864	species	Laccaria fraterna	(Sacc.) Pegler		
Laccaria laccata	(Scop.:Fr.) Berk. et Broome.	LC	Fungi	Basidiomycota	Agaricomycetes	Agaricales	Hydnangiaceae	Laccaria	Laccaria laccata	2530926	species	Laccaria laccata	(Scop.) Cooke		
Laccaria montana	Singer	LC	Fungi	Basidiomycota	Agaricomycetes	Agaricales	Hydnangiaceae	Laccaria	Laccaria montana	3351405	species	Laccaria montana	Singer		
Laccaria proxima	(Boud.) Pat.	LC	Fungi	Basidiomycota	Agaricomycetes	Agaricales	Hydnangiaceae	Laccaria	Laccaria proxima	2530966	species	Laccaria proxima	(Boud.) Pat.		
Laccaria pumila	Fayod	LC	Fungi	Basidiomycota	Agaricomycetes	Agaricales	Hydnangiaceae	Laccaria	Laccaria pumila	2530978	species	Laccaria pumila	Fayod		
Laccaria purpureobadia	D.A. Reid	DD	Fungi	Basidiomycota	Agaricomycetes	Agaricales	Hydnangiaceae	Laccaria	Laccaria purpureobadia	2530912	species	Laccaria purpureobadia	D.A.Reid		
Laccaria tetraspora	Singer	LC	Fungi	Basidiomycota	Agaricomycetes	Agaricales	Hydnangiaceae	Laccaria	Laccaria tetraspora	2530990	species	Laccaria tetraspora	Singer		
Laccaria tortilis	(Bolton) Cooke	NT	Fungi	Basidiomycota	Agaricomycetes	Agaricales	Hydnangiaceae	Laccaria	Laccaria tortilis	2530991	species	Laccaria tortilis	(Bolton) Cooke		
Lachnella alboviolascens	(Alb. et Schwein. per Pers.: Fr.) Fr	LC	Fungi	Basidiomycota	Agaricomycetes	Agaricales	Niaceae	Lachnella	Lachnella alboviolascens	5241490	species	Lachnella alboviolascens	(Alb. & Schwein.) Fr.		
Lachnella villosa	(Pers.:Fr.) Donk ex Singer	LC	Fungi	Basidiomycota	Agaricomycetes	Agaricales	Niaceae	Lachnella	Lachnella villosa	7504660	species	Lachnella villosa	(Pers.) Donk		no_author_match
Lachnellula abietis	(Karst.) Dennis	DD	Fungi	Ascomycota	Leotiomycetes	Helotiales	Lachnaceae	Lachnellula	Lachnellula abietis	2586785	species	Lachnellula abietis	(P.Karst.) Dennis		
Lachnellula arida	(Phill.) Dennis	DD	Fungi	Ascomycota	Leotiomycetes	Helotiales	Lachnaceae	Lachnellula	Lachnellula arida	2586721	species	Lachnellula arida	(W.Phillips) Dennis		
Lachnellula flavovirens	(Bres.) Dennis	DD	Fungi	Ascomycota	Leotiomycetes	Helotiales	Lachnaceae	Lachnellula	Lachnellula flavovirens	2586770	species	Lachnellula flavovirens	(Bres.) Dennis		
Lachnellula fuckelii	(Bres. in Rehm) Dharne	DD	Fungi	Ascomycota	Leotiomycetes	Helotiales	Lachnaceae	Lachnellula	Lachnellula fuckelii	8655266	species	Lachnellula fuckelii	(Bres. ex Rehm) Dharne		
Lachnellula fuscosanguinea	(Rehm) Dennis	DD	Fungi	Ascomycota	Leotiomycetes	Helotiales	Lachnaceae	Lachnellula	Lachnellula fuscosanguinea	2586730	species	Lachnellula fuscosanguinea	(Rehm) Dennis		
Lachnellula gallica	(Karst. et Har.) Dennis	DD	Fungi	Ascomycota	Leotiomycetes	Helotiales	Lachnaceae	Perrotia	Perrotia gallica	7245986	species	Perrotia gallica	(P.Karst. & Har.) Spooner		
Lachnellula laricis	(Cooke) Dharne	DD	Fungi	Ascomycota	Leotiomycetes	Helotiales	Lachnaceae	Lachnellula	Lachnellula laricis	2586774	species	Lachnellula laricis	(Rehm) Dharne		
Lachnellula occidentalis	(Hahn et Ayers) Dharne	LC	Fungi	Ascomycota	Leotiomycetes	Helotiales	Lachnaceae	Lachnellula	Lachnellula occidentalis	2586797	species	Lachnellula occidentalis	(G.G.Hahn & Ayers) Dharne		
Lachnellula pini	(Brunch.) Dennis	DD	Fungi	Ascomycota	Leotiomycetes	Helotiales	Lachnaceae	Dasyscyphus	Dasyscyphus pini	2585623	species	Dasyscyphus pini	(Brunch.) G.G.Hahn & Ayers		
Lachnellula pseudofarinacea	(Crouan et H. Crouan) Dennis	DD	Fungi	Ascomycota	Leotiomycetes	Helotiales	Lachnaceae	Lachnellula	Lachnellula pseudofarinacea	2586735	species	Lachnellula pseudofarinacea	(P.Crouan & H.Crouan) Dennis		
Lachnellula robusta	Baral et Matheis	DD	Fungi	Ascomycota	Leotiomycetes	Helotiales	Lachnaceae	Lachnellula	Lachnellula robusta	3489881	species	Lachnellula robusta	Baral & Matheis		
Lachnellula splendens	(J. Schroet.) Matheis et Baral	DD	Fungi	Ascomycota	Leotiomycetes	Helotiales	Lachnaceae	Lachnellula	Lachnellula splendens	3489870	species	Lachnellula splendens	(J.Schröt.) Baral & Matheis		author_mismatch
Lachnellula subtilissima	(Cooke) Dennis	LC	Fungi	Ascomycota	Leotiomycetes	Helotiales	Lachnaceae	Lachnellula	Lachnellula subtilissima	2586742	species	Lachnellula subtilissima	(Cooke) Dennis		
Lachnellula suecica	(deBary ex Fuckel) Nannf.	LC	Fungi	Ascomycota	Leotiomycetes	Helotiales	Lachnaceae	Lachnellula	Lachnellula suecica	2586758	species	Lachnellula suecica	(de Bary ex Fuckel) Nannf.		
Lachnellula willkommii	(Hartig) Dennis	LC	Fungi	Ascomycota	Leotiomycetes	Helotiales	Lachnaceae	Lachnellula	Lachnellula willkommii	2586748	species	Lachnellula willkommii	(R.Hartig) Dennis		
Lachnum aconiti	(Rehm) W.Y. Zhuang	DD	Fungi	Ascomycota	Leotiomycetes	Helotiales	Hyaloscyphaceae	Cistella	Cistella aconiti	5496744	species	Cistella aconiti	(Rehm) Raitv. & Järv		
Lachnum apalum	(Berk. et Broome) Nannf.	DD	Fungi	Ascomycota	Leotiomycetes	Helotiales	Lachnaceae	Lachnum	Lachnum apalum	2586293	species	Lachnum apalum	(Berk. & Broome) Nannf.		
Lachnum brevipilosum	Baral in Ba. et Kr.	LC	Fungi	Ascomycota	Leotiomycetes	Helotiales	Lachnaceae	Lachnum	Lachnum brevipilosum	2586141	species	Lachnum brevipilosum	Baral		
Lachnum callimorphum	(P. Karst.) P. Karst.	DD	Fungi	Ascomycota	Leotiomycetes	Helotiales	Lachnaceae	Lachnum	Lachnum callimorphum	2586098	species	Lachnum callimorphum	(P.Karst.) P.Karst.		
Lachnum caricis	(Desm.) Hoehn.	DD	Fungi	Ascomycota	Leotiomycetes	Helotiales	Lachnaceae	Lachnum	Lachnum caricis	2586302	species	Lachnum caricis	(Desm.) Höhn.		
Lachnum carneolum	(Sacc.) Rehm	DD	Fungi	Ascomycota	Leotiomycetes	Helotiales	Lachnaceae	Lachnum	Lachnum carneolum	2586246	species	Lachnum carneolum	(Sacc.) Rehm		
Lachnum clavigerum	(Svrcek) Raitv.	LC	Fungi	Ascomycota	Leotiomycetes	Helotiales	Lachnaceae	Lachnum	Lachnum clavigerum	2586205	species	Lachnum clavigerum	(Svrček) Raitv.		
Lachnum controversum	(Cooke) Rehm	LC	Fungi	Ascomycota	Leotiomycetes	Helotiales	Lachnaceae	Lachnum	Lachnum controversum	2586145	species	Lachnum controversum	(Cooke) Rehm		
Lachnum diminutum	(Rob. ex Desm.) Rehm	DD	Fungi	Ascomycota	Leotiomycetes	Helotiales	Lachnaceae	Lachnum	Lachnum diminutum	2586036	species	Lachnum diminutum	(Roberge ex Desm.) Rehm		
Lachnum eburneum	Kirschst.	DD	Fungi	Ascomycota	Leotiomycetes	Helotiales	Lachnaceae	Lachnum	Lachnum eburneum	3489250	species	Lachnum eburneum	Kirschst.		
Lachnum imbecille	Karst.	DD	Fungi	Ascomycota	Leotiomycetes	Helotiales	Lachnaceae	Lachnum	Lachnum imbecille	2586118	species	Lachnum imbecille	P.Karst.		
Lachnum nudipes	(Fuckel) Nannf.	VU	Fungi	Ascomycota	Leotiomycetes	Helotiales	Lachnaceae	Lachnum	Lachnum nudipes	2586251	species	Lachnum nudipes	(Fuckel) Nannf.		
Lachnum pudibundum	(Quel.) Schroeter	DD	Fungi	Ascomycota	Leotiomycetes	Helotiales	Lachnaceae	Lachnum	Lachnum pudibundum	2586185	species	Lachnum pudibundum	(Quél.) J.Schröt.		
Lachnum pudicellum	(Quel.) Schroeter	LC	Fungi	Ascomycota	Leotiomycetes	Helotiales	Lachnaceae	Lachnum	Lachnum tenuissimum	2586081	species	Lachnum tenuissimum	(Kuntze) Korf & W.Y.Zhuang		
Lachnum pygmaeum	(Fr.) Bres.	VU	Fungi	Ascomycota	Leotiomycetes	Helotiales	Lachnaceae	Lachnum	Lachnum pygmaeum	2586319	species	Lachnum pygmaeum	(Fr.) Bres.		
Lachnum rhytismatis	(Phill.) Nannf.	NT	Fungi	Ascomycota	Leotiomycetes	Helotiales	Lachnaceae	Lachnum	Lachnum rhytismatis	2586068	species	Lachnum rhytismatis	(W.Phillips) Nannf.		
Lachnum roridum	(Wallr.) Rehm	DD	Fungi	Ascomycota	Leotiomycetes	Helotiales	Lachnaceae	Lachnum	Lachnum roridum	3489015	species	Lachnum roridum	(Wallr.) Rehm		
Lachnum snaregensis	ined.	DD							Lachnum snaregensis						not_found
Lachnum subnudipes	Baral	DD	Fungi	Ascomycota	Leotiomycetes	Helotiales	Lachnaceae	Lachnum	Lachnum subnudipes	2586102	species	Lachnum subnudipes	Baral		
Lachnum subvirgineum	Baral	DD	Fungi	Ascomycota	Leotiomycetes	Helotiales	Lachnaceae	Lachnum	Lachnum subvirgineum	3489156	species	Lachnum subvirgineum	Baral		
Lachnum sydowii	Dennis	DD	Fungi	Ascomycota	Leotiomycetes	Helotiales	Lachnaceae	Dasyscyphus	Dasyscyphus sydowii	2585633	species	Dasyscyphus sydowii	Dennis		
Lachnum tenuipilosum	Svrcek	DD	Fungi	Ascomycota	Leotiomycetes	Helotiales	Lachnaceae	Lachnum	Lachnum tenuipilosum	3488916	species	Lachnum tenuipilosum	Svrček		
Lachnum virgineum	(Batsch:Fr.) Karst.	LC	Fungi	Ascomycota	Leotiomycetes	Helotiales	Lachnaceae	Lachnum	Lachnum virgineum	2586103	species	Lachnum virgineum	(Batsch) P.Karst.		
Lachnum winteri	(Cooke) Velen.	DD	Fungi	Ascomycota	Leotiomycetes	Helotiales	Lachnaceae	Albotricha	Albotricha winteri	12213142	species	Albotricha winteri	(Cooke) Šandová		
Lacrymaria glareosa	(J. Favre) Watling	LC	Fungi	Basidiomycota	Agaricomycetes	Agaricales	Psathyrellaceae	Lacrymaria	Lacrymaria glareosa	5242796	species	Lacrymaria glareosa	(J.Favre) Watling		
Lacrymaria lacrymabunda	(Bull.: Fr.) Pat.	LC	Fungi	Basidiomycota	Agaricomycetes	Agaricales	Psathyrellaceae	Lacrymaria	Lacrymaria lacrymabunda	5242798	species	Lacrymaria lacrymabunda	(Bull.) Pat.		
Lacrymaria pyrotricha	(Holmsk.)	VU	Fungi	Basidiomycota	Agaricomycetes	Agaricales	Psathyrellaceae	Lacrymaria	Lacrymaria pyrotricha	5242792	species	Lacrymaria pyrotricha	(Holmsk.) Konrad & Maubl.		author_mismatch
Lactarius acerrimus	Britzelm.	VU	Fungi	Basidiomycota	Agaricomycetes	Russulales	Russulaceae	Lactarius	Lactarius acerrimus	5248768	species	Lactarius acerrimus	Britzelm.		
Lactarius acris	(Bolt.:Fr.) Gray	LC	Fungi	Basidiomycota	Agaricomycetes	Russulales	Russulaceae	Lactarius	Lactarius acris	5248697	species	Lactarius acris	(Bolton) Gray		
Lactarius albocarneus	Britzelm.	LC	Fungi	Basidiomycota	Agaricomycetes	Russulales	Russulaceae	Lactarius	Lactarius albocarneus	5248678	species	Lactarius albocarneus	Britzelm.		
Lactarius alpinus	Peck	LC	Fungi	Basidiomycota	Agaricomycetes	Russulales	Russulaceae	Lactarius	Lactarius alpinus	6016675	species	Lactarius alpinus	Peck		
Lactarius aquizonatus	Kytoev.	DD	Fungi	Basidiomycota	Agaricomycetes	Russulales	Russulaceae	Lactarius	Lactarius aquizonatus	8297380	species	Lactarius aquizonatus	Kytöv.		
Lactarius aspideus	(Fr.: Fr.) Fr.	EN	Fungi	Basidiomycota	Agaricomycetes	Russulales	Russulaceae	Lactarius	Lactarius aspideus	5248603	species	Lactarius aspideus	(Fr.) Fr.		
Lactarius atlanticus	Bon	DD	Fungi	Basidiomycota	Agaricomycetes	Russulales	Russulaceae	Lactarius	Lactarius atlanticus	5248609	species	Lactarius atlanticus	Bon		
Lactarius aurantiacus	(Pers.: Fr.) Gray	LC	Fungi	Basidiomycota	Agaricomycetes	Russulales	Russulaceae	Lactarius	Lactarius aurantiacus	9016531	species	Lactarius aurantiacus	(Pers.) Gray		
Lactarius azonites	(Bull.) Fr.	VU	Fungi	Basidiomycota	Agaricomycetes	Russulales	Russulaceae	Lactarius	Lactarius azonites	5248589	species	Lactarius azonites	(Bull.) Fr.		
Lactarius badiosanguineus	Kuehner et Romagn.	LC	Fungi	Basidiomycota	Agaricomycetes	Russulales	Russulaceae	Lactarius	Lactarius badiosanguineus	5248769	species	Lactarius badiosanguineus	Kühner & Romagn.		
Lactarius blennius	(Fr.: Fr.) Fr.	LC	Fungi	Basidiomycota	Agaricomycetes	Russulales	Russulaceae	Lactarius	Lactarius blennius	5248679	species	Lactarius blennius	(Fr.) Fr.		
Lactarius borzianus	(Cavara) Verbeken & Nuytinck	NT	Fungi	Basidiomycota	Agaricomycetes	Russulales	Russulaceae	Lactarius	Lactarius borzianus	5248780	species	Lactarius borzianus	(Cavara) Verbeken & Nuytinck		
Lactarius brunneohepaticus	M.M. Moser	DD	Fungi	Basidiomycota	Agaricomycetes	Russulales	Russulaceae	Lactarius	Lactarius brunneohepaticus	5463215	species	Lactarius brunneohepaticus	M.M.Moser		
Lactarius brunneoviolaceus	M.P. Christ	LC	Fungi	Basidiomycota	Agaricomycetes	Russulales	Russulaceae	Lactarius	Lactarius brunneoviolaceus	5463379	species	Lactarius brunneoviolaceus	M.P.Christ.		
Lactarius camphoratus	(Bull.: Fr.) Fr.	LC	Fungi	Basidiomycota	Agaricomycetes	Russulales	Russulaceae	Lactarius	Lactarius camphoratus	8813286	species	Lactarius camphoratus	(Bull.) Fr.		
Lactarius chrysorrheus	Fr.	LC	Fungi	Basidiomycota	Agaricomycetes	Russulales	Russulaceae	Lactarius	Lactarius chrysorrheus	5248610	species	Lactarius chrysorrheus	Fr.		
Lactarius circellatus	Fr.	LC	Fungi	Basidiomycota	Agaricomycetes	Russulales	Russulaceae	Lactarius	Lactarius circellatus	5248712	species	Lactarius circellatus	Fr.		
Lactarius citriolens	Pouzar	VU	Fungi	Basidiomycota	Agaricomycetes	Russulales	Russulaceae	Lactarius	Lactarius citriolens	5248778	species	Lactarius citriolens	Pouzar		
Lactarius controversus	Pers.:Fr.	VU	Fungi	Basidiomycota	Agaricomycetes	Russulales	Russulaceae	Lactarius	Lactarius controversus	5248714	species	Lactarius controversus	Pers.		
Lactarius cyathuliformis	Bon	DD	Fungi	Basidiomycota	Agaricomycetes	Russulales	Russulaceae	Lactarius	Lactarius cyathuliformis	5248757	species	Lactarius cyathuliformis	Bon		
Lactarius decipiens	Quel.	LC	Fungi	Basidiomycota	Agaricomycetes	Russulales	Russulaceae	Lactarius	Lactarius decipiens	5248595	species	Lactarius decipiens	Quél.		
Lactarius deliciosus	(L.: Fr.) Gray	LC	Fungi	Basidiomycota	Agaricomycetes	Russulales	Russulaceae	Lactarius	Lactarius deliciosus	5248629	species	Lactarius deliciosus	(L.) Gray		
Lactarius deterrimus	Groeger	LC	Fungi	Basidiomycota	Agaricomycetes	Russulales	Russulaceae	Lactarius	Lactarius deterrimus	7925734	species	Lactarius deterrimus	Gröger		
Lactarius dryadophilus	Kuehner	EN	Fungi	Basidiomycota	Agaricomycetes	Russulales	Russulaceae	Lactarius	Lactarius dryadophilus	7826994	species	Lactarius dryadophilus	Kühner		
Lactarius evosmus	Kuehner et Romagn.	DD	Fungi	Basidiomycota	Agaricomycetes	Russulales	Russulaceae	Lactarius	Lactarius evosmus	5248641	species	Lactarius evosmus	Kühner & Romagn.		
Lactarius fascinans	Fr.	CR	Fungi	Basidiomycota	Agaricomycetes	Russulales	Russulaceae	Lactarius	Lactarius fascinans	5463513	species	Lactarius fascinans	Fr.		
Lactarius flavidus	Boud.	VU	Fungi	Basidiomycota	Agaricomycetes	Russulales	Russulaceae	Lactarius	Lactarius flavidus	5248599	species	Lactarius flavidus	Boud.		
Lactarius flexuosus	(Pers.:Fr.) Gray	VU	Fungi	Basidiomycota	Agaricomycetes	Russulales	Russulaceae	Lactarius	Lactarius flexuosus	9052760	species	Lactarius flexuosus	Gray		
Lactarius fluens	Boud.	LC	Fungi	Basidiomycota	Agaricomycetes	Russulales	Russulaceae	Lactarius	Lactarius fluens	5248760	species	Lactarius fluens	Boud.		
Lactarius fuliginosus	(Fr.: Fr.) Fr.	LC	Fungi	Basidiomycota	Agaricomycetes	Russulales	Russulaceae	Lactarius	Lactarius fuliginosus	8759862	species	Lactarius fuliginosus	(Fr.) Fr.		
Lactarius fulvissimus	Romagn.	LC	Fungi	Basidiomycota	Agaricomycetes	Russulales	Russulaceae	Lactarius	Lactarius fulvissimus	5248784	species	Lactarius fulvissimus	Romagn.		
Lactarius glyciosmus	(Fr.: Fr.) Fr.	LC	Fungi	Basidiomycota	Agaricomycetes	Russulales	Russulaceae	Lactarius	Lactarius glyciosmus	5248706	species	Lactarius glyciosmus	(Fr.) Fr.		
Lactarius helvus	(Fr.: Fr.) Fr.	VU	Fungi	Basidiomycota	Agaricomycetes	Russulales	Russulaceae	Lactarius	Lactarius helvus	5248660	species	Lactarius helvus	(Fr.) Fr.		
Lactarius hepaticus	Plowr.	VU	Fungi	Basidiomycota	Agaricomycetes	Russulales	Russulaceae	Lactarius	Lactarius hepaticus	5248639	species	Lactarius hepaticus	Plowr.		
Lactarius hysginus	(Fr.: Fr.) Fr.	VU	Fungi	Basidiomycota	Agaricomycetes	Russulales	Russulaceae	Lactarius	Lactarius hysginus	9030395	species	Lactarius hysginus	(Fr.) Fr.		
Lactarius illyricus	Piltaver	DD	Fungi	Basidiomycota	Agaricomycetes	Russulales	Russulaceae	Lactarius	Lactarius illyricus	5462853	species	Lactarius illyricus	Piltaver		
Lactarius intermedius	Krombholz	LC	Fungi	Basidiomycota	Agaricomycetes	Russulales	Russulaceae	Lactarius	Lactarius torminosus	8122710	species	Lactarius torminosus	(Schaeff.) Pers.		
Lactarius lacunarum	(Romagn.) ex Hora	VU	Fungi	Basidiomycota	Agaricomycetes	Russulales	Russulaceae	Lactarius	Lactarius lacunarum	5248592	species	Lactarius lacunarum	Romagn. ex Hora		
Lactarius leonis	Kytoev.	LC	Fungi	Basidiomycota	Agaricomycetes	Russulales	Russulaceae	Lactarius	Lactarius leonis	5463188	species	Lactarius leonis	Kytöv.		
Lactarius lepidotus	A.H. Sm. et Hesler	LC	Fungi	Basidiomycota	Agaricomycetes	Russulales	Russulaceae	Lactarius	Lactarius lepidotus	5463296	species	Lactarius lepidotus	Hesler & A.H.Sm.		author_mismatch
Lactarius lignyotus	Fr.	LC	Fungi	Basidiomycota	Agaricomycetes	Russulales	Russulaceae	Lactarius	Lactarius lignyotus	7240050	species	Lactarius lignyotus	Fr.		
Lactarius lilacinus	(Lasch: Fr.) Fr.	LC	Fungi	Basidiomycota	Agaricomycetes	Russulales	Russulaceae	Lactarius	Lactarius lilacinus	5248719	species	Lactarius lilacinus	Fr.		
Lactarius mairei	Malencon	EN	Fungi	Basidiomycota	Agaricomycetes	Russulales	Russulaceae	Lactarius	Lactarius mairei	5248672	species	Lactarius mairei	Malençon		
Lactarius mammosus	Fr.	VU	Fungi	Basidiomycota	Agaricomycetes	Russulales	Russulaceae	Lactarius	Lactarius mammosus	5248764	species	Lactarius mammosus	Fr.		
Lactarius musteus	Fr.	EN	Fungi	Basidiomycota	Agaricomycetes	Russulales	Russulaceae	Lactarius	Lactarius musteus	5248725	species	Lactarius musteus	Fr.		
Lactarius nanus	J. Favre	LC	Fungi	Basidiomycota	Agaricomycetes	Russulales	Russulaceae	Lactarius	Lactarius nanus	5462709	species	Lactarius nanus	J.Favre		
Lactarius obscuratus	(Lasch Fr.) Fr.	LC	Fungi	Basidiomycota	Agaricomycetes	Russulales	Russulaceae	Lactarius	Lactarius obscuratus	5248651	species	Lactarius obscuratus	(Lasch) Fr.		
Lactarius omphaliiformis	Romagn.	VU	Fungi	Basidiomycota	Agaricomycetes	Russulales	Russulaceae	Lactarius	Lactarius omphaliiformis	5248613	species	Lactarius omphaliiformis	Romagn.		
Lactarius pallidus	Pers.:Fr.	LC	Fungi	Basidiomycota	Agaricomycetes	Russulales	Russulaceae	Lactarius	Lactarius pallidus	5248676	species	Lactarius pallidus	Pers.		
Lactarius picinus	Fr.	LC	Fungi	Basidiomycota	Agaricomycetes	Russulales	Russulaceae	Lactarius	Lactarius picinus	9476870	species	Lactarius picinus	Fr.		
Lactarius plumbeus	(Bull.: Fr.) Gray	LC	Fungi	Basidiomycota	Agaricomycetes	Russulales	Russulaceae	Lactarius	Lactarius plumbeus	9127826	species	Lactarius plumbeus	(Bull.) Gray		
Lactarius porninsis	Rolland	LC	Fungi	Basidiomycota	Agaricomycetes	Russulales	Russulaceae	Lactarius	Lactarius porninsis	5248733	species	Lactarius porninsis	Rolland		
Lactarius pseudouvidus	Kuehner	LC	Fungi	Basidiomycota	Agaricomycetes	Russulales	Russulaceae	Lactarius	Lactarius pseudouvidus	5463059	species	Lactarius pseudouvidus	Kühner		
Lactarius pterosporus	Romagn.	LC	Fungi	Basidiomycota	Agaricomycetes	Russulales	Russulaceae	Lactarius	Lactarius pterosporus	5248640	species	Lactarius pterosporus	Romagn.		
Lactarius pubescens	Fr.	LC	Fungi	Basidiomycota	Agaricomycetes	Russulales	Russulaceae	Lactarius	Lactarius pubescens	5248664	species	Lactarius pubescens	Fr.		
Lactarius pyrogalus	(Bull.: Fr.) Fr.	LC	Fungi	Basidiomycota	Agaricomycetes	Russulales	Russulaceae	Lactarius	Lactarius pyrogalus	9125990	species	Lactarius pyrogalus	(Bull.) Fr.		
Lactarius quieticolor	Romagn.	EN	Fungi	Basidiomycota	Agaricomycetes	Russulales	Russulaceae	Lactarius	Lactarius quieticolor	5248728	species	Lactarius quieticolor	Romagn.		
Lactarius quietus	(Fr.: Fr.) Fr.	LC	Fungi	Basidiomycota	Agaricomycetes	Russulales	Russulaceae	Lactarius	Lactarius quietus	5248616	species	Lactarius quietus	(Fr.) Fr.		
Lactarius repraesentaneus	Britzelm.	VU	Fungi	Basidiomycota	Agaricomycetes	Russulales	Russulaceae	Lactarius	Lactarius repraesentaneus	5248687	species	Lactarius repraesentaneus	Britzelm.		
Lactarius resimus	(Fr.: Fr.) Fr.	EN	Fungi	Basidiomycota	Agaricomycetes	Russulales	Russulaceae	Lactarius	Lactarius resimus	8959060	species	Lactarius resimus	(Fr.) Fr.		
Lactarius romagnesii	Bon	VU	Fungi	Basidiomycota	Agaricomycetes	Russulales	Russulaceae	Lactarius	Lactarius romagnesii	5248630	species	Lactarius romagnesii	Bon		
Lactarius rostratus	Heilmann-Clausen	VU	Fungi	Basidiomycota	Agaricomycetes	Russulales	Russulaceae	Lactarius	Lactarius rostratus	5248623	species	Lactarius rostratus	Heilm.-Claus.		
Lactarius rubrocinctus	Fr.	LC	Fungi	Basidiomycota	Agaricomycetes	Russulales	Russulaceae	Lactarius	Lactarius rubrocinctus	5248604	species	Lactarius rubrocinctus	Fr.		
Lactarius rufus	(Scop.:Fr.) Fr.	LC	Fungi	Basidiomycota	Agaricomycetes	Russulales	Russulaceae	Lactarius	Lactarius rufus	5248684	species	Lactarius rufus	(Scop.) Fr.		
Lactarius ruginosus	Romagn.	NT	Fungi	Basidiomycota	Agaricomycetes	Russulales	Russulaceae	Lactarius	Lactarius ruginosus	5248709	species	Lactarius ruginosus	Romagn.		
Lactarius salicis-herbaceae	Kuehner	VU	Fungi	Basidiomycota	Agaricomycetes	Russulales	Russulaceae	Lactarius	Lactarius salicis-herbaceae	8350282	species	Lactarius salicis-herbaceae	Kühner		
Lactarius salicis-reticulatae	Kuehner	EN	Fungi	Basidiomycota	Agaricomycetes	Russulales	Russulaceae	Lactarius	Lactarius salicis-reticulatae	7805300	species	Lactarius salicis-reticulatae	Kühner		
Lactarius salmonicolor	R. Heim et Lecl.	LC	Fungi	Basidiomycota	Agaricomycetes	Russulales	Russulaceae	Lactarius	Lactarius salmonicolor	5248788	species	Lactarius salmonicolor	R.Heim & Leclair		
Lactarius sanguifluus	(Paulet) Fr.	NT	Fungi	Basidiomycota	Agaricomycetes	Russulales	Russulaceae	Lactarius	Lactarius sanguifluus	5248648	species	Lactarius sanguifluus	(Paulet) Fr.		
Lactarius scoticus	Berk. et Broome	VU	Fungi	Basidiomycota	Agaricomycetes	Russulales	Russulaceae	Lactarius	Lactarius scoticus	5248793	species	Lactarius scoticus	Berk. & Broome		
Lactarius scrobiculatus	(Scop.: Fr.) Fr.	LC	Fungi	Basidiomycota	Agaricomycetes	Russulales	Russulaceae	Lactarius	Lactarius scrobiculatus	8881331	species	Lactarius scrobiculatus	(Scop.) Fr.		
Lactarius semisanguifluus	R. Heim et Lecl.	NT	Fungi	Basidiomycota	Agaricomycetes	Russulales	Russulaceae	Lactarius	Lactarius semisanguifluus	5248649	species	Lactarius semisanguifluus	R.Heim & Leclair		
Lactarius serifluus	(DC.: Fr.) Fr.	VU	Fungi	Basidiomycota	Agaricomycetes	Russulales	Russulaceae	Lactarius	Lactarius serifluus	9111925	species	Lactarius serifluus	(DC.) Fr.		
Lactarius sphagneti	(Fr.) Neuhoff	LC	Fungi	Basidiomycota	Agaricomycetes	Russulales	Russulaceae	Lactarius	Lactarius sphagneti	8346076	species	Lactarius sphagneti	(Fr.) Neuhoff		
Lactarius spinosulus	Quel.	EN	Fungi	Basidiomycota	Agaricomycetes	Russulales	Russulaceae	Lactarius	Lactarius spinosulus	5248717	species	Lactarius spinosulus	Quél. & Le Bret.		
Lactarius stephensii	(Berk.) Verbeken & Walleyn	VU	Fungi	Basidiomycota	Agaricomycetes	Russulales	Russulaceae	Lactarius	Lactarius stephensii	5248701	species	Lactarius stephensii	(Berk.) Verbeken & Walleyn		
Lactarius subcircellatus	Kuehner	DD	Fungi	Basidiomycota	Agaricomycetes	Russulales	Russulaceae	Lactarius	Lactarius subcircellatus	8409789	species	Lactarius subcircellatus	Kühner		
Lactarius subdulcis	(Pers.: Fr.) Gray	LC	Fungi	Basidiomycota	Agaricomycetes	Russulales	Russulaceae	Lactarius	Lactarius subdulcis	9186214	species	Lactarius subdulcis	(Pers.) Gray		
Lactarius subruginosus	Blum	LC	Fungi	Basidiomycota	Agaricomycetes	Russulales	Russulaceae	Lactarius	Lactarius subruginosus	8065446	species	Lactarius subruginosus	J.Blum ex Bon		
Lactarius subumbonatus	Lindgr.	EN	Fungi	Basidiomycota	Agaricomycetes	Russulales	Russulaceae	Lactarius	Lactarius subumbonatus	5248813	species	Lactarius subumbonatus	Lindgr.		
Lactarius tabidus	Fr.	LC	Fungi	Basidiomycota	Agaricomycetes	Russulales	Russulaceae	Lactarius	Lactarius tabidus	5248614	species	Lactarius tabidus	Fr.		
Lactarius torminosus	(Schaeff.:Fr.) Pers.	LC	Fungi	Basidiomycota	Agaricomycetes	Russulales	Russulaceae	Lactarius	Lactarius torminosus	8122710	species	Lactarius torminosus	(Schaeff.) Pers.		
Lactarius trivialis	(Fr.: Fr.) Fr.	LC	Fungi	Basidiomycota	Agaricomycetes	Russulales	Russulaceae	Lactarius	Lactarius trivialis	5248801	species	Lactarius trivialis	(Fr.) Fr.		
Lactarius tuomikoskii	Kytoev.	LC	Fungi	Basidiomycota	Agaricomycetes	Russulales	Russulaceae	Lactarius	Lactarius tuomikoskii	5462997	species	Lactarius tuomikoskii	Kytöv.		
Lactarius uvidus	(Fr.: Fr.) Fr.	LC	Fungi	Basidiomycota	Agaricomycetes	Russulales	Russulaceae	Lactarius	Lactarius uvidus	5248638	species	Lactarius uvidus	(Fr.) Fr.		
Lactarius vietus	(Fr.: Fr.) Fr.	LC	Fungi	Basidiomycota	Agaricomycetes	Russulales	Russulaceae	Lactarius	Lactarius vietus	9171835	species	Lactarius vietus	(Fr.) Fr.		
Lactarius violascens	(J.Otto: Fr.) Fr.	LC	Fungi	Basidiomycota	Agaricomycetes	Russulales	Russulaceae	Lactarius	Lactarius violascens	5248797	species	Lactarius violascens	(J.Otto) Fr.		
Lactarius zonarioides	Kuehner et Romagnesi	LC	Fungi	Basidiomycota	Agaricomycetes	Russulales	Russulaceae	Lactarius	Lactarius zonarioides	5462820	species	Lactarius zonarioides	Kühner & Romagn.		
Lactarius zonarius	(Bull.) Fr.	DD	Fungi	Basidiomycota	Agaricomycetes	Russulales	Russulaceae	Lactarius	Lactarius zonarius	5248643	species	Lactarius zonarius	(Bull.) Fr.		
Lactifluus bertillonii	(Neuhoff ex Z. Schaef.) Verbeken	EN	Fungi	Basidiomycota	Agaricomycetes	Russulales	Russulaceae	Lactifluus	Lactifluus bertillonii	7394639	species	Lactifluus bertillonii	(Neuhoff ex Z.Schaef.) Verbeken		
Lactifluus brunneoviolascens	(Bon) Verbeken	DD	Fungi	Basidiomycota	Agaricomycetes	Russulales	Russulaceae	Lactifluus	Lactifluus brunneoviolascens	7466325	species	Lactifluus brunneoviolascens	(Bon) Verbeken		
Lactifluus glaucescens	(Crossl.) Verbeken	VU	Fungi	Basidiomycota	Agaricomycetes	Russulales	Russulaceae	Lactifluus	Lactifluus glaucescens	7405092	species	Lactifluus glaucescens	(Crossl.) Verbeken		
Lactifluus luteolus	(Peck) Verbeken	CR	Fungi	Basidiomycota	Agaricomycetes	Russulales	Russulaceae	Lactifluus	Lactifluus luteolus	7509584	species	Lactifluus luteolus	(Peck) Verbeken		
Lactifluus piperatus	(L.) Roussel	LC	Fungi	Basidiomycota	Agaricomycetes	Russulales	Russulaceae	Lactifluus	Lactifluus piperatus	7719797	species	Lactifluus piperatus	(L.) Roussel		
Lactifluus rugatus	(Kühner & Romagn.) Verbeken	DD	Fungi	Basidiomycota	Agaricomycetes	Russulales	Russulaceae	Lactifluus	Lactifluus rugatus	7487285	species	Lactifluus rugatus	(Kühner & Romagn.) Verbeken		
Lactifluus vellereus	(Fr.) Kuntze	LC	Fungi	Basidiomycota	Agaricomycetes	Russulales	Russulaceae	Lactifluus	Lactifluus vellereus	2551071	species	Lactifluus vellereus	(Fr.) Kuntze		
Lactifluus volemus	(Fr.) Kuntze	LC	Fungi	Basidiomycota	Agaricomycetes	Russulales	Russulaceae	Lactifluus	Lactifluus volemus	2551150	species	Lactifluus volemus	(Fr.) Kuntze		
Laetinaevia carneoflavida	(Rehm) Nannf. ex B. Hein	DD	Fungi	Ascomycota	Leotiomycetes	Helotiales	Calloriaceae	Laetinaevia	Laetinaevia carneoflavida	2584890	species	Laetinaevia carneoflavida	(Rehm) Nannf. ex B.Hein		
Laetinaevia erythrostigma	(Rehm) Nannf. ex B. Hein	DD	Fungi	Ascomycota	Leotiomycetes	Helotiales	Calloriaceae	Laetinaevia	Laetinaevia erythrostigma	3491296	species	Laetinaevia erythrostigma	(Rehm) B.Hein		
Laetinaevia longispora	B. Hein	DD	Fungi	Ascomycota	Leotiomycetes	Helotiales	Calloriaceae	Laetinaevia	Laetinaevia longispora	3491314	species	Laetinaevia longispora	B.Hein		
Laetinaevia minutissima	(O. Rostr.) Nannf. ex B. Hein	DD	Fungi	Ascomycota	Leotiomycetes	Helotiales	Calloriaceae	Laetinaevia	Laetinaevia minutissima	2584896	species	Laetinaevia minutissima	(Rostr.) Nannf. ex B.Hein		
Laetiporus sulphureus	(Bull.: Fr.) Murrill	LC	Fungi	Basidiomycota	Agaricomycetes	Polyporales	Laetiporaceae	Laetiporus	Laetiporus sulphureus	9072021	species	Laetiporus sulphureus	(Bull.) Murrill		
Lamprospora carbonicola	Boud.	LC	Fungi	Ascomycota	Pezizomycetes	Pezizales	Pyronemataceae	Lamprospora	Lamprospora carbonicola	2593739	species	Lamprospora carbonicola	Boud.		
Lamprospora dicranellae	Benkert	DD	Fungi	Ascomycota	Pezizomycetes	Pezizales	Pyronemataceae	Lamprospora	Lamprospora dicranellae	2593754	species	Lamprospora dicranellae	Benkert		
Lamprospora feurichiana	(Kirschst.) Benkert	DD	Fungi	Ascomycota	Pezizomycetes	Pezizales	Pyronemataceae	Octospora	Octospora feurichiana	3497293	species	Octospora feurichiana	(Kirschst.) Yei Z.Wang		
Lamprospora miniata	De Not.	DD	Fungi	Ascomycota	Pezizomycetes	Pezizales	Pyronemataceae	Lamprospora	Lamprospora miniata	2593763	species	Lamprospora miniata	De Not.		
Lamprospora paechnatzii	Benkert	DD	Fungi	Ascomycota	Pezizomycetes	Pezizales	Pyronemataceae	Octospora	Octospora paechnatzii	3497378	species	Octospora paechnatzii	(Benkert) Yei Z.Wang		
Lamprospora polytrichi	(Schum.ex Fr.) Le Gal	DD	Fungi	Ascomycota	Pezizomycetes	Pezizales	Pyronemataceae	Octospora	Octospora polytrichi	3497372	species	Octospora polytrichi	(Schumach.) Caillet & Moyne		
Lamprospora seaveri	Benkert	LC	Fungi	Ascomycota	Pezizomycetes	Pezizales	Pyronemataceae	Lamprospora	Lamprospora seaveri	2593742	species	Lamprospora seaveri	Benkert		
Lamprospora tuberculata	Seaver	DD	Fungi	Ascomycota	Pezizomycetes	Pezizales	Pyronemataceae	Octospora	Octospora tuberculata	3497246	species	Octospora tuberculata	(Seaver) Caillet & Moyne		
Langermannia gigantea	(Batsch ex Pers.) Rostkov.	LC	Fungi	Basidiomycota	Agaricomycetes	Agaricales	Lycoperdaceae	Calvatia	Calvatia gigantea	2536058	species	Calvatia gigantea	(Batsch) Lloyd		
Lanmaoa fragrans	(Vittad.) Vizzini, Gelardi & Simonini	DD	Fungi	Basidiomycota	Agaricomycetes	Boletales	Boletaceae	Lanmaoa	Lanmaoa fragrans	7672932	species	Lanmaoa fragrans	(Vittad.) Vizzini, Gelardi & Simonini		
Laricifomes officinalis	(Vill.:Fr.) Kotl.et Pouzar	VU	Fungi	Basidiomycota	Agaricomycetes	Polyporales	Fomitopsidaceae	Fomitopsis	Fomitopsis officinalis	2543474	species	Fomitopsis officinalis	(Vill.) Bondartsev & Singer		
Lasiobelonium corticale	(Pers.:Fr.) Raitv.	LC	Fungi	Ascomycota	Leotiomycetes	Helotiales	Lachnaceae	Lachnum	Lachnum corticale	2586216	species	Lachnum corticale	(Pers.) Nannf.		
Lasiobelonium nidulum	(J.C. Schmidt & Kunze) Spooner	LC	Fungi	Ascomycota	Leotiomycetes	Helotiales	Solenopeziaceae	Lasiobelonium	Lasiobelonium nidulus	5257487	species	Lasiobelonium nidulus	(J.C.Schmidt & Kunze) Spooner		different_ending
Lasiobolus cuniculi	Velen.	LC	Fungi	Ascomycota	Pezizomycetes	Pezizales	Ascodesmidaceae	Lasiobolus	Lasiobolus cuniculi	2594864	species	Lasiobolus cuniculi	Velen.		
Lasiobolus diversisporus	(Fuckel) Sacc.	DD	Fungi	Ascomycota	Pezizomycetes	Pezizales	Ascodesmidaceae	Lasiobolus	Lasiobolus diversisporus	2594862	species	Lasiobolus diversisporus	(Fuckel) Sacc.		
Lasiobolus intermedius	Bezerra et Kimbrough	DD	Fungi	Ascomycota	Pezizomycetes	Pezizales	Ascodesmidaceae	Lasiobolus	Lasiobolus intermedius	2594865	species	Lasiobolus intermedius	J.L.Bezerra & Kimbr.		
Lasiobolus macrotrichus	Rea	DD	Fungi	Ascomycota	Pezizomycetes	Pezizales	Ascodesmidaceae	Lasiobolus	Lasiobolus macrotrichus	2594869	species	Lasiobolus macrotrichus	Rea		
Lasiobolus papillatus	(Pers.:Fr.) Sacc.	LC	Fungi	Ascomycota	Pezizomycetes	Pezizales	Ascodesmidaceae	Lasiobolus	Lasiobolus papillatus	8943586	species	Lasiobolus papillatus	(Pers.) Sacc.		
Lasiobolus ruber	(Quel.) Sacc.	DD	Fungi	Ascomycota	Pezizomycetes	Pezizales	Ascodesmidaceae	Lasiobolus	Lasiobolus ruber	2594860	species	Lasiobolus ruber	(Quél.) Sacc.		
Lasiosphaeria ovina	(Fr.) Ces. et De Not.	LC	Fungi	Ascomycota	Sordariomycetes	Sordariales	Lasiosphaeriaceae	Lasiosphaeria	Lasiosphaeria ovina	8596460	species	Lasiosphaeria ovina	(Pers.) Ces. & De Not.		
Lasiosphaeria spermoides	(Hoffm.: Fr.) Ces. et De Not.	LC	Fungi	Ascomycota	Sordariomycetes	Sordariales	Helminthosphaeriaceae	Ruzenia	Ruzenia spermoides	7652592	species	Ruzenia spermoides	(Hoffm.) O.Hilber		
Laurilia sulcata	(Burt in Peck) Pouzar	DD	Fungi	Basidiomycota	Agaricomycetes	Russulales	Bondarzewiaceae	Laurilia	Laurilia sulcata	2552551	species	Laurilia sulcata	(Burt) Pouzar		
Lawrynomyces capitatus	(J. Erikss. & Å. Strid) Karasiński	VU	Fungi	Basidiomycota	Agaricomycetes	Hymenochaetales	Repetobasidiaceae	Lawrynomyces	Lawrynomyces capitatus	8294801	species	Lawrynomyces capitatus	(J.Erikss. & Å.Strid) Karasiński		
Laxitextum bicolor	(Pers.:Fr.) Lentz	LC	Fungi	Basidiomycota	Agaricomycetes	Russulales	Hericiaceae	Laxitextum	Laxitextum bicolor	9195174	species	Laxitextum bicolor	(Pers.) Lentz		
Leccinellum crocipodium	(Letell.) Bresinsky & Manfr. Binder	VU	Fungi	Basidiomycota	Agaricomycetes	Boletales	Boletaceae	Leccinellum	Leccinellum crocipodium	7638487	species	Leccinellum crocipodium	(Letell.) Della Magg. & Trassin.		
Leccinellum pseudoscabrum	(Kallenb.) Mikšík	LC	Fungi	Basidiomycota	Agaricomycetes	Boletales	Boletaceae	Leccinellum	Leccinellum pseudoscabrum	9712569	species	Leccinellum pseudoscabrum	(Kallenb.) Mikšík		
Leccinum aurantiacum	(Bull.: St.-Amans) Gray	LC	Fungi	Basidiomycota	Agaricomycetes	Boletales	Boletaceae	Leccinum	Leccinum aurantiacum	2524513	species	Leccinum aurantiacum	(Bull.) Gray		
Leccinum cyaneobasileucum	Estades et Lannoy	DD	Fungi	Basidiomycota	Agaricomycetes	Boletales	Boletaceae	Leccinum	Leccinum cyaneobasileucum	2524560	species	Leccinum cyaneobasileucum	Lannoy & Estadès		author_mismatch
Leccinum duriusculum	(Schulzer) Singer	VU	Fungi	Basidiomycota	Agaricomycetes	Boletales	Boletaceae	Leccinum	Leccinum duriusculum	8562027	species	Leccinum duriusculum	(Schulzer ex Kalchbr.) Singer		
Leccinum fuscoalbum	(Sowerby) Lannoy et Estades	DD	Fungi	Basidiomycota	Agaricomycetes	Boletales	Boletaceae	Leccinum	Leccinum fuscoalbum	3354412	species	Leccinum fuscoalbum	(Sowerby) Lannoy & Estadès		
Leccinum holopus	(Rostk.) Watling	VU	Fungi	Basidiomycota	Agaricomycetes	Boletales	Boletaceae	Leccinum	Leccinum holopus	2524503	species	Leccinum holopus	(Rostk.) Watling		
Leccinum leuphaeum	(Pers.) Bon	DD							Leccinum leuphaeum						not_found
Leccinum melaneum	(Smotl.) Pilat et Derm.	NT	Fungi	Basidiomycota	Agaricomycetes	Boletales	Boletaceae	Leccinum	Leccinum melaneum	2524598	species	Leccinum melaneum	(Smotl.) Pilát & Dermek		
Leccinum molle	(Bon) Bon	VU	Fungi	Basidiomycota	Agaricomycetes	Boletales	Boletaceae	Leccinum	Leccinum molle	2524585	species	Leccinum molle	(Bon) Bon		
Leccinum murinaceum	(J. Blum) Bon	DD	Fungi	Basidiomycota	Agaricomycetes	Boletales	Boletaceae	Leccinum	Leccinum murinaceum	2524579	species	Leccinum murinaceum	(J.Blum) Bon		
Leccinum onychinum	Watling	DD	Fungi	Basidiomycota	Agaricomycetes	Boletales	Boletaceae	Leccinum	Leccinum onychinum	2524534	species	Leccinum onychinum	Watling		
Leccinum piceinum	Pilat et Dermek	EN	Fungi	Basidiomycota	Agaricomycetes	Boletales	Boletaceae	Leccinum	Leccinum piceinum	7942472	species	Leccinum piceinum	Pilát & Dermek		
Leccinum quercinum	Pilat	VU	Fungi	Basidiomycota	Agaricomycetes	Boletales	Boletaceae	Leccinum	Leccinum aurantiacum	2524513	species	Leccinum aurantiacum	(Bull.) Gray		
Leccinum roseofractum	Watling	NT	Fungi	Basidiomycota	Agaricomycetes	Boletales	Boletaceae	Leccinum	Leccinum scabrum	9141390	species	Leccinum scabrum	(Bull.) Gray		
Leccinum scabrum	(Bull.: Fr.) Gray	LC	Fungi	Basidiomycota	Agaricomycetes	Boletales	Boletaceae	Leccinum	Leccinum scabrum	9141390	species	Leccinum scabrum	(Bull.) Gray		
Leccinum thalassinum	Pilat et Dermek	DD	Fungi	Basidiomycota	Agaricomycetes	Boletales	Boletaceae	Boletus	Boletus thalassinus	7240530	species	Boletus thalassinus	(Pilát & Dermek) Hlaváček		
Leccinum umbrinoides	(Blum) Lannoy et Estades	DD	Fungi	Basidiomycota	Agaricomycetes	Boletales	Boletaceae	Leccinum	Leccinum umbrinoides	2524487	species	Leccinum umbrinoides	(J.Blum) Lannoy & Estadès		
Leccinum variicolor	Watling	LC	Fungi	Basidiomycota	Agaricomycetes	Boletales	Boletaceae	Leccinum	Leccinum variicolor	2524553	species	Leccinum variicolor	Watling		
Leccinum versipelle	(Fr.) Snell	NT	Fungi	Basidiomycota	Agaricomycetes	Boletales	Boletaceae	Leccinum	Leccinum versipelle	2524490	species	Leccinum versipelle	(Fr.) Snell		
Leccinum vulpinum	Watling	EN	Fungi	Basidiomycota	Agaricomycetes	Boletales	Boletaceae	Leccinum	Leccinum vulpinum	2524528	species	Leccinum vulpinum	Watling		
Legaliana badia	(Pers.) Van Vooren	LC	Fungi	Ascomycota	Pezizomycetes	Pezizales	Pezizaceae	Legaliana	Legaliana badia	12081600	species	Legaliana badia	(Pers.) Van Vooren		
Legaliana badiofuscoides	(Donadini) Van Vooren	DD	Fungi	Ascomycota	Pezizomycetes	Pezizales	Pezizaceae	Legaliana	Legaliana badiofuscoides	11962335	species	Legaliana badiofuscoides	(Donadini) Van Vooren		
Legaliana limnaea	(Maas Geest.) Van Vooren	VU	Fungi	Ascomycota	Pezizomycetes	Pezizales	Pezizaceae	Legaliana	Legaliana limnaea	12073142	species	Legaliana limnaea	(Maas Geest.) Van Vooren		
Legaliana muscicola	(Donadini) Van Vooren	DD	Fungi	Ascomycota	Pezizomycetes	Pezizales	Pezizaceae	Legaliana	Legaliana muscicola	12151960	species	Legaliana muscicola	(Donadini) Van Vooren		
Lentaria afflata	(Lagger) Corner	DD	Fungi	Basidiomycota	Agaricomycetes	Gomphales	Lentariaceae	Lentaria	Lentaria afflata	2521451	species	Lentaria afflata	(Lagger) Corner		
Lentaria albovinacea	Pilat	DD	Fungi	Basidiomycota	Agaricomycetes	Gomphales	Lentariaceae	Lentaria	Lentaria albovinacea	8324980	species	Lentaria albovinacea	(Pilát) Pilát		
Lentaria byssiseda	(Pers.: Fr.) Corner	DD	Fungi	Basidiomycota	Agaricomycetes	Gomphales	Lentariaceae	Lentaria	Lentaria byssiseda	2521446	species	Lentaria byssiseda	Corner		
Lentaria epichnoa	(Fr.) Corner	DD	Fungi	Basidiomycota	Agaricomycetes	Gomphales	Lentariaceae	Lentaria	Lentaria epichnoa	2521443	species	Lentaria epichnoa	(Fr.) Corner		
Lentaria micheneri	(Berk. et M.A. Curtis) Corner	DD	Fungi	Basidiomycota	Agaricomycetes	Gomphales	Lentariaceae	Lentaria	Lentaria micheneri	2521449	species	Lentaria micheneri	(Berk. & M.A.Curtis) Corner		
Lentinellus castoreus	(Fr.) Konrad et Maubl.	LC	Fungi	Basidiomycota	Agaricomycetes	Russulales	Auriscalpiaceae	Lentinellus	Lentinellus castoreus	2550447	species	Lentinellus castoreus	(Fr.) Kühner & Maire		
Lentinellus cochleatus	(Pers.: Fr.) P. Karst.	LC	Fungi	Basidiomycota	Agaricomycetes	Russulales	Auriscalpiaceae	Lentinellus	Lentinellus cochleatus	2550371	species	Lentinellus cochleatus	(Pers.) P.Karst.		
Lentinellus flabelliformis	(Bolton: Fr.) S. Ito	LC	Fungi	Basidiomycota	Agaricomycetes	Russulales	Auriscalpiaceae	Lentinellus	Lentinellus flabelliformis	2550348	species	Lentinellus flabelliformis	(Bolton) S.Ito		
Lentinellus inolens	(Konrad et Maubl.) Konrad et Maubl.	LC	Fungi	Basidiomycota	Agaricomycetes	Russulales	Auriscalpiaceae	Lentinellus	Lentinellus inolens	3356981	species	Lentinellus inolens	Konrad & Maubl.		
Lentinellus omphalodes	(Fr.) P. Karst.	LC	Fungi	Basidiomycota	Agaricomycetes	Russulales	Auriscalpiaceae	Lentinellus	Lentinellus micheneri	2550358	species	Lentinellus micheneri	(Berk. & M.A.Curtis) Pegler		
Lentinellus ursinus	(Fr.) Kuehner	LC	Fungi	Basidiomycota	Agaricomycetes	Russulales	Auriscalpiaceae	Lentinellus	Lentinellus ursinus	9044184	species	Lentinellus ursinus	(Fr.) Kühner		
Lentinellus vulpinus	(Sowerby : Fr.) Kuehner et Maire	DD	Fungi	Basidiomycota	Agaricomycetes	Russulales	Auriscalpiaceae	Lentinellus	Lentinellus vulpinus	2550433	species	Lentinellus vulpinus	(Sowerby) Kühner & Maire		
Lentinula edodes	(Berk.) Pegler	LC	Fungi	Basidiomycota	Agaricomycetes	Agaricales	Omphalotaceae	Lentinula	Lentinula edodes	2537743	species	Lentinula edodes	(Berk.) Pegler		
Lentinus fulvidus	(Pers.: Fr.) Quel.	DD	Fungi	Basidiomycota	Agaricomycetes	Polyporales	Polyporaceae	Lentinus	Lentinus fulvidus	7771699	species	Lentinus fulvidus	(Bres.) Pilát		no_author_match
Lentinus tigrinus	(Bull.: Fr.) Fr.	VU	Fungi	Basidiomycota	Agaricomycetes	Polyporales	Polyporaceae	Lentinus	Lentinus tigrinus	9154166	species	Lentinus tigrinus	(Bull.) Fr.		
Lenzites betulina	(L.:Fr.) Fr.	LC	Fungi	Basidiomycota	Agaricomycetes	Polyporales	Polyporaceae	Lenzites	Lenzites betulinus	5465199	species	Lenzites betulinus	(L.) Fr.		different_ending
Lenzites warnieri	Durieu et Mont. In Mont.	EN	Fungi	Basidiomycota	Agaricomycetes	Polyporales	Polyporaceae	Cellulariella	Cellulariella warnieri	7527093	species	Cellulariella warnieri	(Durieu & Mont.) Zmitr. & Malysheva		
Leotia lubrica	(Scop.) Pers.	LC	Fungi	Ascomycota	Leotiomycetes	Leotiales	Leotiaceae	Leotia	Leotia lubrica	2577646	species	Leotia lubrica	(Scop.) Pers.		
Lepiota andegavensis	Mornand	DD	Fungi	Basidiomycota	Agaricomycetes	Agaricales	Agaricaceae	Lepiota	Lepiota andegavensis	3340862	species	Lepiota andegavensis	Mornand		
Lepiota boudieri	Bres.	LC	Fungi	Basidiomycota	Agaricomycetes	Agaricales	Agaricaceae	Lepiota	Lepiota boudieri	2535413	species	Lepiota boudieri	Bres.		
Lepiota brunneoincarnata	Chodat et Martin	DD	Fungi	Basidiomycota	Agaricomycetes	Agaricales	Agaricaceae	Lepiota	Lepiota brunneoincarnata	2535390	species	Lepiota brunneoincarnata	Chodat & C.Martín		
Lepiota castanea	Quel.	LC	Fungi	Basidiomycota	Agaricomycetes	Agaricales	Agaricaceae	Lepiota	Lepiota castanea	2535310	species	Lepiota castanea	Quél.		
Lepiota clypeolaria	(Bull.: Fr.) P. Kumm.	LC	Fungi	Basidiomycota	Agaricomycetes	Agaricales	Agaricaceae	Lepiota	Lepiota clypeolaria	2535456	species	Lepiota clypeolaria	(Bull.) P.Kumm.		
Lepiota clypeolarioides	Rea	DD	Fungi	Basidiomycota	Agaricomycetes	Agaricales	Agaricaceae	Lepiota	Lepiota clypeolarioides	7242594	species	Lepiota clypeolarioides	Rea		
Lepiota cortinarius	J.E. Lange	LC	Fungi	Basidiomycota	Agaricomycetes	Agaricales	Agaricaceae	Lepiota	Lepiota cortinarius	3340150	species	Lepiota cortinarius	J.E.Lange		
Lepiota coxheadii	P.D. Orton	DD	Fungi	Basidiomycota	Agaricomycetes	Agaricales	Agaricaceae	Lepiota	Lepiota coxheadii	2535468	species	Lepiota coxheadii	P.D.Orton		
Lepiota cristata	(Bolton: Fr.) P. Kumm.	LC	Fungi	Basidiomycota	Agaricomycetes	Agaricales	Agaricaceae	Lepiota	Lepiota cristata	2535471	species	Lepiota cristata	(Bolton) P.Kumm.		
Lepiota cristatoides	Einhell.	DD	Fungi	Basidiomycota	Agaricomycetes	Agaricales	Agaricaceae	Lepiota	Lepiota cristatoides	3340582	species	Lepiota cristatoides	Einhell.		
Lepiota echinella	Quel. et Bernard	DD	Fungi	Basidiomycota	Agaricomycetes	Agaricales	Agaricaceae	Lepiota	Lepiota echinella	3340356	species	Lepiota echinella	Quél. & G.E.Bernard		
Lepiota erminea	(Fr.) Gillet	VU	Fungi	Basidiomycota	Agaricomycetes	Agaricales	Agaricaceae	Lepiota	Lepiota erminea	7869352	species	Lepiota erminea	(Fr.) P.Kumm.		
Lepiota farinolens	Bon et G. Riousset	DD	Fungi	Basidiomycota	Agaricomycetes	Agaricales	Agaricaceae	Lepiota	Lepiota farinolens	3340892	species	Lepiota farinolens	Bon & G.Riousset		
Lepiota favrei	Kuehner	DD	Fungi	Basidiomycota	Agaricomycetes	Agaricales	Agaricaceae	Lepiota	Lepiota favrei	3340092	species	Lepiota favrei	Kühner ex Bon		
Lepiota felina	Quel.	LC	Fungi	Basidiomycota	Agaricomycetes	Agaricales	Agaricaceae	Lepiota	Lepiota felina	2535375	species	Lepiota felina	(Pers.) P.Karst.		author_mismatch
Lepiota forquignonii	Quel.	DD	Fungi	Basidiomycota	Agaricomycetes	Agaricales	Agaricaceae	Lepiota	Lepiota forquignonii	2535410	species	Lepiota forquignonii	Quél.		
Lepiota fuscovinacea	J.E. Lange et F.H. Moeller	NT	Fungi	Basidiomycota	Agaricomycetes	Agaricales	Agaricaceae	Lepiota	Lepiota fuscovinacea	2535399	species	Lepiota fuscovinacea	F.H.Møller & J.E.Lange		author_mismatch
Lepiota grangei	(Eyre) J.E. Lange	NT	Fungi	Basidiomycota	Agaricomycetes	Agaricales	Agaricaceae	Lepiota	Lepiota grangei	7847622	species	Lepiota grangei	(Eyre) Kühner		
Lepiota granulopunctata	Locqu. ex Bon	DD	Fungi	Basidiomycota	Agaricomycetes	Agaricales	Agaricaceae	Lepiota	Lepiota granulopunctata	3340241	species	Lepiota granulopunctata	Locq. ex Bon		
Lepiota griseovirens	Maire	VU	Fungi	Basidiomycota	Agaricomycetes	Agaricales	Agaricaceae	Lepiota	Lepiota griseovirens	2535466	species	Lepiota griseovirens	Maire		
Lepiota helveola	Bres.	DD	Fungi	Basidiomycota	Agaricomycetes	Agaricales	Agaricaceae	Lepiota	Lepiota helveola	2535393	species	Lepiota helveola	Bres.		
Lepiota hymenoderma	D.A. Reid	DD	Fungi	Basidiomycota	Agaricomycetes	Agaricales	Agaricaceae	Lepiota	Lepiota hymenoderma	2535354	species	Lepiota hymenoderma	D.A.Reid		
Lepiota ignicolor	Bres.	EN	Fungi	Basidiomycota	Agaricomycetes	Agaricales	Agaricaceae	Lepiota	Lepiota castanea	2535310	species	Lepiota castanea	Quél.		
Lepiota ignivolvata	Bousset et Joss.	LC	Fungi	Basidiomycota	Agaricomycetes	Agaricales	Agaricaceae	Lepiota	Lepiota ignivolvata	2535360	species	Lepiota ignivolvata	Bousset & Joss. ex Joss.		
Lepiota josserandii	Bon et Boiffard	LC	Fungi	Basidiomycota	Agaricomycetes	Agaricales	Agaricaceae	Lepiota	Lepiota subincarnata	2535445	species	Lepiota subincarnata	J.E.Lange		
Lepiota kuehneri	Huijsman ex Hora	LC	Fungi	Basidiomycota	Agaricomycetes	Agaricales	Agaricaceae	Lepiota	Lepiota kuehneri	3340325	species	Lepiota kuehneri	Huijsman ex Hora		
Lepiota kuehneriana	Locq.	DD	Fungi	Basidiomycota	Agaricomycetes	Agaricales	Agaricaceae	Lepiota	Lepiota wasseri	2535362	species	Lepiota wasseri	Bon		
Lepiota lilacea	Bres.	EN	Fungi	Basidiomycota	Agaricomycetes	Agaricales	Agaricaceae	Lepiota	Lepiota lilacea	2535406	species	Lepiota lilacea	Bres.		
Lepiota micropholis	Berk. et Broome	DD	Fungi	Basidiomycota	Agaricomycetes	Agaricales	Agaricaceae	Lepiota	Lepiota micropholis	8410252	species	Lepiota micropholis	Berk. & Broome		
Lepiota ochraceofulva	P.D. Orton	VU	Fungi	Basidiomycota	Agaricomycetes	Agaricales	Agaricaceae	Lepiota	Lepiota ochraceofulva	2535418	species	Lepiota ochraceofulva	P.D.Orton		
Lepiota ochraceosulfurescens	Locq. ex Bon	DD	Fungi	Basidiomycota	Agaricomycetes	Agaricales	Agaricaceae	Lepiota	Lepiota clypeolaria	2535456	species	Lepiota clypeolaria	(Bull.) P.Kumm.		
Lepiota oreadiformis	Velen.	EN	Fungi	Basidiomycota	Agaricomycetes	Agaricales	Agaricaceae	Lepiota	Lepiota oreadiformis	2535421	species	Lepiota oreadiformis	Velen.		
Lepiota parvannulata	(Lasch) Gillet	EN	Fungi	Basidiomycota	Agaricomycetes	Agaricales	Agaricaceae	Lepiota	Lepiota parvannulata	2535433	species	Lepiota parvannulata	(Lasch) Gillet		
Lepiota pseudofelina	J.E. Lange	EN	Fungi	Basidiomycota	Agaricomycetes	Agaricales	Agaricaceae	Lepiota	Lepiota pseudofelina	2535484	species	Lepiota pseudofelina	J.E.Lange		
Lepiota pseudohelveola	Kuehner ex Hora	DD	Fungi	Basidiomycota	Agaricomycetes	Agaricales	Agaricaceae	Lepiota	Lepiota pseudolilacea	2535401	species	Lepiota pseudolilacea	Huijsman		
Lepiota rufipes	Morgan	DD	Fungi	Basidiomycota	Agaricomycetes	Agaricales	Agaricaceae	Lepiota	Lepiota rufipes	2535400	species	Lepiota rufipes	Morgan		
Lepiota subalba	Kuehner ex P.D. Orton	VU	Fungi	Basidiomycota	Agaricomycetes	Agaricales	Agaricaceae	Lepiota	Lepiota subalba	2535317	species	Lepiota subalba	Kühner ex P.D.Orton		
Lepiota subfelinoides	Bon et (P.D. Orton)	DD	Fungi	Basidiomycota	Agaricomycetes	Agaricales	Agaricaceae	Lepiota	Lepiota cristata	2535471	species	Lepiota cristata	(Bolton) P.Kumm.		
Lepiota subgracilis	Kuehner ex Wasser	DD	Fungi	Basidiomycota	Agaricomycetes	Agaricales	Agaricaceae	Lepiota	Lepiota wasseri	2535362	species	Lepiota wasseri	Bon		
Lepiota sublaevigata	Bon et Boiffard	DD	Fungi	Basidiomycota	Agaricomycetes	Agaricales	Agaricaceae	Lepiota	Lepiota sublaevigata	3340787	species	Lepiota sublaevigata	Bon & Boiffard		
Lepiota tomentella	J.E. Lange	EN	Fungi	Basidiomycota	Agaricomycetes	Agaricales	Agaricaceae	Lepiota	Lepiota tomentella	2535409	species	Lepiota tomentella	J.E.Lange		
Lepiota ventriosospora	D.A. Reid	LC	Fungi	Basidiomycota	Agaricomycetes	Agaricales	Agaricaceae	Lepiota	Lepiota magnispora	2535486	species	Lepiota magnispora	Murrill		
Lepiota wasseri	Bon	DD	Fungi	Basidiomycota	Agaricomycetes	Agaricales	Agaricaceae	Lepiota	Lepiota wasseri	2535362	species	Lepiota wasseri	Bon		
Lepiota xanthophylla	P.D. Orton	DD	Fungi	Basidiomycota	Agaricomycetes	Agaricales	Agaricaceae	Lepiota	Lepiota xanthophylla	2535329	species	Lepiota xanthophylla	P.D.Orton		
Lepista caespitosa	(Bres.) Singer	VU	Fungi	Basidiomycota	Agaricomycetes	Agaricales	Tricholomataceae	Clitocybe	Clitocybe fasciculata	2532382	species	Clitocybe fasciculata	H.E.Bigelow & A.H.Sm.		
Lepista densifolia	(J. Favre) Singer et Clemencon	VU	Fungi	Basidiomycota	Agaricomycetes	Agaricales	Tricholomataceae	Lepista	Lepista densifolia	5242078	species	Lepista densifolia	(J.Favre) Singer & Clémençon		
Lepista fasciculata	Harmaja	DD	Fungi	Basidiomycota	Agaricomycetes	Agaricales	Tricholomataceae	Lepista	Lepista fasciculata	5451105	species	Lepista fasciculata	Harmaja		
Lepista flaccida	(Sowerby: Fr.) Pat.	LC	Fungi	Basidiomycota	Agaricomycetes	Agaricales	Tricholomataceae	Paralepista	Paralepista flaccida	7978027	species	Paralepista flaccida	(Sowerby) Vizzini		
Lepista gilva	(Pers.:Fr.) Roze	LC	Fungi	Basidiomycota	Agaricomycetes	Agaricales	Tricholomataceae	Paralepista	Paralepista gilva	2532376	species	Paralepista gilva	(Pers.) Raithelh.		
Lepista glaucocana	(Bres.) Singer	LC	Fungi	Basidiomycota	Agaricomycetes	Agaricales	Tricholomataceae	Lepista	Lepista glaucocana	5242033	species	Lepista glaucocana	(Bres.) Singer		
Lepista irina	(Fr.) H.E. Bigelow	LC	Fungi	Basidiomycota	Agaricomycetes	Agaricales	Tricholomataceae	Lepista	Lepista irina	5242058	species	Lepista irina	(Fr.) H.E.Bigelow		
Lepista lentiginosa	(Fr.) Bresinsky	DD	Fungi	Basidiomycota	Agaricomycetes	Agaricales	Tricholomataceae	Paralepista	Paralepista lentiginosa	7392124	species	Paralepista lentiginosa	(Fr.) Vizzini		
Lepista luscina	(Fr.: Fr.) Singer	LC	Fungi	Basidiomycota	Agaricomycetes	Agaricales	Tricholomataceae	Lepista	Lepista luscina	5242069	species	Lepista luscina	(Fr.) Singer		
Lepista multiformis	(Romell) Gulden	DD	Fungi	Basidiomycota	Agaricomycetes	Agaricales	Tricholomataceae	Lepista	Lepista multiformis	5242061	species	Lepista multiformis	(Romell) Gulden		
Lepista nuda	(Bull.: Fr.) Cooke	LC	Fungi	Basidiomycota	Agaricomycetes	Agaricales	Tricholomataceae	Lepista	Lepista nuda	5242048	species	Lepista nuda	(Bull.) Cooke		
Lepista personata	(Fr.: Fr.) Cooke	LC	Fungi	Basidiomycota	Agaricomycetes	Agaricales	Tricholomataceae	Lepista	Lepista personata	5242070	species	Lepista personata	(Fr.) Cooke		
Lepista pseudoectypa	(M. Lange) Gulden	DD	Fungi	Basidiomycota	Agaricomycetes	Agaricales	Tricholomataceae	Lepista	Lepista pseudoectypa	5242042	species	Lepista pseudoectypa	(M.Lange) Gulden		
Lepista ricekii	Bon	VU	Fungi	Basidiomycota	Agaricomycetes	Agaricales	Tricholomataceae	Lepista	Lepista ricekii	5242041	species	Lepista ricekii	Bon		
Lepista rickenii	Singer	VU	Fungi	Basidiomycota	Agaricomycetes	Agaricales	Tricholomataceae	Lepista	Lepista rickenii	5242037	species	Lepista rickenii	Singer		
Lepista sordida	(Schumach.: Fr.) Singer	LC	Fungi	Basidiomycota	Agaricomycetes	Agaricales	Tricholomataceae	Lepista	Lepista sordida	5242097	species	Lepista sordida	(Schumach.) Singer		
Leptoporus mollis	(Pers.: Fr.) Pilat	VU	Fungi	Basidiomycota	Agaricomycetes	Polyporales	Irpicaceae	Leptoporus	Leptoporus mollis	9168484	species	Leptoporus mollis	(Pers.) Quél.		
Leptosphaeria acuta	(Fr.) P. Karst.	LC	Fungi	Ascomycota	Dothideomycetes	Pleosporales	Leptosphaeriaceae	Leptosphaeria	Leptosphaeria acuta	2618497	species	Leptosphaeria acuta	(Fuckel) P.Karst.		
Leptosporomyces fusoideus	(Juelich) L.G. Krieglst.	DD	Fungi	Basidiomycota	Agaricomycetes	Atheliales	Atheliaceae	Fibulomyces	Fibulomyces fusoideus	7827099	species	Fibulomyces fusoideus	Jülich		
Leptosporomyces galzinii	(Bourdot) Juelich	LC	Fungi	Basidiomycota	Agaricomycetes	Atheliales	Atheliaceae	Leptosporomyces	Leptosporomyces galzinii	2554229	species	Leptosporomyces galzinii	(Bourdot) Jülich		
Leptosporomyces mutabilis	(Bres.) L.G. Krieglst.	NT	Fungi	Basidiomycota	Agaricomycetes	Atheliales	Atheliaceae	Fibulomyces	Fibulomyces mutabilis	2554170	species	Fibulomyces mutabilis	(Bres.) Jülich		
Leptosporomyces septentrionalis	(J. Erikss.) L.G. Krieglst.	DD	Fungi	Basidiomycota	Agaricomycetes	Atheliales	Atheliaceae	Leptosporomyces	Leptosporomyces septentrionalis	2554218	species	Leptosporomyces septentrionalis	(J.Erikss.) Krieglst.		
Leptotrochila astrantiae	(Ces.) Schueepp	DD	Fungi	Ascomycota	Leotiomycetes	Helotiales	Drepanopezizaceae	Leptotrochila	Leptotrochila astrantiae	3490271	species	Leptotrochila astrantiae	(Ces.) Schüepp		
Leptotrochila radians	(Rob. ex Desm.) Karst.	DD	Fungi	Ascomycota	Leotiomycetes	Helotiales	Drepanopezizaceae	Leptotrochila	Leptotrochila radians	2580969	species	Leptotrochila radians	(Roberge ex Desm.) P.Karst.		
Leptotrochila ranunculi	(Fr.) Schueepp	DD	Fungi	Ascomycota	Leotiomycetes	Helotiales	Drepanopezizaceae	Leptotrochila	Leptotrochila ranunculi	2581002	species	Leptotrochila ranunculi	(Fr.) Schüepp		
Leptotrochila trifolii-arvensis	(Nannf.) Schueepp	DD	Fungi	Ascomycota	Leotiomycetes	Helotiales	Drepanopezizaceae	Leptotrochila	Leptotrochila trifolii-arvensis	3490262	species	Leptotrochila trifolii-arvensis	(Nannf.) Schüepp		
Leptotrochila verrucosa	(Wallr.) Schueepp	DD	Fungi	Ascomycota	Leotiomycetes	Helotiales	Drepanopezizaceae	Leptotrochila	Leptotrochila verrucosa	2580973	species	Leptotrochila verrucosa	(Wallr.) Schüepp		
Leratiomyces ceres	(Cooke & Massee) Spooner & Bridge	LC	Fungi	Basidiomycota	Agaricomycetes	Agaricales	Strophariaceae	Leratiomyces	Leratiomyces ceres	2534001	species	Leratiomyces ceres	(Cooke & Massee) Spooner & Bridge		
Leratiomyces percevalii	(Berk. & Broome) Bridge & Spooner	DD	Fungi	Basidiomycota	Agaricomycetes	Agaricales	Strophariaceae	Leratiomyces	Leratiomyces percevalii	2533993	species	Leratiomyces percevalii	(Berk. & Broome) Bridge & Spooner		
Leratiomyces squamosus	(Pers.) Bridge & Spooner	LC	Fungi	Basidiomycota	Agaricomycetes	Agaricales	Strophariaceae	Leratiomyces	Leratiomyces squamosus	3343690	species	Leratiomyces squamosus	(Pers.) Bridge & Spooner		
Leucangium carthusianum	(Tul. & C. Tul.) Paol.	VU	Fungi	Ascomycota	Pezizomycetes	Pezizales	Morchellaceae	Leucangium	Leucangium carthusianum	3493005	species	Leucangium carthusianum	(Tul. & C.Tul.) Paol.		
Leucoagaricus americanus	(Peck) Vellinga	VU	Fungi	Basidiomycota	Agaricomycetes	Agaricales	Agaricaceae	Leucoagaricus	Leucoagaricus americanus	2535839	species	Leucoagaricus americanus	(Peck) Vellinga		
Leucoagaricus badhamii	(Berk. et Broome) Singer	EN	Fungi	Basidiomycota	Agaricomycetes	Agaricales	Agaricaceae	Leucoagaricus	Leucoagaricus badhamii	2535621	species	Leucoagaricus badhamii	(Berk. & Broome) Singer		
Leucoagaricus cretaceus	(Bull.) M.M. Moser	LC	Fungi	Basidiomycota	Agaricomycetes	Agaricales	Agaricaceae	Leucocoprinus	Leucocoprinus cretaceus	9065458	species	Leucocoprinus cretaceus	(Bull.) Locq.		
Leucoagaricus georginae	(W.G.Smith) Candusso	DD	Fungi	Basidiomycota	Agaricomycetes	Agaricales	Agaricaceae	Leucoagaricus	Leucoagaricus georginae	2535831	species	Leucoagaricus georginae	(W.G.Sm.) Candusso		
Leucoagaricus leucothites	(Vittad.) Wasser	LC	Fungi	Basidiomycota	Agaricomycetes	Agaricales	Agaricaceae	Leucoagaricus	Leucoagaricus leucothites	2535875	species	Leucoagaricus leucothites	(Vittad.) Wasser		
Leucoagaricus marriageae	(D.A. Reid) Bon	DD	Fungi	Basidiomycota	Agaricomycetes	Agaricales	Agaricaceae	Leucoagaricus	Leucoagaricus roseilividus	8116253	species	Leucoagaricus roseilividus	(Murrill) E.Ludw.		
Leucoagaricus meleagris	(Sowerby) Singer	DD	Fungi	Basidiomycota	Agaricomycetes	Agaricales	Agaricaceae	Leucoagaricus	Leucoagaricus meleagris	2535798	species	Leucoagaricus meleagris	(Gray) Singer		
Leucoagaricus nympharum	(Kalchbr.) Bon	VU	Fungi	Basidiomycota	Agaricomycetes	Agaricales	Agaricaceae	Leucoagaricus	Leucoagaricus nympharum	2535788	species	Leucoagaricus nympharum	(Kalchbr.) Bon		
Leucoagaricus pinguipes	(A. Pears.) Bon	LC	Fungi	Basidiomycota	Agaricomycetes	Agaricales	Agaricaceae	Leucoagaricus	Leucoagaricus barssii	2535867	species	Leucoagaricus barssii	(Zeller) Vellinga		
Leucoagaricus rubrotinctus	(Peck) Singer	DD	Fungi	Basidiomycota	Agaricomycetes	Agaricales	Agaricaceae	Leucoagaricus	Leucoagaricus rubrotinctus	3333538	species	Leucoagaricus rubrotinctus	(Peck) Singer		
Leucoagaricus sublittoralis	(Kuehner ex Hora) Singer	DD	Fungi	Basidiomycota	Agaricomycetes	Agaricales	Agaricaceae	Leucoagaricus	Leucoagaricus littoralis	3333512	species	Leucoagaricus littoralis	(Ménier) Bon & Boiffard		
Leucoagaricus wichanskyi	(Pilat) Singer	VU	Fungi	Basidiomycota	Agaricomycetes	Agaricales	Agaricaceae	Leucoagaricus	Leucoagaricus wichanskyi	2535829	species	Leucoagaricus wichanskyi	(Pilát) Bon & Boiffard		
Leucocoprinus birnbaumii	(Corda) Singer	LC	Fungi	Basidiomycota	Agaricomycetes	Agaricales	Agaricaceae	Leucocoprinus	Leucocoprinus birnbaumii	2535598	species	Leucocoprinus birnbaumii	(Corda) Singer		
Leucocoprinus brebissonii	(Godey) Locq.	DD	Fungi	Basidiomycota	Agaricomycetes	Agaricales	Agaricaceae	Leucocoprinus	Leucocoprinus brebissonii	2535560	species	Leucocoprinus brebissonii	(Godey) Locq.		
Leucocoprinus cepistipes	(Sowerby: Fr.) Pat.	LC	Fungi	Basidiomycota	Agaricomycetes	Agaricales	Agaricaceae	Leucocoprinus	Leucocoprinus cepistipes	2535581	species	Leucocoprinus cepistipes	(Sowerby) Pat.		
Leucocoprinus cretatus	Locq. ex Lanzoni	DD	Fungi	Basidiomycota	Agaricomycetes	Agaricales	Agaricaceae	Leucocoprinus	Leucocoprinus cretaceus	9065458	species	Leucocoprinus cretaceus	(Bull.) Locq.		
Leucocoprinus cygneus	(J.E. Lange) Bon	DD	Fungi	Basidiomycota	Agaricomycetes	Agaricales	Agaricaceae	Leucocoprinus	Leucocoprinus cygneus	2535573	species	Leucocoprinus cygneus	(J.E.Lange) Bon		
Leucocoprinus heinemannii	Migl.	DD	Fungi	Basidiomycota	Agaricomycetes	Agaricales	Agaricaceae	Leucocoprinus	Leucocoprinus heinemannii	3331999	species	Leucocoprinus heinemannii	Migl.		
Leucocoprinus lanzonii	Bon, Migl. et Brunori	DD	Fungi	Basidiomycota	Agaricomycetes	Agaricales	Agaricaceae	Leucocoprinus	Leucocoprinus lanzonii	3332036	species	Leucocoprinus lanzonii	Bon, Migl. & Brunori		
Leucocoprinus lilacinogranulosus	(Henn.) Locquin	LC	Fungi	Basidiomycota	Agaricomycetes	Agaricales	Agaricaceae	Leucocoprinus	Leucocoprinus ianthinus	2535629	species	Leucocoprinus ianthinus	(Sacc.) P.Mohr		
Leucocoprinus medioflavus	(Boud.) Bon	DD	Fungi	Basidiomycota	Agaricomycetes	Agaricales	Agaricaceae	Leucocoprinus	Leucocoprinus medioflavus	2535578	species	Leucocoprinus medioflavus	(Boud.) Bon		
Leucocoprinus roseolanatus	(Huijsm.) Bon	DD							Leucocoprinus roseolanatus						not_found
Leucocortinarius bulbiger	(Alb. et Schwein.: Fr.) Singer	LC	Fungi	Basidiomycota	Agaricomycetes	Agaricales	Tricholomataceae	Leucocortinarius	Leucocortinarius bulbiger	5241698	species	Leucocortinarius bulbiger	(Alb. & Schwein.) Singer		
Leucocybe candicans	(Pers.) Vizzini, P. Alvarado, G. Moreno & Consiglio	LC	Fungi	Basidiomycota	Agaricomycetes	Agaricales	Tricholomataceae	Leucocybe	Leucocybe candicans	7530876	species	Leucocybe candicans	(Pers.) Vizzini, P.Alvarado, G.Moreno & Consiglio		
Leucocybe connata	(Schumach.) Vizzini, P. Alvarado, G. Moreno & Consiglio	LC	Fungi	Basidiomycota	Agaricomycetes	Agaricales	Tricholomataceae	Leucocybe	Leucocybe connata	8189348	species	Leucocybe connata	(Schumach.) Vizzini, P.Alvarado, G.Moreno & Consiglio		
Leucocybe houghtonii	(W. Phillips) Halama & Pencak.	LC	Fungi	Basidiomycota	Agaricomycetes	Agaricales	Tricholomataceae	Leucocybe	Leucocybe houghtonii	10757249	species	Leucocybe houghtonii	(W.Phillips) Halama & Pencak.		
Leucogyrophana mollusca	(Fr.) Pouzar	LC	Fungi	Basidiomycota	Agaricomycetes	Boletales	Hygrophoropsidaceae	Leucogyrophana	Leucogyrophana mollusca	9228008	species	Leucogyrophana mollusca	(Fr.) Pouzar		
Leucogyrophana olivascens	(Berk. et M.A. Curtis) Ginns et Weresub	DD	Fungi	Basidiomycota	Agaricomycetes	Boletales	Coniophoraceae	Penttilamyces	Penttilamyces olivascens	10807617	species	Penttilamyces olivascens	(Berk. & M.A.Curtis) Zmitr., Kalinovskaya & Myasnikov		
Leucogyrophana pinastri	(Fr.) Ginns et Weresub	DD	Fungi	Basidiomycota	Agaricomycetes	Boletales	Paxillaceae	Hydnomerulius	Hydnomerulius pinastri	9074097	species	Hydnomerulius pinastri	(Fr.) Jarosch & Besl		
Leucogyrophana sororia	(Burt) Ginns	DD	Fungi	Basidiomycota	Agaricomycetes	Boletales	Hygrophoropsidaceae	Leucogyrophana	Leucogyrophana sororia	2525702	species	Leucogyrophana sororia	(Burt) Ginns		
Leucopaxillus albissimus	(Peck) Sing.	LC	Fungi	Basidiomycota	Agaricomycetes	Agaricales	Tricholomataceae	Leucopaxillus	Leucopaxillus albissimus	7242205	species	Leucopaxillus albissimus	(Peck) Singer		
Leucopaxillus alboalutaceus	(F.H. Moeller et Jul. Schaeff.) F.H. Moeller	LC	Fungi	Basidiomycota	Agaricomycetes	Agaricales	Tricholomataceae	Leucopaxillus	Leucopaxillus alboalutaceus	7242217	species	Leucopaxillus alboalutaceus	(F.H.Møller & Jul.Schäff.) F.H.Møller		
Leucopaxillus compactus	(Fr.) Neuhoff	LC	Fungi	Basidiomycota	Agaricomycetes	Agaricales	Tricholomataceae	Leucopaxillus	Leucopaxillus compactus	3327584	species	Leucopaxillus compactus	(P.Karst.) Neuhoff		
Leucopaxillus gentianeus	(Quel.) Kotl.	LC	Fungi	Basidiomycota	Agaricomycetes	Agaricales	Tricholomataceae	Leucopaxillus	Leucopaxillus gentianeus	2532693	species	Leucopaxillus gentianeus	(Quél.) Kotl.		
Leucopaxillus giganteus	(Sibt.: Fr.) Sing.	LC	Fungi	Basidiomycota	Agaricomycetes	Agaricales	Tricholomataceae	Aspropaxillus	Aspropaxillus giganteus	2532720	species	Aspropaxillus giganteus	(Sowerby) Kühner & Maire		
Leucopaxillus mirabilis	(Bres.) M.M. Moser	VU	Fungi	Basidiomycota	Agaricomycetes	Agaricales	Tricholomataceae	Giacomia	Giacomia mirabilis	7429967	species	Giacomia mirabilis	(Bres.) Vizzini & Contu		
Leucopaxillus pinicola	J. Favre	CR	Fungi	Basidiomycota	Agaricomycetes	Agaricales	Tricholomataceae	Leucopaxillus	Leucopaxillus pinicola	3327580	species	Leucopaxillus pinicola	J.Favre		
Leucopaxillus rhodoleucus	(Romell) Kuehner	EN	Fungi	Basidiomycota	Agaricomycetes	Agaricales	Tricholomataceae	Pseudoclitopilus	Pseudoclitopilus rhodoleucus	7351785	species	Pseudoclitopilus rhodoleucus	(Sacc.) Vizzini & Contu		
Leucoscypha erminea	(Bomm. et Rouss.) Boud.	DD	Fungi	Ascomycota	Pezizomycetes	Pezizales	Pyronemataceae	Leucoscypha	Leucoscypha erminea	2593599	species	Leucoscypha erminea	(E.Bommer & M.Rousseau) Boud.		
Leucoscypha leucotricha	(Alb. et Schwein.: Fr.) Boud.	DD	Fungi	Ascomycota	Pezizomycetes	Pezizales	Pyronemataceae	Leucoscypha	Leucoscypha leucotricha	2593590	species	Leucoscypha leucotricha	(Alb. & Schwein.) Boud.		
Leucoscypha patavina	(Cooke & Sacc.) Svrček	LC	Fungi	Ascomycota	Pezizomycetes	Pezizales	Pyronemataceae	Sepultariella	Sepultariella patavina	9473328	species	Sepultariella patavina	(Cooke & Sacc.) Van Vooren, U.Lindem. & Healy		
Limacella delicata	(Fr.) Earle ex H. V. Smith	EN	Fungi	Basidiomycota	Agaricomycetes	Agaricales	Amanitaceae	Limacella	Limacella delicata	9793586	species	Limacella delicata	(Fr.) Earle ex Konrad & Maubl.		
Limacella glioderma	(Fr.) Maire	LC	Fungi	Basidiomycota	Agaricomycetes	Agaricales	Amanitaceae	Limacella	Limacella delicata	9793586	species	Limacella delicata	(Fr.) Earle ex Konrad & Maubl.		
Limacella guttata	(Fr.) Konrad et Maubl.	LC	Fungi	Basidiomycota	Agaricomycetes	Agaricales	Amanitaceae	Limacellopsis	Limacellopsis guttata	10773042	species	Limacellopsis guttata	(Pers.) Zhu L.Yang, Q.Cai & Y.Y.Cui		
Limacella illinita	(Fr.) Murrill	LC	Fungi	Basidiomycota	Agaricomycetes	Agaricales	Amanitaceae	Zhuliangomyces	Zhuliangomyces illinitus	10691289	species	Zhuliangomyces illinitus	(Fr.) Redhead		
Limacella ochraceolutea	P.D. Orton	LC	Fungi	Basidiomycota	Agaricomycetes	Agaricales	Amanitaceae	Zhuliangomyces	Zhuliangomyces ochraceoluteus	10815527	species	Zhuliangomyces ochraceoluteus	(P.D.Orton) Redhead		
Limacella roseofloccosa	Hora	DD	Fungi	Basidiomycota	Agaricomycetes	Agaricales	Amanitaceae	Limacella	Limacella roseofloccosa	5452726	species	Limacella roseofloccosa	Hora		
Limacella vinosorubescens	Furrer-Ziogas	VU	Fungi	Basidiomycota	Agaricomycetes	Agaricales	Amanitaceae	Limacella	Limacella delicata	9793586	species	Limacella delicata	(Fr.) Earle ex Konrad & Maubl.		
Lindtneria chordulata	(Rog.) Hjortstam	DD	Fungi	Basidiomycota	Agaricomycetes	Agaricales	Stephanosporaceae	Lindtneria	Lindtneria chordulata	2552425	species	Lindtneria chordulata	(D.P.Rogers) Hjortstam		
Lindtneria flava	Parmasto	DD	Fungi	Basidiomycota	Agaricomycetes	Agaricales	Stephanosporaceae	Lindtneria	Lindtneria flava	2552487	species	Lindtneria flava	Parmasto		
Lindtneria leucobryophila	(Henn.) Juelich	DD	Fungi	Basidiomycota	Agaricomycetes	Agaricales	Stephanosporaceae	Lindtneria	Lindtneria leucobryophila	8420879	species	Lindtneria leucobryophila	(Henn.) Jülich		
Lindtneria trachyspora	(Bourdot et Galzin) Pilat	LC	Fungi	Basidiomycota	Agaricomycetes	Agaricales	Stephanosporaceae	Lindtneria	Lindtneria trachyspora	2552491	species	Lindtneria trachyspora	(Bourdot & Galzin) Pilát		
Lirula macrospora	(R. Hartig) Darker	DD	Fungi	Ascomycota	Leotiomycetes	Rhytismatales	Rhytismataceae	Lirula	Lirula macrospora	2579903	species	Lirula macrospora	(R.Hartig) Darker		
Litschauerella clematidis	(Bourdot et Galzin) J. Erikss. et Ryvarden	VU	Fungi	Basidiomycota	Agaricomycetes	Trechisporales	Hydnodontaceae	Litschauerella	Litschauerella clematidis	2523271	species	Litschauerella clematidis	(Bourdot & Galzin) J.Erikss. & Ryvarden		
Lobulicium occultum	K.H. Larss. et Hjortstam	CR	Fungi	Basidiomycota	Agaricomycetes	Atheliales	Atheliaceae	Lobulicium	Lobulicium occultum	2554030	species	Lobulicium occultum	K.H.Larss. & Hjortstam		
Lophodermium apiculatum	(Wormsk.: Fr.) Sacc.	DD	Fungi	Ascomycota	Leotiomycetes	Rhytismatales	Rhytismataceae	Lophodermium	Lophodermium apiculatum	8164266	species	Lophodermium apiculatum	(Wormsk.) Sacc.		
Lophodermium arundinaceum	(Schrad.:Fr.) Chevalier	LC	Fungi	Ascomycota	Leotiomycetes	Rhytismatales	Rhytismataceae	Lophodermium	Lophodermium arundinaceum	2579577	species	Lophodermium arundinaceum	(Schrad.) Chevall.		
Lophodermium caricinum	(Roberge) Duby	DD	Fungi	Ascomycota	Leotiomycetes	Rhytismatales	Rhytismataceae	Lophodermium	Lophodermium caricinum	8590466	species	Lophodermium caricinum	(Roberge ex Desm.) Duby		
Lophodermium culmigenum	(Fr.) De Not.	DD	Fungi	Ascomycota	Leotiomycetes	Rhytismatales	Rhytismataceae	Lophodermium	Lophodermium culmigenum	2579646	species	Lophodermium culmigenum	(Fr.) De Not.		
Lophodermium juniperinum	(Fr.) De Not.	DD	Fungi	Ascomycota	Leotiomycetes	Rhytismatales	Rhytismataceae	Lophodermium	Lophodermium juniperinum	2579827	species	Lophodermium juniperinum	(Fr.) De Not.		
Lophodermium laricinum	Duby	DD	Fungi	Ascomycota	Leotiomycetes	Rhytismatales	Rhytismataceae	Lophodermium	Lophodermium laricinum	2579673	species	Lophodermium laricinum	Duby		
Lophodermium maculare	(Fr.) De Not.	DD	Fungi	Ascomycota	Leotiomycetes	Rhytismatales	Rhytismataceae	Lophodermium	Lophodermium maculare	8785580	species	Lophodermium maculare	(Fr.) De Not.		
Lophodermium melaleucum	Fr.	DD	Fungi	Ascomycota	Leotiomycetes	Rhytismatales	Rhytismataceae	Lophodermium	Lophodermium melaleucum	9024282	species	Lophodermium melaleucum	(Fr.) De Not.		author_mismatch
Lophodermium piceae	(Fuckel) Hoehn.	DD	Fungi	Ascomycota	Leotiomycetes	Rhytismatales	Rhytismataceae	Lophodermium	Lophodermium piceae	2579707	species	Lophodermium piceae	(Fuckel) Höhn.		
Lophodermium pinastri	(Schr.:Fr.) Chev.	DD	Fungi	Ascomycota	Leotiomycetes	Rhytismatales	Rhytismataceae	Lophodermium	Lophodermium pinastri	2579744	species	Lophodermium pinastri	(Schrad.) Chevall.		
Lophodermium pini-excelsae	S. Ahmad	DD	Fungi	Ascomycota	Leotiomycetes	Rhytismatales	Rhytismataceae	Lophodermium	Lophodermium pini-excelsae	2579659	species	Lophodermium pini-excelsae	S.Ahmad		
Lophodermium seditiosum	Minter et al.	DD	Fungi	Ascomycota	Leotiomycetes	Rhytismatales	Rhytismataceae	Lophodermium	Lophodermium seditiosum	2579676	species	Lophodermium seditiosum	Minter, Staley & Millar		
Lophodermium versicolor	(Wahlenb.: Fr.) Rehm	DD	Fungi	Ascomycota	Leotiomycetes	Rhytismatales	Rhytismataceae	Lophodermium	Lophodermium versicolor	2579806	species	Lophodermium versicolor	(Wahlenb.) Rehm		
Loreleia marchantiae	(Singer & Clémençon) Redhead, Moncalvo, Vilgalys & Lutzoni	VU	Fungi	Basidiomycota	Agaricomycetes	Hymenochaetales	Rickenellaceae	Loreleia	Loreleia marchantiae	2523932	species	Loreleia marchantiae	(Singer & Clémençon) Redhead, Moncalvo, Vilgalys & Lutzoni		
Loreleia postii	(Fr.) Redhead, Moncalvo, Vilgalys & Lutzoni	DD	Fungi	Basidiomycota	Agaricomycetes	Hymenochaetales	Rickenellaceae	Loreleia	Loreleia postii	2523926	species	Loreleia postii	(Fr.) Redhead, Moncalvo, Vilgalys & Lutzoni		
Loweomyces fractipes	(Berk. et M.A. Curtis) Juelich	DD	Fungi	Basidiomycota	Agaricomycetes	Polyporales	Steccherinaceae	Loweomyces	Loweomyces fractipes	8350706	species	Loweomyces fractipes	(Berk. & M.A.Curtis) Jülich		
Loweomyces wynneae	(Berk. et Broome) Juelich	LC	Fungi	Basidiomycota	Agaricomycetes	Polyporales	Steccherinaceae	Loweomyces	Loweomyces wynneae	3566229	species	Loweomyces wynneae	(Berk. & Broome) Jülich		
Luellia recondita	(Jacks.) Lars. et Hjortst.	DD	Fungi	Basidiomycota	Agaricomycetes	Trechisporales	Hydnodontaceae	Luellia	Luellia recondita	2523246	species	Luellia recondita	(H.S.Jacks.) K.H.Larss. & Hjortstam		
Lycoperdon altimontanum	Kreisel	EN	Fungi	Basidiomycota	Agaricomycetes	Agaricales	Lycoperdaceae	Lycoperdon	Lycoperdon altimontanum	5453642	species	Lycoperdon altimontanum	Kreisel		
Lycoperdon caudatum	Schroeter	DD	Fungi	Basidiomycota	Agaricomycetes	Agaricales	Lycoperdaceae	Lycoperdon	Lycoperdon caudatum	5243203	species	Lycoperdon caudatum	J.Schröt.		
Lycoperdon decipiens	Durieu et Mont.	VU	Fungi	Basidiomycota	Agaricomycetes	Agaricales	Lycoperdaceae	Lycoperdon	Lycoperdon decipiens	5243205	species	Lycoperdon decipiens	Durieu & Mont.		
Lycoperdon echinatum	Pers.ex Pers.	LC	Fungi	Basidiomycota	Agaricomycetes	Agaricales	Lycoperdaceae	Lycoperdon	Lycoperdon echinatum	5243255	species	Lycoperdon echinatum	Pers.		
Lycoperdon ericaeum	Bonord.	EN	Fungi	Basidiomycota	Agaricomycetes	Agaricales	Lycoperdaceae	Lycoperdon	Lycoperdon ericaeum	5243278	species	Lycoperdon ericaeum	Bonord.		
Lycoperdon foetidum	Bonord.	LC	Fungi	Basidiomycota	Agaricomycetes	Agaricales	Lycoperdaceae	Lycoperdon	Lycoperdon nigrescens	5243210	species	Lycoperdon nigrescens	Pers.		
Lycoperdon frigidum	Demoulin	VU	Fungi	Basidiomycota	Agaricomycetes	Agaricales	Lycoperdaceae	Lycoperdon	Lycoperdon frigidum	5453591	species	Lycoperdon frigidum	Demoulin		
Lycoperdon lividum	Pers.	VU	Fungi	Basidiomycota	Agaricomycetes	Agaricales	Lycoperdaceae	Lycoperdon	Lycoperdon lividum	5243225	species	Lycoperdon lividum	Pers.		
Lycoperdon mammiforme	Pers.	VU	Fungi	Basidiomycota	Agaricomycetes	Agaricales	Lycoperdaceae	Lycoperdon	Lycoperdon mammiforme	5243221	species	Lycoperdon mammiforme	Pers.		
Lycoperdon marginatum	Vittad. ex Moris et De Not.	DD	Fungi	Basidiomycota	Agaricomycetes	Agaricales	Agaricaceae	Lycoperdon	Lycoperdon marginatum	5453425	species	Lycoperdon marginatum	Vittad.		author_mismatch
Lycoperdon molle	Pers.:Pers.	LC	Fungi	Basidiomycota	Agaricomycetes	Agaricales	Lycoperdaceae	Lycoperdon	Lycoperdon molle	5243240	species	Lycoperdon molle	Pers.		
Lycoperdon perlatum	Pers.ex Pers.	LC	Fungi	Basidiomycota	Agaricomycetes	Agaricales	Lycoperdaceae	Lycoperdon	Lycoperdon perlatum	5243258	species	Lycoperdon perlatum	Pers.		
Lycoperdon umbrinum	Pers.ex Pers.	LC	Fungi	Basidiomycota	Agaricomycetes	Agaricales	Lycoperdaceae	Lycoperdon	Lycoperdon umbrinum	5243243	species	Lycoperdon umbrinum	Pers.		
Lyophyllum caerulescens	Clemencon	LC	Fungi	Basidiomycota	Agaricomycetes	Agaricales	Lyophyllaceae	Lyophyllum	Lyophyllum caerulescens	3347314	species	Lyophyllum caerulescens	Clémençon		
Lyophyllum conocephalum	(Karst.) Clemencon	DD	Fungi	Basidiomycota	Agaricomycetes	Agaricales	Lyophyllaceae	Lyophyllum	Lyophyllum conocephalum	3347281	species	Lyophyllum conocephalum	(P.Karst.) Clémençon		
Lyophyllum decastes	(Fr.) Singer	LC	Fungi	Basidiomycota	Agaricomycetes	Agaricales	Lyophyllaceae	Lyophyllum	Lyophyllum decastes	9173236	species	Lyophyllum decastes	(Fr.) Singer		
Lyophyllum deliberatum	(Britzelm.) Kreisel	LC	Fungi	Basidiomycota	Agaricomycetes	Agaricales	Lyophyllaceae	Lyophyllum	Lyophyllum deliberatum	3347307	species	Lyophyllum deliberatum	(Britzelm.) Kreisel		
Lyophyllum favrei	R.Haller et R.Haller	VU	Fungi	Basidiomycota	Agaricomycetes	Agaricales	Lyophyllaceae	Calocybe	Calocybe favrei	8951615	species	Calocybe favrei	(R.Haller Aar. & R.Haller Suhr) Bon		
Lyophyllum fumosum	(Pers.: Fr.) Kuehner et Romagn.	LC	Fungi	Basidiomycota	Agaricomycetes	Agaricales	Lyophyllaceae	Lyophyllum	Lyophyllum decastes	9173236	species	Lyophyllum decastes	(Fr.) Singer		author_mismatch
Lyophyllum incarnatobrunneum	Gerhardt	VU	Fungi	Basidiomycota	Agaricomycetes	Agaricales	Lyophyllaceae	Gerhardtia	Gerhardtia incarnatobrunnea	5898658	species	Gerhardtia incarnatobrunnea	(Ew.Gerhardt) Bon		
Lyophyllum leucophaeatum	(Karst.) Karst.	LC	Fungi	Basidiomycota	Agaricomycetes	Agaricales	Lyophyllaceae	Calocybe	Calocybe gangraenosa	7526121	species	Calocybe gangraenosa	(Fr.) V.Hofst., Moncalvo, Redhead & Vilgalys		
Lyophyllum loricatum	(Fr.) Kuehner	LC	Fungi	Basidiomycota	Agaricomycetes	Agaricales	Lyophyllaceae	Lyophyllum	Lyophyllum loricatum	7995110	species	Lyophyllum loricatum	(Fr.) Kühner		
Lyophyllum macrosporum	Singer	EN	Fungi	Basidiomycota	Agaricomycetes	Agaricales	Lyophyllaceae	Lyophyllum	Lyophyllum macrosporum	3347248	species	Lyophyllum macrosporum	Singer		
Lyophyllum ochraceum	(Haller) Schwoebel et Reutter	EN	Fungi	Basidiomycota	Agaricomycetes	Agaricales	Lyophyllaceae	Calocybe	Calocybe ochracea	9022662	species	Calocybe ochracea	(R.Haller Aar.) Bon		
Lyophyllum paelochroum	Clemencon	LC	Fungi	Basidiomycota	Agaricomycetes	Agaricales	Lyophyllaceae	Lyophyllum	Lyophyllum paelochroum	3347282	species	Lyophyllum paelochroum	Clémençon		
Lyophyllum rhopalopodium	Clemencon	DD	Fungi	Basidiomycota	Agaricomycetes	Agaricales	Lyophyllaceae	Lyophyllum	Lyophyllum rhopalopodium	3347302	species	Lyophyllum rhopalopodium	Clémençon		
Lyophyllum semitale	(Fr.) Kuehner	LC	Fungi	Basidiomycota	Agaricomycetes	Agaricales	Lyophyllaceae	Lyophyllum	Lyophyllum semitale	7390219	species	Lyophyllum semitale	(Fr.) Kühner		
Lyophyllum tenebrosum	Clemencon	VU	Fungi	Basidiomycota	Agaricomycetes	Agaricales	Lyophyllaceae	Lyophyllum	Lyophyllum tenebrosum	3347292	species	Lyophyllum tenebrosum	Clémençon		
Lyophyllum transforme	(Britzelm.) Singer	LC	Fungi	Basidiomycota	Agaricomycetes	Agaricales	Lyophyllaceae	Lyophyllum	Lyophyllum transforme	8522042	species	Lyophyllum transforme	(Lapl.) Singer		
Macrocystidia cucumis	(Pers.: Fr.) Joss.	LC	Fungi	Basidiomycota	Agaricomycetes	Agaricales	Macrocystidiaceae	Macrocystidia	Macrocystidia cucumis	9107939	species	Macrocystidia cucumis	(Pers.) Joss.		
Macrolepiota excoriata	(Schaeff.) Wasser	LC	Fungi	Basidiomycota	Agaricomycetes	Agaricales	Agaricaceae	Macrolepiota	Macrolepiota excoriata	2536733	species	Macrolepiota excoriata	(Schaeff.) Wasser		
Macrolepiota gracilenta	(Krombh.) Wasser	LC	Fungi	Basidiomycota	Agaricomycetes	Agaricales	Agaricaceae	Macrolepiota	Macrolepiota mastoidea	2536707	species	Macrolepiota mastoidea	(Fr.) Singer		
Macrolepiota konradii	(Huijsm.ex P.D. Orton) Moser	LC	Fungi	Basidiomycota	Agaricomycetes	Agaricales	Agaricaceae	Macrolepiota	Macrolepiota mastoidea	2536707	species	Macrolepiota mastoidea	(Fr.) Singer		
Macrolepiota mastoidea	(Fr.) Singer	LC	Fungi	Basidiomycota	Agaricomycetes	Agaricales	Agaricaceae	Macrolepiota	Macrolepiota mastoidea	2536707	species	Macrolepiota mastoidea	(Fr.) Singer		
Macrolepiota nordica	Bellu et Lanzoni	DD	Fungi	Basidiomycota	Agaricomycetes	Agaricales	Agaricaceae	Macrolepiota	Macrolepiota nordica	3339769	species	Macrolepiota nordica	Bellù & Lanzoni		
Macrolepiota olivascens	Singer & M.M. Moser	VU	Fungi	Basidiomycota	Agaricomycetes	Agaricales	Agaricaceae	Macrolepiota	Macrolepiota olivascens	3339779	species	Macrolepiota olivascens	Singer & M.M.Moser		
Macrolepiota permixta	(Barla) Pacioni	VU	Fungi	Basidiomycota	Agaricomycetes	Agaricales	Agaricaceae	Macrolepiota	Macrolepiota permixta	2536748	species	Macrolepiota permixta	(Barla) Pacioni		
Macrolepiota procera	(Scop.) Singer	LC	Fungi	Basidiomycota	Agaricomycetes	Agaricales	Agaricaceae	Macrolepiota	Macrolepiota procera	8914748	species	Macrolepiota procera	(Scop.) Singer		
Macrolepiota prominens	(Viv.: Fr.) M. Moser	DD	Fungi	Basidiomycota	Agaricomycetes	Agaricales	Agaricaceae	Macrolepiota	Macrolepiota prominens	3339783	species	Macrolepiota prominens	(Sacc.) M.M.Moser		
Macrotyphula filiformis	(Bull. : Fr.) Paechn. : Rauschert	LC	Fungi	Basidiomycota	Agaricomycetes	Agaricales	Typhulaceae	Typhula	Typhula filiformis	2539104	species	Typhula filiformis	(Bull.) Fr.		
Macrotyphula fistulosa	(Fr.) Petersen	LC	Fungi	Basidiomycota	Agaricomycetes	Agaricales	Typhulaceae	Typhula	Typhula fistulosa	8047444	species	Typhula fistulosa	(Holmsk.) Olariaga		
Macrotyphula tremula	Berthier	VU	Fungi	Basidiomycota	Agaricomycetes	Agaricales	Typhulaceae	Typhula	Typhula tremula	8011828	species	Typhula tremula	(Berthier) Olariaga		
Mallocybe agardhii	(N. Lund) Matheny & Esteve-Rav.	EN	Fungi	Basidiomycota	Agaricomycetes	Agaricales	Inocybaceae	Mallocybe	Mallocybe agardhii	10762061	species	Mallocybe agardhii	(N.Lund) Matheny & Esteve-Rav.		
Mallocybe fulvipes	(Kühner) Matheny & Esteve-Rav.	DD	Fungi	Basidiomycota	Agaricomycetes	Agaricales	Inocybaceae	Mallocybe	Mallocybe fulvipes	10783886	species	Mallocybe fulvipes	(Kühner) Matheny & Esteve-Rav.		
Mallocybe fuscomarginata	(Kühner) Matheny & Esteve-Rav.	LC	Fungi	Basidiomycota	Agaricomycetes	Agaricales	Inocybaceae	Mallocybe	Mallocybe fuscomarginata	10850979	species	Mallocybe fuscomarginata	(Kühner) Matheny & Esteve-Rav.		
Mallocybe gymnocyrpa	(Kühner) Matheny & Esteve-Rav.	NT							Mallocybe gymnocyrpa						not_found
Mallocybe heimii	(Bon) Matheny & Esteve-Rav.	DD	Fungi	Basidiomycota	Agaricomycetes	Agaricales	Inocybaceae	Mallocybe	Mallocybe heimii	10809496	species	Mallocybe heimii	(Bon) Matheny & Esteve-Rav.		
Mallocybe leucoblema	(Kühner) Vizzini, Maggiora, Tolaini & Ercole	LC	Fungi	Basidiomycota	Agaricomycetes	Agaricales	Inocybaceae	Mallocybe	Mallocybe leucoblema	10891226	species	Mallocybe leucoblema	(Kühner) Matheny & Esteve-Rav.		author_mismatch
Mallocybe perbrevis	(Weinm.) Matheny & Esteve-Rav.	LC	Fungi	Basidiomycota	Agaricomycetes	Agaricales	Inocybaceae	Mallocybe	Mallocybe perbrevis	10751074	species	Mallocybe perbrevis	(Weinm.) Matheny & Esteve-Rav.		
Mallocybe terrigena	(Fr.) Matheny, Vizzini & Esteve-Rav.	LC	Fungi	Basidiomycota	Agaricomycetes	Agaricales	Inocybaceae	Mallocybe	Mallocybe terrigena	10699915	species	Mallocybe terrigena	(Fr.) Matheny, Vizzini & Esteve-Rav.		
Malvipezia emileia	(Cooke) Van Vooren	DD	Fungi	Ascomycota	Pezizomycetes	Pezizales	Pezizaceae	Malvipezia	Malvipezia emileia	11590197	species	Malvipezia emileia	(Cooke) Van Vooren		
Malvipezia howsei	(Roze & Boud.) Van Vooren	DD	Fungi	Ascomycota	Pezizomycetes	Pezizales	Pezizaceae	Malvipezia	Malvipezia howsei	12099910	species	Malvipezia howsei	(Roze & Boud.) Van Vooren		
Malvipezia lividula	(W. Phillips) Van Vooren & Dougoud	LC	Fungi	Ascomycota	Pezizomycetes	Pezizales	Pezizaceae	Malvipezia	Malvipezia lividula	11988034	species	Malvipezia lividula	(W.Phillips) Van Vooren & Dougoud		
Marasmiellus candidus	Bolt.:Fr.	EN	Fungi	Basidiomycota	Agaricomycetes	Agaricales	Omphalotaceae	Marasmiellus	Marasmiellus candidus	2537876	species	Marasmiellus candidus	(Fr.) Singer		no_author_match
Marasmiellus humillimus	(Quel.) Singer	DD	Fungi	Basidiomycota	Agaricomycetes	Agaricales	Omphalotaceae	Marasmiellus	Marasmiellus humillimus	2537881	species	Marasmiellus humillimus	(Quél.) Singer		
Marasmiellus ramealis	(Bull.: Fr.) Singer	LC	Fungi	Basidiomycota	Agaricomycetes	Agaricales	Omphalotaceae	Collybiopsis	Collybiopsis ramealis	12045840	species	Collybiopsis ramealis	(Bull.) Millsp.		
Marasmiellus tricolor	(Alb. et Schwein.ex Fr.) Singer	EN	Fungi	Basidiomycota	Agaricomycetes	Agaricales	Omphalotaceae	Marasmiellus	Marasmiellus tricolor	2537853	species	Marasmiellus tricolor	(Alb. & Schwein.) Singer		
Marasmiellus vaillantii	(Pers.:Fr.) Singer	LC	Fungi	Basidiomycota	Agaricomycetes	Agaricales	Omphalotaceae	Collybiopsis	Collybiopsis vaillantii	12159286	species	Collybiopsis vaillantii	(Pers.) R.H.Petersen		
Marasmius alliaceus	(Jacq.: Fr.) Fr.	LC	Fungi	Basidiomycota	Agaricomycetes	Agaricales	Omphalotaceae	Mycetinis	Mycetinis alliaceus	8234430	species	Mycetinis alliaceus	(Jacq.) Earle ex A.W.Wilson & Desjardin		
Marasmius alniphilus	J. Favre	LC	Fungi	Basidiomycota	Agaricomycetes	Agaricales	Marasmiaceae	Marasmius	Marasmius alniphilus	3321640	species	Marasmius alniphilus	J.Favre		
Marasmius anisocystidiatus	Antonin, Desjardin et Gsell	DD	Fungi	Basidiomycota	Agaricomycetes	Agaricales	Marasmiaceae	Marasmius	Marasmius anisocystidiatus	3322850	species	Marasmius anisocystidiatus	Antonín, Desjardin & H.Gsell		
Marasmius anomalus	Lasch	EN	Fungi	Basidiomycota	Agaricomycetes	Agaricales	Marasmiaceae	Marasmius	Marasmius epodius	2537263	species	Marasmius epodius	Bres.		
Marasmius bulliardii	Quel.	LC	Fungi	Basidiomycota	Agaricomycetes	Agaricales	Marasmiaceae	Marasmius	Marasmius bulliardii	2537315	species	Marasmius bulliardii	Quél.		
Marasmius buxi	Quel.	EN	Fungi	Basidiomycota	Agaricomycetes	Agaricales	Marasmiaceae	Marasmius	Marasmius buxi	7410124	species	Marasmius buxi	Quél.		
Marasmius cohaerens	(Pers.:Fr.) Fr.	LC	Fungi	Basidiomycota	Agaricomycetes	Agaricales	Marasmiaceae	Marasmius	Marasmius cohaerens	8988651	species	Marasmius cohaerens	(Pers.) Cooke & Quél.		no_author_match
Marasmius collinus	(Scop.ex Fr.) Singer	EN	Fungi	Basidiomycota	Agaricomycetes	Agaricales	Marasmiaceae	Marasmius	Marasmius collinus	9137624	species	Marasmius collinus	(Scop.) Singer		
Marasmius epiphylloides	Rea	LC	Fungi	Basidiomycota	Agaricomycetes	Agaricales	Marasmiaceae	Marasmius	Marasmius epiphylloides	2537151	species	Marasmius epiphylloides	(Rea) Sacc. & Trotter		
Marasmius epiphyllus	(Pers.:Fr.) Fr.	LC	Fungi	Basidiomycota	Agaricomycetes	Agaricales	Marasmiaceae	Marasmius	Marasmius epiphyllus	2537306	species	Marasmius epiphyllus	(Pers.) Fr.		
Marasmius favrei	Antonín	CR	Fungi	Basidiomycota	Agaricomycetes	Agaricales	Marasmiaceae	Marasmius	Marasmius favrei	2537337	species	Marasmius favrei	Antonín		
Marasmius graminum	(Lib.) Berk.	VU	Fungi	Basidiomycota	Agaricomycetes	Agaricales	Marasmiaceae	Marasmius	Marasmius graminum	2537202	species	Marasmius graminum	(Lib.) Berk.		
Marasmius hudsonii	(Pers.ex Fr.) Fr.	CR	Fungi	Basidiomycota	Agaricomycetes	Agaricales	Marasmiaceae	Marasmius	Marasmius hudsonii	9215709	species	Marasmius hudsonii	(Pers.) Fr.		
Marasmius limosus	Boud. et Quel.	NT	Fungi	Basidiomycota	Agaricomycetes	Agaricales	Marasmiaceae	Marasmius	Marasmius limosus	2537241	species	Marasmius limosus	Quél.		
Marasmius oreades	(Bolt.:Fr.) Fr.	LC	Fungi	Basidiomycota	Agaricomycetes	Agaricales	Marasmiaceae	Marasmius	Marasmius oreades	2537250	species	Marasmius oreades	(Bolton) Fr.		
Marasmius querceus	Britzelm.	LC	Fungi	Basidiomycota	Agaricomycetes	Agaricales	Omphalotaceae	Mycetinis	Mycetinis querceus	3306393	species	Mycetinis querceus	(Britzelm.) Antonín & Noordel.		
Marasmius rotula	(Scop.:Fr.) Fr.	LC	Fungi	Basidiomycota	Agaricomycetes	Agaricales	Marasmiaceae	Marasmius	Marasmius rotula	8908488	species	Marasmius rotula	(Scop.) Fr.		
Marasmius saccharinus	(Batsch) Fr.	EN	Fungi	Basidiomycota	Agaricomycetes	Agaricales	Marasmiaceae	Marasmius	Marasmius saccharinus	2537133	species	Marasmius saccharinus	(Batsch) Fr.		
Marasmius scorodonius	(Fr.) Fr.	NT	Fungi	Basidiomycota	Agaricomycetes	Agaricales	Omphalotaceae	Mycetinis	Mycetinis scorodonius	2537418	species	Mycetinis scorodonius	(Fr.) A.W.Wilson & Desjardin		
Marasmius setosus	(Sowerby) Noordel.	LC	Fungi	Basidiomycota	Agaricomycetes	Agaricales	Physalacriaceae	Rhizomarasmius	Rhizomarasmius setosus	7644729	species	Rhizomarasmius setosus	(Sowerby) Antonín & A.Urb.		
Marasmius tenuiparietalis	Singer	VU	Fungi	Basidiomycota	Agaricomycetes	Agaricales	Marasmiaceae	Marasmius	Marasmius epiphyllus	2537306	species	Marasmius epiphyllus	(Pers.) Fr.		
Marasmius torquescens	Quel.	LC	Fungi	Basidiomycota	Agaricomycetes	Agaricales	Marasmiaceae	Marasmius	Marasmius torquescens	2537222	species	Marasmius torquescens	Quél.		
Marasmius wettsteinii	Sacc. et Syd.	LC	Fungi	Basidiomycota	Agaricomycetes	Agaricales	Marasmiaceae	Marasmius	Marasmius wettsteinii	2537200	species	Marasmius wettsteinii	Sacc. & P.Syd.		
Marasmius wynneae	Berk. et Broome	LC	Fungi	Basidiomycota	Agaricomycetes	Agaricales	Marasmiaceae	Marasmius	Marasmius wynneae	3321571	species	Marasmius wynneae	Berk. & Broome		
Marcelleina persoonii	(H. Crouan & P. Crouan) Brumm.	LC	Fungi	Ascomycota	Pezizomycetes	Pezizales	Pezizaceae	Marcelleina	Marcelleina persoonii	8675735	species	Marcelleina persoonii	(P.Crouan & H.Crouan) Brumm.		
Marcelleina pseudoanthracina	(Donadini) Kristiansen et Moravec	DD	Fungi	Ascomycota	Pezizomycetes	Pezizales	Pezizaceae	Marcelleina	Marcelleina pseudoanthracina	2595070	species	Marcelleina pseudoanthracina	(Donadini) R.Kristiansen & J.Moravec		
Marcelleina rickii	(Rehm) Graddon	DD	Fungi	Ascomycota	Pezizomycetes	Pezizales	Pezizaceae	Marcelleina	Marcelleina rickii	2595066	species	Marcelleina rickii	(Rehm) Graddon		
Megacollybia platyphylla	(Pers.:Fr.) Moser	LC	Fungi	Basidiomycota	Agaricomycetes	Agaricales	Tricholomataceae	Megacollybia	Megacollybia platyphylla	2537689	species	Megacollybia platyphylla	(Pers.) Kotl. & Pouzar		
Megalocystidium leucoxanthum	(Bres.) Boidin	LC	Fungi	Basidiomycota	Agaricomycetes	Russulales	Stereaceae	Megalocystidium	Megalocystidium leucoxanthum	2553255	species	Megalocystidium leucoxanthum	(Bres.) Jülich		author_mismatch
Megalocystidium luridum	(Bres.) Boidin	LC	Fungi	Basidiomycota	Agaricomycetes	Russulales	Stereaceae	Gloeocystidiellum	Gloeocystidiellum luridum	2553269	species	Gloeocystidiellum luridum	(Bres.) Boidin		author_mismatch
Melanogaster ambiguus	(Vittad.) Tul.	DD	Fungi	Basidiomycota	Agaricomycetes	Boletales	Paxillaceae	Melanogaster	Melanogaster ambiguus	5240036	species	Melanogaster ambiguus	(Vittad.) Tul. & C.Tul.		
Melanogaster broomeanus	Berk. ex Tul. et Tul.	LC	Fungi	Basidiomycota	Agaricomycetes	Boletales	Paxillaceae	Melanogaster	Melanogaster broomeanus	9697398	species	Melanogaster broomeanus	Berk. ex Tul. & C.Tul.		
Melanogaster intermedius	(Berk.) Zeller et Dodge	DD	Fungi	Basidiomycota	Agaricomycetes	Boletales	Paxillaceae	Melanogaster	Melanogaster intermedius	5240039	species	Melanogaster intermedius	(Berk.) Zeller & C.W.Dodge		
Melanogaster macrosporus	Velen.	DD	Fungi	Basidiomycota	Agaricomycetes	Boletales	Paxillaceae	Melanogaster	Melanogaster macrosporus	5460739	species	Melanogaster macrosporus	Velen.		
Melanogaster tuberiformis	Corda	DD	Fungi	Basidiomycota	Agaricomycetes	Boletales	Paxillaceae	Melanogaster	Melanogaster tuberiformis	5240037	species	Melanogaster tuberiformis	Corda		
Melanogaster vittadinii	Soehner et Knapp	DD	Fungi	Basidiomycota	Agaricomycetes	Boletales	Paxillaceae	Melanogaster	Melanogaster vittadinii	7436786	species	Melanogaster vittadinii	Soehner & J.A.Knapp		
Melanoleuca adstringens	(Pers.ex Fr.) Konrad	DD	Fungi	Basidiomycota	Agaricomycetes	Agaricales	Tricholomataceae	Melanoleuca	Melanoleuca adstringens	8956054	species	Melanoleuca adstringens	(Pers.) Konrad		
Melanoleuca amica	(Fr.) Singer	DD	Fungi	Basidiomycota	Agaricomycetes	Agaricales	Tricholomataceae	Melanoleuca	Melanoleuca amica	5451650	species	Melanoleuca amica	(Fr.) Singer		
Melanoleuca arcuata	(Fr.) Singer	LC	Fungi	Basidiomycota	Agaricomycetes	Agaricales	Tricholomataceae	Melanoleuca	Melanoleuca arcuata	5242155	species	Melanoleuca arcuata	(Bull.) Singer		
Melanoleuca bataillei	Malencon et Bertault	DD	Fungi	Basidiomycota	Agaricomycetes	Agaricales	Tricholomataceae	Melanoleuca	Melanoleuca bataillei	5451432	species	Melanoleuca bataillei	Malençon		
Melanoleuca brevipes	(Bull.: Fr.) Pat.	LC	Fungi	Basidiomycota	Agaricomycetes	Agaricales	Tricholomataceae	Melanoleuca	Melanoleuca brevipes	5242168	species	Melanoleuca brevipes	(Bull.) Pat.		
Melanoleuca candida	(Velen.) Singer	DD	Fungi	Basidiomycota	Agaricomycetes	Agaricales	Tricholomataceae	Melanoleuca	Melanoleuca candida	5451589	species	Melanoleuca candida	Singer		
Melanoleuca cinerascens	D.A. Reid	DD	Fungi	Basidiomycota	Agaricomycetes	Agaricales	Tricholomataceae	Melanoleuca	Melanoleuca exscissa	3328041	species	Melanoleuca exscissa	(Fr.) Singer		
Melanoleuca cognata	(Fr.) Konrad et Maubl.	LC	Fungi	Basidiomycota	Agaricomycetes	Agaricales	Tricholomataceae	Melanoleuca	Melanoleuca cognata	3327773	species	Melanoleuca cognata	(Fr.) Konrad & Maubl.		
Melanoleuca curtipes	Metrod	DD	Fungi	Basidiomycota	Agaricomycetes	Agaricales	Tricholomataceae	Melanoleuca	Melanoleuca curtipes	5451632	species	Melanoleuca curtipes	(Fr.) Bon		author_mismatch
Melanoleuca decembris	Metrod	DD	Fungi	Basidiomycota	Agaricomycetes	Agaricales	Tricholomataceae	Melanoleuca	Melanoleuca decembris	6014590	species	Melanoleuca decembris	Métrod		
Melanoleuca exscissa	(Fr.) Singer	LC	Fungi	Basidiomycota	Agaricomycetes	Agaricales	Tricholomataceae	Melanoleuca	Melanoleuca exscissa	3328041	species	Melanoleuca exscissa	(Fr.) Singer		
Melanoleuca graminicola	(Velen.) Kuehner et Maire	LC	Fungi	Basidiomycota	Agaricomycetes	Agaricales	Tricholomataceae	Melanoleuca	Melanoleuca graminicola	5242145	species	Melanoleuca graminicola	Kühner & Maire		
Melanoleuca grammopodia	(Bull.: Fr.) Pat.	LC	Fungi	Basidiomycota	Agaricomycetes	Agaricales	Tricholomataceae	Melanoleuca	Melanoleuca grammopodia	8849982	species	Melanoleuca grammopodia	(Bull.) Murrill		
Melanoleuca griseofumosa	(Secr.) Singer et Clemencon	DD	Fungi	Basidiomycota	Agaricomycetes	Agaricales	Tricholomataceae	Melanoleuca	Melanoleuca griseofumosa	5451350	species	Melanoleuca griseofumosa	Secr. ex Singer & Clémençon		
Melanoleuca heterocystidiosa	(Bon et Beller) Bon	DD	Fungi	Basidiomycota	Agaricomycetes	Agaricales	Tricholomataceae	Melanoleuca	Melanoleuca heterocystidiosa	7242110	species	Melanoleuca heterocystidiosa	(Beller & Bon) Bon		
Melanoleuca humilis	(Fr.) Singer	LC	Fungi	Basidiomycota	Agaricomycetes	Agaricales	Tricholomataceae	Melanoleuca	Melanoleuca humilis	9026192	species	Melanoleuca humilis	(Pers.) Pat.		author_mismatch
Melanoleuca kavinae	(Pilat et Ves.) Singer	DD	Fungi	Basidiomycota	Agaricomycetes	Agaricales	Tricholomataceae	Melanoleuca	Melanoleuca kavinae	5451579	species	Melanoleuca kavinae	(Pilát & Veselý) Singer		
Melanoleuca kuehneri	Bon	DD	Fungi	Basidiomycota	Agaricomycetes	Agaricales	Tricholomataceae	Melanoleuca	Melanoleuca exscissa	3328041	species	Melanoleuca exscissa	(Fr.) Singer		
Melanoleuca langei	(Boekhout) Bon	DD	Fungi	Basidiomycota	Agaricomycetes	Agaricales	Tricholomataceae	Melanoleuca	Melanoleuca polioleuca	5242194	species	Melanoleuca polioleuca	(Fr.) Kühner & Maire		
Melanoleuca leucophylla	Metrod	DD	Fungi	Basidiomycota	Agaricomycetes	Agaricales	Tricholomataceae	Melanoleuca	Melanoleuca polioleuca	5242194	species	Melanoleuca polioleuca	(Fr.) Kühner & Maire		
Melanoleuca luteolosperma	(Britzelm.) Singer	DD	Fungi	Basidiomycota	Agaricomycetes	Agaricales	Tricholomataceae	Melanoleuca	Melanoleuca luteolosperma	5451427	species	Melanoleuca luteolosperma	(Britzelm.) Singer		
Melanoleuca melaleuca	(Pers.:Fr) Murrill	LC	Fungi	Basidiomycota	Agaricomycetes	Agaricales	Tricholomataceae	Melanoleuca	Melanoleuca melaleuca	5242142	species	Melanoleuca melaleuca	(Pers.) Murrill		
Melanoleuca metrodii	Bon	DD	Fungi	Basidiomycota	Agaricomycetes	Agaricales	Tricholomataceae	Melanoleuca	Melanoleuca metrodii	5451605	species	Melanoleuca metrodii	Bon		
Melanoleuca microcephala	(Karst.) Metrod	DD	Fungi	Basidiomycota	Agaricomycetes	Agaricales	Tricholomataceae	Melanoleuca	Melanoleuca microcephala	5451533	species	Melanoleuca microcephala	(P.Karst.) Singer		
Melanoleuca nivea	Metrod ex Boekhout	DD	Fungi	Basidiomycota	Agaricomycetes	Agaricales	Tricholomataceae	Melanoleuca	Melanoleuca polioleuca	5242194	species	Melanoleuca polioleuca	(Fr.) Kühner & Maire		
Melanoleuca oreina	(Fr.) Kuehner et Maire	DD	Fungi	Basidiomycota	Agaricomycetes	Agaricales	Tricholomataceae	Melanoleuca	Melanoleuca oreina	5242202	species	Melanoleuca oreina	(Fr.) Kühner & Maire		
Melanoleuca paedida	(Fr.) Kuehner et Maire sensu Neuhoff	LC	Fungi	Basidiomycota	Agaricomycetes	Agaricales	Tricholomataceae	Melanoleuca	Melanoleuca paedida	5451366	species	Melanoleuca paedida	(Fr.) Kühner & Maire		
Melanoleuca polioleuca	(Fr.: Fr.) Kuehner et Maire	LC	Fungi	Basidiomycota	Agaricomycetes	Agaricales	Tricholomataceae	Melanoleuca	Melanoleuca polioleuca	5242194	species	Melanoleuca polioleuca	(Fr.) Kühner & Maire		
Melanoleuca pseudoluscina	Bon	DD	Fungi	Basidiomycota	Agaricomycetes	Agaricales	Tricholomataceae	Melanoleuca	Melanoleuca pseudoluscina	5451539	species	Melanoleuca pseudoluscina	Bon		
Melanoleuca rasilis	(Fr.) Singer	DD	Fungi	Basidiomycota	Agaricomycetes	Agaricales	Tricholomataceae	Melanoleuca	Melanoleuca rasilis	5242190	species	Melanoleuca rasilis	(Fr.) Singer		
Melanoleuca robertiana	Bon	DD	Fungi	Basidiomycota	Agaricomycetes	Agaricales	Tricholomataceae	Melanoleuca	Melanoleuca robertiana	5451495	species	Melanoleuca robertiana	Bon		
Melanoleuca schumacheri	(Fr.) Singer	DD	Fungi	Basidiomycota	Agaricomycetes	Agaricales	Tricholomataceae	Melanoleuca	Melanoleuca schumacheri	9048812	species	Melanoleuca schumacheri	(Fr.) Singer		
Melanoleuca spegazzinii	(Sacc. et D.Sacc.) Singer	DD	Fungi	Basidiomycota	Agaricomycetes	Agaricales	Tricholomataceae	Melanoleuca	Melanoleuca spegazzinii	5451563	species	Melanoleuca spegazzinii	(Sacc. & D.Sacc.) Singer		
Melanoleuca strictipes	(Karst.) Murrill	LC	Fungi	Basidiomycota	Agaricomycetes	Agaricales	Tricholomataceae	Melanoleuca	Melanoleuca strictipes	8066493	species	Melanoleuca strictipes	(P.Karst.) Jul.Schäff.		
Melanoleuca stridula	(Fr.) Metrod	LC	Fungi	Basidiomycota	Agaricomycetes	Agaricales	Tricholomataceae	Melanoleuca	Melanoleuca stridula	5242216	species	Melanoleuca stridula	(Fr.) Singer		author_mismatch
Melanoleuca subalpina	(Britzelm.) Bresinky et Stangl	LC	Fungi	Basidiomycota	Agaricomycetes	Agaricales	Tricholomataceae	Melanoleuca	Melanoleuca subalpina	8642091	species	Melanoleuca subalpina	(Britzelm.) Bresinsky & Stangl		
Melanoleuca subbrevipes	Metrod	DD	Fungi	Basidiomycota	Agaricomycetes	Agaricales	Tricholomataceae	Melanoleuca	Melanoleuca grammopodia	8849982	species	Melanoleuca grammopodia	(Bull.) Murrill		
Melanoleuca subpulverulenta	(Pers.) Metr.	VU	Fungi	Basidiomycota	Agaricomycetes	Agaricales	Tricholomataceae	Melanoleuca	Melanoleuca subpulverulenta	5242201	species	Melanoleuca subpulverulenta	(Pers.) Singer		
Melanoleuca substrictipes	Kuehnerer	LC	Fungi	Basidiomycota	Agaricomycetes	Agaricales	Tricholomataceae	Melanoleuca	Melanoleuca substrictipes	5242152	species	Melanoleuca substrictipes	Kühner		
Melanoleuca tristis	M.M. Moser	DD	Fungi	Basidiomycota	Agaricomycetes	Agaricales	Tricholomataceae	Melanoleuca	Melanoleuca tristis	5451386	species	Melanoleuca tristis	M.M.Moser		
Melanoleuca turrita	(Fr.) Singer	LC	Fungi	Basidiomycota	Agaricomycetes	Agaricales	Tricholomataceae	Melanoleuca	Melanoleuca turrita	5242138	species	Melanoleuca turrita	(Sacc.) Singer		
Melanoleuca verrucipes	(Fr.) Singer	LC	Fungi	Basidiomycota	Agaricomycetes	Agaricales	Tricholomataceae	Melanoleuca	Melanoleuca verrucipes	5242136	species	Melanoleuca verrucipes	(Fr.) Singer		
Melanoleuca vulgaris	Pat.	LC	Fungi	Basidiomycota	Agaricomycetes	Agaricales	Tricholomataceae	Melanoleuca	Melanoleuca polioleuca	5242194	species	Melanoleuca polioleuca	(Fr.) Kühner & Maire		
Melanophyllum eyrei	(Mass.) Singer	CR	Fungi	Basidiomycota	Agaricomycetes	Agaricales	Agaricaceae	Melanophyllum	Melanophyllum eyrei	5243182	species	Melanophyllum eyrei	(Massee) Singer		
Melanophyllum haematospermum	(Bull.ex Fr.) Kreisel	LC	Fungi	Basidiomycota	Agaricomycetes	Agaricales	Agaricaceae	Melanophyllum	Melanophyllum haematospermum	9040203	species	Melanophyllum haematospermum	(Bull.) Kreisel		
Melastiza carbonicola	J. Moravec	DD	Fungi	Ascomycota	Pezizomycetes	Pezizales	Pyronemataceae	Aleuria	Aleuria carbonicola	5499644	species	Aleuria carbonicola	(J.Moravec) J.Moravec		
Melastiza chateri	(W.G.Smith) Boud.	LC	Fungi	Ascomycota	Pezizomycetes	Pezizales	Pyronemataceae	Melastiza	Melastiza chateri	2593983	species	Melastiza chateri	(W.G.Sm.) Boud.		
Melastiza contorta	(Massee et Crossl.) Spooner et Y.J. Yao	LC	Fungi	Ascomycota	Pezizomycetes	Pezizales	Pyronemataceae	Melastiza	Melastiza contorta	2593986	species	Melastiza contorta	(Massee & Crossl.) Spooner & Y.J.Yao		
Melastiza greletii	Le Gal	DD	Fungi	Ascomycota	Pezizomycetes	Pezizales	Pyronemataceae	Melastiza	Melastiza greletii	3497226	species	Melastiza greletii	Le Gal		
Melastiza laeticolor	(P. Karst.) T. Schumach.	LC	Fungi	Ascomycota	Pezizomycetes	Pezizales	Pyronemataceae	Spooneromyces	Spooneromyces laeticolor	2593554	species	Spooneromyces laeticolor	(P.Karst.) T.Schumach. & J.Moravec		
Melastiza rubra	(Batra) Maas Geest.	DD	Fungi	Ascomycota	Pezizomycetes	Pezizales	Pyronemataceae	Melastiza	Melastiza rubra	3497221	species	Melastiza rubra	(L.R.Batra) Maas Geest.		
Mellitiosporium pteridinum	(Phill. et Bucknall) Sacc.	DD	Fungi	Ascomycota	Leotiomycetes	Chaetomellales	Marthamycetaceae	Mellitiosporium	Mellitiosporium pteridinum	2580152	species	Mellitiosporium pteridinum	(W.Phillips & Buckn.) Sacc.		
Meloderma desmazieri	(Duby) Darker	DD	Fungi	Ascomycota	Leotiomycetes	Rhytismatales	Rhytismataceae	Meloderma	Meloderma desmazieri	2579954	species	Meloderma desmazieri	(Duby) Darker		
Melogramma campylosporum	Fr.	LC	Fungi	Ascomycota	Sordariomycetes	Xylariales	Melogrammataceae	Melogramma	Melogramma campylosporum	2565924	species	Melogramma campylosporum	Fr.		
Membranomyces spurius	(Bourdot) Juelich	VU	Fungi	Basidiomycota	Agaricomycetes	Cantharellales	Hydnaceae	Membranomyces	Membranomyces spurius	7691582	species	Membranomyces spurius	(Bourdot) Jülich		
Mensularia hastifera	(Pouzar) T. Wagner & M. Fisch.	LC	Fungi	Basidiomycota	Agaricomycetes	Hymenochaetales	Hymenochaetaceae	Inonotus	Inonotus hastifer	2521070	species	Inonotus hastifer	Pouzar		
Mensularia nodulosa	(Fr.) T. Wagner et M. Fisch.	LC	Fungi	Basidiomycota	Agaricomycetes	Hymenochaetales	Hymenochaetaceae	Mensularia	Mensularia nodulosa	2521164	species	Mensularia nodulosa	(Fr.) T.Wagner & M.Fisch.		
Mensularia radiata	(Sowerby) Lázaro Ibiza	LC	Fungi	Basidiomycota	Agaricomycetes	Hymenochaetales	Hymenochaetaceae	Xanthoporia	Xanthoporia radiata	7442237	species	Xanthoporia radiata	(Sowerby) Ţura, Zmitr., Wasser, Raats & Nevo		
Meottomyces dissimulans	(Berk. & Broome) Vizzini	VU	Fungi	Basidiomycota	Agaricomycetes	Agaricales	Strophariaceae	Meottomyces	Meottomyces dissimulans	5955309	species	Meottomyces dissimulans	(Berk. & Broome) Vizzini		
Meripilus giganteus	(Pers.: Fr.) P. Karst.	LC	Fungi	Basidiomycota	Agaricomycetes	Polyporales	Meripilaceae	Meripilus	Meripilus giganteus	2540761	species	Meripilus giganteus	(Pers.) P.Karst.		
Merismodes anomala	(Pers.: Fr.) Singer	LC	Fungi	Basidiomycota	Agaricomycetes	Agaricales	Niaceae	Merismodes	Merismodes anomala	2530462	species	Merismodes anomala	(Pers.) Singer		
Merismodes granulosa	(Fuckel) Knudsen	DD	Fungi	Basidiomycota	Agaricomycetes	Agaricales	Niaceae	Merismodes	Merismodes granulosa	7992069	species	Merismodes granulosa	(Fuckel) Knudsen		
Merulicium fusisporum	(Romell) J. Erikss. et Ryvarden	DD	Fungi	Basidiomycota	Agaricomycetes	Agaricales	Pterulaceae	Merulicium	Merulicium fusisporum	2540682	species	Merulicium fusisporum	(Romell) J.Erikss. & Ryvarden		
Meruliopsis taxicola	(Pers.:Fr.) Bond.	LC	Fungi	Basidiomycota	Agaricomycetes	Polyporales	Irpicaceae	Meruliopsis	Meruliopsis taxicola	9019866	species	Meruliopsis taxicola	(Pers.) Bondartsev		
Merulius tremellosus	Fr.	LC	Fungi	Basidiomycota	Agaricomycetes	Polyporales	Meruliaceae	Phlebia	Phlebia tremellosa	2544300	species	Phlebia tremellosa	(Schrad.) Nakasone & Burds.		
Metulodontia nivea	(Karst.) Parmasto	VU	Fungi	Basidiomycota	Agaricomycetes	Polyporales	Hyphodermataceae	Metulodontia	Metulodontia nivea	2544306	species	Metulodontia nivea	(P.Karst.) Parmasto		
Microglossum olivaceum	(Pers.: Fr.) Gillet	DD	Fungi	Ascomycota	Leotiomycetes	Leotiales	Leotiaceae	Microglossum	Microglossum olivaceum	7245703	species	Microglossum olivaceum	(Pers.) Gillet		
Microglossum viride	(Pers. ex Fr.) Gillet	EN	Fungi	Ascomycota	Leotiomycetes	Leotiales	Leotiaceae	Microglossum	Microglossum viride	3558444	species	Microglossum viride	(Schrad. ex J.F.Gmel.) Gillet		
Micromphale carneopallidum	Pouzar	DD	Fungi	Basidiomycota	Agaricomycetes	Agaricales	Omphalotaceae	Marasmiellus	Marasmiellus carneopallidus	3320831	species	Marasmiellus carneopallidus	(Pouzar) Singer		
Micromphale perforans	(Hofm. et Fr.) Singer	LC	Fungi	Basidiomycota	Agaricomycetes	Agaricales	Omphalotaceae	Paragymnopus	Paragymnopus perforans	10770347	species	Paragymnopus perforans	(Hoffm.) J.S.Oliveira		author_mismatch
Micropeziza karstenii	Nannf.	DD	Fungi	Ascomycota	Leotiomycetes	Helotiales	Pezizellaceae	Micropeziza	Micropeziza cornea	2584680	species	Micropeziza cornea	(Berk. & Broome) Nannf.		
Micropeziza poae	Fuckel	DD	Fungi	Ascomycota	Leotiomycetes	Helotiales	Pezizellaceae	Micropeziza	Micropeziza cornea	2584680	species	Micropeziza cornea	(Berk. & Broome) Nannf.		
Micropeziza verrucosa	(E. Muell.) Nannf.	DD	Fungi	Ascomycota	Leotiomycetes	Helotiales	Pezizellaceae	Micropeziza	Micropeziza verrucosa	3491145	species	Micropeziza verrucosa	(E.Müll.) Nannf.		
Micropodia pteridina	(Nyl.) Boud.	DD	Fungi	Ascomycota	Leotiomycetes	Helotiales	Calloriaceae	Micropodia	Micropodia pteridina	2581611	species	Micropodia pteridina	(Nyl.) Boud.		
Micropodia subgranulosa	(Rehm) Boud.	DD	Fungi	Ascomycota	Leotiomycetes	Helotiales	Calloriaceae	Micropodia	Micropodia subgranulosa	8196831	species	Micropodia subgranulosa	(Rehm) Boud.		
Microporus xanthopus	(Fr.) Kuntze	DD	Fungi	Basidiomycota	Agaricomycetes	Polyporales	Polyporaceae	Microporus	Microporus xanthopus	5246344	species	Microporus xanthopus	(Fr.) Kuntze		
Microscypha arenula	(Alb. et Schwein.) Svrcek	DD	Fungi	Ascomycota	Leotiomycetes	Helotiales	Calloriaceae	Micropodia	Micropodia arenula	2581606	species	Micropodia arenula	(Alb. & Schwein.) Boud.		
Microstroma juglandis	(Berenger) Sacc.	DD	Fungi	Basidiomycota	Exobasidiomycetes	Microstromatales		Pseudomicrostroma	Pseudomicrostroma juglandis	9746485	species	Pseudomicrostroma juglandis	(Bérenger) Kijporn. & Aime		
Miladina lecithina	(Cooke) Svrcek	LC	Fungi	Ascomycota	Pezizomycetes	Pezizales	Pyronemataceae	Miladina	Miladina lecithina	2594052	species	Miladina lecithina	(Cooke) Svrček		
Mitrula paludosa	Fr.	NT	Fungi	Ascomycota	Leotiomycetes	Helotiales	Cenangiaceae	Mitrula	Mitrula paludosa	5256775	species	Mitrula paludosa	Fr.		
Mitrula rehmii	Bres.	LC	Fungi	Ascomycota	Leotiomycetes	Helotiales	Bryoglossaceae	Bryoglossum	Bryoglossum rehmii	2586703	species	Bryoglossum rehmii	(Bres.) Ohenoja		
Mniaecia jungermanniae	(Ness ex Fr.) Boud.	DD	Fungi	Ascomycota	Leotiomycetes	Leotiales	Mniaeciaceae	Mniaecia	Mniaecia jungermanniae	2581779	species	Mniaecia jungermanniae	(Fr.) Boud.		
Mollisia amenticola	(Sacc.) Rehm	LC	Fungi	Ascomycota	Leotiomycetes	Helotiales	Mollisiaceae	Mollisia	Mollisia amenticola	2585070	species	Mollisia amenticola	(Sacc.) Rehm		
Mollisia benesuada	(Tul.) W. Phillips	DD	Fungi	Ascomycota	Leotiomycetes	Helotiales	Ploettnerulaceae	Pyrenopeziza	Pyrenopeziza benesuada	2583835	species	Pyrenopeziza benesuada	(Tul.) Gremmen		
Mollisia betulina	(Alb. et Schwein.) Rehm	DD	Fungi	Ascomycota	Leotiomycetes	Helotiales	Ploettnerulaceae	Pyrenopeziza	Pyrenopeziza betulina	2583764	species	Pyrenopeziza betulina	(Alb. & Schwein.) Rauschert		
Mollisia caespiticia	(P. Karst.) P. Karst.	DD	Fungi	Ascomycota	Leotiomycetes	Helotiales	Mollisiaceae	Mollisia	Mollisia caespiticia	2585015	species	Mollisia caespiticia	(P.Karst.) P.Karst.		
Mollisia cinerascens	Rehm	DD	Fungi	Ascomycota	Leotiomycetes	Helotiales	Mollisiaceae	Mollisia	Mollisia cinerascens	2585065	species	Mollisia cinerascens	Rehm		
Mollisia cinerea	(Batsch: Fr.) P. Karst.	LC	Fungi	Ascomycota	Leotiomycetes	Helotiales	Mollisiaceae	Mollisia	Mollisia cinerea	3490580	species	Mollisia cinerea	(Batsch) P.Karst.		
Mollisia clavata	Gremmen	DD	Fungi	Ascomycota	Leotiomycetes	Helotiales	Mollisiaceae	Mollisia	Mollisia clavata	2585010	species	Mollisia clavata	Gremmen		
Mollisia coerulans	Quel.	DD	Fungi	Ascomycota	Leotiomycetes	Helotiales	Mollisiaceae	Mollisia	Mollisia coerulans	2584947	species	Mollisia coerulans	Quél.		
Mollisia discolor	(Montagne) Philips	DD	Fungi	Ascomycota	Leotiomycetes	Helotiales	Mollisiaceae	Mollisia	Mollisia discolor	2585082	species	Mollisia discolor	(Mont. & Fr.) W.Phillips		
Mollisia fuscoparaphysata	Graddon	DD	Fungi	Ascomycota	Leotiomycetes	Helotiales	Mollisiaceae	Mollisia	Mollisia fuscoparaphysata	2585073	species	Mollisia fuscoparaphysata	Graddon		
Mollisia humidicola	Graddon	DD	Fungi	Ascomycota	Leotiomycetes	Helotiales	Mollisiaceae	Mollisia	Mollisia humidicola	2585022	species	Mollisia humidicola	Graddon		
Mollisia hydrophila	(P. Karst.) Sacc.	LC	Fungi	Ascomycota	Leotiomycetes	Helotiales	Mollisiaceae	Mollisia	Mollisia hydrophila	2584935	species	Mollisia hydrophila	(P.Karst.) Sacc.		
Mollisia juncina	(Pers.: Fr.) Rehm	DD	Fungi	Ascomycota	Leotiomycetes	Helotiales	Mollisiaceae	Mollisia	Mollisia juncina	2585039	species	Mollisia juncina	(Pers.) Rehm		
Mollisia ligni	(Desm.) P. Karst.	LC	Fungi	Ascomycota	Leotiomycetes	Helotiales	Mollisiaceae	Mollisia	Mollisia ligni	2584950	species	Mollisia ligni	(Desm.) P.Karst.		
Mollisia lividofusca	(Fr.: Fr.) Gillet	NT	Fungi	Ascomycota	Leotiomycetes	Helotiales	Mollisiaceae	Tapesia	Tapesia lividofusca	5256910	species	Tapesia lividofusca	(Fr.) Rehm		
Mollisia melaleuca	(Fr.: Fr.) Sacc.	LC	Fungi	Ascomycota	Leotiomycetes	Helotiales	Mollisiaceae	Mollisia	Mollisia melaleuca	12176512	species	Mollisia melaleuca	(Fr.) Brunaud		
Mollisia melatephra	(Lasch) Karst.	DD	Fungi	Ascomycota	Leotiomycetes	Helotiales	Mollisiaceae	Niptera	Niptera melatephra	2584566	species	Niptera melatephra	(Lasch) Rehm		
Mollisia minutispora	Velen.	DD	Fungi	Ascomycota	Leotiomycetes	Helotiales	Mollisiaceae	Mollisia	Mollisia minutispora	3490594	species	Mollisia minutispora	Velen.		
Mollisia palustris	(Roberge) P. Karst.	VU	Fungi	Ascomycota	Leotiomycetes	Helotiales	Mollisiaceae	Mollisia	Mollisia palustris	2584998	species	Mollisia palustris	(P.Karst.) P.Karst.		
Mollisia pastinacae	Nannf.	DD	Fungi	Ascomycota	Leotiomycetes	Helotiales	Ploettnerulaceae	Pyrenopeziza	Pyrenopeziza pastinacae	2583788	species	Pyrenopeziza pastinacae	(Nannf.) Gremmen		
Mollisia poaeoides	Rehm	DD	Fungi	Ascomycota	Leotiomycetes	Helotiales	Mollisiaceae	Mollisia	Mollisia poaeoides	2585080	species	Mollisia poaeoides	Rehm		
Mollisia prunicola	(Fuckel) Gminder, Baral & E. Weber	DD	Fungi	Ascomycota	Leotiomycetes	Helotiales	Mollisiaceae	Mollisia	Mollisia prunicola	2584492	species	Mollisia prunicola	(Fuckel) Gminder, Baral & E.Weber		
Mollisia ramealis	(P. Karst.) P. Karst.	NT	Fungi	Ascomycota	Leotiomycetes	Helotiales	Mollisiaceae	Mollisia	Mollisia ramealis	2585034	species	Mollisia ramealis	(P.Karst.) P.Karst.		
Mollisia retincola	(Rabenh.) P. Karst.	LC	Fungi	Ascomycota	Leotiomycetes	Helotiales	Mollisiaceae	Trichobelonium	Trichobelonium kneiffii	2580660	species	Trichobelonium kneiffii	(Wallr.) J.Schröt.		
Mollisia revincta	(P. Karst.) Rehm	DD	Fungi	Ascomycota	Leotiomycetes	Helotiales	Ploettnerulaceae	Pyrenopeziza	Pyrenopeziza revincta	2583886	species	Pyrenopeziza revincta	(P.Karst.) Gremmen		
Mollisia rosae	(Pers.: Fr.) P. Karst.	VU	Fungi	Ascomycota	Leotiomycetes	Helotiales	Mollisiaceae	Mollisia	Mollisia rosae	2584490	species	Mollisia rosae	(Pers.) P.Karst.		
Mollisia strobilicola	(Rehm) Kutorga	DD	Fungi	Ascomycota	Leotiomycetes	Helotiales	Mollisiaceae	Mollisia	Mollisia strobilicola	6096506	species	Mollisia strobilicola	(Rehm) Kutorga		
Mollisia uda	(Pers.: Fr.) Gillet	DD	Fungi	Ascomycota	Leotiomycetes	Helotiales	Mollisiaceae	Mollisia	Mollisia uda	2584984	species	Mollisia uda	(Pers.) Gillet		
Mollisia ventosa	(P. Karst.) P. Karst.	LC	Fungi	Ascomycota	Leotiomycetes	Helotiales	Mollisiaceae	Mollisia	Mollisia ventosa	2585032	species	Mollisia ventosa	(P.Karst.) P.Karst.		
Mollisia vulgaris	(Fuckel) Rehm	DD	Fungi	Ascomycota	Leotiomycetes	Helotiales	Pezizellaceae	Calycina	Calycina vulgaris	5257138	species	Calycina vulgaris	(Fr.) Baral		no_author_match,multiple_accepted_names_resolved
Monilinia baccarum	(J. Schroet.) Whetzel	DD	Fungi	Ascomycota	Leotiomycetes	Helotiales	Sclerotiniaceae	Monilinia	Monilinia baccarum	2583323	species	Monilinia baccarum	(J.Schröt.) Whetzel		
Monilinia megalospora	(Woronin) Whetzel	DD	Fungi	Ascomycota	Leotiomycetes	Helotiales	Sclerotiniaceae	Monilinia	Monilinia megalospora	2583355	species	Monilinia megalospora	(Woronin) Whetzel		
Monilinia oxycocci	(Woronin) Honey	DD	Fungi	Ascomycota	Leotiomycetes	Helotiales	Sclerotiniaceae	Monilinia	Monilinia oxycocci	2583327	species	Monilinia oxycocci	(Woronin) Honey		
Monilinia urnula	(Weinm.) Whetzel	DD	Fungi	Ascomycota	Leotiomycetes	Helotiales	Sclerotiniaceae	Monilinia	Monilinia urnula	2583374	species	Monilinia urnula	(Weinm.) Whetzel		
Morchella elata	Fr.	LC	Fungi	Ascomycota	Pezizomycetes	Pezizales	Morchellaceae	Morchella	Morchella elata	2594626	species	Morchella elata	Fr.		
Morchella esculenta	(L.) Pers.	LC	Fungi	Ascomycota	Pezizomycetes	Pezizales	Morchellaceae	Morchella	Morchella esculenta	2594602	species	Morchella esculenta	(L.) Pers.		
Morchella hortensis	Boud.	LC	Fungi	Ascomycota	Pezizomycetes	Pezizales	Morchellaceae	Morchella	Morchella hortensis	2594623	species	Morchella hortensis	Boud.		
Morchella semilibera	DC.: Fr.	LC	Fungi	Ascomycota	Pezizomycetes	Pezizales	Morchellaceae	Morchella	Morchella semilibera	2594649	species	Morchella semilibera	DC.		author_mismatch
Mucidula mucida	(Schrad.) Pat.	LC	Fungi	Basidiomycota	Agaricomycetes	Agaricales	Physalacriaceae	Mucidula	Mucidula mucida	2537081	species	Mucidula mucida	(Schrad.) Pat.		
Mucronella bresadolae	(Quel.) Corner	LC	Fungi	Basidiomycota	Agaricomycetes	Agaricales	Clavariaceae	Mucronella	Mucronella bresadolae	5244319	species	Mucronella bresadolae	(Quél.) Corner		
Mucronella calva	(Alb. et Schwein.) Fr.	VU	Fungi	Basidiomycota	Agaricomycetes	Agaricales	Clavariaceae	Mucronella	Mucronella calva	5244323	species	Mucronella calva	(Alb. & Schwein.) Fr.		
Muscinupta laevis	(Fr.) Redhead, Lücking & Lawrey	EN	Fungi	Basidiomycota	Agaricomycetes	Hymenochaetales		Muscinupta	Muscinupta laevis	5955029	species	Muscinupta laevis	(Fr.) Redhead, Lücking & Lawrey		
Mutinus caninus	(Huds.ex Pers.) Fr.	LC	Fungi	Basidiomycota	Agaricomycetes	Phallales	Phallaceae	Mutinus	Mutinus caninus	5239473	species	Mutinus caninus	(Schaeff.) Fr.		
Mutinus elegans	(Mont.) Fischer	LC	Fungi	Basidiomycota	Agaricomycetes	Phallales	Phallaceae	Mutinus	Mutinus elegans	5239471	species	Mutinus elegans	(Mont.) E.Fisch.		
Mycena abramsii	Murrill	LC	Fungi	Basidiomycota	Agaricomycetes	Agaricales	Mycenaceae	Mycena	Mycena abramsii	4911785	species	Mycena abramsii	(Murrill) Murrill		
Mycena acicula	(Schff.:Fr.) P. Kumm.	LC	Fungi	Basidiomycota	Agaricomycetes	Agaricales	Mycenaceae	Mycena	Mycena acicula	2526861	species	Mycena acicula	(Schaeff.) P.Kumm.		
Mycena adscendens	(Lasch) Maas Geest.	VU	Fungi	Basidiomycota	Agaricomycetes	Agaricales	Mycenaceae	Mycena	Mycena tenerrima	2526898	species	Mycena tenerrima	(Berk.) Quél.		
Mycena aetites	(Fr.) Quel.	LC	Fungi	Basidiomycota	Agaricomycetes	Agaricales	Mycenaceae	Mycena	Mycena aetites	4911747	species	Mycena aetites	(Fr.) Quél.		
Mycena albidolilacea	Kuehner et Maire	DD	Fungi	Basidiomycota	Agaricomycetes	Agaricales	Mycenaceae	Mycena	Mycena albidolilacea	4911730	species	Mycena albidolilacea	Kühner & Maire		
Mycena algeriensis	Maire apud Kuehner	DD	Fungi	Basidiomycota	Agaricomycetes	Agaricales	Mycenaceae	Mycena	Mycena algeriensis	7243548	species	Mycena algeriensis	Maire		
Mycena alnetorum	J. Favre	LC	Fungi	Basidiomycota	Agaricomycetes	Agaricales	Mycenaceae	Mycena	Mycena abramsii	4911785	species	Mycena abramsii	(Murrill) Murrill		
Mycena alniphila	Robich	DD	Fungi	Basidiomycota	Agaricomycetes	Agaricales	Mycenaceae	Mycena	Mycena alniphila	5447262	species	Mycena alniphila	Robich		
Mycena alphitophora	(Berk.) Sacc.	EN	Fungi	Basidiomycota	Agaricomycetes	Agaricales	Mycenaceae	Mycena	Mycena alphitophora	6095788	species	Mycena alphitophora	(Berk.) Sacc.		
Mycena amicta	(Fr.) Quel.	LC	Fungi	Basidiomycota	Agaricomycetes	Agaricales	Mycenaceae	Mycena	Mycena amicta	4911825	species	Mycena amicta	(Fr.) Quél.		
Mycena ammoniaca	(Fr.) Quel.	DD	Fungi	Basidiomycota	Agaricomycetes	Agaricales	Mycenaceae	Mycena	Mycena ammoniaca	2526916	species	Mycena ammoniaca	(Fr.) Quél., 1872		
Mycena arcangeliana	Bres.	LC	Fungi	Basidiomycota	Agaricomycetes	Agaricales	Mycenaceae	Mycena	Mycena arcangeliana	4911793	species	Mycena arcangeliana	Bres.		
Mycena atroalba	(Bolton: Fr.) Gray	DD	Fungi	Basidiomycota	Agaricomycetes	Agaricales	Mycenaceae	Mycena	Mycena atroalba	8407039	species	Mycena atroalba	(Bolton) Gray		
Mycena atrochalybaea	Huijsman	LC	Fungi	Basidiomycota	Agaricomycetes	Agaricales	Mycenaceae	Mycena	Mycena atrochalybaea	5448568	species	Mycena atrochalybaea	Huijsman		
Mycena atropapillata	Kuehner et Maire	DD	Fungi	Basidiomycota	Agaricomycetes	Agaricales	Porotheleaceae	Phloeomana	Phloeomana atropapillata	11544026	species	Phloeomana atropapillata	(Kühner & Maire) Aronsen & Læssøe		
Mycena aurantiomarginata	(Fr.) Quel.	LC	Fungi	Basidiomycota	Agaricomycetes	Agaricales	Mycenaceae	Mycena	Mycena aurantiomarginata	4911706	species	Mycena aurantiomarginata	(Fr.) Quél.		
Mycena avenacea	(Fr.) Quel.	EN	Fungi	Basidiomycota	Agaricomycetes	Agaricales	Mycenaceae	Mycena	Mycena avenacea	2526853	species	Mycena avenacea	(Fr.) Quél.		
Mycena bulbosa	(Cejp) Kuehner	DD	Fungi	Basidiomycota	Agaricomycetes	Agaricales	Mycenaceae	Mycena	Mycena bulbosa	4911796	species	Mycena bulbosa	(Cejp) Kühner		
Mycena capillaripes	Peck	LC	Fungi	Basidiomycota	Agaricomycetes	Agaricales	Mycenaceae	Mycena	Mycena capillaripes	4911757	species	Mycena capillaripes	Peck		
Mycena capillaris	(Schum.:Fr.) P. Kumm.	LC	Fungi	Basidiomycota	Agaricomycetes	Agaricales	Mycenaceae	Mycena	Mycena capillaris	2526955	species	Mycena capillaris	(Schumach.) P.Kumm.		
Mycena chlorantha	(Fr.: Fr.) P. Kumm.	DD	Fungi	Basidiomycota	Agaricomycetes	Agaricales	Mycenaceae	Mycena	Mycena chlorantha	2526907	species	Mycena chlorantha	(Fr.) P.Kumm.		
Mycena cinerella	Karst.	LC	Fungi	Basidiomycota	Agaricomycetes	Agaricales	Mycenaceae	Mycena	Mycena cinerella	2527077	species	Mycena cinerella	(P.Karst.) P.Karst.		
Mycena cineroides	Hintikka	LC	Fungi	Basidiomycota	Agaricomycetes	Agaricales	Mycenaceae	Mycena	Mycena cineroides	5447914	species	Mycena cineroides	V.Hintikka		
Mycena citrinomarginata	Gillet	LC	Fungi	Basidiomycota	Agaricomycetes	Agaricales	Mycenaceae	Mycena	Mycena citrinomarginata	4911738	species	Mycena citrinomarginata	Gillet		
Mycena clavicularis	(Fr.) Gillet	EN	Fungi	Basidiomycota	Agaricomycetes	Agaricales	Mycenaceae	Mycena	Mycena clavicularis	4911780	species	Mycena clavicularis	(Fr.) Gillet		
Mycena clavularis	(Batsch ex Fr.) Sacc.	DD	Fungi	Basidiomycota	Agaricomycetes	Agaricales	Mycenaceae	Mycena	Mycena clavularis	4911709	species	Mycena clavularis	(Batsch) Sacc.		
Mycena concolor	(J.E. Lange) A.H. Sm.	DD	Fungi	Basidiomycota	Agaricomycetes	Agaricales	Mycenaceae	Mycena	Mycena concolor	7803907	species	Mycena concolor	(J.E.Lange) A.H.Sm.		
Mycena corynephora	Maas-Geest.	LC	Fungi	Basidiomycota	Agaricomycetes	Agaricales	Mycenaceae	Mycena	Mycena corynephora	2526960	species	Mycena corynephora	Maas Geest.		
Mycena crocata	(Schrad.:Fr.) P. Kumm.	LC	Fungi	Basidiomycota	Agaricomycetes	Agaricales	Mycenaceae	Mycena	Mycena crocata	2526838	species	Mycena crocata	(Schrad.) P.Kumm.		
Mycena cyanorhiza	Quel.	LC	Fungi	Basidiomycota	Agaricomycetes	Agaricales	Mycenaceae	Mycena	Mycena cyanorhiza	5955263	species	Mycena cyanorhiza	Quél.		
Mycena diosma	Krieglst. et Schwoebel	LC	Fungi	Basidiomycota	Agaricomycetes	Agaricales	Mycenaceae	Prunulus	Prunulus diosmus	12233628	species	Prunulus diosmus	(Krieglst. & Schwöbel) C.Hahn		
Mycena echinipes	(Lasch: Fr.) Fr.	DD	Fungi	Basidiomycota	Agaricomycetes	Agaricales	Mycenaceae	Mycena	Mycena echinipes	8208772	species	Mycena echinipes	(Lasch) Fr.		
Mycena epipterygia	(Scop.) Gray	LC	Fungi	Basidiomycota	Agaricomycetes	Agaricales	Mycenaceae	Mycena	Mycena epipterygia	4911751	species	Mycena epipterygia	(Scop.) Gray		
Mycena epipterygioides	A. Pearson	DD	Fungi	Basidiomycota	Agaricomycetes	Agaricales	Mycenaceae	Mycena	Mycena epipterygioides	2526963	species	Mycena epipterygioides	A.Pearson		
Mycena erubescens	Hoehn.	LC	Fungi	Basidiomycota	Agaricomycetes	Agaricales	Mycenaceae	Mycena	Mycena erubescens	4911797	species	Mycena erubescens	Höhn.		
Mycena fagetorum	(Fr.) Gillet	CR	Fungi	Basidiomycota	Agaricomycetes	Agaricales	Mycenaceae	Mycena	Mycena fagetorum	4911727	species	Mycena fagetorum	(Fr.) Gillet		
Mycena favrei	Maas-Geest.	CR	Fungi	Basidiomycota	Agaricomycetes	Agaricales	Mycenaceae	Mycena	Mycena favrei	5447850	species	Mycena favrei	Maas Geest.		
Mycena filopes	(Bull.: Fr.) P. Kumm.	LC	Fungi	Basidiomycota	Agaricomycetes	Agaricales	Mycenaceae	Mycena	Mycena filopes	2526843	species	Mycena filopes	(Bull.) P.Kumm.		
Mycena flavescens	Velen.	LC	Fungi	Basidiomycota	Agaricomycetes	Agaricales	Mycenaceae	Mycena	Mycena flavescens	4911710	species	Mycena flavescens	Velen.		
Mycena floridula	(Fr.) Quel.	EN	Fungi	Basidiomycota	Agaricomycetes	Agaricales	Mycenaceae	Atheniella	Atheniella adonis	7825358	species	Atheniella adonis	(Bull.) Redhead, Moncalvo, Vilgalys, Desjardin & B.A.Perry		
Mycena flos-nivium	Kuehner	LC	Fungi	Basidiomycota	Agaricomycetes	Agaricales	Mycenaceae	Mycena	Mycena flos-nivium	2527172	species	Mycena flos-nivium	Kühner		
Mycena galericulata	(Scop.:Fr.) Gray	LC	Fungi	Basidiomycota	Agaricomycetes	Agaricales	Mycenaceae	Mycena	Mycena galericulata	2526880	species	Mycena galericulata	(Scop.) Gray		
Mycena galopus	(Pers.:Fr.) P. Kumm.	LC	Fungi	Basidiomycota	Agaricomycetes	Agaricales	Mycenaceae	Mycena	Mycena galopus	4911815	species	Mycena galopus	(Pers.) P.Kumm.		
Mycena grisellina	J. Favre	CR	Fungi	Basidiomycota	Agaricomycetes	Agaricales	Mycenaceae	Mycena	Mycena grisellina	5448451	species	Mycena grisellina	J.Favre		
Mycena haematopus	(Pers.:Fr.) P. Kumm.	LC	Fungi	Basidiomycota	Agaricomycetes	Agaricales	Mycenaceae	Mycena	Mycena haematopus	2526942	species	Mycena haematopus	(Pers.) P.Kumm.		
Mycena inclinata	(Fr.) Quel.	LC	Fungi	Basidiomycota	Agaricomycetes	Agaricales	Mycenaceae	Mycena	Mycena inclinata	4911809	species	Mycena inclinata	(Fr.) Quél.		
Mycena juncicola	(Fr.) Gillet	DD	Fungi	Basidiomycota	Agaricomycetes	Agaricales	Mycenaceae	Mycena	Mycena juncicola	5240555	species	Mycena juncicola	(Fr.) Gillet		
Mycena laevigata	(Lasch) Quel.	LC	Fungi	Basidiomycota	Agaricomycetes	Agaricales	Mycenaceae	Mycena	Mycena laevigata	5447692	species	Mycena laevigata	Gillet		author_mismatch
Mycena latifolia	(Peck) Sacc.	CR	Fungi	Basidiomycota	Agaricomycetes	Agaricales	Mycenaceae	Mycena	Mycena latifolia	2527245	species	Mycena latifolia	(Peck) A.H.Sm.		no_author_match
Mycena leptocephala	(Pers.) Gillet	LC	Fungi	Basidiomycota	Agaricomycetes	Agaricales	Mycenaceae	Mycena	Mycena leptocephala	4911720	species	Mycena leptocephala	(Pers.) Gillet		
Mycena leucogala	(Cooke) Sacc.	LC	Fungi	Basidiomycota	Agaricomycetes	Agaricales	Mycenaceae	Mycena	Mycena galopus	4911815	species	Mycena galopus	(Pers.) P.Kumm.		
Mycena lohwagii	Singer	DD	Fungi	Basidiomycota	Agaricomycetes	Agaricales	Mycenaceae	Mycena	Mycena lohwagii	5448453	species	Mycena lohwagii	Singer		
Mycena longiseta	Hoehn.	LC	Fungi	Basidiomycota	Agaricomycetes	Agaricales	Mycenaceae	Mycena	Mycena longiseta	4911719	species	Mycena longiseta	Höhn.		
Mycena lutea	Bres.	DD	Fungi	Basidiomycota	Agaricomycetes	Agaricales	Mycenaceae	Mycena	Mycena lutea	5448771	species	Mycena lutea	Bres.		
Mycena maculata	Karst.	LC	Fungi	Basidiomycota	Agaricomycetes	Agaricales	Mycenaceae	Mycena	Mycena maculata	2526929	species	Mycena maculata	P.Karst.		
Mycena megaspora	Kauffm.	DD	Fungi	Basidiomycota	Agaricomycetes	Agaricales	Mycenaceae	Mycena	Mycena megaspora	4911733	species	Mycena megaspora	Kauffman		
Mycena meliigena	(Berk. et Cooke ap.Cooke) Sacc.	LC	Fungi	Basidiomycota	Agaricomycetes	Agaricales	Mycenaceae	Mycena	Mycena meliigena	4911823	species	Mycena meliigena	(Berk. & Cooke) Sacc.		
Mycena metata	(Fr.) P. Kumm.	LC	Fungi	Basidiomycota	Agaricomycetes	Agaricales	Mycenaceae	Mycena	Mycena metata	2527099	species	Mycena metata	(Fr.) P.Kumm.		
Mycena mirata	(Peck) Sacc.	LC	Fungi	Basidiomycota	Agaricomycetes	Agaricales	Mycenaceae	Mycena	Mycena mirata	4911744	species	Mycena mirata	(Peck) Sacc.		
Mycena mucor	(Batsch ex Fr.) Gillet	CR	Fungi	Basidiomycota	Agaricomycetes	Agaricales	Mycenaceae	Mycena	Mycena mucor	2527037	species	Mycena mucor	(Batsch) Quél.		
Mycena murina	(Murrill) Murrill	DD	Fungi	Basidiomycota	Agaricomycetes	Agaricales	Mycenaceae	Mycena	Mycena murina	5448320	species	Mycena murina	(Murrill) Murrill		
Mycena niveipes	Murrill	VU	Fungi	Basidiomycota	Agaricomycetes	Agaricales	Mycenaceae	Mycena	Mycena niveipes	7243534	species	Mycena niveipes	(Murrill) Murrill		
Mycena olivaceomarginata	(Massee ap. Cke) Massee	VU	Fungi	Basidiomycota	Agaricomycetes	Agaricales	Mycenaceae	Mycena	Mycena olivaceomarginata	4911803	species	Mycena olivaceomarginata	(Massee) Massee		
Mycena oregonensis	A.H.Sm.	DD	Fungi	Basidiomycota	Agaricomycetes	Agaricales	Mycenaceae	Mycena	Mycena oregonensis	5448731	species	Mycena oregonensis	A.H.Sm.		
Mycena pearsoniana	Dennis ex Singer	EN	Fungi	Basidiomycota	Agaricomycetes	Agaricales	Mycenaceae	Mycena	Mycena pearsoniana	2527044	species	Mycena pearsoniana	Dennis ex Singer		
Mycena pelianthina	(Fr.) Quel.	LC	Fungi	Basidiomycota	Agaricomycetes	Agaricales	Mycenaceae	Mycena	Mycena pelianthina	4911724	species	Mycena pelianthina	(Fr.) Quél.		
Mycena picta	(Fr.) Harmaja	LC	Fungi	Basidiomycota	Agaricomycetes	Agaricales	Mycenaceae	Mycena	Mycena picta	2527282	species	Mycena picta	(Fr.) Harmaja		
Mycena pilosella	Maas-Geest.	DD	Fungi	Basidiomycota	Agaricomycetes	Agaricales	Mycenaceae	Mycena	Mycena pilosella	7243527	species	Mycena pilosella	Maas Geest.		
Mycena plicosa	(Fr.) P. Kumm.	DD	Fungi	Basidiomycota	Agaricomycetes	Agaricales	Mycenaceae	Mycena	Mycena metata	2527099	species	Mycena metata	(Fr.) P.Kumm.		
Mycena plumbea	(Fr.) Sacc.	DD	Fungi	Basidiomycota	Agaricomycetes	Agaricales	Mycenaceae	Mycena	Mycena plumbea	7243574	species	Mycena plumbea	(Fr.) Sacc.		
Mycena polyadelpha	(Lasch) Kuehner	LC	Fungi	Basidiomycota	Agaricomycetes	Agaricales	Mycenaceae	Mycena	Mycena polyadelpha	4911818	species	Mycena polyadelpha	(Lasch) Kühner		
Mycena polygramma	(Bull.: Fr.) Gray	LC	Fungi	Basidiomycota	Agaricomycetes	Agaricales	Mycenaceae	Mycena	Mycena polygramma	4911745	species	Mycena polygramma	(Bull.) Gray		
Mycena pseudocorticola	Kuehner	LC	Fungi	Basidiomycota	Agaricomycetes	Agaricales	Mycenaceae	Mycena	Mycena pseudocorticola	4911772	species	Mycena pseudocorticola	Kühner		
Mycena pseudopicta	(J.E. Lange) Kuehner	EN	Fungi	Basidiomycota	Agaricomycetes	Agaricales	Mycenaceae	Mycena	Mycena pseudopicta	6095772	species	Mycena pseudopicta	(J.E.Lange) Kühner		
Mycena pterigena	(Fr.) P. Kumm.	LC	Fungi	Basidiomycota	Agaricomycetes	Agaricales	Mycenaceae	Mycena	Mycena pterigena	2527248	species	Mycena pterigena	(Fr.) P.Kumm.		
Mycena pullata	(Berk. et Cooke) Sacc.	DD	Fungi	Basidiomycota	Agaricomycetes	Agaricales	Mycenaceae	Mycena	Mycena pullata	5447431	species	Mycena pullata	(Berk. & Cooke) Sacc.		
Mycena pura	(Pers.) P. Kumm.	LC	Fungi	Basidiomycota	Agaricomycetes	Agaricales	Mycenaceae	Mycena	Mycena pura	2527219	species	Mycena pura	(Pers.) P.Kumm.		
Mycena purpureofusca	(Peck.) Sacc.	EN	Fungi	Basidiomycota	Agaricomycetes	Agaricales	Mycenaceae	Mycena	Mycena purpureofusca	4911839	species	Mycena purpureofusca	(Peck) Sacc.		
Mycena radicifera	J. Favre	DD	Fungi	Basidiomycota	Agaricomycetes	Agaricales	Mycenaceae	Mycena	Mycena radicifera	7243620	species	Mycena radicifera	J.Favre		
Mycena rapiolens	J. Favre	DD	Fungi	Basidiomycota	Agaricomycetes	Agaricales	Mycenaceae	Mycena	Mycena rapiolens	5448179	species	Mycena rapiolens	J.Favre		
Mycena renati	Quel.	LC	Fungi	Basidiomycota	Agaricomycetes	Agaricales	Mycenaceae	Mycena	Mycena renati	4911813	species	Mycena renati	Quél.		
Mycena rhenana	Maas-Geest. et Winterh.	DD	Fungi	Basidiomycota	Agaricomycetes	Agaricales	Mycenaceae	Mycena	Mycena rhenana	5240503	species	Mycena rhenana	Maas Geest. & Winterh.		
Mycena riparia	Maas-Geest.	DD	Fungi	Basidiomycota	Agaricomycetes	Agaricales	Mycenaceae	Mycena	Mycena riparia	5447374	species	Mycena riparia	Maas Geest.		
Mycena rorida	(Scop.:Fr.) Quel.	LC	Fungi	Basidiomycota	Agaricomycetes	Agaricales	Mycenaceae	Roridomyces	Roridomyces roridus	2527736	species	Roridomyces roridus	(Fr.) Rexer		
Mycena rosea	(Bull.) Sacc.et Dalla Cost	LC	Fungi	Basidiomycota	Agaricomycetes	Agaricales	Mycenaceae	Mycena	Mycena rosella	2526972	species	Mycena rosella	(Fr.) P.Kumm.		
Mycena rosella	(Fr.) P. Kumm.	LC	Fungi	Basidiomycota	Agaricomycetes	Agaricales	Mycenaceae	Mycena	Mycena rosella	2526972	species	Mycena rosella	(Fr.) P.Kumm.		
Mycena rubromarginata	(Fr.: Fr.) P. Kumm.	LC	Fungi	Basidiomycota	Agaricomycetes	Agaricales	Mycenaceae	Mycena	Mycena rubromarginata	2527041	species	Mycena rubromarginata	(Fr.) P.Kumm.		
Mycena sanguinolenta	(Alb. et Schwein.: Fr.) P. Kumm.	LC	Fungi	Basidiomycota	Agaricomycetes	Agaricales	Mycenaceae	Mycena	Mycena sanguinolenta	2527135	species	Mycena sanguinolenta	(Alb. & Schwein.) P.Kumm.		
Mycena silvae-nigrae	Maas-Geest. et Schwoebel	LC	Fungi	Basidiomycota	Agaricomycetes	Agaricales	Mycenaceae	Mycena	Mycena silvae-nigrae	2526830	species	Mycena silvae-nigrae	Maas Geest. & Schwöbel		
Mycena simia	Kuehner	DD	Fungi	Basidiomycota	Agaricomycetes	Agaricales	Mycenaceae	Mycena	Mycena simia	4911711	species	Mycena simia	Kühner		
Mycena smithiana	Kuehner	CR	Fungi	Basidiomycota	Agaricomycetes	Agaricales	Mycenaceae	Mycena	Mycena smithiana	4911787	species	Mycena smithiana	Kühner		
Mycena stipata	Maas-Geest. et Schwoebel	LC	Fungi	Basidiomycota	Agaricomycetes	Agaricales	Mycenaceae	Mycena	Mycena stipata	4911728	species	Mycena stipata	Maas Geest. & Schwöbel		
Mycena strobilicola	J. Favre et Kuehner	LC	Fungi	Basidiomycota	Agaricomycetes	Agaricales	Mycenaceae	Mycena	Mycena strobilicola	2527184	species	Mycena strobilicola	J.Favre & Kühner		
Mycena stylobates	(Pers.:Fr.) P. Kumm.	LC	Fungi	Basidiomycota	Agaricomycetes	Agaricales	Mycenaceae	Mycena	Mycena stylobates	2526866	species	Mycena stylobates	(Pers.) P.Kumm.		
Mycena supina	(Fr.) P. Kumm.	DD	Fungi	Basidiomycota	Agaricomycetes	Agaricales	Mycenaceae	Mycena	Mycena supina	5447471	species	Mycena supina	(Fr.) Quél.		
Mycena tenuispinosa	J. Favre	DD	Fungi	Basidiomycota	Agaricomycetes	Agaricales	Mycenaceae	Mycena	Mycena tenuispinosa	5447740	species	Mycena tenuispinosa	J.Favre		
Mycena ticinensis	Robich	DD	Fungi	Basidiomycota	Agaricomycetes	Agaricales	Mycenaceae	Mycena	Mycena ticinensis	5447400	species	Mycena ticinensis	Robich		
Mycena tintinnabulum	(Fr.) Quel.	DD	Fungi	Basidiomycota	Agaricomycetes	Agaricales	Mycenaceae	Mycena	Mycena tintinnabulum	4911782	species	Mycena tintinnabulum	(Paulet) Quél.		
Mycena urania	(Fr.) Quel.	EN	Fungi	Basidiomycota	Agaricomycetes	Agaricales	Mycenaceae	Mycena	Mycena urania	2527067	species	Mycena urania	(Fr.) Quél.		
Mycena viridimarginata	Karst.	LC	Fungi	Basidiomycota	Agaricomycetes	Agaricales	Mycenaceae	Mycena	Mycena viridimarginata	2527145	species	Mycena viridimarginata	P.Karst.		
Mycena viscosa	(Secr.) Maire.	LC	Fungi	Basidiomycota	Agaricomycetes	Agaricales	Mycenaceae	Mycena	Mycena epipterygia	4911751	species	Mycena epipterygia	(Scop.) Gray		
Mycena vitilis	(Fr.) Quel.	LC	Fungi	Basidiomycota	Agaricomycetes	Agaricales	Mycenaceae	Mycena	Mycena vitilis	2526842	species	Mycena vitilis	(Fr.) Quél.		
Mycena vulgaris	(Pers.:Fr.) Quel.	LC	Fungi	Basidiomycota	Agaricomycetes	Agaricales	Mycenaceae	Mycena	Mycena vulgaris	2527063	species	Mycena vulgaris	(Pers.) P.Kumm.		
Mycena xantholeuca	Kuehner	LC	Fungi	Basidiomycota	Agaricomycetes	Agaricales	Mycenaceae	Mycena	Mycena xantholeuca	4911773	species	Mycena xantholeuca	Kühner		
Mycena zephirus	(Fr.: Fr.) P. Kumm.	LC	Fungi	Basidiomycota	Agaricomycetes	Agaricales	Mycenaceae	Mycena	Mycena zephirus	4911725	species	Mycena zephirus	(Fr.) P.Kumm.		
Mycenella bryophila	(Vogl.) Singer	LC	Fungi	Basidiomycota	Agaricomycetes	Agaricales	Tricholomataceae	Mycenella	Mycenella bryophila	2532523	species	Mycenella bryophila	(Voglino) Singer		
Mycenella favreana	E. Horak	CR	Fungi	Basidiomycota	Agaricomycetes	Agaricales	Tricholomataceae	Mycenella	Mycenella favreana	3327149	species	Mycenella favreana	E.Horak		
Mycenella margaritispora	(J.E. Lange) Singer	VU	Fungi	Basidiomycota	Agaricomycetes	Agaricales	Tricholomataceae	Mycenella	Mycenella margaritispora	2532518	species	Mycenella margaritispora	(J.E.Lange) Singer		
Mycenella salicina	(Velen.) Singer	LC	Fungi	Basidiomycota	Agaricomycetes	Agaricales	Tricholomataceae	Mycenella	Mycenella salicina	2532521	species	Mycenella salicina	(Velen.) Singer		
Mycenella trachyspora	(Rea) Bon	EN	Fungi	Basidiomycota	Agaricomycetes	Agaricales	Tricholomataceae	Mycenella	Mycenella trachyspora	3327160	species	Mycenella trachyspora	(Rea) Bon		
Mycenella variispora	Robich	DD	Fungi	Basidiomycota	Agaricomycetes	Agaricales	Tricholomataceae	Mycenella	Mycenella variispora	3327144	species	Mycenella variispora	Robich		
Mycoacia aurea	(Fr.) J. Erikss. et Ryvarden	NT	Fungi	Basidiomycota	Agaricomycetes	Polyporales	Meruliaceae	Mycoacia	Mycoacia aurea	2544458	species	Mycoacia aurea	(Fr.) J.Erikss. & Ryvarden		
Mycoacia fuscoatra	(Fr.) Donk	LC	Fungi	Basidiomycota	Agaricomycetes	Polyporales	Meruliaceae	Mycoacia	Mycoacia fuscoatra	2544428	species	Mycoacia fuscoatra	(Fr.) Donk		
Mycoacia nothofagi	(Cunn.) Ryvarden	DD	Fungi	Basidiomycota	Agaricomycetes	Polyporales	Meruliaceae	Mycoacia	Mycoacia nothofagi	3361935	species	Mycoacia nothofagi	(G.Cunn.) Ryvarden		
Mycoacia uda	(Fr.) Donk	LC	Fungi	Basidiomycota	Agaricomycetes	Polyporales	Meruliaceae	Mycoacia	Mycoacia uda	2544416	species	Mycoacia uda	(Fr.) Donk		
Mycoaciella bispora	(Stalpers) Erikss. et Ryvarden	DD	Fungi	Basidiomycota	Agaricomycetes	Polyporales	Meruliaceae	Mycoaciella	Mycoaciella bispora	2543673	species	Mycoaciella bispora	(Stalpers) J.Erikss. & Ryvarden		
Mycopan scabripes	(Murrill) Redhead, Moncalvo & Vilgalys	VU	Fungi	Basidiomycota	Agaricomycetes	Agaricales	Mycenaceae	Mycopan	Mycopan scabripes	7515769	species	Mycopan scabripes	(Murrill) Redhead, Moncalvo & Vilgalys		
Myochromella boudieri	V. Hofstetter, Clémençon, Moncalvo & Redhead	LC	Fungi	Basidiomycota	Agaricomycetes	Agaricales	Lyophyllaceae	Myochromella	Myochromella boudieri	8315818	species	Myochromella boudieri	(Kühner & Romagn.) V.Hofst., Clémençon, Moncalvo & Redhead		
Myochromella inolens	V. Hofstetter, Clémençon, Moncalvo & Redhead	LC	Fungi	Basidiomycota	Agaricomycetes	Agaricales	Lyophyllaceae	Myochromella	Myochromella inolens	7917526	species	Myochromella inolens	(Fr.) V.Hofst., Clémençon, Moncalvo & Redhead		
Myriosclerotinia curreyana	(Berk.) N.F. Buchw.	DD	Fungi	Ascomycota	Leotiomycetes	Helotiales	Sclerotiniaceae	Myriosclerotinia	Myriosclerotinia curreyana	2583038	species	Myriosclerotinia curreyana	(Berk.) N.F.Buchw.		
Myriosclerotinia duriaeana	(Tul. et C. Tul.) Buchw.	DD	Fungi	Ascomycota	Leotiomycetes	Helotiales	Sclerotiniaceae	Myriosclerotinia	Myriosclerotinia duriaeana	2583034	species	Myriosclerotinia duriaeana	(Tul. & C.Tul.) N.F.Buchw.		
Myriosclerotinia scirpicola	(Rehm) Buchw.	DD	Fungi	Ascomycota	Leotiomycetes	Helotiales	Sclerotiniaceae	Myriosclerotinia	Myriosclerotinia scirpicola	2583024	species	Myriosclerotinia scirpicola	(Rehm) N.F.Buchw.		
Myriosclerotinia sulcatula	T. Schumach. & L.M. Kohn	VU	Fungi	Ascomycota	Leotiomycetes	Helotiales	Sclerotiniaceae	Myriosclerotinia	Myriosclerotinia sulcatula	2583027	species	Myriosclerotinia sulcatula	T.Schumach. & L.M.Kohn		
Myriostoma coliforme	(Dicks. ex Pers.) Corda	CR	Fungi	Basidiomycota	Agaricomycetes	Geastrales	Geastraceae	Myriostoma	Myriostoma coliforme	2554318	species	Myriostoma coliforme	(Dicks.) Corda		
Myrmecocystis cerebriformis	Harkness	DD	Fungi	Ascomycota	Pezizomycetes	Pezizales	Pyronemataceae	Myrmecocystis	Myrmecocystis cerebriformis	3302540	species	Myrmecocystis cerebriformis	Harkn.		
Mytilodiscus alnicola	Kropp et Carp.	NT	Fungi	Ascomycota	Leotiomycetes	Helotiales	Helotiaceae	Mytilodiscus	Mytilodiscus alnicola	2581713	species	Mytilodiscus alnicola	Kropp & S.E.Carp.		
Myxarium laccatum	(Bourdot et Galzin) D.A. Reid	DD	Fungi	Basidiomycota	Agaricomycetes	Auriculariales	Auriculariaceae	Exidiopsis	Exidiopsis effusa	2553645	species	Exidiopsis effusa	(Bref. ex Sacc.) Möller		
Myxarium nucleatum	Wallr.	LC	Fungi	Basidiomycota	Agaricomycetes	Auriculariales	Hyaloriaceae	Myxarium	Myxarium nucleatum	2553625	species	Myxarium nucleatum	Wallr.		
Myxarium sphaerosporum	(Bourdot et Galzin) D.A. Reid	DD	Fungi	Basidiomycota	Agaricomycetes	Auriculariales		Hydrophana	Hydrophana sphaerospora	10888414	species	Hydrophana sphaerospora	(Bourdot & Galzin) Malysheva & Spirin		
Myxarium subhyalinum	(Pearson) D.A. Reid	DD	Fungi	Basidiomycota	Agaricomycetes	Auriculariales		Stypella	Stypella subhyalina	2553814	species	Stypella subhyalina	(A.Pearson) P.Roberts		
Myxomphalia maura	(Fr.) Hora	LC	Fungi	Basidiomycota	Agaricomycetes	Agaricales	Tricholomataceae	Myxomphalia	Myxomphalia maura	2531793	species	Myxomphalia maura	(Fr.) Hora		
Naevala perexigua	(Rob. ex Desm.) L. et K. Holm	DD	Fungi	Ascomycota	Leotiomycetes	Helotiales	Discinellaceae	Naevala	Naevala perexigua	2584793	species	Naevala perexigua	(Roberge ex Desm.) K.Holm & L.Holm		
Naeviopsis epilobii	(Karst.) Hein	DD	Fungi	Ascomycota	Leotiomycetes	Helotiales	Calloriaceae	Naeviopsis	Naeviopsis epilobii	2584069	species	Naeviopsis epilobii	(P.Karst.) B.Hein		
Naeviopsis simulans	B. Hein	DD	Fungi	Ascomycota	Leotiomycetes	Helotiales	Calloriaceae	Naeviopsis	Naeviopsis simulans	2584067	species	Naeviopsis simulans	B.Hein		
Naucoria alnetorum	(Maire) Kuehner et Romagn.	VU	Fungi	Basidiomycota	Agaricomycetes	Agaricales	Hymenogastraceae	Naucoria	Naucoria alnetorum	2534053	species	Naucoria alnetorum	(Maire) Kühner & Romagn.		
Naucoria amarescens	Quel.	NT	Fungi	Basidiomycota	Agaricomycetes	Agaricales	Hymenogastraceae	Naucoria	Naucoria amarescens	2534059	species	Naucoria amarescens	Quél.		
Naucoria bohemica	Velen.	EN	Fungi	Basidiomycota	Agaricomycetes	Agaricales	Hymenogastraceae	Naucoria	Naucoria bohemica	2534044	species	Naucoria bohemica	Velen.		
Naucoria escharioides	(Fr.: Fr.) P. Kumm.	LC	Fungi	Basidiomycota	Agaricomycetes	Agaricales	Hymenogastraceae	Naucoria	Naucoria escharioides	2534014	species	Naucoria escharioides	(Fr.) P.Kumm.		
Naucoria fellea	J. Favre	DD	Fungi	Basidiomycota	Agaricomycetes	Agaricales	Hymenogastraceae	Naucoria	Naucoria fellea	3342098	species	Naucoria fellea	(J.Favre) Raithelh.		author_mismatch
Naucoria geraniolens	Courtecuisse	DD	Fungi	Basidiomycota	Agaricomycetes	Agaricales	Hymenogastraceae	Naucoria	Naucoria geraniolens	3342476	species	Naucoria geraniolens	(Courtec.) Gerw.Keller		author_mismatch
Naucoria luteolofibrillosa	(Kuehner) Kuehner et Romagn.	LC	Fungi	Basidiomycota	Agaricomycetes	Agaricales	Hymenogastraceae	Naucoria	Naucoria luteolofibrillosa	2534019	species	Naucoria luteolofibrillosa	(Kühner) Kühner & Romagn.		
Naucoria pseudoamarescens	(Kuehner et Romagn.) Kuehner et Romagn.	LC	Fungi	Basidiomycota	Agaricomycetes	Agaricales	Hymenogastraceae	Hebeloma	Hebeloma pseudoamarescens	2533026	species	Hebeloma pseudoamarescens	(Kühner & Romagn.) P.Collin		
Naucoria salicis	P.D. Orton	DD	Fungi	Basidiomycota	Agaricomycetes	Agaricales	Hymenogastraceae	Naucoria	Naucoria salicis	2534029	species	Naucoria salicis	P.D.Orton		
Naucoria scolecina	(Fr.) Quel.	LC	Fungi	Basidiomycota	Agaricomycetes	Agaricales	Hymenogastraceae	Naucoria	Naucoria scolecina	2534062	species	Naucoria scolecina	(Fr.) Quél.		
Naucoria sphagneti	P.D.Orton	DD	Fungi	Basidiomycota	Agaricomycetes	Agaricales	Hymenogastraceae	Naucoria	Naucoria sphagneti	2534050	species	Naucoria sphagneti	P.D.Orton		
Naucoria striatula	P.D. Orton	LC	Fungi	Basidiomycota	Agaricomycetes	Agaricales	Hymenogastraceae	Naucoria	Naucoria striatula	2534036	species	Naucoria striatula	P.D.Orton		
Naucoria suavis	Bres.	LC	Fungi	Basidiomycota	Agaricomycetes	Agaricales	Hymenogastraceae	Naucoria	Naucoria suavis	2534006	species	Naucoria suavis	Bres.		
Naucoria subconspersa	Kuehner	NT	Fungi	Basidiomycota	Agaricomycetes	Agaricales	Hymenogastraceae	Naucoria	Naucoria subconspersa	8088637	species	Naucoria subconspersa	Kühner		
Naucoria submelinoides	(Kuehner) Maire	LC	Fungi	Basidiomycota	Agaricomycetes	Agaricales	Hymenogastraceae	Hebeloma	Hebeloma submelinoides	3343258	species	Hebeloma submelinoides	(Kühner) Kühner		
Naucoria tantilla	J. Favre	LC	Fungi	Basidiomycota	Agaricomycetes	Agaricales	Hymenogastraceae	Naucoria	Naucoria tantilla	2534026	species	Naucoria tantilla	J.Favre		
Nectria arenula	(Berk. et Broome) Berk.	DD	Fungi	Ascomycota	Sordariomycetes	Hypocreales	Nectriaceae	Hydropisphaera	Hydropisphaera arenula	2561257	species	Hydropisphaera arenula	(Berk. & Broome) Rossman & Samuels		
Nectria cinnabarina	(Tode:Fr.) Fr.	LC	Fungi	Ascomycota	Sordariomycetes	Hypocreales	Nectriaceae	Nectria	Nectria cinnabarina	5251836	species	Nectria cinnabarina	(Tode) Fr.		
Nectria coryli	Fuckel	DD	Fungi	Ascomycota	Sordariomycetes		Thyridiaceae	Thyronectria	Thyronectria coryli	8271493	species	Thyronectria coryli	(Fuckel) Jaklitsch & Voglmayr		
Nectria cosmariospora	Ces. et De Not.	DD	Fungi	Ascomycota	Sordariomycetes	Hypocreales	Nectriaceae	Cosmospora	Cosmospora coccinea	2562936	species	Cosmospora coccinea	Rabenh.		
Nectria episphaeria	(Tode:Fr.) Fr.	LC	Fungi	Ascomycota	Sordariomycetes	Hypocreales	Nectriaceae	Dialonectria	Dialonectria episphaeria	2563463	species	Dialonectria episphaeria	(Tode) Cooke		
Nectria fuckeliana	Booth	LC	Fungi	Ascomycota	Sordariomycetes	Hypocreales	Nectriaceae	Corinectria	Corinectria fuckeliana	10910299	species	Corinectria fuckeliana	(C.Booth) C.D.González & P.Chaverri		
Nectria galligena	Bres.ap.Strasser	DD	Fungi	Ascomycota	Sordariomycetes	Hypocreales	Nectriaceae	Neonectria	Neonectria ditissima	2563919	species	Neonectria ditissima	(Tul. & C.Tul.) Samuels & Rossman		
Nectria leptosphaeriae	Niessl apud Krieger	DD	Fungi	Ascomycota	Sordariomycetes	Hypocreales	Nectriaceae	Macroconia	Macroconia sphaeriae	8000373	species	Macroconia sphaeriae	(Fuckel) Gräfenhan & Schroers		
Nectria magnusiana	Rehm apud Sacc.	DD	Fungi	Ascomycota	Sordariomycetes	Hypocreales	Nectriaceae	Dialonectria	Dialonectria magnusiana	12006182	species	Dialonectria magnusiana	(Rehm) Lechat & J.Fourn.		
Nectria mammoidea	Phill.et Plowr.	DD	Fungi	Ascomycota	Sordariomycetes	Hypocreales	Nectriaceae	Thelonectria	Thelonectria mammoidea	7496613	species	Thelonectria mammoidea	(W.Phillips & Plowr.) C.Salgado & R.M.Sánchez		author_mismatch
Nectria modesta	Hoehn.	DD	Fungi	Ascomycota	Sordariomycetes	Hypocreales	Nectriaceae	Nectria	Nectria modesta	5251723	species	Nectria modesta	Höhn.		
Nectria pallidula	Cooke	DD	Fungi	Ascomycota	Sordariomycetes	Hypocreales	Nectriaceae	Nectria	Nectria pallidula	5251820	species	Nectria pallidula	Cooke		
Nectria peziza	(Tode:Fr.) Fr.	LC	Fungi	Ascomycota	Sordariomycetes	Hypocreales	Nectriaceae	Hydropisphaera	Hydropisphaera peziza	9183851	species	Hydropisphaera peziza	(Tode) Dumort.		
Nectria purtonii	(Grev.) Berk.	DD	Fungi	Ascomycota	Sordariomycetes	Hypocreales	Nectriaceae	Stylonectria	Stylonectria purtonii	7948189	species	Stylonectria purtonii	(Grev.) Gräfenhan		
Nectria sinopica	(Fr.: Fr.) Fr.	DD	Fungi	Ascomycota	Sordariomycetes		Thyridiaceae	Thyronectria	Thyronectria sinopica	7624976	species	Thyronectria sinopica	(Fr.) Jaklitsch & Voglmayr		
Nemania serpens	(Pers.) Gray	EN	Fungi	Ascomycota	Sordariomycetes	Xylariales	Xylariaceae	Nemania	Nemania serpens	9108937	species	Nemania serpens	(Pers.) Gray		
Neoboletus erythropus	(Pers.) C. Hahn	LC	Fungi	Basidiomycota	Agaricomycetes	Boletales	Boletaceae	Neoboletus	Neoboletus erythropus	9723190	species	Neoboletus erythropus	(Pers.) C.Hahn		
Neoboletus junquilleus	(Quél.) Gelardi, Simonini & Vizzini	EN	Fungi	Basidiomycota	Agaricomycetes	Boletales	Boletaceae	Neoboletus	Neoboletus erythropus	9723190	species	Neoboletus erythropus	(Pers.) C.Hahn		
Neodasyscypha cerina	(Pers.) Spooner	LC	Fungi	Ascomycota	Leotiomycetes	Helotiales	Lachnaceae	Neodasyscypha	Neodasyscypha cerina	5257501	species	Neodasyscypha cerina	(Pers.) Spooner		
Neofavolus alveolaris	(DC.) Sotome & T. Hatt.	LC	Fungi	Basidiomycota	Agaricomycetes	Polyporales	Polyporaceae	Neofavolus	Neofavolus alveolaris	7865386	species	Neofavolus alveolaris	(DC.) Sotome & T.Hatt.		
Neofavolus suavissimus	(Fr.) Seelan, Justo & Hibbett	EN	Fungi	Basidiomycota	Agaricomycetes	Polyporales	Polyporaceae	Neofavolus	Neofavolus suavissimus	9474024	species	Neofavolus suavissimus	(Fr.) Seelan, Justo & Hibbett		
Neogodronia bresadolae	(Rehm) Schlaepfer	DD	Fungi	Ascomycota	Leotiomycetes	Helotiales	Helotiaceae	Encoeliopsis	Encoeliopsis bresadolae	5256339	species	Encoeliopsis bresadolae	(Rehm) J.W.Groves		
Neohygrocybe ingrata	(J.P. Jensen & F.H. Møller) Herink	EN	Fungi	Basidiomycota	Agaricomycetes	Agaricales	Hygrophoraceae	Hygrocybe	Hygrocybe ingrata	2538544	species	Hygrocybe ingrata	J.P.Jensen & F.H.Møller		
Neohygrocybe nitrata	(Pers.) Kovalenko	VU	Fungi	Basidiomycota	Agaricomycetes	Agaricales	Hygrophoraceae	Neohygrocybe	Neohygrocybe nitrata	2538440	species	Neohygrocybe nitrata	(Pers.) Kovalenko		
Neohygrocybe ovina	(Bull.) Herink	VU	Fungi	Basidiomycota	Agaricomycetes	Agaricales	Hygrophoraceae	Neohygrocybe	Neohygrocybe ovina	2538462	species	Neohygrocybe ovina	(Bull.) Herink		
Neolecta vitellina	(Bres.) Korf et J.K. Rogers	DD	Fungi	Ascomycota	Neolectomycetes	Neolectales	Neolectaceae	Neolecta	Neolecta vitellina	2599664	species	Neolecta vitellina	(Bres.) Korf & J.K.Rogers		
Neolentinus adhaerens	(Alb.&Schw.)Fr.	LC	Fungi	Basidiomycota	Agaricomycetes	Gloeophyllales	Gloeophyllaceae	Neolentinus	Neolentinus adhaerens	2548894	species	Neolentinus adhaerens	(Alb. & Schwein.) Redhead & Ginns		author_mismatch
Neolentinus cyathiformis	(Schaeff.) Della Magg. & Trassin.	EN	Fungi	Basidiomycota	Agaricomycetes	Gloeophyllales	Gloeophyllaceae	Neolentinus	Neolentinus cyathiformis	8188469	species	Neolentinus cyathiformis	(Schaeff.) Della Magg. & Trassin.		
Neolentinus lepideus	(Fr.) Redhead & Ginns	LC	Fungi	Basidiomycota	Agaricomycetes	Gloeophyllales	Gloeophyllaceae	Neolentinus	Neolentinus lepideus	9129313	species	Neolentinus lepideus	(Fr.) Redhead & Ginns		
Neonectria coccinea	(Pers.) Rossman & Samuels	LC	Fungi	Ascomycota	Sordariomycetes	Hypocreales	Nectriaceae	Neonectria	Neonectria coccinea	2563781	species	Neonectria coccinea	(Pers.) Rossman & Samuels		
Neonectria ditissima	(Tul. & C. Tul.) Samuels & Rossman	DD	Fungi	Ascomycota	Sordariomycetes	Hypocreales	Nectriaceae	Neonectria	Neonectria ditissima	2563919	species	Neonectria ditissima	(Tul. & C.Tul.) Samuels & Rossman		
Neonectria punicea	(J.C. Schmidt) Castl. & Rossman	LC	Fungi	Ascomycota	Sordariomycetes	Hypocreales	Nectriaceae	Neonectria	Neonectria punicea	2563950	species	Neonectria punicea	(J.C.Schmidt) Castl. & Rossman		
Neottiella hetieri	Boud.	LC	Fungi	Ascomycota	Pezizomycetes	Pezizales	Pyronemataceae	Neottiella	Neottiella hetieri	2594145	species	Neottiella hetieri	Boud.		
Neottiella rutilans	(Fr.: Fr.) Dennis	VU	Fungi	Ascomycota	Pezizomycetes	Pezizales	Pyronemataceae	Neottiella	Neottiella rutilans	2594151	species	Neottiella rutilans	(Fr.) Dennis		
Neottiella vivida	(Nyl.) Dennis	VU	Fungi	Ascomycota	Pezizomycetes	Pezizales	Pyronemataceae	Neottiella	Neottiella vivida	2594140	species	Neottiella vivida	(Nyl.) Dennis		
Nidularia deformis	(Willd.:Pers.) Fr. et Nordholm	DD	Fungi	Basidiomycota	Agaricomycetes	Agaricales	Agaricaceae	Nidularia	Nidularia deformis	5243092	species	Nidularia deformis	(Willd.) Fr.		
Nimbomollisia macrospora	(P. Karst.) Nannf.	DD	Fungi	Ascomycota	Leotiomycetes	Helotiales	Mollisiaceae	Niptera	Niptera bispora	7806760	species	Niptera bispora	Baral		
Nimbomollisia melatephroides	(Rehm) Nannf.	DD	Fungi	Ascomycota	Leotiomycetes	Helotiales	Mollisiaceae	Nimbomollisia	Nimbomollisia melatephroides	2584594	species	Nimbomollisia melatephroides	(Rehm) Nannf.		
Niptera eriophori	(Kirchn.) Rehm	DD	Fungi	Ascomycota	Leotiomycetes	Helotiales	Mollisiaceae	Nimbomollisia	Nimbomollisia eriophori	2584120	species	Nimbomollisia eriophori	(L.A.Kirchn.) Nannf.		
Niptera excelsior	(Karst.) Dennis	DD	Fungi	Ascomycota	Leotiomycetes	Helotiales	Ploettnerulaceae	Belonium	Belonium excelsior	3296258	species	Belonium excelsior	(P.Karst.) Boud.		
Niptera hypogaea	(Bres.) Sacc.	DD	Fungi	Ascomycota	Leotiomycetes	Helotiales	Ploettnerulaceae	Pyrenopeziza	Pyrenopeziza carduorum	2583820	species	Pyrenopeziza carduorum	Rehm		
Niptera pulla	(Phill. et Keith) Boud.	DD	Fungi	Ascomycota	Leotiomycetes	Helotiales	Mollisiaceae	Mollisia	Mollisia pulla	5952853	species	Mollisia pulla	(W.Phillips & Keith) Baral		
Nochascypha filicina	Agerer	DD	Fungi	Basidiomycota	Agaricomycetes	Agaricales	Marasmiaceae	Nochascypha	Nochascypha filicina	2538190	species	Nochascypha filicina	(P.Karst.) Agerer		
Obtectodiscus aquaticus	E. Muell., Samuels et Petrini	DD	Fungi	Ascomycota	Leotiomycetes	Helotiales	Loramycetaceae	Obtectodiscus	Obtectodiscus aquaticus	2584534	species	Obtectodiscus aquaticus	E.Müll., Petrini & Samuels		author_mismatch
Ocellaria ocellata	(Pers.:Fr.) Schroeter	DD	Fungi	Ascomycota	Leotiomycetes	Helotiales	Dermateaceae	Pezicula	Pezicula ocellata	9152360	species	Pezicula ocellata	(Pers.) Seaver		
Ochroporus ossatus	M. Fisch.	DD	Fungi	Basidiomycota	Agaricomycetes	Hymenochaetales	Hymenochaetaceae	Ochroporus	Ochroporus ossatus	3300286	species	Ochroporus ossatus	M.Fisch.		
Octaviania asterosperma	(Vittad.) Kuntze	VU	Fungi	Basidiomycota	Agaricomycetes	Boletales	Boletaceae	Octaviania	Octaviania asterosperma	2524712	species	Octaviania asterosperma	Vittad.		
Octaviania laevis	(R. Hesse) Kuntze	DD	Fungi	Basidiomycota	Agaricomycetes	Boletales	Boletaceae	Octaviania	Octaviania laevis	8412963	species	Octaviania laevis	(R.Hesse) Kuntze		
Octaviania lutea	(R. Hesse) Singer et A.H. Sm.	DD	Fungi	Basidiomycota	Agaricomycetes	Boletales	Boletaceae	Octaviania	Octaviania lutea	3354197	species	Octaviania lutea	R.Hesse		author_mismatch
Octospora alpestris	(Sommerf.) Dennis et Itzerott	DD	Fungi	Ascomycota	Pezizomycetes	Pezizales	Pyronemataceae	Leucoscypha	Leucoscypha alpestris	2593596	species	Leucoscypha alpestris	(Fr.) Eckblad		
Octospora crosslandii	(Dennis et Itzerott) Benkert	DD	Fungi	Ascomycota	Pezizomycetes	Pezizales	Pyronemataceae	Octospora	Octospora crosslandii	2594230	species	Octospora crosslandii	(Dennis & Itzerott) Benkert		
Octospora excipulata	(Clem.) Benkert	DD	Fungi	Ascomycota	Pezizomycetes	Pezizales	Pyronemataceae	Octospora	Octospora excipulata	3497375	species	Octospora excipulata	(Clem.) Benkert		
Octospora humosa	(Fr.: Fr.) Dennis	LC	Fungi	Ascomycota	Pezizomycetes	Pezizales	Pyronemataceae	Octospora	Octospora humosa	2594239	species	Octospora humosa	(Fr.) Dennis		
Octospora leucoloma	Hedw. ex S.F.Gray	LC	Fungi	Ascomycota	Pezizomycetes	Pezizales	Pyronemataceae	Octospora	Octospora leucoloma	2594276	species	Octospora leucoloma	Hedw.		author_mismatch
Octospora lilacina	(Seaver) Svrcek et Kubicka	LC	Fungi	Ascomycota	Pezizomycetes	Pezizales	Pyronemataceae	Octospora	Octospora lilacina	3497270	species	Octospora lilacina	(Seaver) Svrček & Kubička		
Octospora musci-muralis	Graddon	DD	Fungi	Ascomycota	Pezizomycetes	Pezizales	Pyronemataceae	Octospora	Octospora musci-muralis	2594272	species	Octospora musci-muralis	Graddon		
Octospora orthotricha	(Cooke et Ellis) K.B. Khare et V.P. Tewari	DD	Fungi	Ascomycota	Pezizomycetes	Pezizales	Pyronemataceae	Octospora	Octospora orthotricha	3497363	species	Octospora orthotricha	(Cooke & Ellis) K.B.Khare & V.P.Tewari		
Octospora phagospora	(Flageolet et Lorton) Dennis et Itzerott	VU	Fungi	Ascomycota	Pezizomycetes	Pezizales	Pyronemataceae	Octospora	Octospora phagospora	3497245	species	Octospora phagospora	(Flageolet & Lorton) Dennis & Itzerott		
Octospora rubens	(Boud.) M.M. Moser	DD	Fungi	Ascomycota	Pezizomycetes	Pezizales	Pyronemataceae	Octospora	Octospora rubens	2594270	species	Octospora rubens	(Boud.) M.M.Moser		
Octospora rustica	(Velenovsky) J.Moravec	LC	Fungi	Ascomycota	Pezizomycetes	Pezizales	Pyronemataceae	Octospora	Octospora rustica	2594248	species	Octospora rustica	(Velen.) J.Moravec		
Octospora similis	(Kirschst.) Benkert	DD	Fungi	Ascomycota	Pezizomycetes	Pezizales	Pyronemataceae	Octospora	Octospora similis	7837042	species	Octospora similis	(Kirschst.) Benkert		
Octospora tetraspora	(Fuckel) Korf	LC	Fungi	Ascomycota	Pezizomycetes	Pezizales	Pyronemataceae	Byssonectria	Byssonectria tetraspora	2594372	species	Byssonectria tetraspora	(Fuckel) Korf		
Octospora wrightii	(Berk. et M.A. Curtis) Moravec	DD	Fungi	Ascomycota	Pezizomycetes	Pezizales	Pyronemataceae	Lamprospora	Lamprospora wrightii	12210405	species	Lamprospora wrightii	(Berk. & M.A.Curtis) Boud.		
Odonticium septocystidia	(Burt) Zmitr. & Spirin	EN	Fungi	Basidiomycota	Agaricomycetes	Hymenochaetales	Rickenellaceae	Odonticium	Odonticium septocystidia	3351955	species	Odonticium septocystidia	(Burt) Zmitr. & Spirin		
Oligoporus ptychogaster	(F.Ludw.) R. et O.Falck	LC	Fungi	Basidiomycota	Agaricomycetes	Polyporales	Dacryobolaceae	Postia	Postia ptychogaster	5245343	species	Postia ptychogaster	(F.Ludw.) Vesterh.		
Oligoporus rennyi	(Berk. et Broome) Donk	DD	Fungi	Basidiomycota	Agaricomycetes	Polyporales	Dacryobolaceae	Oligoporus	Oligoporus rennyi	5245403	species	Oligoporus rennyi	(Berk. & Broome) Donk		
Olla millepunctata	(Lib.) Svrcek	LC	Fungi	Ascomycota	Leotiomycetes	Helotiales	Hyaloscyphaceae	Hyalopeziza	Hyalopeziza millepunctata	2585891	species	Hyalopeziza millepunctata	(Lib.) Raitv.		
Ombrophila janthina	(Fr.) Sacc.	LC	Fungi	Ascomycota	Leotiomycetes	Helotiales	Gelatinodiscaceae	Ombrophila	Ombrophila janthina	9661424	species	Ombrophila janthina	(Fr.) Sacc.		
Ombrophila longispora	Velen.	DD	Fungi	Ascomycota	Leotiomycetes	Helotiales	Gelatinodiscaceae	Ombrophila	Ombrophila longispora	5496504	species	Ombrophila longispora	Velen.		
Ombrophila pileata	(P. Karst.) P. Karst.	DD	Fungi	Ascomycota	Leotiomycetes	Helotiales	Gelatinodiscaceae	Ombrophila	Ombrophila pileata	8289056	species	Ombrophila pileata	P.Karst.		
Ombrophila pura	(Pers.:Fr.) Baral in Ba. et Kr.	LC	Fungi	Ascomycota	Leotiomycetes	Helotiales	Gelatinodiscaceae	Neobulgaria	Neobulgaria pura	3486744	species	Neobulgaria pura	(Pers.) Petr.		
Ombrophila rivulorum	Velen.	DD	Fungi	Ascomycota	Leotiomycetes	Helotiales	Gelatinodiscaceae	Ombrophila	Ombrophila rivulorum	5496411	species	Ombrophila rivulorum	Velen.		
Ombrophila violacea	(Alb. et Schwein.: Fr.) Fr.	LC	Fungi	Ascomycota	Leotiomycetes	Helotiales	Gelatinodiscaceae	Ombrophila	Ombrophila janthina	9661424	species	Ombrophila janthina	(Fr.) Sacc.		
Omphalina chionophila	Lam.	DD	Fungi	Basidiomycota	Agaricomycetes	Agaricales	Tricholomataceae	Omphalina	Omphalina chionophila	5242250	species	Omphalina chionophila	Lamoure		
Omphalina demissa	(Fr.) Quel.	DD	Fungi	Basidiomycota	Agaricomycetes	Agaricales	Tricholomataceae	Omphalina	Omphalina demissa	5242232	species	Omphalina demissa	(Fr.) Quél.		
Omphalina galericolor	(Romagn.) Bon	DD	Fungi	Basidiomycota	Agaricomycetes	Agaricales	Hygrophoraceae	Arrhenia	Arrhenia lilacinicolor	5955161	species	Arrhenia lilacinicolor	(Bon) P.-A.Moreau & Courtec.		
Omphalina hepatica	(Fr.: Fr.) P.D. Orton	DD	Fungi	Basidiomycota	Agaricomycetes	Agaricales	Tricholomataceae	Omphalina	Omphalina subhepatica	5242240	species	Omphalina subhepatica	(Batsch) Murrill		
Omphalina pseudomuralis	Lam.	DD	Fungi	Basidiomycota	Agaricomycetes	Agaricales	Tricholomataceae	Omphalina	Omphalina pseudomuralis	5242239	species	Omphalina pseudomuralis	Lamoure		
Omphalina pyxidata	(Bull.: Fr.) Quel.	VU	Fungi	Basidiomycota	Agaricomycetes	Agaricales	Tricholomataceae	Omphalina	Omphalina pyxidata	5242227	species	Omphalina pyxidata	(Bull.) Quél.		
Omphalina rivulicola	(J. Favre) Lamoure	NT	Fungi	Basidiomycota	Agaricomycetes	Agaricales	Tricholomataceae	Omphalina	Omphalina rivulicola	5242225	species	Omphalina rivulicola	(J.Favre) Lamoure		
Omphalotus illudens	(Schwein.) Bresinsky & Besl	EN	Fungi	Basidiomycota	Agaricomycetes	Agaricales	Omphalotaceae	Omphalotus	Omphalotus illudens	2538084	species	Omphalotus illudens	(Schwein.) Bresinsky & Besl		
Onnia circinata	(Fr.) P. Karst.	DD	Fungi	Basidiomycota	Agaricomycetes	Hymenochaetales	Hymenochaetaceae	Onnia	Onnia circinata	5237659	species	Onnia circinata	(Fr.) P.Karst.		
Onnia tomentosa	(Fr.) P. Karst.	LC	Fungi	Basidiomycota	Agaricomycetes	Hymenochaetales	Hymenochaetaceae	Onnia	Onnia tomentosa	5237653	species	Onnia tomentosa	(Fr.) P.Karst.		
Onnia triquetra	(Pers.) Imazeki	VU	Fungi	Basidiomycota	Agaricomycetes	Hymenochaetales	Hymenochaetaceae	Onnia	Onnia triquetra	5238297	species	Onnia triquetra	(Pers.) Imazeki		
Ophiocordyceps entomorrhiza	(Dicks.) G.H. Sung, J.M. Sung, Hywel-Jones & Spatafora	DD	Fungi	Ascomycota	Sordariomycetes	Hypocreales	Ophiocordycipitaceae	Ophiocordyceps	Ophiocordyceps entomorrhiza	2560568	species	Ophiocordyceps entomorrhiza	(Dicks.) G.H.Sung, J.M.Sung, Hywel-Jones & Spatafora		
Ophiocordyceps gracilis	(Grev.) G.H. Sung, J.M. Sung, Hywel-Jones & Spatafora	LC	Fungi	Ascomycota	Sordariomycetes	Hypocreales	Ophiocordycipitaceae	Paraisaria	Paraisaria gracilis	12036290	species	Paraisaria gracilis	(Grev.) Luangsa-ard, Mongkols. & Samson		
Ophiocordyceps michiganensis	(Mains) G.H. Sung, J.M. Sung, Hywel-Jones & Spatafora	CR	Fungi	Ascomycota	Sordariomycetes	Hypocreales	Ophiocordycipitaceae	Ophiocordyceps	Ophiocordyceps michiganensis	3450925	species	Ophiocordyceps michiganensis	(Mains) G.H.Sung, J.M.Sung, Hywel-Jones & Spatafora		
Ophiocordyceps myrmecophila	(Ces.) G.H. Sung, J.M. Sung, Hywel-Jones & Spatafora	DD	Fungi	Ascomycota	Sordariomycetes	Hypocreales	Ophiocordycipitaceae	Ophiocordyceps	Ophiocordyceps myrmecophila	2560565	species	Ophiocordyceps myrmecophila	(Ces.) G.H.Sung, J.M.Sung, Hywel-Jones & Spatafora		
Ophiocordyceps sphecocephala	(Klotzsch ex Berk.) G.H. Sung, J.M. Sung, Hywel-Jones & Spatafora	EN	Fungi	Ascomycota	Sordariomycetes	Hypocreales	Ophiocordycipitaceae	Ophiocordyceps	Ophiocordyceps sphecocephala	2560547	species	Ophiocordyceps sphecocephala	(Klotzsch ex Berk.) G.H.Sung, J.M.Sung, Hywel-Jones & Spatafora		
Orbilia aristata	Velen.	DD	Fungi	Ascomycota	Orbiliomycetes	Orbiliales	Orbiliaceae	Orbilia	Orbilia aristata	3476149	species	Orbilia aristata	(Velen.) Velen.		
Orbilia aurantiorubra	Boud.	DD	Fungi	Ascomycota	Orbiliomycetes	Orbiliales	Orbiliaceae	Orbilia	Orbilia aurantiorubra	2587391	species	Orbilia aurantiorubra	Boud.		
Orbilia auricolor	(Blox.ex Berk.) Sacc.	DD	Fungi	Ascomycota	Orbiliomycetes	Orbiliales	Orbiliaceae	Orbilia	Orbilia auricolor	2587417	species	Orbilia auricolor	(A.Bloxam) Sacc.		
Orbilia coccinella	(Sommerf.) Fr.	LC	Fungi	Ascomycota	Orbiliomycetes	Orbiliales	Orbiliaceae	Orbilia	Orbilia coccinella	2587380	species	Orbilia coccinella	Fr.		
Orbilia crystallina	(Quel.) Baral	DD	Fungi	Ascomycota	Orbiliomycetes	Orbiliales	Orbiliaceae	Orbilia	Orbilia crenatomarginata	3476161	species	Orbilia crenatomarginata	(Höhn.) Sacc. & Trotter		
Orbilia curvatispora	Boud.	DD	Fungi	Ascomycota	Orbiliomycetes	Orbiliales	Orbiliaceae	Orbilia	Orbilia curvatispora	2587413	species	Orbilia curvatispora	Boud.		
Orbilia cyathea	Velen.	DD	Fungi	Ascomycota	Orbiliomycetes	Orbiliales	Orbiliaceae	Orbilia	Orbilia cyathea	2587434	species	Orbilia cyathea	Velen.		
Orbilia inflatula	(Karst.) Karst.	DD	Fungi	Ascomycota	Orbiliomycetes	Orbiliales	Orbiliaceae	Hyalorbilia	Hyalorbilia inflatula	2587419	species	Hyalorbilia inflatula	(P.Karst.) Baral & G.Marson		
Orbilia leucostigma	(Fr.) Fr.	DD	Fungi	Ascomycota	Orbiliomycetes	Orbiliales	Orbiliaceae	Orbilia	Orbilia leucostigma	2587398	species	Orbilia leucostigma	(Fr.) Fr.		
Orbilia luteorubella	(Nyl.) P. Karst.	LC	Fungi	Ascomycota	Orbiliomycetes	Orbiliales	Orbiliaceae	Orbilia	Orbilia luteorubella	2587394	species	Orbilia luteorubella	(Nyl.) P.Karst.		
Orbilia rectispora	Boud.	DD	Fungi	Ascomycota	Orbiliomycetes	Orbiliales	Orbiliaceae	Orbilia	Orbilia rectispora	2587402	species	Orbilia rectispora	(Boud.) Baral		no_author_match
Orbilia rubella	(Pers.: Fr.) P. Karst.	DD	Fungi	Ascomycota	Orbiliomycetes	Orbiliales	Orbiliaceae	Orbilia	Orbilia rubella	8933831	species	Orbilia rubella	(Pers.) P.Karst.		
Orbilia sarraziniana	Boud.	LC	Fungi	Ascomycota	Orbiliomycetes	Orbiliales	Orbiliaceae	Orbilia	Orbilia sarraziniana	2587439	species	Orbilia sarraziniana	Boud.		
Orbilia vinosa	(Alb. et Schwein.: Fr.) P. Karst.	DD	Fungi	Ascomycota	Orbiliomycetes	Orbiliales	Orbiliaceae	Orbilia	Orbilia vinosa	2587429	species	Orbilia vinosa	(Alb. & Schwein.) P.Karst.		
Orbilia xanthostigma	(Fr.) Fr.	LC	Fungi	Ascomycota	Orbiliomycetes	Orbiliales	Orbiliaceae	Orbilia	Orbilia xanthostigma	2587386	species	Orbilia xanthostigma	(Fr.) Fr.		
Ossicaulis lignatilis	(Pers.: Fr.) Redhead et Ginns	VU	Fungi	Basidiomycota	Agaricomycetes	Agaricales	Lyophyllaceae	Ossicaulis	Ossicaulis lignatilis	2530577	species	Ossicaulis lignatilis	(Pers.) Redhead & Ginns		
Osteina obducta	(Berk.) Donk	LC	Fungi	Basidiomycota	Agaricomycetes	Polyporales	Dacryobolaceae	Osteina	Osteina obducta	2542679	species	Osteina obducta	(Berk.) Donk		
Ostropa barbara	(Fr.) Nannf.	DD	Fungi	Ascomycota	Lecanoromycetes	Ostropales	Stictidaceae	Ostropa	Ostropa barbara	3420739	species	Ostropa barbara	(Fr.) Nannf.		
Otidea abietina	(Pers.) Fuck.	LC	Fungi	Ascomycota	Pezizomycetes	Pezizales	Otideaceae	Otidea	Otidea onotica	9128195	species	Otidea onotica	(Pers.) Fuckel		
Otidea alutacea	(Pers.) Massee	VU	Fungi	Ascomycota	Pezizomycetes	Pezizales	Otideaceae	Otidea	Otidea alutacea	2593795	species	Otidea alutacea	(Pers.) Massee		
Otidea apophysata	(Cooke et Philips) Sacc.	DD	Fungi	Ascomycota	Pezizomycetes	Pezizales	Otideaceae	Otidea	Otidea apophysata	2593815	species	Otidea apophysata	(Cooke & W.Phillips) Sacc.		
Otidea bufonia	(Pers.) Boud.	EN	Fungi	Ascomycota	Pezizomycetes	Pezizales	Otideaceae	Otidea	Otidea bufonia	2593792	species	Otidea bufonia	(Pers.) Boud.		
Otidea cochleata	(L. ex St.Amans) Fuckel	LC	Fungi	Ascomycota	Pezizomycetes	Pezizales	Otideaceae	Otidea	Otidea cochleata	8532373	species	Otidea cochleata	(L.) Fuckel		
Otidea concinna	(Pers.) Sacc.	LC	Fungi	Ascomycota	Pezizomycetes	Pezizales	Otideaceae	Otidea	Otidea cantharella	2594217	species	Otidea cantharella	(Fr.) Quél.		
Otidea felina	(Pers.) Bres.	DD	Fungi	Ascomycota	Pezizomycetes	Pezizales	Otideaceae	Otidea	Otidea felina	3496268	species	Otidea felina	(Pers.) Bres.		
Otidea grandis	Pers. sensu Boud.	DD	Fungi	Ascomycota	Pezizomycetes	Pezizales	Otideaceae	Otidea	Otidea grandis	2593801	species	Otidea grandis	(Pers.) Rehm		author_mismatch
Otidea leporina	(Batsch) Fuckel	VU	Fungi	Ascomycota	Pezizomycetes	Pezizales	Otideaceae	Otidea	Otidea leporina	2593806	species	Otidea leporina	(Batsch) Fuckel		
Otidea myosotis	Harmaja	DD	Fungi	Ascomycota	Pezizomycetes	Pezizales	Otideaceae	Otidea	Otidea myosotis	3496255	species	Otidea myosotis	Harmaja		
Otidea onotica	(Pers.) Fuckel	LC	Fungi	Ascomycota	Pezizomycetes	Pezizales	Otideaceae	Otidea	Otidea onotica	9128195	species	Otidea onotica	(Pers.) Fuckel		
Otidea platyspora	Nannf.	DD	Fungi	Ascomycota	Pezizomycetes	Pezizales	Otideaceae	Otidea	Otidea platyspora	2593824	species	Otidea platyspora	Nannf.		
Oudemansiella ephippium	(Fr.) M.M. Moser	DD	Fungi	Basidiomycota	Agaricomycetes	Agaricales	Physalacriaceae	Oudemansiella	Oudemansiella ephippium	5459150	species	Oudemansiella ephippium	(Fr.) M.M.Moser		
Oudemansiella hygrophoroides	Singer et Clemencon	DD	Fungi	Basidiomycota	Agaricomycetes	Agaricales	Physalacriaceae	Hymenopellis	Hymenopellis hygrophoroides	7430117	species	Hymenopellis hygrophoroides	(Singer & Clémençon) R.H.Petersen		
Oudemansiella melanotricha	(Doerfelt) M.M. Moser	LC	Fungi	Basidiomycota	Agaricomycetes	Agaricales	Physalacriaceae	Oudemansiella	Oudemansiella melanotricha	5243649	species	Oudemansiella melanotricha	(Dörfelt) M.M.Moser		
Oxyporus corticola	(Fr.) Ryvarden	DD	Fungi	Basidiomycota	Agaricomycetes	Hymenochaetales	Oxyporaceae	Oxyporus	Oxyporus corticola	5239293	species	Oxyporus corticola	(Fr.) Ryvarden		
Oxyporus latemarginatus	(Durieu et Mont.ex Mont.) Donk	EN	Fungi	Basidiomycota	Agaricomycetes	Polyporales	Irpicaceae	Irpex	Irpex latemarginatus	11895306	species	Irpex latemarginatus	(Durieu & Mont.) C.C.Chen & Sheng H.Wu		
Oxyporus obducens	(Pers.:Fr.) Donk	EN	Fungi	Basidiomycota	Agaricomycetes	Hymenochaetales	Oxyporaceae	Oxyporus	Oxyporus obducens	5239277	species	Oxyporus obducens	(Pers.) Donk		
Oxyporus populinus	(Schum.:Fr.) Donk	LC	Fungi	Basidiomycota	Agaricomycetes	Hymenochaetales	Oxyporaceae	Oxyporus	Oxyporus populinus	5239325	species	Oxyporus populinus	(Schumach.) Donk		
Oxyporus ravidus	(Fr.) Bond. et Singer	DD	Fungi	Basidiomycota	Agaricomycetes	Hymenochaetales	Oxyporaceae	Oxyporus	Oxyporus ravidus	5239335	species	Oxyporus ravidus	(Fr.) Bondartsev & Singer		author_mismatch
Pachyella celtica	(Boud.) Haeffner	DD	Fungi	Ascomycota	Pezizomycetes	Pezizales	Pezizaceae	Pachyella	Pachyella celtica	2595038	species	Pachyella celtica	(Boud.) Häffner		
Pachyella clypeata	(Schw.) Le Gal	DD	Fungi	Ascomycota	Pezizomycetes	Pezizales	Pezizaceae	Pachyella	Pachyella clypeata	2595014	species	Pachyella clypeata	(Schwein.) Le Gal		
Pachyella peltata	Pfister et Candoussau	LC	Fungi	Ascomycota	Pezizomycetes	Pezizales	Pezizaceae	Pachyella	Pachyella peltata	3493041	species	Pachyella peltata	Pfister & Cand.		
Pachyella pseudosuccosa	(Le Gal) Pfister	DD	Fungi	Ascomycota	Pezizomycetes	Pezizales	Pezizaceae	Pachyella	Pachyella pseudosuccosa	3493053	species	Pachyella pseudosuccosa	(Le Gal) Pfister		
Pachyella violaceonigra	(Rehm) Pfister	LC	Fungi	Ascomycota	Pezizomycetes	Pezizales	Pezizaceae	Pachyella	Pachyella violaceonigra	2595033	species	Pachyella violaceonigra	(Rehm) Pfister		
Pachykytospora tuberculosa	(DC.: Fr.) Kotl.et Pouzar	EN	Fungi	Basidiomycota	Agaricomycetes	Polyporales	Polyporaceae	Pachykytospora	Pachykytospora tuberculosa	2547633	species	Pachykytospora tuberculosa	(Fr.) Kotl. & Pouzar		
Pachylepyrium funariophilum	(M.M. Moser) Singer	DD	Fungi	Basidiomycota	Agaricomycetes	Agaricales	Crassisporiaceae	Crassisporium	Crassisporium funariophilum	7588635	species	Crassisporium funariophilum	(M.M.Moser) Matheny, P.-A.Moreau & Vizzini		
Pachyphloeus ligericus	Tul. et Tul.	DD	Fungi	Ascomycota	Pezizomycetes	Pezizales	Pezizaceae	Pachyphlodes	Pachyphlodes ligerica	3270765	species	Pachyphlodes ligerica	(Tul. & C.Tul.) Zobel		
Panaeolus acuminatus	(Schaeff.) Quel.	VU	Fungi	Basidiomycota	Agaricomycetes	Agaricales	Bolbitiaceae	Panaeolus	Panaeolus acuminatus	2526744	species	Panaeolus acuminatus	(P.Kumm.) Quél.		
Panaeolus bisporus	(Bertault et Malencon) Gerhardt	DD	Fungi	Basidiomycota	Agaricomycetes	Agaricales	Bolbitiaceae	Panaeolus	Panaeolus bisporus	3316980	species	Panaeolus bisporus	(Malençon & Bertault) Ew.Gerhardt		
Panaeolus cinctulus	Bolton	VU	Fungi	Basidiomycota	Agaricomycetes	Agaricales	Bolbitiaceae	Panaeolus	Panaeolus cinctulus	2526754	species	Panaeolus cinctulus	(Bolton) Sacc.		author_mismatch
Panaeolus dunensis	Bon et Court	DD	Fungi	Basidiomycota	Agaricomycetes	Agaricales	Bolbitiaceae	Panaeolus	Panaeolus cinctulus	2526754	species	Panaeolus cinctulus	(Bolton) Sacc.		
Panaeolus fimicola	(Fr.) Gillet	LC	Fungi	Basidiomycota	Agaricomycetes	Agaricales	Bolbitiaceae	Panaeolus	Panaeolus fimicola	9110685	species	Panaeolus fimicola	(Pers.) Gillet		
Panaeolus foenisecii	(Pers.:Fr.) Maire	LC	Fungi	Basidiomycota	Agaricomycetes	Agaricales	Bolbitiaceae	Panaeolina	Panaeolina foenisecii	2526698	species	Panaeolina foenisecii	(Pers.) Maire		author_mismatch
Panaeolus fontinalis	A.H.Sm.	EN	Fungi	Basidiomycota	Agaricomycetes	Agaricales	Bolbitiaceae	Panaeolus	Panaeolus fontinalis	3316977	species	Panaeolus fontinalis	A.H.Sm.		
Panaeolus guttulatus	Bres.	VU	Fungi	Basidiomycota	Agaricomycetes	Agaricales	Bolbitiaceae	Panaeolus	Panaeolus guttulatus	3316976	species	Panaeolus guttulatus	Bres.		
Panaeolus leucophanes	(Berk. et Broome) Sacc.	DD	Fungi	Basidiomycota	Agaricomycetes	Agaricales	Bolbitiaceae	Panaeolus	Panaeolus leucophanes	3316963	species	Panaeolus leucophanes	(Berk. & Broome) Sacc.		
Panaeolus olivaceus	Moeller	VU	Fungi	Basidiomycota	Agaricomycetes	Agaricales	Bolbitiaceae	Panaeolus	Panaeolus olivaceus	2526742	species	Panaeolus olivaceus	F.H.Møller		
Panaeolus papilionaceus	(Bull.ex Fr.) Quel.	LC	Fungi	Basidiomycota	Agaricomycetes	Agaricales	Bolbitiaceae	Panaeolus	Panaeolus papilionaceus	3317061	species	Panaeolus papilionaceus	(Bull.) Quél.		
Panaeolus reticulatus	Overholts	VU	Fungi	Basidiomycota	Agaricomycetes	Agaricales	Bolbitiaceae	Panaeolus	Panaeolus reticulatus	3317054	species	Panaeolus reticulatus	Overh.		
Panaeolus retirugus	(Fr.) Quel.	VU	Fungi	Basidiomycota	Agaricomycetes	Agaricales	Bolbitiaceae	Panaeolus	Panaeolus papilionaceus	3317061	species	Panaeolus papilionaceus	(Bull.) Quél.		author_mismatch
Panellus mitis	(Pers.: Fr.) Singer	LC	Fungi	Basidiomycota	Agaricomycetes	Agaricales	Mycenaceae	Panellus	Panellus mitis	8931746	species	Panellus mitis	(Pers.) Singer		
Panellus ringens	(Fr.) Romagn.	VU	Fungi	Basidiomycota	Agaricomycetes	Agaricales	Mycenaceae	Panellus	Panellus ringens	2527711	species	Panellus ringens	(Fr.) Romagn.		
Panellus serotinus	(Pers.) Kühner	LC	Fungi	Basidiomycota	Agaricomycetes	Agaricales	Sarcomyxaceae	Sarcomyxa	Sarcomyxa serotina	11011338	species	Sarcomyxa serotina	(Pers.) V.Papp		
Panellus stipticus	(Bull.: Fr.) P. Karst.	LC	Fungi	Basidiomycota	Agaricomycetes	Agaricales	Mycenaceae	Panellus	Panellus stipticus	9118025	species	Panellus stipticus	(Bull.) P.Karst.		
Panellus violaceofulvus	(Batsch ex Fr.) Singer	LC	Fungi	Basidiomycota	Agaricomycetes	Agaricales	Mycenaceae	Panellus	Panellus violaceofulvus	3318882	species	Panellus violaceofulvus	(Batsch) Singer		
Panus conchatus	(Bull.: Fr.) Fr.	LC	Fungi	Basidiomycota	Agaricomycetes	Polyporales	Panaceae	Panus	Panus conchatus	8689071	species	Panus conchatus	(Bull.) Fr.		
Paragalactinia michelii	(Boud.) Van Vooren	LC	Fungi	Ascomycota	Pezizomycetes	Pezizales	Pezizaceae	Paragalactinia	Paragalactinia michelii	12006390	species	Paragalactinia michelii	(Boud.) Van Vooren		
Paragalactinia succosa	(Berk.) Van Vooren	LC	Fungi	Ascomycota	Pezizomycetes	Pezizales	Pezizaceae	Paragalactinia	Paragalactinia succosa	12149748	species	Paragalactinia succosa	(Berk.) Van Vooren		
Paragalactinia succosella	(Le Gal & Romagn.) Van Vooren	DD	Fungi	Ascomycota	Pezizomycetes	Pezizales	Pezizaceae	Paragalactinia	Paragalactinia succosella	12075652	species	Paragalactinia succosella	(Le Gal & Romagn.) Van Vooren		
Parascutellinia arctespora	(M.C.Cooke et W. Philipps) T. Schum.	DD	Fungi	Ascomycota	Pezizomycetes	Pezizales	Pyronemataceae	Parascutellinia	Parascutellinia arctespora	3496466	species	Parascutellinia arctespora	(Cooke & W.Phillips) T.Schumach.		
Parascutellinia carneosanguinea	(Fuckel) Schumacher	DD	Fungi	Ascomycota	Pezizomycetes	Pezizales	Pyronemataceae	Parascutellinia	Parascutellinia carneosanguinea	2593512	species	Parascutellinia carneosanguinea	(Fuckel) T.Schumach.		
Parasola auricoma	(Pat.) Redhead, Vilgalys & Hopple	LC	Fungi	Basidiomycota	Agaricomycetes	Agaricales	Psathyrellaceae	Parasola	Parasola auricoma	2534537	species	Parasola auricoma	(Pat.) Redhead, Vilgalys & Hopple		
Parasola galericuliformis	(Watling) Redhead, Vilgalys & Hopple	DD	Fungi	Basidiomycota	Agaricomycetes	Agaricales	Psathyrellaceae	Parasola	Parasola galericuliformis	2534540	species	Parasola galericuliformis	(Losa ex Watling) Redhead, Vilgalys & Hopple		
Parasola hemerobia	(Fr.) Redhead, Vilgalys & Hopple	DD	Fungi	Basidiomycota	Agaricomycetes	Agaricales	Psathyrellaceae	Parasola	Parasola hemerobia	2534508	species	Parasola hemerobia	(Fr.) Redhead, Vilgalys & Hopple		
Parasola kuehneri	(Uljé & Bas) Redhead, Vilgalys & Hopple	LC	Fungi	Basidiomycota	Agaricomycetes	Agaricales	Psathyrellaceae	Parasola	Parasola kuehneri	2534510	species	Parasola kuehneri	(Uljé & Bas) Redhead, Vilgalys & Hopple		
Parasola leiocephala	(P. D. Orton) Redhead, Vilgalys & Hopple	LC	Fungi	Basidiomycota	Agaricomycetes	Agaricales	Psathyrellaceae	Parasola	Parasola leiocephala	2534546	species	Parasola leiocephala	(P.D.Orton) Redhead, Vilgalys & Hopple		
Parasola miser	(P. Karst.) Redhead, Vilgalys & Hopple	DD	Fungi	Basidiomycota	Agaricomycetes	Agaricales	Psathyrellaceae	Parasola	Parasola misera	2534516	species	Parasola misera	(P.Karst.) Redhead, Vilgalys & Hopple		
Parasola nudiceps	(P. D. Orton) Redhead, Vilgalys & Hopple	DD	Fungi	Basidiomycota	Agaricomycetes	Agaricales	Psathyrellaceae	Parasola	Parasola schroeteri	2534535	species	Parasola schroeteri	(P.Karst.) Redhead, Vilgalys & Hopple		
Parasola plicatilis	(Curtis: Fr.) Redhead, Vilgalys & Hopple	LC	Fungi	Basidiomycota	Agaricomycetes	Agaricales	Psathyrellaceae	Parasola	Parasola plicatilis	2534522	species	Parasola plicatilis	(Curtis) Redhead, Vilgalys & Hopple		
Paraxerula caussei	(Maire) R.H. Petersen	EN	Fungi	Basidiomycota	Agaricomycetes	Agaricales	Physalacriaceae	Paraxerula	Paraxerula caussei	7772065	species	Paraxerula caussei	(Maire) R.H.Petersen		
Patinellaria sanguinea	(Pers.: Fr.) P. Karst.	DD	Fungi	Ascomycota	Leotiomycetes	Helotiales	Helotiaceae	Patinellaria	Patinellaria sanguinea	2582504	species	Patinellaria sanguinea	(Pers.) P.Karst.		
Paullicorticium allantosporum	Erikss.	DD	Fungi	Basidiomycota	Agaricomycetes	Cantharellales	Hydnaceae	Paullicorticium	Paullicorticium allantosporum	3368520	species	Paullicorticium allantosporum	J.Erikss.		
Paullicorticium pearsonii	(Bourdot et Galzin) Erikss.	DD	Fungi	Basidiomycota	Agaricomycetes	Cantharellales	Hydnaceae	Paullicorticium	Paullicorticium pearsonii	2554738	species	Paullicorticium pearsonii	(Bourdot) J.Erikss.		
Paxillus atrotomentosus	(Batsch) Fr.	LC	Fungi	Basidiomycota	Agaricomycetes	Boletales	Tapinellaceae	Tapinella	Tapinella atrotomentosa	7693097	species	Tapinella atrotomentosa	(Batsch) Šutara		
Paxillus involutus	(Batsch) Fr.	LC	Fungi	Basidiomycota	Agaricomycetes	Boletales	Paxillaceae	Paxillus	Paxillus involutus	5240002	species	Paxillus involutus	(Batsch) Fr.		
Paxillus rubicundulus	P.D. Orton	LC	Fungi	Basidiomycota	Agaricomycetes	Boletales	Paxillaceae	Paxillus	Paxillus rubicundulus	5239994	species	Paxillus rubicundulus	P.D.Orton		
Peckiella viridis	(Alb. et Schwein.ex Berk. et Br.) Sacc	LC	Fungi	Ascomycota	Sordariomycetes	Hypocreales	Hypocreaceae	Hypomyces	Hypomyces viridis	2561851	species	Hypomyces viridis	P.Karst.		
Pellidiscus pallidus	(Berk. et Broome) Donk	LC	Fungi	Basidiomycota	Agaricomycetes	Agaricales	Crepidotaceae	Pellidiscus	Pellidiscus pallidus	2527833	species	Pellidiscus pallidus	(Berk. & Broome) Donk		
Peniophora aurantiaca	(Bres.) Hoehn. et Litsch.	LC	Fungi	Basidiomycota	Agaricomycetes	Russulales	Peniophoraceae	Peniophora	Peniophora aurantiaca	2552210	species	Peniophora aurantiaca	(Bres.) Höhn. & Litsch.		
Peniophora cinerea	(Fr.) Cooke	LC	Fungi	Basidiomycota	Agaricomycetes	Russulales	Peniophoraceae	Peniophora	Peniophora cinerea	9224047	species	Peniophora cinerea	(Pers.) Cooke		
Peniophora erikssonii	Boidin	DD	Fungi	Basidiomycota	Agaricomycetes	Russulales	Peniophoraceae	Peniophora	Peniophora erikssonii	2552280	species	Peniophora erikssonii	Boidin		
Peniophora incarnata	(Pers.:Fr.) P. Karst.	LC	Fungi	Basidiomycota	Agaricomycetes	Russulales	Peniophoraceae	Peniophora	Peniophora incarnata	2552308	species	Peniophora incarnata	(Pers.) P.Karst.		
Peniophora laeta	(Fr.) Donk	DD	Fungi	Basidiomycota	Agaricomycetes	Russulales	Peniophoraceae	Peniophora	Peniophora laeta	2552143	species	Peniophora laeta	(Fr.) Donk		
Peniophora laurentii	S. Lundell	DD	Fungi	Basidiomycota	Agaricomycetes	Russulales	Peniophoraceae	Peniophora	Peniophora laurentii	2552138	species	Peniophora laurentii	S.Lundell		
Peniophora lilacea	Bourdot et Galzin	DD	Fungi	Basidiomycota	Agaricomycetes	Russulales	Peniophoraceae	Peniophora	Peniophora lilacea	2552293	species	Peniophora lilacea	Bourdot & Galzin		
Peniophora limitata	(Fr.) Cooke	LC	Fungi	Basidiomycota	Agaricomycetes	Russulales	Peniophoraceae	Peniophora	Peniophora limitata	9146864	species	Peniophora limitata	(Chaillet ex Fr.) Cooke		
Peniophora lycii	(Pers.) Hoehn. et Litsch.	LC	Fungi	Basidiomycota	Agaricomycetes	Russulales	Peniophoraceae	Peniophora	Peniophora lycii	2552195	species	Peniophora lycii	(Pers.) Höhn. & Litsch.		
Peniophora nuda	(Fr.) Bres.	LC	Fungi	Basidiomycota	Agaricomycetes	Russulales	Peniophoraceae	Peniophora	Peniophora nuda	2552121	species	Peniophora nuda	(Fr.) Bres.		
Peniophora piceae	(Pers.) J. Erikss.	VU	Fungi	Basidiomycota	Agaricomycetes	Russulales	Peniophoraceae	Peniophora	Peniophora piceae	2552167	species	Peniophora piceae	(Pers.) J.Erikss.		
Peniophora pini	(Schleich. ex Fr.) Boid.	CR	Fungi	Basidiomycota	Agaricomycetes	Russulales	Peniophoraceae	Peniophora	Peniophora pini	2552187	species	Peniophora pini	(Schleich. ex DC.) Boidin		
Peniophora pithya	(Pers.) J. Erikss.	LC	Fungi	Basidiomycota	Agaricomycetes	Russulales	Peniophoraceae	Peniophora	Peniophora pithya	2552273	species	Peniophora pithya	(Pers.) J.Erikss.		
Peniophora polygonia	(Fr.) Bourdot et Galzin	EN	Fungi	Basidiomycota	Agaricomycetes	Russulales	Peniophoraceae	Peniophora	Peniophora polygonia	2552298	species	Peniophora polygonia	(Pers.) Bourdot & Galzin		
Peniophora proxima	Bres.	EN	Fungi	Basidiomycota	Agaricomycetes	Russulales	Peniophoraceae	Peniophora	Peniophora proxima	2552338	species	Peniophora proxima	Bres.		
Peniophora pseudoversicolor	Boidin	DD	Fungi	Basidiomycota	Agaricomycetes	Russulales	Peniophoraceae	Peniophora	Peniophora pseudoversicolor	2552268	species	Peniophora pseudoversicolor	Boidin		
Peniophora quercina	(Pers.:Fr.) Cooke	LC	Fungi	Basidiomycota	Agaricomycetes	Russulales	Peniophoraceae	Peniophora	Peniophora quercina	8980864	species	Peniophora quercina	(Pers.) Cooke		
Peniophora rufa	(Fr.) Boidin	DD	Fungi	Basidiomycota	Agaricomycetes	Russulales	Peniophoraceae	Peniophora	Peniophora rufa	2552218	species	Peniophora rufa	(Fr.) Boidin		
Peniophora rufomarginata	(Pers.) Litsch.	LC	Fungi	Basidiomycota	Agaricomycetes	Russulales	Peniophoraceae	Peniophora	Peniophora rufomarginata	2552339	species	Peniophora rufomarginata	(Pers.) Bourdot & Galzin		
Peniophora versiformis	(Berk. et M.A. Curtis) Bourdot et Galzin	DD	Fungi	Basidiomycota	Agaricomycetes	Russulales	Peniophoraceae	Peniophora	Peniophora versiformis	2552326	species	Peniophora versiformis	(Berk. & M.A.Curtis) Bourdot & Galzin		
Peniophora violaceolivida	(Sommerf.) Massee	EN	Fungi	Basidiomycota	Agaricomycetes	Russulales	Peniophoraceae	Peniophora	Peniophora violaceolivida	2552108	species	Peniophora violaceolivida	(Sommerf.) Massee		
Peniophorella clavigera	(Bres.) K.H. Larss.	DD	Fungi	Basidiomycota	Agaricomycetes	Hymenochaetales	Rickenellaceae	Peniophorella	Peniophorella clavigera	2523654	species	Peniophorella clavigera	(Bres.) K.H.Larss.		
Peniophorella guttulifera	(P. Karst.) K.H. Larss.	DD	Fungi	Basidiomycota	Agaricomycetes	Hymenochaetales	Rickenellaceae	Peniophorella	Peniophorella guttulifera	2523693	species	Peniophorella guttulifera	(P.Karst.) K.H.Larss.		
Peniophorella pallida	(Bres.) K.H. Larss.	LC	Fungi	Basidiomycota	Agaricomycetes	Hymenochaetales	Rickenellaceae	Peniophorella	Peniophorella pallida	2523722	species	Peniophorella pallida	(Bres.) K.H.Larss.		
Peniophorella praetermissa	(P. Karst.) K.H. Larss.	LC	Fungi	Basidiomycota	Agaricomycetes	Hymenochaetales	Rickenellaceae	Peniophorella	Peniophorella praetermissa	2523664	species	Peniophorella praetermissa	(P.Karst.) K.H.Larss.		
Peniophorella pubera	(Fr.) P. Karst.	LC	Fungi	Basidiomycota	Agaricomycetes	Hymenochaetales	Rickenellaceae	Peniophorella	Peniophorella pubera	2523676	species	Peniophorella pubera	(Fr.) P.Karst.		
Peniophorella tsugae	(Burt) K.H. Larss.	DD	Fungi	Basidiomycota	Agaricomycetes	Hymenochaetales	Rickenellaceae	Peniophorella	Peniophorella tsugae	2523708	species	Peniophorella tsugae	(Burt) K.H.Larss.		
Perenniporia fraxinea	(Bull.: Fr.) Ryvarden	LC	Fungi	Basidiomycota	Agaricomycetes	Polyporales	Polyporaceae	Vanderbylia	Vanderbylia fraxinea	2549204	species	Vanderbylia fraxinea	(Bull.) D.A.Reid		
Perenniporia japonica	(Yasuda) T. Hatt. & Ryvarden	DD	Fungi	Basidiomycota	Agaricomycetes	Polyporales	Polyporaceae	Truncospora	Truncospora japonica	10686398	species	Truncospora japonica	(Yasuda) Zmitr.		
Perenniporia medulla-panis	(Jacq.) Donk	VU	Fungi	Basidiomycota	Agaricomycetes	Polyporales	Polyporaceae	Perenniporia	Perenniporia medulla-panis	2549130	species	Perenniporia medulla-panis	(Jacq.) Donk		
Peroneutypa scoparia	(Schwein.) Carmarán & A.I. Romero	DD	Fungi	Ascomycota	Sordariomycetes	Xylariales	Diatrypaceae	Peroneutypa	Peroneutypa scoparia	2575310	species	Peroneutypa scoparia	(Schwein.) Carmarán & A.I.Romero		
Perrotia flammea	(Alb. et Schwein.: Fr.) Boud.	DD	Fungi	Ascomycota	Leotiomycetes	Helotiales	Lachnaceae	Perrotia	Perrotia flammea	5257370	species	Perrotia flammea	(Alb. & Schwein.) Boud.		
Pezicula acericola	(Peck) Sacc.	DD	Fungi	Ascomycota	Leotiomycetes	Helotiales	Dermateaceae	Pezicula	Pezicula acericola	5256051	species	Pezicula acericola	(Peck) Peck ex Sacc. & Berl.		
Pezicula carpinea	(Pers.) Tul. ex Fuckel	DD	Fungi	Ascomycota	Leotiomycetes	Helotiales	Dermateaceae	Pezicula	Pezicula carpinea	5256030	species	Pezicula carpinea	(Pers.) Tul. ex Fuckel		
Pezicula corticola	(C.A. Jorg.) Nannf.	DD	Fungi	Ascomycota	Leotiomycetes	Helotiales	Dermateaceae	Pezicula	Pezicula corticola	8566662	species	Pezicula corticola	(C.A.Jørg.) Nannf.		
Pezicula eucrita	(Karst.) Karst.	DD	Fungi	Ascomycota	Leotiomycetes	Helotiales	Dermateaceae	Pezicula	Pezicula eucrita	5256007	species	Pezicula eucrita	(P.Karst.) P.Karst.		
Pezicula livida	(Berk. et Broome) Rehm	LC	Fungi	Ascomycota	Leotiomycetes	Helotiales	Dermateaceae	Pezicula	Pezicula livida	5256018	species	Pezicula livida	(Berk. & Broome) Rehm		
Pezicula myrtillina	Karst.	DD	Fungi	Ascomycota	Leotiomycetes	Helotiales	Dermateaceae	Pezicula	Pezicula myrtillina	5256015	species	Pezicula myrtillina	(P.Karst.) P.Karst.		
Peziza acroornata	Dougoud et Moravec	DD	Fungi	Ascomycota	Pezizomycetes	Pezizales	Pezizaceae	Peziza	Peziza acroornata	5498418	species	Peziza acroornata	Dougoud & J.Moravec		
Peziza ammophila	Durieu et Mont.	DD	Fungi	Ascomycota	Pezizomycetes	Pezizales	Pezizaceae	Peziza	Peziza ammophila	5259322	species	Peziza ammophila	Durieu & Lév.		no_author_match
Peziza ampliata	Pers.ex Pers.	DD	Fungi	Ascomycota	Pezizomycetes	Pezizales	Pezizaceae	Peziza	Peziza ampliata	5259366	species	Peziza ampliata	Pers.		
Peziza anthracophila	Dennis	DD	Fungi	Ascomycota	Pezizomycetes	Pezizales	Pezizaceae	Peziza	Peziza echinospora	5259382	species	Peziza echinospora	P.Karst.		
Peziza arvernensis	Boud.	LC	Fungi	Ascomycota	Pezizomycetes	Pezizales	Pezizaceae	Peziza	Peziza arvernensis	5259318	species	Peziza arvernensis	Roze & Boud.		
Peziza atrospora	Fuckel	DD	Fungi	Ascomycota	Pezizomycetes	Pezizales	Pyronemataceae	Plicaria	Plicaria atrospora	8155100	species	Plicaria atrospora	(Fuckel) Boud.		
Peziza atrovinosa	Cooke et W.R. Gerard (non sensu M. Moser)	DD	Fungi	Ascomycota	Pezizomycetes	Pezizales	Pezizaceae	Peziza	Peziza atrovinosa	5259387	species	Peziza atrovinosa	Cooke		
Peziza bovina	W. Philipps	DD	Fungi	Ascomycota	Pezizomycetes	Pezizales	Pezizaceae	Peziza	Peziza fimeti	7675285	species	Peziza fimeti	(Fuckel) E.C.Hansen		
Peziza brunneoatra	Desm.	DD	Fungi	Ascomycota	Pezizomycetes	Pezizales	Pezizaceae	Peziza	Peziza brunneoatra	5259288	species	Peziza brunneoatra	Desm.		
Peziza celtica	(Boud.) M.M. Moser	LC	Fungi	Ascomycota	Pezizomycetes	Pezizales	Pezizaceae	Pachyella	Pachyella celtica	2595038	species	Pachyella celtica	(Boud.) Häffner		
Peziza cerea	Bull.ex Merat	LC	Fungi	Ascomycota	Pezizomycetes	Pezizales	Pezizaceae	Peziza	Peziza cerea	5259304	species	Peziza cerea	Sowerby		no_author_match
Peziza chlorophaea	(Rehm) Sacc.	DD	Fungi	Ascomycota	Pezizomycetes	Pezizales	Pezizaceae	Peziza	Peziza chlorophaea	5259296	species	Peziza chlorophaea	Rehm		
Peziza depressa	Pers.	LC	Fungi	Ascomycota	Pezizomycetes	Pezizales	Pezizaceae	Peziza	Peziza depressa	5259162	species	Peziza depressa	Pers.		
Peziza domiciliana	Cooke	LC	Fungi	Ascomycota	Pezizomycetes	Pezizales	Pezizaceae	Peziza	Peziza domiciliana	5259249	species	Peziza domiciliana	Cooke		
Peziza echinospora	Karst.	LC	Fungi	Ascomycota	Pezizomycetes	Pezizales	Pezizaceae	Peziza	Peziza echinospora	5259382	species	Peziza echinospora	P.Karst.		
Peziza epixyla	Richon	DD	Fungi	Ascomycota	Pezizomycetes	Pezizales	Pezizaceae	Peziza	Peziza epixyla	5259230	species	Peziza epixyla	Richon		
Peziza fimeti	(Fuckel) Saev.	LC	Fungi	Ascomycota	Pezizomycetes	Pezizales	Pezizaceae	Peziza	Peziza fimeti	7675285	species	Peziza fimeti	(Fuckel) E.C.Hansen		
Peziza flavida	W. Phillips	DD	Fungi	Ascomycota	Pezizomycetes	Pezizales	Pezizaceae	Peziza	Peziza flavida	5259220	species	Peziza flavida	(W.Phillips) M.M.Moser ex D.C.Pant		no_author_match
Peziza granularis	Donadini	LC	Fungi	Ascomycota	Pezizomycetes	Pezizales	Pezizaceae	Peziza	Peziza granularis	5259321	species	Peziza granularis	Donadini		
Peziza granulosa	Schum.:Fr.	LC	Fungi	Ascomycota	Pezizomycetes	Pezizales	Pezizaceae	Galactinia	Galactinia granulosa	2595345	species	Galactinia granulosa	(Gillet) Le Gal		
Peziza humicola	(Boud.) M.M. Moser	DD	Fungi	Ascomycota	Pezizomycetes	Pezizales	Pezizaceae	Peziza	Peziza humicola	5499018	species	Peziza humicola	(Boud.) Sacc. & Traverso		author_mismatch
Peziza lobulata	(Velen.) Svrcek	LC	Fungi	Ascomycota	Pezizomycetes	Pezizales	Pezizaceae	Peziza	Peziza lobulata	5498507	species	Peziza lobulata	(Velen.) Svrček		
Peziza megalochondra	(Le Gal) Donadini	DD	Fungi	Ascomycota	Pezizomycetes	Pezizales	Pezizaceae	Peziza	Peziza megalochondra	5259389	species	Peziza megalochondra	(Le Gal) Donadini		
Peziza merdae	Donadini	DD	Fungi	Ascomycota	Pezizomycetes	Pezizales	Pezizaceae	Peziza	Peziza merdae	5259279	species	Peziza merdae	Donadini		
Peziza micropus	Pers.	LC	Fungi	Ascomycota	Pezizomycetes	Pezizales	Pezizaceae	Peziza	Peziza micropus	5259335	species	Peziza micropus	Pers.		
Peziza moravecii	(Svrcek) Donadini	VU	Fungi	Ascomycota	Pezizomycetes	Pezizales	Pezizaceae	Peziza	Peziza moravecii	5259253	species	Peziza moravecii	(Svrček) Donadini		
Peziza moseri	Aviz.-Hersh. et Nemlich	LC	Fungi	Ascomycota	Pezizomycetes	Pezizales	Pezizaceae	Peziza	Peziza moseri	5259292	species	Peziza moseri	Aviz.-Hersh. & Nemlich		
Peziza ninguis	Donadini et Trimbach	LC	Fungi	Ascomycota	Pezizomycetes	Pezizales	Pezizaceae	Peziza	Peziza ninguis	3494531	species	Peziza ninguis	Donadini & Trimbach		
Peziza nivalis	R. Heim et Renny	LC	Fungi	Ascomycota	Pezizomycetes	Pezizales	Pezizaceae	Peziza	Peziza nivalis	5259233	species	Peziza nivalis	(R.Heim & L.Rémy) M.M.Moser		author_mismatch
Peziza obtusapiculata	Moravec	DD	Fungi	Ascomycota	Pezizomycetes	Pezizales	Pezizaceae	Elaiopezia	Elaiopezia obtusapiculata	12203485	species	Elaiopezia obtusapiculata	(J.Moravec) Van Vooren		
Peziza ostracoderma	Korf	DD	Fungi	Ascomycota	Pezizomycetes	Pezizales	Pezizaceae	Peziza	Peziza ostracoderma	5259236	species	Peziza ostracoderma	Korf		
Peziza paludicola	Boud.	DD	Fungi	Ascomycota	Pezizomycetes	Pezizales	Pezizaceae	Peziza	Peziza paludicola	5498921	species	Peziza paludicola	(Boud.) Sacc. & Traverso		author_mismatch
Peziza phlebospora	(Le Gal) Donadini	DD	Fungi	Ascomycota	Pezizomycetes	Pezizales	Pezizaceae	Peziza	Peziza phlebospora	5498311	species	Peziza phlebospora	(Le Gal) Donadini		
Peziza praetervisa	Bres.	LC	Fungi	Ascomycota	Pezizomycetes	Pezizales	Pezizaceae	Peziza	Peziza praetervisa	5259265	species	Peziza praetervisa	Bres.		
Peziza proteana	(Boud.) Seav.	DD	Fungi	Ascomycota	Pezizomycetes	Pezizales	Pezizaceae	Peziza	Peziza proteana	3493163	species	Peziza proteana	(Boud.) Seaver		
Peziza pseudovesiculosa	Donadini	DD	Fungi	Ascomycota	Pezizomycetes	Pezizales	Pezizaceae	Galactinia	Galactinia amplissima	3282393	species	Galactinia amplissima	Svrček		
Peziza repanda	Pers.	LC	Fungi	Ascomycota	Pezizomycetes	Pezizales	Pezizaceae	Peziza	Peziza repanda	9141652	species	Peziza repanda	Pers.		
Peziza saccardoana	Cooke	DD	Fungi	Ascomycota	Pezizomycetes	Pezizales	Pezizaceae	Peziza	Peziza saccardoana	5893718	species	Peziza saccardoana	Cooke		
Peziza saniosa	Schrad.: Fr.	LC	Fungi	Ascomycota	Pezizomycetes	Pezizales	Pezizaceae	Peziza	Peziza saniosa	9277737	species	Peziza saniosa	Schrad. ex Fr.		
Peziza sepiatra	Cooke	LC	Fungi	Ascomycota	Pezizomycetes	Pezizales	Pezizaceae	Peziza	Peziza sepiatra	5259290	species	Peziza sepiatra	Cooke		
Peziza sterigmatizans	Phill.	DD	Fungi	Ascomycota	Pezizomycetes	Pezizales	Pezizaceae	Peziza	Peziza sterigmatizans	5259385	species	Peziza sterigmatizans	W.Phillips		
Peziza subumbrina	(Boud.) M. Moser	DD	Fungi	Ascomycota	Pezizomycetes	Pezizales	Pezizaceae	Peziza	Peziza subumbrina	5259280	species	Peziza subumbrina	Boud.		author_mismatch
Peziza tectoria	Cooke	DD	Fungi	Ascomycota	Pezizomycetes	Pezizales	Pezizaceae	Peziza	Peziza cerea	5259304	species	Peziza cerea	Sowerby		
Peziza udicola	Svrcek	DD	Fungi	Ascomycota	Pezizomycetes	Pezizales	Pezizaceae	Peziza	Peziza paludicola	5498921	species	Peziza paludicola	(Boud.) Sacc. & Traverso		
Peziza vacini	(Velen.) Svrcek	DD	Fungi	Ascomycota	Pezizomycetes	Pezizales	Pezizaceae	Velenovskya	Velenovskya vacini	12249462	species	Velenovskya vacini	(Velen.) Albanese, Boragine, M.Carbone & P.Alvarado		
Peziza varia	(Hedw.) Fr.	LC	Fungi	Ascomycota	Pezizomycetes	Pezizales	Pezizaceae	Peziza	Peziza varia	8058510	species	Peziza varia	(Hedw.) Alb. & Schwein.		
Peziza vesiculosa	Bull.ex St.Amans	LC	Fungi	Ascomycota	Pezizomycetes	Pezizales	Pezizaceae	Peziza	Peziza vesiculosa	5259242	species	Peziza vesiculosa	Bull.		no_author_match
Peziza vladimirii	(Vacek) Svrcek	DD	Fungi	Ascomycota	Pezizomycetes	Pezizales	Pezizaceae	Peziza	Peziza vladimirii	5498937	species	Peziza vladimirii	(Vacek) Svrček		
Pezizella amenti	(Batsch: Fr.) Dennis	LC	Fungi	Ascomycota	Leotiomycetes	Helotiales	Helotiaceae	Cyathicula	Cyathicula amenti	8314417	species	Cyathicula amenti	(Batsch) Baral & R.Galán		
Pezizella campanuliformis	(Fuckel) Dennis	DD	Fungi	Ascomycota	Leotiomycetes	Helotiales	Pezizellaceae	Allophylaria	Allophylaria campanuliformis	2581835	species	Allophylaria campanuliformis	(Fuckel) Svrček		
Pezizella fagi	(Jaap) Matheis	DD	Fungi	Ascomycota	Leotiomycetes	Helotiales	Pezizellaceae	Pezizella	Pezizella fagi	5257126	species	Pezizella fagi	(Jaap) Matheis		
Pezizella galbula	Karst.	DD	Fungi	Ascomycota	Leotiomycetes	Helotiales	Pezizellaceae	Pezizella	Pezizella galbula	8078658	species	Pezizella galbula	P.Karst.		
Phaeoclavulina abietina	(Pers.) Giachini	NT	Fungi	Basidiomycota	Agaricomycetes	Gomphales	Gomphaceae	Phaeoclavulina	Phaeoclavulina abietina	7547277	species	Phaeoclavulina abietina	(Pers.) Giachini		
Phaeoclavulina curta	(Fr.) Giachini	CR	Fungi	Basidiomycota	Agaricomycetes	Gomphales	Gomphaceae	Phaeoclavulina	Phaeoclavulina curta	7878130	species	Phaeoclavulina curta	(Fr.) Giachini		
Phaeoclavulina decurrens	(Pers.) J.H. Petersen	DD	Fungi	Basidiomycota	Agaricomycetes	Gomphales	Gomphaceae	Phaeoclavulina	Phaeoclavulina decurrens	10757228	species	Phaeoclavulina decurrens	(Pers.) J.H.Petersen		
Phaeoclavulina eumorpha	(P. Karst.) Giachini	NT	Fungi	Basidiomycota	Agaricomycetes	Gomphales	Gomphaceae	Phaeoclavulina	Phaeoclavulina eumorpha	7735919	species	Phaeoclavulina eumorpha	(P.Karst.) Giachini		
Phaeoclavulina flaccida	(Fr.) Giachini	LC	Fungi	Basidiomycota	Agaricomycetes	Gomphales	Gomphaceae	Phaeoclavulina	Phaeoclavulina flaccida	7968163	species	Phaeoclavulina flaccida	(Fr.) Giachini		
Phaeoclavulina macrospora	Brinkmann	CR	Fungi	Basidiomycota	Agaricomycetes	Gomphales	Gomphaceae	Phaeoclavulina	Phaeoclavulina macrospora	2521740	species	Phaeoclavulina macrospora	Brinkmann		
Phaeoclavulina myceliosa	(Peck) Fanchi & M. Marchetti	VU	Fungi	Basidiomycota	Agaricomycetes	Gomphales	Gomphaceae	Phaeoclavulina	Phaeoclavulina myceliosa	10714428	species	Phaeoclavulina myceliosa	(Peck) Franchi & M.Marchetti		
Phaeoclavulina roellinii	(Schild) Giachini	CR	Fungi	Basidiomycota	Agaricomycetes	Gomphales	Gomphaceae	Phaeoclavulina	Phaeoclavulina roellinii	7921747	species	Phaeoclavulina roellinii	(Schild) Giachini		
Phaeocollybia arduennensis	Bon	VU	Fungi	Basidiomycota	Agaricomycetes	Agaricales	Hymenogastraceae	Phaeocollybia	Phaeocollybia arduennensis	2528567	species	Phaeocollybia arduennensis	Bon		
Phaeocollybia christinae	(Fr.) R. R. Heim	LC	Fungi	Basidiomycota	Agaricomycetes	Agaricales	Hymenogastraceae	Phaeocollybia	Phaeocollybia christinae	3351252	species	Phaeocollybia christinae	(Fr.) R.Heim		
Phaeocollybia cidaris	(Fr.) R. R. Heim	EN	Fungi	Basidiomycota	Agaricomycetes	Agaricales	Hymenogastraceae	Phaeocollybia	Phaeocollybia cidaris	3351219	species	Phaeocollybia cidaris	(Fr.) Romagn.		
Phaeocollybia festiva	(Fr.) R. R. Heim	EN	Fungi	Basidiomycota	Agaricomycetes	Agaricales	Hymenogastraceae	Phaeocollybia	Phaeocollybia festiva	2528572	species	Phaeocollybia festiva	(Fr.) R.Heim		
Phaeocollybia jennyae	(P. Karst.) R. R. Heim	EN	Fungi	Basidiomycota	Agaricomycetes	Agaricales	Hymenogastraceae	Phaeocollybia	Phaeocollybia jennyae	2528569	species	Phaeocollybia jennyae	(P.Karst.) Romagn.		
Phaeocollybia lugubris	(Fr.) R. R. Heim	LC	Fungi	Basidiomycota	Agaricomycetes	Agaricales	Hymenogastraceae	Phaeocollybia	Phaeocollybia lugubris	2528575	species	Phaeocollybia lugubris	(Fr.) R.Heim		
Phaeogalera medullosa	(Bres.) M.M. Moser	LC	Fungi	Basidiomycota	Agaricomycetes	Agaricales	Hymenogastraceae	Psilocybe	Psilocybe medullosa	5459286	species	Psilocybe medullosa	(Bres.) Borov.		
Phaeogalera stagnina	(Fr.) Kuehner	EN	Fungi	Basidiomycota	Agaricomycetes	Agaricales	Hymenogastraceae	Phaeogalera	Phaeogalera stagnina	8317560	species	Phaeogalera stagnina	(Fr.) Kühner		
Phaeohelotium fulvidulum	(Boud.) Baral & Declercq	DD	Fungi	Ascomycota	Leotiomycetes	Helotiales	Helotiaceae	Phaeohelotium	Phaeohelotium fulvidulum	8159768	species	Phaeohelotium fulvidulum	(Boud.) Baral & Declercq		
Phaeohelotium geogenum	(Cooke) Svrcek et Matheis	DD	Fungi	Ascomycota	Leotiomycetes	Helotiales	Helotiaceae	Hymenoscyphus	Hymenoscyphus geogenum	9766752	species	Hymenoscyphus geogenum	(Cooke) Milekhin & Prokhorov		
Phaeohelotium imberbe	(Bull.) Svrcek	DD	Fungi	Ascomycota	Leotiomycetes	Helotiales	Helotiaceae	Hymenoscyphus	Hymenoscyphus imberbis	2582202	species	Hymenoscyphus imberbis	(Bull.) Dennis		
Phaeohelotium monticola	(Berk.) Dennis	NT	Fungi	Ascomycota	Leotiomycetes	Helotiales	Helotiaceae	Hymenoscyphus	Hymenoscyphus monticola	5952911	species	Hymenoscyphus monticola	(Berk.) Baral		
Phaeohelotium subcarneum	(Schum. ex Sacc.) Dennis	LC	Fungi	Ascomycota	Leotiomycetes	Helotiales	Helotiaceae	Phaeohelotium	Phaeohelotium carneum	3488299	species	Phaeohelotium carneum	(Fr.) Hengstm.		
Phaeolepiota aurea	(Matt.: Fr.) Maire	LC	Fungi	Basidiomycota	Agaricomycetes	Agaricales	Tricholomataceae	Phaeolepiota	Phaeolepiota aurea	2535253	species	Phaeolepiota aurea	(Matt.) Maire		
Phaeolus schweinitzii	(Fr.: Fr.) Pat.	LC	Fungi	Basidiomycota	Agaricomycetes	Polyporales	Laetiporaceae	Phaeolus	Phaeolus schweinitzii	2542126	species	Phaeolus schweinitzii	(Fr.) Pat.		
Phaeomarasmius erinaceus	(Fr.) Kuehner	VU	Fungi	Basidiomycota	Agaricomycetes	Agaricales	Tubariaceae	Phaeomarasmius	Phaeomarasmius erinaceus	2528494	species	Phaeomarasmius erinaceus	(Fr.) Scherff. ex Romagn.		
Phaeopezia apiculata	(Cooke) Sacc.	LC	Fungi	Ascomycota	Pezizomycetes	Pezizales	Pezizaceae	Phaeopezia	Phaeopezia apiculata	2595262	species	Phaeopezia apiculata	(Cooke) Sacc.		
Phallogaster saccatus	Morgan	VU	Fungi	Basidiomycota	Agaricomycetes	Hysterangiales	Phallogastraceae	Phallogaster	Phallogaster saccatus	3352061	species	Phallogaster saccatus	Morgan		
Phallus hadriani	Vent.ex Pers.	VU	Fungi	Basidiomycota	Agaricomycetes	Phallales	Phallaceae	Phallus	Phallus hadriani	2524103	species	Phallus hadriani	Vent.		author_mismatch
Phallus impudicus	L. ex Pers.	LC	Fungi	Basidiomycota	Agaricomycetes	Phallales	Phallaceae	Phallus	Phallus impudicus	3314876	species	Phallus impudicus	L.		
Phanerochaete binucleospordida	Boidin, Lanquetin et Gilles	DD	Fungi	Basidiomycota	Agaricomycetes	Polyporales	Phanerochaetaceae	Phanerochaete	Phanerochaete binucleospordida	2541351	species	Phanerochaete binucleospordida	Boidin, Lanq. & Gilles		
Phanerochaete calotricha	(P. Karst.) J. Erikss. et Ryvarden	LC	Fungi	Basidiomycota	Agaricomycetes	Polyporales	Phanerochaetaceae	Phanerochaete	Phanerochaete calotricha	2541376	species	Phanerochaete calotricha	(P.Karst.) J.Erikss. & Ryvarden		
Phanerochaete jose-ferreirae	(D.A. Reid) D.A. Reid	DD	Fungi	Basidiomycota	Agaricomycetes	Polyporales	Phanerochaetaceae	Phanerochaete	Phanerochaete jose-ferreirae	2541477	species	Phanerochaete jose-ferreirae	(D.A.Reid) D.A.Reid		
Phanerochaete laevis	(Fr.) J. Erikss. et Ryvarden	LC	Fungi	Basidiomycota	Agaricomycetes	Polyporales	Phanerochaetaceae	Phanerochaete	Phanerochaete laevis	2541425	species	Phanerochaete laevis	(Fr.) J.Erikss. & Ryvarden		
Phanerochaete magnoliae	(Berk. et M.A. Curtis) Burds.	DD	Fungi	Basidiomycota	Agaricomycetes	Polyporales	Phanerochaetaceae	Phanerodontia	Phanerodontia magnoliae	5955150	species	Phanerodontia magnoliae	(Berk. & M.A.Curtis) Hjortstam & Ryvarden		
Phanerochaete martelliana	(Bres.) J. Erikss. et Ryvarden	EN	Fungi	Basidiomycota	Agaricomycetes	Polyporales	Phanerochaetaceae	Phanerochaete	Phanerochaete martelliana	2541366	species	Phanerochaete martelliana	(Bres.) J.Erikss. & Ryvarden		
Phanerochaete pallidovirens	(Bourdot et Galzin) Hjortstam	DD	Fungi	Basidiomycota	Agaricomycetes	Polyporales	Irpicaceae	Efibula	Efibula pallidovirens	3557877	species	Efibula pallidovirens	(Bourdot & Galzin) Sheng H.Wu		
Phanerochaete sanguinea	(Fr.) Pouzar	LC	Fungi	Basidiomycota	Agaricomycetes	Polyporales	Phanerochaetaceae	Atheliachaete	Atheliachaete sanguinea	7500742	species	Atheliachaete sanguinea	(Fr.) Spirin & Zmitr.		
Phanerochaete sordida	(P. Karst.) J. Erikss. et Ryvarden	LC	Fungi	Basidiomycota	Agaricomycetes	Polyporales	Phanerochaetaceae	Phanerochaete	Phanerochaete sordida	2541441	species	Phanerochaete sordida	(P.Karst.) J.Erikss. & Ryvarden		
Phanerochaete subcrenulata	ined.	DD							Phanerochaete subcrenulata						not_found
Phanerochaete tuberculata	(P. Karst.) Parmasto	LC	Fungi	Basidiomycota	Agaricomycetes	Polyporales	Irpicaceae	Efibula	Efibula tuberculata	2541559	species	Efibula tuberculata	(P.Karst.) Zmitr. & Spirin		
Phanerochaete velutina	(DC.: Fr.) P. Karst.	LC	Fungi	Basidiomycota	Agaricomycetes	Polyporales	Phanerochaetaceae	Phanerochaete	Phanerochaete velutina	9049456	species	Phanerochaete velutina	(DC.) P.Karst.		
Phellinidium ferrugineofuscum	(P. Karst.) Fiasson & Niemelä	EN	Fungi	Basidiomycota	Agaricomycetes	Hymenochaetales	Hymenochaetaceae	Phellinidium	Phellinidium ferrugineofuscum	2520051	species	Phellinidium ferrugineofuscum	(P.Karst.) Fiasson & Niemelä		
Phellinopsis conchata	(Pers.) Y.C. Dai	LC	Fungi	Basidiomycota	Agaricomycetes	Hymenochaetales	Hymenochaetaceae	Phellinopsis	Phellinopsis conchata	7624816	species	Phellinopsis conchata	(Pers.) Y.C.Dai		
Phellinus igniarius	(L.: Fr.) Quel.	LC	Fungi	Basidiomycota	Agaricomycetes	Hymenochaetales	Hymenochaetaceae	Phellinus	Phellinus igniarius	2520862	species	Phellinus igniarius	(L.) Quél.		
Phellinus laevigatus	(Fr. ex P. Karst.) Bourdot et Galzin	VU	Fungi	Basidiomycota	Agaricomycetes	Hymenochaetales	Hymenochaetaceae	Phellinus	Phellinus laevigatus	2520484	species	Phellinus laevigatus	(P.Karst.) Bourdot & Galzin		
Phellinus lundellii	Niemelae	EN	Fungi	Basidiomycota	Agaricomycetes	Hymenochaetales	Hymenochaetaceae	Phellinus	Phellinus lundellii	2520667	species	Phellinus lundellii	Niemelä		
Phellinus nigricans	(Fr.: Fr.) P. Karst.	EN	Fungi	Basidiomycota	Agaricomycetes	Hymenochaetales	Hymenochaetaceae	Phellinus	Phellinus igniarius	2520862	species	Phellinus igniarius	(L.) Quél.		
Phellinus populicola	Niemelae	DD	Fungi	Basidiomycota	Agaricomycetes	Hymenochaetales	Hymenochaetaceae	Phellinus	Phellinus populicola	2520859	species	Phellinus populicola	Niemelä		
Phellinus rhamni	(Bondartsev) H. Jahn	EN	Fungi	Basidiomycota	Agaricomycetes	Hymenochaetales	Hymenochaetaceae	Phellinus	Phellinus rhamni	2520764	species	Phellinus rhamni	(Bondartseva) H.Jahn		
Phellinus tremulae	(Bondartsev) Bondartsev et Borissov	VU	Fungi	Basidiomycota	Agaricomycetes	Hymenochaetales	Hymenochaetaceae	Phellinus	Phellinus tremulae	2520773	species	Phellinus tremulae	(Bondartsev) Bondartsev & P.N.Borisov		
Phellinus trivialis	(Bres.) Kreisel	DD	Fungi	Basidiomycota	Agaricomycetes	Hymenochaetales	Hymenochaetaceae	Phellinus	Phellinus igniarius	2520862	species	Phellinus igniarius	(L.) Quél.		
Phellinus tuberculosus	(Baumg.) Niemelae	LC	Fungi	Basidiomycota	Agaricomycetes	Hymenochaetales	Hymenochaetaceae	Phellinus	Phellinus pomaceus	2520205	species	Phellinus pomaceus	(Pers.) Maire		
Phellodon confluens	(Pers.) Pouzar	VU	Fungi	Basidiomycota	Agaricomycetes	Thelephorales	Thelephoraceae	Phellodon	Phellodon confluens	2522158	species	Phellodon confluens	(Pers.) Pouzar		
Phellodon fuligineoalbus	(J.C. Schmidt) R.E. Baird	EN	Fungi	Basidiomycota	Agaricomycetes	Thelephorales	Thelephoraceae	Phellodon	Phellodon fuligineoalbus	7562246	species	Phellodon fuligineoalbus	(J.C.Schmidt) R.E.Baird		
Phellodon melaleucus	(Fr.: Fr.) P. Karst.	VU	Fungi	Basidiomycota	Agaricomycetes	Thelephorales	Thelephoraceae	Phellodon	Phellodon melaleucus	2522137	species	Phellodon melaleucus	(Sw. ex Fr.) P.Karst.		
Phellodon niger	(Fr.: Fr.) P. Karst.	VU	Fungi	Basidiomycota	Agaricomycetes	Thelephorales	Thelephoraceae	Phellodon	Phellodon niger	2522192	species	Phellodon niger	(Fr.) P.Karst.		
Phellodon tomentosus	(L.: Fr.) Banker	LC	Fungi	Basidiomycota	Agaricomycetes	Thelephorales	Thelephoraceae	Phellodon	Phellodon tomentosus	2522171	species	Phellodon tomentosus	(L.) Banker		
Phellodon violascens	(Alb. & Schwein.) A.M. Ainsw.	VU	Fungi	Basidiomycota	Agaricomycetes	Thelephorales	Thelephoraceae	Phellodon	Phellodon violascens	10797381	species	Phellodon violascens	(Alb. & Schwein.) A.M.Ainsw.		
Phellopilus nigrolimitatus	(Romell) Niemelä, T. Wagner & M. Fisch.	EN	Fungi	Basidiomycota	Agaricomycetes	Hymenochaetales	Hymenochaetaceae	Phellopilus	Phellopilus nigrolimitatus	2519816	species	Phellopilus nigrolimitatus	(Romell) Niemelä, T.Wagner & M.Fisch.		
Phlebia albida	H. Post	DD	Fungi	Basidiomycota	Agaricomycetes	Polyporales	Meruliaceae	Cytidiella	Cytidiella albida	12216396	species	Cytidiella albida	(H.Post) C.C.Chen & Sheng H.Wu		
Phlebia centrifuga	P. Karst.	DD	Fungi	Basidiomycota	Agaricomycetes	Polyporales	Meruliaceae	Hermanssonia	Hermanssonia centrifuga	10798844	species	Hermanssonia centrifuga	(P.Karst.) Zmitr.		
Phlebia cornea	(Bourdot et Galzin) Parmasto	DD	Fungi	Basidiomycota	Agaricomycetes	Polyporales	Sparassidaceae	Crustoderma	Crustoderma corneum	2543720	species	Crustoderma corneum	(Bourdot & Galzin) Nakasone		
Phlebia cremeo-ochracea	(Bourdot et Galzin) Parmasto	DD	Fungi	Basidiomycota	Agaricomycetes	Polyporales	Phanerochaetaceae	Phanerochaete	Phanerochaete cremeo-ochracea	3362767	species	Phanerochaete cremeo-ochracea	(Bourdot & Galzin) Hjortstam		
Phlebia deflectens	(P. Karst.) Ryvarden	DD	Fungi	Basidiomycota	Agaricomycetes	Polyporales	Phanerochaetaceae	Efibulella	Efibulella deflectens	10742261	species	Efibulella deflectens	(P.Karst.) Zmitr.		
Phlebia griseoflavescens	(Litsch.) J. Erikss. et Hjortstam	DD	Fungi	Basidiomycota	Agaricomycetes	Polyporales	Fomitopsidaceae	Antrodia	Antrodia griseoflavescens	10783355	species	Antrodia griseoflavescens	(Litsch.) Runnel, Spirin & K.H.Larss.		
Phlebia lilascens	(Bourdot) J. Erikss. et Hjortstam	LC	Fungi	Basidiomycota	Agaricomycetes	Polyporales	Meruliaceae	Phlebia	Phlebia lilascens	2544912	species	Phlebia lilascens	(Bourdot) J.Erikss. & Hjortstam		
Phlebia livida	(Pers.: Fr.) Bres.	LC	Fungi	Basidiomycota	Agaricomycetes	Polyporales	Meruliaceae	Mycoacia	Mycoacia livida	10716448	species	Mycoacia livida	(Pers.) Zmitr.		
Phlebia ochraceofulva	(Bourdot et Galzin) Donk	DD	Fungi	Basidiomycota	Agaricomycetes	Polyporales	Meruliaceae	Lilaceophlebia	Lilaceophlebia ochraceofulva	2545063	species	Lilaceophlebia ochraceofulva	(Bourdot & Galzin) Spirin & Zmitr.		
Phlebia pallidolivens	(Bourdot et Galzin) Parmasto	DD	Fungi	Basidiomycota	Agaricomycetes	Polyporales	Meruliaceae	Phlebia	Phlebia pallidolivens	2545037	species	Phlebia pallidolivens	(Bourdot & Galzin) Parmasto		
Phlebia queletii	(Bourdot et Galzin) M.P. Christ.	DD	Fungi	Basidiomycota	Agaricomycetes	Polyporales	Steccherinaceae	Cabalodontia	Cabalodontia queletii	2545268	species	Cabalodontia queletii	(Bourdot & Galzin) Piątek		
Phlebia radiata	Fr.	LC	Fungi	Basidiomycota	Agaricomycetes	Polyporales	Meruliaceae	Phlebia	Phlebia radiata	2545089	species	Phlebia radiata	Fr.		
Phlebia rufa	(Fr.) M.P. Christ.	LC	Fungi	Basidiomycota	Agaricomycetes	Polyporales	Meruliaceae	Phlebia	Phlebia rufa	2545043	species	Phlebia rufa	(Pers.) M.P.Christ.		
Phlebia segregata	(Bourdot et Galzin) Parmasto	DD	Fungi	Basidiomycota	Agaricomycetes	Polyporales	Meruliaceae	Phlebia	Phlebia segregata	2545011	species	Phlebia segregata	(Bourdot & Galzin) Parmasto		
Phlebia subcretacea	(Litsch.) M.P. Christ.	DD	Fungi	Basidiomycota	Agaricomycetes	Polyporales	Steccherinaceae	Cabalodontia	Cabalodontia subcretacea	2545261	species	Cabalodontia subcretacea	(Litsch.) Piątek		
Phlebia subochracea	(Bres.) J. Erikss. et Ryvarden	DD	Fungi	Basidiomycota	Agaricomycetes	Polyporales	Meruliaceae	Phlebiodontia	Phlebiodontia subochracea	12189932	species	Phlebiodontia subochracea	(Bres.) Motato-Vásq. & Gugliotta		
Phlebia subserialis	(Bourdot et Galzin) Donk	DD	Fungi	Basidiomycota	Agaricomycetes	Polyporales	Meruliaceae	Phlebia	Phlebia subserialis	2545085	species	Phlebia subserialis	(Bourdot & Galzin) Donk		
Phlebiella ardosiaca	(Bourdot et Galzin) Larss. et Hjortst.	DD	Fungi	Basidiomycota	Agaricomycetes	Russulales	Xenasmataceae	Xenasmatella	Xenasmatella ardosiaca	2549499	species	Xenasmatella ardosiaca	(Bourdot & Galzin) Stalpers		
Phlebiella borealis	K.H. Larss. & Hjortstam	DD	Fungi	Basidiomycota	Agaricomycetes	Russulales	Xenasmataceae	Xenasmatella	Xenasmatella borealis	7425947	species	Xenasmatella borealis	(K.H.Larss. & Hjortstam) Duhem		
Phlebiella christiansenii	(Parmasto) K.H. Larss. et Hjortstam	DD	Fungi	Basidiomycota	Agaricomycetes	Russulales	Xenasmataceae	Xenasmatella	Xenasmatella christiansenii	2550184	species	Xenasmatella christiansenii	(Parmasto) Stalpers		
Phlebiella fibrillosa	(Hallenb.) K.H. Larss. et Hjortstam	DD	Fungi	Basidiomycota	Agaricomycetes	Russulales	Xenasmataceae	Xenasmatella	Xenasmatella fibrillosa	2550196	species	Xenasmatella fibrillosa	(Hallenb.) Stalpers		
Phlebiella filicina	(Bourdot) K.H. Larss. et Hjortstam	DD	Fungi	Basidiomycota	Agaricomycetes	Agaricales	Radulomycetaceae	Aphanobasidium	Aphanobasidium filicinum	2550213	species	Aphanobasidium filicinum	(Bourdot) Jülich		
Phlebiella romellii	(Hjortstam) K.H. Larss. et Hjortstam	DD	Fungi	Basidiomycota	Agaricomycetes	Russulales	Xenasmataceae	Xenasmatella	Xenasmatella romellii	2549491	species	Xenasmatella romellii	Hjortstam		
Phlebiella sphaerospora	(Boidin et Gilles) K.H. Larss. et Hjortstam	DD							Phlebiella sphaerospora						not_found
Phlebiella subflavidogrisea	(Litsch.) Oberw.	DD	Fungi	Basidiomycota	Agaricomycetes	Russulales	Xenasmataceae	Xenasmatella	Xenasmatella subflavidogrisea	7364938	species	Xenasmatella subflavidogrisea	(Litsch.) Oberw. ex Jülich		
Phlebiella tulasnelloidea	(Hoehn. et Litsch.) Oberw.	LC	Fungi	Basidiomycota	Agaricomycetes	Russulales	Xenasmataceae	Xenasma	Xenasma tulasnelloideum	2549469	species	Xenasma tulasnelloideum	(Höhn. & Litsch.) Donk		
Phlebiella vaga	(Fr.) P. Karst.	VU	Fungi	Basidiomycota	Agaricomycetes	Russulales	Xenasmataceae	Xenasmatella	Xenasmatella vaga	2549502	species	Xenasmatella vaga	(Fr.) Stalpers		
Phlebiopsis gigantea	(Fr.) Juelich	LC	Fungi	Basidiomycota	Agaricomycetes	Polyporales	Phanerochaetaceae	Phlebiopsis	Phlebiopsis gigantea	8899548	species	Phlebiopsis gigantea	(Fr.) Jülich		
Phlebiopsis ravenelii	(Cooke) Hjortstam	LC	Fungi	Basidiomycota	Agaricomycetes	Polyporales	Phanerochaetaceae	Phaeophlebiopsis	Phaeophlebiopsis ravenelii	10801525	species	Phaeophlebiopsis ravenelii	(Cooke) Zmitr.		
Phloeomana alba	(Bres.) Redhead	LC	Fungi	Basidiomycota	Agaricomycetes	Agaricales	Porotheleaceae	Phloeomana	Phloeomana alba	8041067	species	Phloeomana alba	(Bres.) Redhead		
Phloeomana clavata	(Peck) Redhead	LC	Fungi	Basidiomycota	Agaricomycetes	Agaricales	Porotheleaceae	Phloeomana	Phloeomana clavata	9727550	species	Phloeomana clavata	(Peck) Redhead		
Phloeomana hiemalis	(Osbeck) Redhead	LC	Fungi	Basidiomycota	Agaricomycetes	Agaricales	Porotheleaceae	Phloeomana	Phloeomana hiemalis	8014687	species	Phloeomana hiemalis	(Osbeck) Redhead		
Phloeomana minutula	(Sacc.) Redhead	VU	Fungi	Basidiomycota	Agaricomycetes	Agaricales	Porotheleaceae	Phloeomana	Phloeomana minutula	7919483	species	Phloeomana minutula	(Sacc.) Redhead		
Phloeomana speirea	(Fr.) Redhead	LC	Fungi	Basidiomycota	Agaricomycetes	Agaricales	Porotheleaceae	Phloeomana	Phloeomana speirea	8213692	species	Phloeomana speirea	(Fr.) Redhead		
Pholiota adiposa	(Batsch: Fr.) P. Kumm.	LC	Fungi	Basidiomycota	Agaricomycetes	Agaricales	Strophariaceae	Pholiota	Pholiota adiposa	2534085	species	Pholiota adiposa	(Batsch) P.Kumm.		
Pholiota carbonaria	(Fr.: Fr.) Singer	LC	Fungi	Basidiomycota	Agaricomycetes	Agaricales	Strophariaceae	Pholiota	Pholiota carbonaria	9154129	species	Pholiota carbonaria	(Fr.) Singer		
Pholiota cerifera	(P. Karst.) P. Karst.	NT	Fungi	Basidiomycota	Agaricomycetes	Agaricales	Strophariaceae	Pholiota	Pholiota aurivella	2534102	species	Pholiota aurivella	(Batsch) P.Kumm.		
Pholiota conissans	(Fr.) M.M. Moser	NT	Fungi	Basidiomycota	Agaricomycetes	Agaricales	Strophariaceae	Pholiota	Pholiota conissans	2534143	species	Pholiota conissans	(Fr.) M.M.Moser		
Pholiota flammans	(Fr.) P. Kumm.	LC	Fungi	Basidiomycota	Agaricomycetes	Agaricales	Strophariaceae	Pholiota	Pholiota flammans	2534175	species	Pholiota flammans	(Batsch) P.Kumm.		
Pholiota fusa	(Batsch: Fr.) Singer	DD	Fungi	Basidiomycota	Agaricomycetes	Agaricales	Strophariaceae	Pholiota	Pholiota fusa	3562911	species	Pholiota fusa	(Batsch) Singer		
Pholiota gummosa	(Lasch) Singer	LC	Fungi	Basidiomycota	Agaricomycetes	Agaricales	Strophariaceae	Pholiota	Pholiota gummosa	2534248	species	Pholiota gummosa	(Lasch) Singer		
Pholiota henningsii	(Bres.) P.D. Orton	CR	Fungi	Basidiomycota	Agaricomycetes	Agaricales	Strophariaceae	Pholiota	Pholiota henningsii	2534089	species	Pholiota henningsii	(Bres.) P.D.Orton		
Pholiota heteroclita	(Fr.) Quel.	EN	Fungi	Basidiomycota	Agaricomycetes	Agaricales	Strophariaceae	Pholiota	Pholiota heteroclita	2534138	species	Pholiota heteroclita	(Fr.) Quél.		
Pholiota jahnii	Tjall.-Beuk. et Bas	NT	Fungi	Basidiomycota	Agaricomycetes	Agaricales	Strophariaceae	Pholiota	Pholiota jahnii	2534190	species	Pholiota jahnii	Tjall.-Beuk. & Bas		
Pholiota lenta	(Pers.:Fr.) Singer	LC	Fungi	Basidiomycota	Agaricomycetes	Agaricales	Strophariaceae	Pholiota	Pholiota lenta	9091857	species	Pholiota lenta	(Pers.) Singer		
Pholiota limonella	(Peck) Sacc.	EN	Fungi	Basidiomycota	Agaricomycetes	Agaricales	Strophariaceae	Pholiota	Pholiota limonella	2534267	species	Pholiota limonella	(Peck) Sacc.		
Pholiota lubrica	(Pers.:Fr.) Singer	LC	Fungi	Basidiomycota	Agaricomycetes	Agaricales	Strophariaceae	Pholiota	Pholiota lubrica	2534112	species	Pholiota lubrica	(Pers.) Singer		
Pholiota lucifera	(Lasch) Quel.	VU	Fungi	Basidiomycota	Agaricomycetes	Agaricales	Strophariaceae	Pholiota	Pholiota lucifera	2534216	species	Pholiota lucifera	(Lasch) Quél.		
Pholiota mixta	(Fr.) Kuyper et Tjall.-Beuk.	DD	Fungi	Basidiomycota	Agaricomycetes	Agaricales	Strophariaceae	Pholiota	Pholiota mixta	2534224	species	Pholiota mixta	(Fr.) Kuyper & Tjall.-Beuk.		
Pholiota nana	E. Horak	DD	Fungi	Basidiomycota	Agaricomycetes	Agaricales	Strophariaceae	Pholiota	Pholiota nana	3344078	species	Pholiota nana	E.Horak		
Pholiota populnea	(Pers.:Fr.) Kuyper et Tjall.	LC	Fungi	Basidiomycota	Agaricomycetes	Agaricales	Strophariaceae	Pholiota	Pholiota populnea	2534161	species	Pholiota populnea	(Pers.) Kuyper & Tjall.-Beuk.		
Pholiota scamba	(Fr.) M.M. Moser	LC	Fungi	Basidiomycota	Agaricomycetes	Agaricales	Strophariaceae	Pholiota	Pholiota scamba	2534092	species	Pholiota scamba	(Fr.) M.M.Moser		
Pholiota spumosa	(Fr.) Singer	NT	Fungi	Basidiomycota	Agaricomycetes	Agaricales	Strophariaceae	Pholiota	Pholiota spumosa	9109424	species	Pholiota spumosa	(Fr.) Singer		
Pholiota squarrosa	(O.F. Muell.: Fr.) P. Kumm.	LC	Fungi	Basidiomycota	Agaricomycetes	Agaricales	Strophariaceae	Pholiota	Pholiota squarrosa	2534205	species	Pholiota squarrosa	(Vahl) P.Kumm.		
Pholiota subochracea	(A.H. Sm.) Singer & Hesler	VU	Fungi	Basidiomycota	Agaricomycetes	Agaricales	Strophariaceae	Pholiota	Pholiota subochracea	2534079	species	Pholiota subochracea	(A.H.Sm.) A.H.Sm. & Hesler		
Pholiota subsquarrosa	(Fr.) Ricken	DD	Fungi	Basidiomycota	Agaricomycetes	Agaricales	Strophariaceae	Pholiota	Pholiota subsquarrosa	7622228	species	Pholiota subsquarrosa	(Fr.) Sacc.		no_author_match
Pholiota tuberculosa	(Schaeff.: Fr.) P. Kumm.	VU	Fungi	Basidiomycota	Agaricomycetes	Agaricales	Strophariaceae	Pholiota	Pholiota tuberculosa	2534278	species	Pholiota tuberculosa	(Schaeff.) P.Kumm.		
Pholiotina aberrans	(Kuehner) Singer	LC	Fungi	Basidiomycota	Agaricomycetes	Agaricales	Bolbitiaceae	Conocybe	Conocybe aberrans	8355936	species	Conocybe aberrans	(Kühner) Kühner		
Pholiotina aeruginosa	(Romagn.) Moser	EN	Fungi	Basidiomycota	Agaricomycetes	Agaricales	Bolbitiaceae	Conocybe	Conocybe aeruginosa	2529921	species	Conocybe aeruginosa	Romagn.		
Pholiotina aporos	Kits van Wav.	LC	Fungi	Basidiomycota	Agaricomycetes	Agaricales	Bolbitiaceae	Conocybe	Conocybe aporos	2529944	species	Conocybe aporos	Kits van Wav.		author_mismatch
Pholiotina appendiculata	(J. Lange et Kuehner) Singer	LC	Fungi	Basidiomycota	Agaricomycetes	Agaricales	Bolbitiaceae	Conocybe	Conocybe velata	2529771	species	Conocybe velata	(Velen.) Watling		
Pholiotina arrhenii	(Fr.) Kits van Wav.	LC	Fungi	Basidiomycota	Agaricomycetes	Agaricales	Bolbitiaceae	Conocybe	Conocybe arrhenii	2529810	species	Conocybe arrhenii	(Fr.) Kits van Wav.		author_mismatch
Pholiotina blattaria	(Fr.) Fayod	LC	Fungi	Basidiomycota	Agaricomycetes	Agaricales	Bolbitiaceae	Pholiotina	Pholiotina blattaria	2529939	species	Pholiotina blattaria	(Fr.) Fayod		
Pholiotina brunnea	(J. Lange et Kuehner) Singer	LC	Fungi	Basidiomycota	Agaricomycetes	Agaricales	Bolbitiaceae	Conocybe	Conocybe brunnea	2529761	species	Conocybe brunnea	J.E.Lange & Kühner ex Watling		
Pholiotina coprophila	(Kuehner) Singer	LC	Fungi	Basidiomycota	Agaricomycetes	Agaricales	Bolbitiaceae	Conocybe	Conocybe coprophila	8419662	species	Conocybe coprophila	(Kühner) Kühner		
Pholiotina cyanopus	(G.F. Atk.) Singer	EN	Fungi	Basidiomycota	Agaricomycetes	Agaricales	Bolbitiaceae	Pholiotina	Pholiotina cyanopus	2529947	species	Pholiotina cyanopus	(G.F.Atk.) Singer		
Pholiotina dentatomarginata	(Watling) Enderle	DD	Fungi	Basidiomycota	Agaricomycetes	Agaricales	Bolbitiaceae	Conocybe	Conocybe dentatomarginata	2529778	species	Conocybe dentatomarginata	Watling		
Pholiotina exannulata	(Kuehner et Watling) M.M. Moser	DD	Fungi	Basidiomycota	Agaricomycetes	Agaricales	Bolbitiaceae	Conocybe	Conocybe exannulata	2529821	species	Conocybe exannulata	Kühner & Watling		
Pholiotina filaris	(Fr.) Kuehner	LC	Fungi	Basidiomycota	Agaricomycetes	Agaricales	Bolbitiaceae	Conocybe	Conocybe filaris	2529789	species	Conocybe filaris	(Fr.) Kühner		author_mismatch
Pholiotina hadrocystis	(Kits van Wav.) Courtecuisse	DD	Fungi	Basidiomycota	Agaricomycetes	Agaricales	Bolbitiaceae	Conocybe	Conocybe hadrocystis	2529910	species	Conocybe hadrocystis	(Kits van Wav.) Watling		
Pholiotina intermedia	(A.H. Sm.) Singer	DD	Fungi	Basidiomycota	Agaricomycetes	Agaricales	Bolbitiaceae	Conocybe	Conocybe intermedia	7648745	species	Conocybe intermedia	Kühner		
Pholiotina mairei	(Kuehner) Singer	LC	Fungi	Basidiomycota	Agaricomycetes	Agaricales	Bolbitiaceae	Conocybe	Conocybe mairei	2529954	species	Conocybe mairei	Kühner ex Watling		
Pholiotina pygmaeoaffinis	(Fr.) Singer	LC	Fungi	Basidiomycota	Agaricomycetes	Agaricales	Bolbitiaceae	Conocybe	Conocybe pygmaeoaffinis	8277902	species	Conocybe pygmaeoaffinis	(Fr.) Kühner		
Pholiotina striaepes	(Cooke) Lundell	NT	Fungi	Basidiomycota	Agaricomycetes	Agaricales	Bolbitiaceae	Pholiotina	Pholiotina striipes	7244994	species	Pholiotina striipes	(Cooke) Singer		author_mismatch
Pholiotina teneroides	(J. Lange) Singer	LC	Fungi	Basidiomycota	Agaricomycetes	Agaricales	Bolbitiaceae	Pholiotina	Pholiotina teneroides	2529943	species	Pholiotina teneroides	(J.E.Lange) Singer		
Pholiotina vestita	(Fr.) Singer	LC	Fungi	Basidiomycota	Agaricomycetes	Agaricales	Bolbitiaceae	Conocybe	Conocybe vestita	2529806	species	Conocybe vestita	(Fr.) Kühner		
Pholiotina vexans	(P.D. Orton) Bon	LC	Fungi	Basidiomycota	Agaricomycetes	Agaricales	Bolbitiaceae	Conocybe	Conocybe vexans	2529734	species	Conocybe vexans	P.D.Orton		
Phragmoxenidium mycophilum	Oberw. & Schneller	DD	Fungi	Basidiomycota	Tremellomycetes	Tremellales	Phragmoxenidiaceae	Phragmoxenidium	Phragmoxenidium mycophilum	2518584	species	Phragmoxenidium mycophilum	Oberw. & Schneller		
Phylloporia ribis	(Schum.: Fr.) Ryv.	LC	Fungi	Basidiomycota	Agaricomycetes	Hymenochaetales	Hymenochaetaceae	Phylloporia	Phylloporia ribis	5237690	species	Phylloporia ribis	(Schumach.) Ryvarden		
Phylloporus pelletieri	(Lév.) Quél.	NT	Fungi	Basidiomycota	Agaricomycetes	Boletales	Boletaceae	Phylloporus	Phylloporus pelletieri	2524468	species	Phylloporus pelletieri	(Lév.) Quél.		
Phylloscypha coquandii	(Donadini) Van Vooren	DD	Fungi	Ascomycota	Pezizomycetes	Pezizales	Pezizaceae	Phylloscypha	Phylloscypha coquandii	12055317	species	Phylloscypha coquandii	(Donadini) Van Vooren		
Phylloscypha labessiana	(Boud.) Van Vooren, T. Richter & M. Vega	DD	Fungi	Ascomycota	Pezizomycetes	Pezizales	Pezizaceae	Phylloscypha	Phylloscypha labessiana	11782051	species	Phylloscypha labessiana	(Boud.) Van Vooren, T.Richter & M.Vega		
Phylloscypha phyllogena	(Cooke) Van Vooren	DD	Fungi	Ascomycota	Pezizomycetes	Pezizales	Pezizaceae	Phylloscypha	Phylloscypha phyllogena	11986601	species	Phylloscypha phyllogena	(Cooke) Van Vooren		
Phyllotopsis nidulans	(Pers.:Fr.) Singer	LC	Fungi	Basidiomycota	Agaricomycetes	Agaricales	Phyllotopsidaceae	Phyllotopsis	Phyllotopsis nidulans	2531625	species	Phyllotopsis nidulans	(Pers.) Singer		
Physisporinus sanguinolentus	(Alb. et Schwein.: Fr.) Pilat	LC	Fungi	Basidiomycota	Agaricomycetes	Polyporales	Meripilaceae	Rigidoporus	Rigidoporus sanguinolentus	2541046	species	Rigidoporus sanguinolentus	(Alb. & Schwein.) Donk		
Physisporinus vitreus	(Pers.: Fr.) P. Karst.	LC	Fungi	Basidiomycota	Agaricomycetes	Polyporales	Meruliaceae	Physisporinus	Physisporinus vitreus	2541148	species	Physisporinus vitreus	(Pers.) P.Karst.		
Piloderma byssinum	(Karst.) Juelich	LC	Fungi	Basidiomycota	Agaricomycetes	Atheliales	Atheliaceae	Piloderma	Piloderma byssinum	8395253	species	Piloderma byssinum	(P.Karst.) Jülich		
Piloderma fallax	(Lib.) Stalpers	LC	Fungi	Basidiomycota	Agaricomycetes	Atheliales	Atheliaceae	Piloderma	Piloderma bicolor	2554290	species	Piloderma bicolor	(Peck) Jülich		
Piptoporus betulinus	(Bull.: Fr.) P. Karst.	LC	Fungi	Basidiomycota	Agaricomycetes	Polyporales	Fomitopsidaceae	Fomitopsis	Fomitopsis betulina	9819973	species	Fomitopsis betulina	(Bull.) B.K.Cui, M.L.Han & Y.C.Dai		
Pirottaea aconiti	Petr.	DD	Fungi	Ascomycota	Leotiomycetes	Helotiales	Ploettnerulaceae	Pirottaea	Pirottaea aconiti	3488383	species	Pirottaea aconiti	Petr.		
Pirottaea adenostylidis	Nannf.	DD	Fungi	Ascomycota	Leotiomycetes	Helotiales	Ploettnerulaceae	Pirottaea	Pirottaea adenostylidis	3488411	species	Pirottaea adenostylidis	Nannf.		
Pirottaea brevipila	(Rob. ex Desm.) Boud.	DD	Fungi	Ascomycota	Leotiomycetes	Helotiales	Ploettnerulaceae	Pirottaea	Pirottaea brevipila	8369500	species	Pirottaea brevipila	(Roberge ex Desm.) J.Schröt.		
Pirottaea caesiella	(Bres.) Nannf.	DD	Fungi	Ascomycota	Leotiomycetes	Helotiales	Ploettnerulaceae	Pirottaea	Pirottaea caesiella	2583618	species	Pirottaea caesiella	(Bres.) Nannf.		
Pirottaea geraniicola	Nannf.	DD	Fungi	Ascomycota	Leotiomycetes	Helotiales	Ploettnerulaceae	Pirottaea	Pirottaea geraniicola	3488375	species	Pirottaea geraniicola	Nannf.		
Pirottaea senecionis	(Cke et Phill.) Nannf.	DD	Fungi	Ascomycota	Leotiomycetes	Helotiales	Ploettnerulaceae	Pirottaea	Pirottaea senecionis	2583629	species	Pirottaea senecionis	(Cooke & W.Phillips) Nannf.		
Pisolithus arhizus	(Pers.) Rauschert	DD	Fungi	Basidiomycota	Agaricomycetes	Boletales	Sclerodermataceae	Pisolithus	Pisolithus arhizus	2525455	species	Pisolithus arhizus	(Scop.) Rauschert		
Pithya cupressina	(Batsch ex Fr.) Fuckel	VU	Fungi	Ascomycota	Pezizomycetes	Pezizales	Sarcoscyphaceae	Pithya	Pithya cupressina	8555773	species	Pithya cupressina	(Batsch) Fuckel		
Pithya vulgaris	Fuckel	DD	Fungi	Ascomycota	Pezizomycetes	Pezizales	Sarcoscyphaceae	Pithya	Pithya vulgaris	2594883	species	Pithya vulgaris	Fuckel		
Plectania melastoma	(Sowerby: Fr.) Fuckel	EN	Fungi	Ascomycota	Pezizomycetes	Pezizales	Sarcosomataceae	Plectania	Plectania melastoma	9226906	species	Plectania melastoma	(Sowerby) Fuckel		
Pleurocybella porrigens	(Pers.:Fr.) Singer	VU	Fungi	Basidiomycota	Agaricomycetes	Agaricales	Marasmiaceae	Pleurocybella	Pleurocybella porrigens	2538000	species	Pleurocybella porrigens	(Pers.) Singer		
Pleurotus cornucopiae	Paul.:Fr.	VU	Fungi	Basidiomycota	Agaricomycetes	Agaricales	Pleurotaceae	Pleurotus	Pleurotus cornucopiae	7830030	species	Pleurotus cornucopiae	(Paulet) Quél.		no_author_match
Pleurotus dryinus	(Pers.:Fr.) P. Kumm.	NT	Fungi	Basidiomycota	Agaricomycetes	Agaricales	Pleurotaceae	Pleurotus	Pleurotus dryinus	2526564	species	Pleurotus dryinus	(Pers.) P.Kumm.		
Pleurotus eryngii	(DC.: Fr.) Quel.	EN	Fungi	Basidiomycota	Agaricomycetes	Agaricales	Pleurotaceae	Pleurotus	Pleurotus eryngii	9075265	species	Pleurotus eryngii	(DC.) Quél.		
Pleurotus ostreatus	(Jacq.: Fr.) P. Kumm.	LC	Fungi	Basidiomycota	Agaricomycetes	Agaricales	Pleurotaceae	Pleurotus	Pleurotus ostreatus	2526530	species	Pleurotus ostreatus	(Jacq.) P.Kumm.		
Pleurotus pulmonarius	Fr.	NT	Fungi	Basidiomycota	Agaricomycetes	Agaricales	Pleurotaceae	Pleurotus	Pleurotus pulmonarius	2526548	species	Pleurotus pulmonarius	(Fr.) Quél.		author_mismatch
Plicaria anthracina	(Cooke) Boud.	NT	Fungi	Ascomycota	Pezizomycetes	Pezizales	Pyronemataceae	Plicaria	Plicaria carbonaria	5259198	species	Plicaria carbonaria	Fuckel		
Plicaria catinoides	(Fuckel) Rehm	DD							Plicaria catinoides						not_found
Plicaria endocarpoides	(Berk.) Rifai	DD	Fungi	Ascomycota	Pezizomycetes	Pezizales	Pyronemataceae	Plicaria	Plicaria endocarpoides	5259195	species	Plicaria endocarpoides	(Berk.) Rifai		
Plicaria leiocarpa	(Curr.) Boud.	DD	Fungi	Ascomycota	Pezizomycetes	Pezizales	Pyronemataceae	Plicaria	Plicaria endocarpoides	5259195	species	Plicaria endocarpoides	(Berk.) Rifai		
Plicaria trachycarpa	(Curr.) Boud.	DD	Fungi	Ascomycota	Pezizomycetes	Pezizales	Pyronemataceae	Plicaria	Plicaria trachycarpa	5259246	species	Plicaria trachycarpa	(Curr.) Boud.		
Plicatura crispa	(Pers.ex Fr.) Reid	LC	Fungi	Basidiomycota	Agaricomycetes	Amylocorticiales	Amylocorticiaceae	Plicaturopsis	Plicaturopsis crispa	2526725	species	Plicaturopsis crispa	(Pers.) D.A.Reid		
Plicatura nivea	(Schleich. ex Fr.) P. Karst.	LC	Fungi	Basidiomycota	Agaricomycetes	Agaricales		Plicatura	Plicatura nivea	2526716	species	Plicatura nivea	(Fr.) P.Karst.		
Pluteus alniphilus	Citerin et Eyssartier ad int.	DD	Fungi	Basidiomycota	Agaricomycetes	Agaricales	Pluteaceae	Pluteus	Pluteus alniphilus	5449815	species	Pluteus alniphilus	Deparis		author_mismatch
Pluteus atromarginatus	(Singer) Kuehner	LC	Fungi	Basidiomycota	Agaricomycetes	Agaricales	Pluteaceae	Pluteus	Pluteus atromarginatus	5241354	species	Pluteus atromarginatus	(Konrad) Kühner		
Pluteus aurantiorugosus	(Trog.) Sacc.	EN	Fungi	Basidiomycota	Agaricomycetes	Agaricales	Pluteaceae	Pluteus	Pluteus aurantiorugosus	5241254	species	Pluteus aurantiorugosus	(Trog) Sacc.		
Pluteus boudieri	P.D. Orton	DD	Fungi	Basidiomycota	Agaricomycetes	Agaricales	Pluteaceae	Pluteus	Pluteus plautus	5241290	species	Pluteus plautus	(Weinm.) Gillet		
Pluteus brunneoradiatus	J.Bonnard	LC	Fungi	Basidiomycota	Agaricomycetes	Agaricales	Pluteaceae	Pluteus	Pluteus cervinus	7446067	species	Pluteus cervinus	(Schaeff.) P.Kumm.		
Pluteus cervinus	(Schaeff.) P. Kumm.	LC	Fungi	Basidiomycota	Agaricomycetes	Agaricales	Pluteaceae	Pluteus	Pluteus cervinus	7446067	species	Pluteus cervinus	(Schaeff.) P.Kumm.		
Pluteus chrysophaeus	(Schff.:Fr.) Quel.	VU	Fungi	Basidiomycota	Agaricomycetes	Agaricales	Pluteaceae	Pluteus	Pluteus chrysophaeus	5241298	species	Pluteus chrysophaeus	(Schaeff.) Quél.		
Pluteus cinereofuscus	J.E. Lange	LC	Fungi	Basidiomycota	Agaricomycetes	Agaricales	Pluteaceae	Pluteus	Pluteus cinereofuscus	5241262	species	Pluteus cinereofuscus	J.E.Lange		
Pluteus curtisii	(Berk. et Broome) Sacc.	DD	Fungi	Basidiomycota	Agaricomycetes	Agaricales	Pluteaceae	Pluteus	Pluteus cervinus	7446067	species	Pluteus cervinus	(Schaeff.) P.Kumm.		
Pluteus cyanopus	(Quel.) Metrod	EN	Fungi	Basidiomycota	Agaricomycetes	Agaricales	Pluteaceae	Pluteus	Pluteus chrysophaeus	5241298	species	Pluteus chrysophaeus	(Schaeff.) Quél.		author_mismatch
Pluteus diettrichii	Bres.	LC	Fungi	Basidiomycota	Agaricomycetes	Agaricales	Pluteaceae	Pluteus	Pluteus diettrichii	5241337	species	Pluteus diettrichii	Bres.		
Pluteus ephebeus	(Fr.: Fr.) Gillet	VU	Fungi	Basidiomycota	Agaricomycetes	Agaricales	Pluteaceae	Pluteus	Pluteus ephebeus	5241286	species	Pluteus ephebeus	(Fr.) Gillet		
Pluteus exiguus	Pat.	LC	Fungi	Basidiomycota	Agaricomycetes	Agaricales	Pluteaceae	Pluteus	Pluteus exiguus	5241272	species	Pluteus exiguus	(Pat.) Sacc.		author_mismatch
Pluteus godeyi	Gillet	DD	Fungi	Basidiomycota	Agaricomycetes	Agaricales	Pluteaceae	Pluteus	Pluteus godeyi	5241266	species	Pluteus godeyi	Gillet		
Pluteus gracilis	(Bres.) J.E. Lange	DD	Fungi	Basidiomycota	Agaricomycetes	Agaricales	Pluteaceae	Pluteus	Pluteus plautus	5241290	species	Pluteus plautus	(Weinm.) Gillet		
Pluteus granulatus	Bres.	CR	Fungi	Basidiomycota	Agaricomycetes	Agaricales	Pluteaceae	Pluteus	Pluteus plautus	5241290	species	Pluteus plautus	(Weinm.) Gillet		
Pluteus hiatulus	Romagn.	CR	Fungi	Basidiomycota	Agaricomycetes	Agaricales	Pluteaceae	Pluteus	Pluteus hiatulus	5241324	species	Pluteus hiatulus	Romagn.		
Pluteus hispidulus	(Fr.: Fr.) Gillet	LC	Fungi	Basidiomycota	Agaricomycetes	Agaricales	Pluteaceae	Pluteus	Pluteus hispidulus	9066040	species	Pluteus hispidulus	(Fr.) Gillet		
Pluteus inquilinus	Romagn.	LC	Fungi	Basidiomycota	Agaricomycetes	Agaricales	Pluteaceae	Pluteus	Pluteus inquilinus	5241328	species	Pluteus inquilinus	Romagn.		
Pluteus insidiosus	Vellinga et Schreurs	DD	Fungi	Basidiomycota	Agaricomycetes	Agaricales	Pluteaceae	Pluteus	Pluteus insidiosus	5241330	species	Pluteus insidiosus	Vellinga & Schreurs		
Pluteus leoninus	(Schff.:Fr.) P. Kumm.	LC	Fungi	Basidiomycota	Agaricomycetes	Agaricales	Pluteaceae	Pluteus	Pluteus leoninus	5241259	species	Pluteus leoninus	(Schaeff.) P.Kumm.		
Pluteus lipidocystis	Bonnard	DD	Fungi	Basidiomycota	Agaricomycetes	Agaricales	Pluteaceae	Pluteus	Pluteus lipidocystis	5449814	species	Pluteus lipidocystis	Bonnard		
Pluteus luctuosus	Boud.	VU	Fungi	Basidiomycota	Agaricomycetes	Agaricales	Pluteaceae	Pluteus	Pluteus luctuosus	5241346	species	Pluteus luctuosus	Boud.		
Pluteus luteovirens	Rea	DD	Fungi	Basidiomycota	Agaricomycetes	Agaricales	Pluteaceae	Pluteus	Pluteus chrysophaeus	5241298	species	Pluteus chrysophaeus	(Schaeff.) Quél.		
Pluteus mammifer	Romagn.	VU	Fungi	Basidiomycota	Agaricomycetes	Agaricales	Pluteaceae	Pluteus	Pluteus mammifer	5449930	species	Pluteus mammifer	Romagn.		
Pluteus marginatus	(Quel.) Bres.	DD	Fungi	Basidiomycota	Agaricomycetes	Agaricales	Pluteaceae	Pluteus	Pluteus luctuosus	5241346	species	Pluteus luctuosus	Boud.		
Pluteus minutissimus	Maire	VU	Fungi	Basidiomycota	Agaricomycetes	Agaricales	Pluteaceae	Pluteus	Pluteus podospileus	5241244	species	Pluteus podospileus	Sacc. & Cub.		
Pluteus nanus	(Pers.:Fr.) P. Kumm.	LC	Fungi	Basidiomycota	Agaricomycetes	Agaricales	Pluteaceae	Pluteus	Pluteus nanus	5241384	species	Pluteus nanus	(Pers.) P.Kumm.		
Pluteus pallescens	P.D. Orton	LC	Fungi	Basidiomycota	Agaricomycetes	Agaricales	Pluteaceae	Pluteus	Pluteus satur	5241307	species	Pluteus satur	Kühner & Romagn.		
Pluteus pellitus	(Pers.:Fr.) P. Kumm.	EN	Fungi	Basidiomycota	Agaricomycetes	Agaricales	Pluteaceae	Pluteus	Pluteus pellitus	5241314	species	Pluteus pellitus	(Pers.) P.Kumm.		
Pluteus petasatus	(Fr.) Gillet	LC	Fungi	Basidiomycota	Agaricomycetes	Agaricales	Pluteaceae	Pluteus	Pluteus petasatus	5241275	species	Pluteus petasatus	(Fr.) Gillet		
Pluteus phlebophorus	(Ditmar.:Fr.) P.Kumm.	NT	Fungi	Basidiomycota	Agaricomycetes	Agaricales	Pluteaceae	Pluteus	Pluteus phlebophorus	7641695	species	Pluteus phlebophorus	(Ditmar) P.Kumm.		
Pluteus plautus	(Weinm.) Gillet	LC	Fungi	Basidiomycota	Agaricomycetes	Agaricales	Pluteaceae	Pluteus	Pluteus plautus	5241290	species	Pluteus plautus	(Weinm.) Gillet		
Pluteus podospileus	Sacc. ex Cub.	LC	Fungi	Basidiomycota	Agaricomycetes	Agaricales	Pluteaceae	Pluteus	Pluteus podospileus	5241244	species	Pluteus podospileus	Sacc. & Cub.		
Pluteus poliocnemis	Kuehner	CR	Fungi	Basidiomycota	Agaricomycetes	Agaricales	Pluteaceae	Pluteus	Pluteus poliocnemis	5449879	species	Pluteus poliocnemis	Kühner		
Pluteus pouzarianus	Singer	LC	Fungi	Basidiomycota	Agaricomycetes	Agaricales	Pluteaceae	Pluteus	Pluteus pouzarianus	5241271	species	Pluteus pouzarianus	Singer		
Pluteus primus	Bonnard	LC	Fungi	Basidiomycota	Agaricomycetes	Agaricales	Pluteaceae	Pluteus	Pluteus primus	5449753	species	Pluteus primus	Bonnard		
Pluteus pseudorobertii	M.M. Moser et Stangl	EN	Fungi	Basidiomycota	Agaricomycetes	Agaricales	Pluteaceae	Pluteus	Pluteus pseudorobertii	5241311	species	Pluteus pseudorobertii	M.M.Moser & Stangl		
Pluteus punctipes	P.D. Orton	DD	Fungi	Basidiomycota	Agaricomycetes	Agaricales	Pluteaceae	Pluteus	Pluteus plautus	5241290	species	Pluteus plautus	(Weinm.) Gillet		
Pluteus robertii	(Fr.) P. Karst.	DD	Fungi	Basidiomycota	Agaricomycetes	Agaricales	Pluteaceae	Pluteus	Pluteus robertii	5241268	species	Pluteus robertii	(Fr.) P.Karst.		
Pluteus romellii	(Britzelm.) Sacc.	LC	Fungi	Basidiomycota	Agaricomycetes	Agaricales	Pluteaceae	Pluteus	Pluteus romellii	5241339	species	Pluteus romellii	(Britzelm.) Lapl.		
Pluteus roseipes	Hoehn.	LC	Fungi	Basidiomycota	Agaricomycetes	Agaricales	Pluteaceae	Pluteus	Pluteus roseipes	5449973	species	Pluteus roseipes	Höhn.		
Pluteus salicinus	(Pers.:Fr.) P. Kumm.	LC	Fungi	Basidiomycota	Agaricomycetes	Agaricales	Pluteaceae	Pluteus	Pluteus salicinus	5241274	species	Pluteus salicinus	(Pers.) P.Kumm.		
Pluteus satur	Kuehner et Romagn.	DD	Fungi	Basidiomycota	Agaricomycetes	Agaricales	Pluteaceae	Pluteus	Pluteus satur	5241307	species	Pluteus satur	Kühner & Romagn.		
Pluteus thomsonii	(Berk. et Broome) Dennis	VU	Fungi	Basidiomycota	Agaricomycetes	Agaricales	Pluteaceae	Pluteus	Pluteus thomsonii	5241265	species	Pluteus thomsonii	(Berk. & Broome) Dennis		
Pluteus umbrosus	(Pers.:Fr.) P. Kumm.	NT	Fungi	Basidiomycota	Agaricomycetes	Agaricales	Pluteaceae	Pluteus	Pluteus umbrosus	5241351	species	Pluteus umbrosus	(Pers.) P.Kumm.		
Podofomes trogii	(Fr.) Pouz.	VU	Fungi	Basidiomycota	Agaricomycetes	Polyporales	Polyporaceae	Podofomes	Podofomes trogii	2546163	species	Podofomes trogii	(Fr.) Pouzar		
Podophacidium xanthomelum	(Pers.) Kavina	LC	Fungi	Ascomycota	Leotiomycetes	Helotiales	Dermateaceae	Podophacidium	Podophacidium xanthomelum	2584326	species	Podophacidium xanthomelum	(Pers.) Kavina		
Podoscypha multizonata	(Berk. et Broome) Pat.	DD	Fungi	Basidiomycota	Agaricomycetes	Polyporales	Podoscyphaceae	Podoscypha	Podoscypha multizonata	2544879	species	Podoscypha multizonata	(Berk. & Broome) Pat.		
Podostroma alutaceum	(Pers.:Fr.) Atk.	LC	Fungi	Ascomycota	Sordariomycetes	Hypocreales	Hypocreaceae	Trichoderma	Trichoderma alutaceum	7539603	species	Trichoderma alutaceum	Jaklitsch		
Pogonoloma macrorhizum	(Quél.) Dima & P.-A. Moreau	CR	Fungi	Basidiomycota	Agaricomycetes	Agaricales	Pseudoclitocybaceae	Pogonoloma	Pogonoloma macrorhizum	10753039	species	Pogonoloma macrorhizum	(Quél.) Dima & P.-A.Moreau		
Pogonoloma spinulosum	(Kühner & Romagn.) Sánchez-García	CR	Fungi	Basidiomycota	Agaricomycetes	Agaricales	Pseudoclitocybaceae	Pogonoloma	Pogonoloma spinulosum	7685133	species	Pogonoloma spinulosum	(Kühner & Romagn.) Sánchez-García		
Polydesmia pruinosa	(Jerdon in Berk. et Broome) Boud.	LC	Fungi	Ascomycota	Leotiomycetes	Helotiales	Hyaloscyphaceae	Polydesmia	Polydesmia pruinosa	5257586	species	Polydesmia pruinosa	(Berk. & Broome) Boud.		
Polyporus arcularius	(Batsch: Fr.) Fr.	NT	Fungi	Basidiomycota	Agaricomycetes	Polyporales	Polyporaceae	Lentinus	Lentinus arcularius	7542962	species	Lentinus arcularius	(Batsch) Zmitr.		
Polyporus badius	(Pers. ex Gray) Schwein.	LC	Fungi	Basidiomycota	Agaricomycetes	Polyporales	Polyporaceae	Picipes	Picipes badius	9439058	species	Picipes badius	(Pers.) Zmitr. & Kovalenko		
Polyporus brumalis	(Pers.: Fr.) Fr.	LC	Fungi	Basidiomycota	Agaricomycetes	Polyporales	Polyporaceae	Lentinus	Lentinus brumalis	7838425	species	Lentinus brumalis	(Pers.) Zmitr.		
Polyporus ciliatus	(Fr.: Fr.) Fr.	LC	Fungi	Basidiomycota	Agaricomycetes	Polyporales	Polyporaceae	Lentinus	Lentinus substrictus	9445944	species	Lentinus substrictus	(Bolton) Zmitr. & Kovalenko		
Polyporus coronatus	Rostk.	DD	Fungi	Basidiomycota	Agaricomycetes	Polyporales	Polyporaceae	Polyporus	Polyporus tuberaster	8666066	species	Polyporus tuberaster	(Jacq. ex Pers.) Fr.		
Polyporus leptocephalus	(Jacq.: Fr.) Fr.	LC	Fungi	Basidiomycota	Agaricomycetes	Polyporales	Polyporaceae	Cerioporus	Cerioporus leptocephalus	9284704	species	Cerioporus leptocephalus	(Jacq.) Zmitr.		
Polyporus melanopus	(Pers.: Fr.) Fr.	LC	Fungi	Basidiomycota	Agaricomycetes	Polyporales	Polyporaceae	Picipes	Picipes melanopus	9251438	species	Picipes melanopus	(Pers.) Zmitr. & Kovalenko		
Polyporus rhizophilus	(Pat.) Sacc.	EN	Fungi	Basidiomycota	Agaricomycetes	Polyporales	Polyporaceae	Polyporus	Polyporus rhizophilus	7407658	species	Polyporus rhizophilus	(Pat.) Sacc.		
Polyporus squamosus	(Huds: Fr.) Fr.	LC	Fungi	Basidiomycota	Agaricomycetes	Polyporales	Polyporaceae	Cerioporus	Cerioporus squamosus	2547092	species	Cerioporus squamosus	(Huds.) Quél.		
Polyporus tuberaster	(Pers.:Fr.) Fr.	LC	Fungi	Basidiomycota	Agaricomycetes	Polyporales	Polyporaceae	Polyporus	Polyporus tuberaster	8666066	species	Polyporus tuberaster	(Jacq. ex Pers.) Fr.		
Polyporus varius	(Pers.: Fr.) Fr.	LC	Fungi	Basidiomycota	Agaricomycetes	Polyporales	Polyporaceae	Cerioporus	Cerioporus varius	9400640	species	Cerioporus varius	(Pers.) Zmitr. & Kovalenko		
Porodaedalea chrysoloma	(Fr.) Fiasson & Niemelä	VU	Fungi	Basidiomycota	Agaricomycetes	Hymenochaetales	Hymenochaetaceae	Phellinus	Phellinus chrysoloma	2520148	species	Phellinus chrysoloma	(Fr.) Donk		
Porodaedalea laricis	(Jacz. ex Pilát) Niemelä	CR	Fungi	Basidiomycota	Agaricomycetes	Hymenochaetales	Hymenochaetaceae	Porodaedalea	Porodaedalea laricis	2519841	species	Porodaedalea laricis	(Jacz. ex Pilát) Niemelä		
Porodaedalea pini	(Brot.: Fr.) Murril.	VU	Fungi	Basidiomycota	Agaricomycetes	Hymenochaetales	Hymenochaetaceae	Porodaedalea	Porodaedalea pini	9035469	species	Porodaedalea pini	(Brot.) Murrill		
Poronia punctata	(L.: Fr.) Fr.	CR	Fungi	Ascomycota	Sordariomycetes	Xylariales	Xylariaceae	Poronia	Poronia punctata	8530425	species	Poronia punctata	(L.) Fr.		
Porostereum spadiceum	(Pers.) Hjortstam & Ryvarden	LC	Fungi	Basidiomycota	Agaricomycetes	Polyporales	Phanerochaetaceae	Porostereum	Porostereum spadiceum	9145383	species	Porostereum spadiceum	(Pers.) Hjortstam & Ryvarden		
Porotheleum fimbriatum	(Pers.) Fr.	LC	Fungi	Basidiomycota	Agaricomycetes	Agaricales	Porotheleaceae	Porotheleum	Porotheleum fimbriatum	2540861	species	Porotheleum fimbriatum	(Pers.) Fr.		
Porphyrellus porphyrosporus	(Fr.) Gilbert	LC	Fungi	Basidiomycota	Agaricomycetes	Boletales	Boletaceae	Porphyrellus	Porphyrellus porphyrosporus	2524797	species	Porphyrellus porphyrosporus	(Fr.) E.-J.Gilbert		
Porpoloma metapodium	(Fr.) Singer	VU	Fungi	Basidiomycota	Agaricomycetes	Agaricales	Tricholomataceae	Pseudotricholoma	Pseudotricholoma metapodium	7807295	species	Pseudotricholoma metapodium	(Fr.) Sánchez-García & Matheny		
Porpoloma pes-caprae	(Fr.) Singer	VU	Fungi	Basidiomycota	Agaricomycetes	Agaricales	Tricholomataceae	Pseudoporpoloma	Pseudoporpoloma pes-caprae	10981708	species	Pseudoporpoloma pes-caprae	(Fr.) Vizzini & Consiglio		
Porpolomopsis calyptriformis	(Berk.) Bresinsky	CR	Fungi	Basidiomycota	Agaricomycetes	Agaricales	Hygrophoraceae	Porpolomopsis	Porpolomopsis calyptriformis	5955209	species	Porpolomopsis calyptriformis	(Berk.) Bresinsky		
Proliferodiscus pulveraceus	(Alb. et Schwein.: Fr.) Baral	DD	Fungi	Ascomycota	Leotiomycetes	Helotiales	Lachnaceae	Proliferodiscus	Proliferodiscus pulveraceus	2585500	species	Proliferodiscus pulveraceus	(Alb. & Schwein.) Baral		
Propolis farinosa	(Pers.) Fr.	LC	Fungi	Ascomycota	Leotiomycetes	Chaetomellales	Marthamycetaceae	Propolis	Propolis farinosa	2579078	species	Propolis farinosa	(Pers.) Fr.		
Propolis phacidioides	(Fr.: Fr.) Corda	DD	Fungi	Ascomycota	Leotiomycetes	Chaetomellales	Marthamycetaceae	Marthamyces	Marthamyces phacidioides	2579049	species	Marthamyces phacidioides	(Fr.) Minter		
Protocrea farinosa	(Berk. et Broome) Petch	LC	Fungi	Ascomycota	Sordariomycetes	Hypocreales	Hypocreaceae	Protocrea	Protocrea farinosa	2561698	species	Protocrea farinosa	(Berk. & Broome) Petch		
Protodontia subgelatinosa	(Karst.) Pilat	DD	Fungi	Basidiomycota	Agaricomycetes	Auriculariales		Stypella	Stypella subgelatinosa	2553772	species	Stypella subgelatinosa	(P.Karst.) P.Roberts		
Protomerulius dubius	(Bourdot & Galzin) V. Spirin & V. Malysheva sensu stricto	DD	Fungi	Basidiomycota	Agaricomycetes	Auriculariales	Hyaloriaceae	Protomerulius	Protomerulius dubius	10671016	species	Protomerulius dubius	(Bourdot & Galzin) Spirin & Malysheva		
Psathyrella albidula	(Romagn.) M.M. Moser	DD	Fungi	Basidiomycota	Agaricomycetes	Agaricales	Psathyrellaceae	Psathyrella	Psathyrella potteri	3319877	species	Psathyrella potteri	A.H.Sm.		
Psathyrella almerensis	Kits van Wav.	DD	Fungi	Basidiomycota	Agaricomycetes	Agaricales	Psathyrellaceae	Psathyrella	Psathyrella almerensis	3319585	species	Psathyrella almerensis	Kits van Wav.		
Psathyrella amstelodamensis	Kits van Wav.	DD	Fungi	Basidiomycota	Agaricomycetes	Agaricales	Psathyrellaceae	Psathyrella	Psathyrella olympiana	2534798	species	Psathyrella olympiana	A.H.Sm.		
Psathyrella artemisiae	(Pass.) Konrad et Maubl.	LC	Fungi	Basidiomycota	Agaricomycetes	Agaricales	Psathyrellaceae	Psathyrella	Psathyrella artemisiae	3319166	species	Psathyrella artemisiae	(Pass.) Konrad & Maubl.		
Psathyrella atrolaminata	Kits van Wav.	DD	Fungi	Basidiomycota	Agaricomycetes	Agaricales	Psathyrellaceae	Psathyrella	Psathyrella corrugis	2534804	species	Psathyrella corrugis	(Pers.) Konrad & Maubl.		
Psathyrella badiophylla	(Romagn.) M.M. Moser	DD	Fungi	Basidiomycota	Agaricomycetes	Agaricales	Psathyrellaceae	Candolleomyces	Candolleomyces badiophyllus	12247506	species	Candolleomyces badiophyllus	(Romagn.) D.Wächt. & A.Melzer		no_author_match
Psathyrella badiovestita	P.D. Orton	DD	Fungi	Basidiomycota	Agaricomycetes	Agaricales	Psathyrellaceae	Psathyrella	Psathyrella badiovestita	2534718	species	Psathyrella badiovestita	P.D.Orton		
Psathyrella battarrae	(Fr.) Konrad et Maubl.	DD	Fungi	Basidiomycota	Agaricomycetes	Agaricales	Psathyrellaceae	Psathyrella	Psathyrella battarrae	3319411	species	Psathyrella battarrae	(Fr.) Konrad & Maubl.		
Psathyrella bifrons	(Berk.) Smith	LC	Fungi	Basidiomycota	Agaricomycetes	Agaricales	Psathyrellaceae	Psathyrella	Psathyrella bifrons	2534758	species	Psathyrella bifrons	(Berk.) A.H.Sm.		
Psathyrella bipellis	Quel.	LC	Fungi	Basidiomycota	Agaricomycetes	Agaricales	Psathyrellaceae	Psathyrella	Psathyrella bipellis	8100833	species	Psathyrella bipellis	(Quél.) A.H.Sm.		author_mismatch
Psathyrella candolleana	(Fr.) Maire	LC	Fungi	Basidiomycota	Agaricomycetes	Agaricales	Psathyrellaceae	Candolleomyces	Candolleomyces candolleanus	12008655	species	Candolleomyces candolleanus	(Fr.) D.Wächt. & A.Melzer		
Psathyrella caput-medusae	(Fr.) Konrad et Maubl.	VU	Fungi	Basidiomycota	Agaricomycetes	Agaricales	Psathyrellaceae	Psathyrella	Psathyrella caput-medusae	2535047	species	Psathyrella caput-medusae	(Fr.) Konrad & Maubl.		
Psathyrella casca	(Fr.) Konrad et Maubl.	DD	Fungi	Basidiomycota	Agaricomycetes	Agaricales	Psathyrellaceae	Psathyrella	Psathyrella casca	3319446	species	Psathyrella casca	(Fr.) Konrad & Maubl.		
Psathyrella clivensis	(Berk. et Broome) P.D. Orton	LC	Fungi	Basidiomycota	Agaricomycetes	Agaricales	Psathyrellaceae	Psathyrella	Psathyrella clivensis	12185735	species	Psathyrella clivensis	(Berk. & Broome) Rezende-Pinto		
Psathyrella conopilus	(Fr.: Fr.) Pears. et Dennis	LC	Fungi	Basidiomycota	Agaricomycetes	Agaricales	Psathyrellaceae	Psathyrella	Psathyrella conopilus	2534703	species	Psathyrella conopilus	(Fr.) A.Pearson & Dennis		
Psathyrella coprophila	Watling	DD	Fungi	Basidiomycota	Agaricomycetes	Agaricales	Psathyrellaceae	Psathyrella	Psathyrella saponacea	3319536	species	Psathyrella saponacea	F.H.Møller		
Psathyrella corrugis	(Pers.:Fr.) Konrad et Maubl.	DD	Fungi	Basidiomycota	Agaricomycetes	Agaricales	Psathyrellaceae	Psathyrella	Psathyrella corrugis	2534804	species	Psathyrella corrugis	(Pers.) Konrad & Maubl.		
Psathyrella cotonea	(Quel.) Konrad et Maubl.	VU	Fungi	Basidiomycota	Agaricomycetes	Agaricales	Psathyrellaceae	Psathyrella	Psathyrella cotonea	2534983	species	Psathyrella cotonea	(Quél.) Konrad & Maubl.		
Psathyrella dicrani	(A.E.Jansen) Kits van Wav.	DD	Fungi	Basidiomycota	Agaricomycetes	Agaricales	Psathyrellaceae	Psathyrella	Psathyrella dicrani	3319575	species	Psathyrella dicrani	(A.E.Jansen) Kits van Wav.		
Psathyrella dunarum	Kits van Wav.	DD	Fungi	Basidiomycota	Agaricomycetes	Agaricales	Psathyrellaceae	Psathyrella	Psathyrella dunarum	3319434	species	Psathyrella dunarum	Kits van Wav.		
Psathyrella exalbicans	Romagn.	DD	Fungi	Basidiomycota	Agaricomycetes	Agaricales	Psathyrellaceae	Psathyrella	Psathyrella spadiceogrisea	2535021	species	Psathyrella spadiceogrisea	(Schaeff.) Maire		no_author_match
Psathyrella fatua	(Fr.) Konrad et Maubl.	NT	Fungi	Basidiomycota	Agaricomycetes	Agaricales	Psathyrellaceae	Psathyrella	Psathyrella fatua	8270487	species	Psathyrella fatua	(Fr.) Konrad & Maubl.		
Psathyrella fragrans	A.H.Sm.	DD	Fungi	Basidiomycota	Agaricomycetes	Agaricales	Psathyrellaceae	Psathyrella	Psathyrella fragrans	3319455	species	Psathyrella fragrans	A.H.Sm.		
Psathyrella friesii	Kits van Wav.	EN	Fungi	Basidiomycota	Agaricomycetes	Agaricales	Psathyrellaceae	Psathyrella	Psathyrella senex	3319371	species	Psathyrella senex	(Peck) A.H.Sm.		
Psathyrella frustulenta	(Fr.) A.H.Sm.	DD	Fungi	Basidiomycota	Agaricomycetes	Agaricales	Psathyrellaceae	Psathyrella	Psathyrella frustulenta	2534721	species	Psathyrella frustulenta	(Fr.) A.H.Sm.		
Psathyrella fulvescens	(Romagn.) M.M. Moser	LC	Fungi	Basidiomycota	Agaricomycetes	Agaricales	Psathyrellaceae	Psathyrella	Psathyrella fulvescens	3319145	species	Psathyrella fulvescens	(Romagn.) M.M.Moser ex A.H.Sm.		
Psathyrella globosivelata	Groeger	DD	Fungi	Basidiomycota	Agaricomycetes	Agaricales	Psathyrellaceae	Psathyrella	Psathyrella globosivelata	3319222	species	Psathyrella globosivelata	Gröger		
Psathyrella gracilis	(Fr.) Quel.	LC	Fungi	Basidiomycota	Agaricomycetes	Agaricales	Psathyrellaceae	Psathyrella	Psathyrella corrugis	2534804	species	Psathyrella corrugis	(Pers.) Konrad & Maubl.		
Psathyrella groegeri	G. Hirsch	DD	Fungi	Basidiomycota	Agaricomycetes	Agaricales	Psathyrellaceae	Psathyrella	Psathyrella spadiceogrisea	2535021	species	Psathyrella spadiceogrisea	(Schaeff.) Maire		
Psathyrella gyroflexa	Fr. sensu Lge.	DD	Fungi	Basidiomycota	Agaricomycetes	Agaricales	Psathyrellaceae	Psathyrella	Psathyrella gyroflexa	3319568	species	Psathyrella gyroflexa	(Fr.) Konrad & Maubl.		author_mismatch
Psathyrella hirta	Peck	DD	Fungi	Basidiomycota	Agaricomycetes	Agaricales	Psathyrellaceae	Psathyrella	Psathyrella hirta	2534969	species	Psathyrella hirta	Peck		
Psathyrella hispida	Heinemann	DD	Fungi	Basidiomycota	Agaricomycetes	Agaricales	Psathyrellaceae	Psathyrella	Psathyrella hispida	3319624	species	Psathyrella hispida	Heinem.		
Psathyrella hydrophiloides	Kits van Wav.	DD	Fungi	Basidiomycota	Agaricomycetes	Agaricales	Psathyrellaceae	Psathyrella	Psathyrella hydrophiloides	3319759	species	Psathyrella hydrophiloides	Kits van Wav.		
Psathyrella immaculata	E. Horak et Griesser	DD	Fungi	Basidiomycota	Agaricomycetes	Agaricales	Psathyrellaceae	Psathyrella	Psathyrella immaculata	3319275	species	Psathyrella immaculata	E.Horak & Griesser		
Psathyrella infida	Quel.	DD	Fungi	Basidiomycota	Agaricomycetes	Agaricales	Psathyrellaceae	Psathyrella	Psathyrella prona	9019812	species	Psathyrella prona	(Fr.) Gillet		
Psathyrella involuta	(Romagn.) Moser	DD	Fungi	Basidiomycota	Agaricomycetes	Agaricales	Psathyrellaceae	Psathyrella	Psathyrella involuta	3319201	species	Psathyrella involuta	(Romagn.) M.M.Moser		
Psathyrella lacuum	Huijsman	DD	Fungi	Basidiomycota	Agaricomycetes	Agaricales	Psathyrellaceae	Psathyrella	Psathyrella lacuum	3319646	species	Psathyrella lacuum	Huijsman		
Psathyrella laevissima	Romagn.	DD	Fungi	Basidiomycota	Agaricomycetes	Agaricales	Psathyrellaceae	Psathyrella	Psathyrella laevissima	2534833	species	Psathyrella laevissima	(Romagn.) Singer		author_mismatch
Psathyrella leucotephra	(Berk.et Broome) P.D. Orton	NT	Fungi	Basidiomycota	Agaricomycetes	Agaricales	Psathyrellaceae	Candolleomyces	Candolleomyces leucotephrus	12172203	species	Candolleomyces leucotephrus	(Berk. & Broome) D.Wächt. & A.Melzer		
Psathyrella longicauda	Karst. sensu Kits van Wav.	DD	Fungi	Basidiomycota	Agaricomycetes	Agaricales	Psathyrellaceae	Psathyrella	Psathyrella longicauda	2534727	species	Psathyrella longicauda	P.Karst.		
Psathyrella lutensis	(Romagn.) Bon	DD	Fungi	Basidiomycota	Agaricomycetes	Agaricales	Psathyrellaceae	Psathyrella	Psathyrella lutensis	7559961	species	Psathyrella lutensis	(Romagn.) Bon		
Psathyrella maculata	(Park.) M.M. Moser	LC	Fungi	Basidiomycota	Agaricomycetes	Agaricales	Psathyrellaceae	Psathyrella	Psathyrella maculata	2534732	species	Psathyrella maculata	(C.S.Parker) A.H.Sm.		author_mismatch
Psathyrella microlepidota	P.D. Orton	DD	Fungi	Basidiomycota	Agaricomycetes	Agaricales	Psathyrellaceae	Candolleomyces	Candolleomyces candolleanus	12008655	species	Candolleomyces candolleanus	(Fr.) D.Wächt. & A.Melzer		
Psathyrella microrhiza	(Lasch:Fr.) Konrad et Maubl.	LC	Fungi	Basidiomycota	Agaricomycetes	Agaricales	Psathyrellaceae	Psathyrella	Psathyrella microrhiza	2534731	species	Psathyrella microrhiza	(Lasch) Konrad & Maubl.		
Psathyrella mucrocystis	A.H.Sm.	DD	Fungi	Basidiomycota	Agaricomycetes	Agaricales	Psathyrellaceae	Psathyrella	Psathyrella mucrocystis	2534787	species	Psathyrella mucrocystis	A.H.Sm.		
Psathyrella multipedata	(Peck) A.H. Sm.	LC	Fungi	Basidiomycota	Agaricomycetes	Agaricales	Psathyrellaceae	Britzelmayria	Britzelmayria multipedata	12237563	species	Britzelmayria multipedata	(Peck) D.Wächt. & A.Melzer		
Psathyrella murcida	Fr.	LC	Fungi	Basidiomycota	Agaricomycetes	Agaricales	Psathyrellaceae	Psathyrella	Psathyrella murcida	2534943	species	Psathyrella murcida	(Fr.) Kits van Wav.		author_mismatch
Psathyrella niveobadia	(Romagn.) Moser	DD	Fungi	Basidiomycota	Agaricomycetes	Agaricales	Psathyrellaceae	Psathyrella	Psathyrella niveobadia	3319701	species	Psathyrella niveobadia	(Romagn.) M.M.Moser		
Psathyrella noli-tangere	(Fr.) A. Pearson & Dennis	LC	Fungi	Basidiomycota	Agaricomycetes	Agaricales	Psathyrellaceae	Psathyrella	Psathyrella noli-tangere	2534937	species	Psathyrella noli-tangere	(Fr.) A.Pearson & Dennis		
Psathyrella obtusata	(Fr.) A.H.Sm.	LC	Fungi	Basidiomycota	Agaricomycetes	Agaricales	Psathyrellaceae	Psathyrella	Psathyrella obtusata	3319514	species	Psathyrella obtusata	(Pers.) A.H.Sm.		
Psathyrella ochracea	Romagn.	LC	Fungi	Basidiomycota	Agaricomycetes	Agaricales	Psathyrellaceae	Psathyrella	Psathyrella ochracea	3319505	species	Psathyrella ochracea	(Romagn.) M.M.Moser ex Kits van Wav.		no_author_match
Psathyrella olympiana	A.H.Sm.	LC	Fungi	Basidiomycota	Agaricomycetes	Agaricales	Psathyrellaceae	Psathyrella	Psathyrella olympiana	2534798	species	Psathyrella olympiana	A.H.Sm.		
Psathyrella orbicularis	Kits van Wav.	DD	Fungi	Basidiomycota	Agaricomycetes	Agaricales	Psathyrellaceae	Psathyrella	Psathyrella orbicularis	3319647	species	Psathyrella orbicularis	(Romagn.) Kits van Wav.		
Psathyrella orbitarum	(Romagn.) M.M. Moser	DD	Fungi	Basidiomycota	Agaricomycetes	Agaricales	Psathyrellaceae	Psathyrella	Psathyrella orbitarum	3319304	species	Psathyrella orbitarum	(Romagn.) M.M.Moser		
Psathyrella panaeoloides	(Maire) Arnolds	DD	Fungi	Basidiomycota	Agaricomycetes	Agaricales	Psathyrellaceae	Psathyrella	Psathyrella panaeoloides	2534928	species	Psathyrella panaeoloides	(Maire) Arnolds		
Psathyrella pellucidipes	(Romagn.) M.M. Moser	DD	Fungi	Basidiomycota	Agaricomycetes	Agaricales	Psathyrellaceae	Psathyrella	Psathyrella pellucidipes	2534823	species	Psathyrella pellucidipes	(Romagn.) M.M.Moser		
Psathyrella pennata	(Fr.) Singer	VU	Fungi	Basidiomycota	Agaricomycetes	Agaricales	Psathyrellaceae	Psathyrella	Psathyrella pennata	2535061	species	Psathyrella pennata	(Fr.) A.Pearson & Dennis		no_author_match
Psathyrella pertinax	(Fr.) Örstadius	VU	Fungi	Basidiomycota	Agaricomycetes	Agaricales	Psathyrellaceae	Psathyrella	Psathyrella pertinax	3319786	species	Psathyrella pertinax	(Fr.) Örstadius		
Psathyrella pervelata	Kits van Wav.	DD	Fungi	Basidiomycota	Agaricomycetes	Agaricales	Psathyrellaceae	Psathyrella	Psathyrella pervelata	3319500	species	Psathyrella pervelata	Kits van Wav.		
Psathyrella phaseolispora	Arnolds	DD	Fungi	Basidiomycota	Agaricomycetes	Agaricales	Psathyrellaceae	Psathyrella	Psathyrella phaseolispora	3319084	species	Psathyrella phaseolispora	Arnolds		
Psathyrella phegophila	Romagn.	DD	Fungi	Basidiomycota	Agaricomycetes	Agaricales	Psathyrellaceae	Psathyrella	Psathyrella phegophila	2534786	species	Psathyrella phegophila	Romagn.		
Psathyrella picta	(Romagn.) Romagn.	DD	Fungi	Basidiomycota	Agaricomycetes	Agaricales	Psathyrellaceae	Psathyrella	Psathyrella picta	7760203	species	Psathyrella picta	(Romagn.) Romagn. ex Bon		
Psathyrella piluliformis	(Bull.: Fr.) P.D. Orton	LC	Fungi	Basidiomycota	Agaricomycetes	Agaricales	Psathyrellaceae	Psathyrella	Psathyrella piluliformis	2534836	species	Psathyrella piluliformis	(Bull.) P.D.Orton		
Psathyrella polycystis	Romagn.	LC	Fungi	Basidiomycota	Agaricomycetes	Agaricales	Psathyrellaceae	Psathyrella	Psathyrella corrugis	2534804	species	Psathyrella corrugis	(Pers.) Konrad & Maubl.		no_author_match
Psathyrella prona	(Fr.) Gillet	LC	Fungi	Basidiomycota	Agaricomycetes	Agaricales	Psathyrellaceae	Psathyrella	Psathyrella prona	9019812	species	Psathyrella prona	(Fr.) Gillet		
Psathyrella pseudocasca	Romagn.	DD	Fungi	Basidiomycota	Agaricomycetes	Agaricales	Psathyrellaceae	Psathyrella	Psathyrella pseudocasca	2534932	species	Psathyrella pseudocasca	(Romagn.) Kits van Wav.		author_mismatch
Psathyrella pseudogordonii	Kits van Wav.	DD	Fungi	Basidiomycota	Agaricomycetes	Agaricales	Psathyrellaceae	Psathyrella	Psathyrella pseudogordonii	2534844	species	Psathyrella pseudogordonii	Kits van Wav.		
Psathyrella pseudogracilis	(Romagn.) M.M. Moser	LC	Fungi	Basidiomycota	Agaricomycetes	Agaricales	Psathyrellaceae	Psathyrella	Psathyrella pseudogracilis	2535084	species	Psathyrella pseudogracilis	(Romagn.) M.M.Moser		
Psathyrella pygmaea	(Bull.) Singer	LC	Fungi	Basidiomycota	Agaricomycetes	Agaricales	Psathyrellaceae	Psathyrella	Psathyrella pygmaea	9060922	species	Psathyrella pygmaea	(Bull.) Singer		
Psathyrella reticulata	(Romagn.) M.M. Moser	DD	Fungi	Basidiomycota	Agaricomycetes	Agaricales	Psathyrellaceae	Psathyrella	Psathyrella reticulata	3319320	species	Psathyrella reticulata	(Romagn.) M.M.Moser ex Singer		
Psathyrella spadiceogrisea	(Fr.) Maire	LC	Fungi	Basidiomycota	Agaricomycetes	Agaricales	Psathyrellaceae	Psathyrella	Psathyrella spadiceogrisea	2535021	species	Psathyrella spadiceogrisea	(Schaeff.) Maire		
Psathyrella sphagnicola	Maire	EN	Fungi	Basidiomycota	Agaricomycetes	Agaricales	Psathyrellaceae	Psathyrella	Psathyrella sphagnicola	2534793	species	Psathyrella sphagnicola	(Maire) J.Favre		author_mismatch
Psathyrella spintrigera	(Fr.) Konrad et Maubl.	VU	Fungi	Basidiomycota	Agaricomycetes	Agaricales	Psathyrellaceae	Psathyrella	Psathyrella spintrigera	2534827	species	Psathyrella spintrigera	(Fr.) Konrad & Maubl.		
Psathyrella spintrigeroides	P.D. Orton	DD	Fungi	Basidiomycota	Agaricomycetes	Agaricales	Psathyrellaceae	Psathyrella	Psathyrella spintrigeroides	2534757	species	Psathyrella spintrigeroides	P.D.Orton		
Psathyrella stellata	(Romagn.) M.M. Moser	DD	Fungi	Basidiomycota	Agaricomycetes	Agaricales	Psathyrellaceae	Psathyrella	Psathyrella stellata	2534729	species	Psathyrella stellata	(Romagn.) Romagn.		
Psathyrella storea	(Fr.) Romagn. ex Bon	DD	Fungi	Basidiomycota	Agaricomycetes	Agaricales	Psathyrellaceae	Psathyrella	Psathyrella storea	7967923	species	Psathyrella storea	(Fr.) Romagn. ex Bon		
Psathyrella suavissima	Ayer	VU	Fungi	Basidiomycota	Agaricomycetes	Agaricales	Psathyrellaceae	Psathyrella	Psathyrella suavissima	2534843	species	Psathyrella suavissima	Ayer		
Psathyrella subcernua	(Schulz.) Singerss.v.Hoehnel	DD	Fungi	Basidiomycota	Agaricomycetes	Agaricales	Psathyrellaceae	Psathyrella	Psathyrella subcernua	3319510	species	Psathyrella subcernua	(Schulzer) Singer		
Psathyrella subnuda	(Karst.) Smith	DD	Fungi	Basidiomycota	Agaricomycetes	Agaricales	Psathyrellaceae	Psathyrella	Psathyrella subnuda	3319373	species	Psathyrella subnuda	(P.Karst.) A.H.Sm.		
Psathyrella supernula	(Britzelm.) Örstadius & Enderle	DD	Fungi	Basidiomycota	Agaricomycetes	Agaricales	Psathyrellaceae	Britzelmayria	Britzelmayria supernula	12181328	species	Britzelmayria supernula	(Britzelm.) D.Wächt. & A.Melzer		
Psathyrella tephrophylla	(Romagn.) Bon	LC	Fungi	Basidiomycota	Agaricomycetes	Agaricales	Psathyrellaceae	Psathyrella	Psathyrella tephrophylla	7964738	species	Psathyrella tephrophylla	(Romagn.) Bon		
Psathyrella trepida	(Fr.) Gillet	DD	Fungi	Basidiomycota	Agaricomycetes	Agaricales	Psathyrellaceae	Psathyrella	Psathyrella trepida	2534788	species	Psathyrella trepida	(Fr.) Gillet		
Psathyrella typhae	(Kalchbr.) Pearson et Dennis	EN	Fungi	Basidiomycota	Agaricomycetes	Agaricales	Psathyrellaceae	Candolleomyces	Candolleomyces typhae	12234430	species	Candolleomyces typhae	(Kalchbr.) D.Wächt. & A.Melzer		
Psathyrella umbrina	Kits van Wav.	DD	Fungi	Basidiomycota	Agaricomycetes	Agaricales	Psathyrellaceae	Psathyrella	Psathyrella umbrina	2534851	species	Psathyrella umbrina	Kits van Wav.		
Psathyrella vernalis	J.E. Lange	LC	Fungi	Basidiomycota	Agaricomycetes	Agaricales	Psathyrellaceae	Psathyrella	Psathyrella vernalis	7530986	species	Psathyrella vernalis	Velen.		no_author_match
Pseudobaeospora pillodii	(Quel.) E. Horak	LC	Fungi	Basidiomycota	Agaricomycetes	Agaricales	Tricholomataceae	Pseudobaeospora	Pseudobaeospora pillodii	3325080	species	Pseudobaeospora pillodii	(Quél.) Wasser		author_mismatch
Pseudoboletus parasiticus	(Bull.) Šutara	VU	Fungi	Basidiomycota	Agaricomycetes	Boletales	Boletaceae	Pseudoboletus	Pseudoboletus parasiticus	8308057	species	Pseudoboletus parasiticus	(Bull.) Šutara		
Pseudoclitocybe cyathiformis	(Bull.: Fr.) Singer	LC	Fungi	Basidiomycota	Agaricomycetes	Agaricales	Pseudoclitocybaceae	Pseudoclitocybe	Pseudoclitocybe cyathiformis	9095397	species	Pseudoclitocybe cyathiformis	(Bull.) Singer		
Pseudoclitocybe obbata	(Fr.) Singer	EN	Fungi	Basidiomycota	Agaricomycetes	Agaricales	Pseudoclitocybaceae	Pseudoclitocybe	Pseudoclitocybe obbata	2531324	species	Pseudoclitocybe obbata	(Fr.) Singer		
Pseudocraterellus sinuosus	(Fr.) Corner ex Heinem.	LC	Fungi	Basidiomycota	Agaricomycetes	Cantharellales	Hydnaceae	Craterellus	Craterellus undulatus	11567415	species	Craterellus undulatus	(Pers.) E.Campo & Papetti		no_author_match
Pseudographis elatina	(Ach.) Nyl.	DD	Fungi	Ascomycota		Triblidiales	Triblidiaceae	Triblidium	Triblidium elatinum	5472177	species	Triblidium elatinum	(Ach.) Petr.		
Pseudohelotium pineti	(Batsch : Fr.) Fuckel	DD	Fungi	Ascomycota	Leotiomycetes	Helotiales	Helotiaceae	Pseudohelotium	Pseudohelotium pineti	2582094	species	Pseudohelotium pineti	(Batsch) Fuckel		
Pseudohydnum gelatinosum	(Scop.:Fr.) Karst.	LC	Fungi	Basidiomycota	Agaricomycetes	Auriculariales		Pseudohydnum	Pseudohydnum gelatinosum	5249353	species	Pseudohydnum gelatinosum	(Scop.) P.Karst.		
Pseudoinonotus dryadeus	(Pers.) T. Wagner & M. Fisch.	NT	Fungi	Basidiomycota	Agaricomycetes	Hymenochaetales	Hymenochaetaceae	Pseudoinonotus	Pseudoinonotus dryadeus	2520036	species	Pseudoinonotus dryadeus	(Pers.) T.Wagner & M.Fisch.		
Pseudolachnea hispidula	(Schrad.) Sutton	DD	Fungi	Ascomycota	Sordariomycetes	Chaetosphaeriales	Chaetosphaeriaceae	Pseudolachnea	Pseudolachnea hispidula	5258019	species	Pseudolachnea hispidula	(Schrad.) B.Sutton		
Pseudombrophila cervaria	(W. Phillips) Brumm.	LC	Fungi	Ascomycota	Pezizomycetes	Pezizales	Pseudombrophilaceae	Pseudombrophila	Pseudombrophila cervaria	9001067	species	Pseudombrophila cervaria	(W.Phillips) Brumm.		
Pseudombrophila deerrata	(P. Karst.) Seaver	DD	Fungi	Ascomycota	Pezizomycetes	Pezizales	Pseudombrophilaceae	Pseudombrophila	Pseudombrophila deerrata	2594013	species	Pseudombrophila deerrata	(P.Karst.) Seaver		
Pseudombrophila guldeniae	Svrcek	DD	Fungi	Ascomycota	Pezizomycetes	Pezizales	Pseudombrophilaceae	Pseudombrophila	Pseudombrophila guldeniae	3496330	species	Pseudombrophila guldeniae	Svrček		
Pseudombrophila porcina	(Svrcek et Kubicka) Brumm.	DD	Fungi	Ascomycota	Pezizomycetes	Pezizales	Pseudombrophilaceae	Pseudombrophila	Pseudombrophila porcina	2594035	species	Pseudombrophila porcina	(Svrček & Kubička) Brumm.		
Pseudombrophila ripensis	(E.C. Hansen) Brumm.	DD	Fungi	Ascomycota	Pezizomycetes	Pezizales	Pseudombrophilaceae	Pseudombrophila	Pseudombrophila ripensis	2595408	species	Pseudombrophila ripensis	(E.C.Hansen) Brumm.		
Pseudombrophila theioleuca	Rolland	NT	Fungi	Ascomycota	Pezizomycetes	Pezizales	Pseudombrophilaceae	Pseudombrophila	Pseudombrophila theioleuca	2594009	species	Pseudombrophila theioleuca	Rolland		
Pseudomerulius aureus	(Fr.) Juelich	EN	Fungi	Basidiomycota	Agaricomycetes	Boletales	Tapinellaceae	Pseudomerulius	Pseudomerulius aureus	8036570	species	Pseudomerulius aureus	(Fr.) Jülich		
Pseudoomphalina compressipes	(Peck) Singer	LC	Fungi	Basidiomycota	Agaricomycetes	Agaricales	Tricholomataceae	Pseudoomphalina	Pseudoomphalina compressipes	6014578	species	Pseudoomphalina compressipes	(Peck) Singer		
Pseudoomphalina kalchbrenneri	(Bres.) Singer	VU	Fungi	Basidiomycota	Agaricomycetes	Agaricales	Tricholomataceae	Pseudoomphalina	Pseudoomphalina kalchbrenneri	2531853	species	Pseudoomphalina kalchbrenneri	(Bres.) Singer		
Pseudopeziza trifolii	(Biv.-Bern.) Fuck	DD	Fungi	Ascomycota	Leotiomycetes	Helotiales	Drepanopezizaceae	Pseudopeziza	Pseudopeziza trifolii	9056370	species	Pseudopeziza trifolii	(Biv.) Fuckel		
Pseudophacidium ledi	(Alb. et Schwein.: Fr.) P. Karst.	DD	Fungi	Ascomycota	Leotiomycetes	Phacidiales	Phacidiaceae	Pseudophacidium	Pseudophacidium ledi	2580205	species	Pseudophacidium ledi	(Alb. & Schwein.) P.Karst.		
Pseudophacidium piceae	E.Mueller	DD	Fungi	Ascomycota	Leotiomycetes	Phacidiales	Phacidiaceae	Pseudophacidium	Pseudophacidium piceae	2580216	species	Pseudophacidium piceae	E.Müll.		
Pseudoplectania melaena	(Fr.: Fr.) Sacc.	EN	Fungi	Ascomycota	Pezizomycetes	Pezizales	Sarcosomataceae	Pseudoplectania	Pseudoplectania melaena	8517490	species	Pseudoplectania melaena	(Fr.) Sacc.		
Pseudoplectania nigrella	(Pers.: Fr.) Fuckel	LC	Fungi	Ascomycota	Pezizomycetes	Pezizales	Sarcosomataceae	Pseudoplectania	Pseudoplectania nigrella	2593436	species	Pseudoplectania nigrella	(Pers.) Fuckel		
Pseudoplectania sphagnophila	(Pers.) Kreisel	DD	Fungi	Ascomycota	Pezizomycetes	Pezizales	Sarcosomataceae	Pseudoplectania	Pseudoplectania sphagnophila	2593439	species	Pseudoplectania sphagnophila	(Pers.) Kreisel		
Pseudosperma bulbosissimum	(Kühner) Matheny & Esteve-Rav.	DD	Fungi	Basidiomycota	Agaricomycetes	Agaricales	Inocybaceae	Pseudosperma	Pseudosperma bulbosissimum	10706167	species	Pseudosperma bulbosissimum	(Kühner) Matheny & Esteve-Rav.		
Pseudosperma flavellum	(P. Karst.) Matheny & Esteve-Rav.	EN	Fungi	Basidiomycota	Agaricomycetes	Agaricales	Inocybaceae	Pseudosperma	Pseudosperma flavellum	10848642	species	Pseudosperma flavellum	(P.Karst.) Matheny & Esteve-Rav.		
Pseudosperma hygrophorus	(Kühner) Matheny & Esteve-Rav.	CR	Fungi	Basidiomycota	Agaricomycetes	Agaricales	Inocybaceae	Pseudosperma	Pseudosperma hygrophorus	10864467	species	Pseudosperma hygrophorus	(Kühner) Matheny & Esteve-Rav.		
Pseudosperma microfastigiatum	(Kühner) Matheny & Esteve-Rav.	DD	Fungi	Basidiomycota	Agaricomycetes	Agaricales	Inocybaceae	Pseudosperma	Pseudosperma microfastigiatum	10872038	species	Pseudosperma microfastigiatum	(Kühner) Matheny & Esteve-Rav.		
Pseudosperma perlatum	(Cooke) Matheny & Esteve-Rav.	VU	Fungi	Basidiomycota	Agaricomycetes	Agaricales	Inocybaceae	Pseudosperma	Pseudosperma perlatum	10692730	species	Pseudosperma perlatum	(Cooke) Matheny & Esteve-Rav.		
Pseudosperma rimosum	(Bull.) Matheny & Esteve-Rav.	LC	Fungi	Basidiomycota	Agaricomycetes	Agaricales	Inocybaceae	Pseudosperma	Pseudosperma rimosum	10846389	species	Pseudosperma rimosum	(Bull.) Matheny & Esteve-Rav.		
Pseudosperma squamatum	(J.E. Lange) Matheny & Esteve-Rav.	VU	Fungi	Basidiomycota	Agaricomycetes	Agaricales	Inocybaceae	Pseudosperma	Pseudosperma squamatum	10818346	species	Pseudosperma squamatum	(J.E.Lange) Matheny & Esteve-Rav.		
Pseudotomentella flavovirens	(Hoehn. et Litsch) Svrcek	DD	Fungi	Basidiomycota	Agaricomycetes	Thelephorales	Thelephoraceae	Polyozellus	Polyozellus flavovirens	12063221	species	Polyozellus flavovirens	(Höhn. & Litsch.) Svantesson & Kõljalg		
Pseudotomentella mucidula	(Karst.) Svrcek	LC	Fungi	Basidiomycota	Agaricomycetes	Thelephorales	Thelephoraceae	Polyozellus	Polyozellus mucidulus	11964272	species	Polyozellus mucidulus	(P.Karst.) Svantesson & Kõljalg		
Pseudotomentella nigra	(Hoehn. et Litsch.) Svrcek	DD	Fungi	Basidiomycota	Agaricomycetes	Thelephorales	Thelephoraceae	Pseudotomentella	Pseudotomentella nigra	2522852	species	Pseudotomentella nigra	(Höhn. & Litsch.) Svrček		
Pseudotomentella tristis	(Karst.) M.J. Larsen	DD	Fungi	Basidiomycota	Agaricomycetes	Thelephorales	Thelephoraceae	Polyozellus	Polyozellus tristis	11952685	species	Polyozellus tristis	(P.Karst.) Svantesson & Kõljalg		
Psilachnum acutum	(Velen.) Raitv.	DD	Fungi	Ascomycota	Leotiomycetes	Helotiales	Pezizellaceae	Psilachnum	Psilachnum acutum	2585435	species	Psilachnum acutum	(Velen.) Raitv.		
Psilachnum chrysostigmum	(Fr.: Fr.) Raitv.	LC	Fungi	Ascomycota	Leotiomycetes	Helotiales	Pezizellaceae	Psilachnum	Psilachnum chrysostigmum	7245991	species	Psilachnum chrysostigmum	(Fr.) Raitv.		
Psilachnum inquilinum	(Karst.) Dennis	LC	Fungi	Ascomycota	Leotiomycetes	Helotiales	Pezizellaceae	Psilachnum	Psilachnum inquilinum	2585439	species	Psilachnum inquilinum	(P.Karst.) Dennis		
Psilocistella conincola	(Velen.) Svrcek	DD	Fungi	Ascomycota	Leotiomycetes	Helotiales	Hyaloscyphaceae	Psilocistella	Psilocistella conincola	3489835	species	Psilocistella conincola	(Velen.) Svrček		
Psilocybe cyanescens	Wakefield	LC	Fungi	Basidiomycota	Agaricomycetes	Agaricales	Hymenogastraceae	Psilocybe	Psilocybe cyanescens	5242465	species	Psilocybe cyanescens	Wakef.		
Psilocybe laetissima	Hausknecht et Singer	DD	Fungi	Basidiomycota	Agaricomycetes	Agaricales	Hymenogastraceae	Psilocybe	Psilocybe laetissima	10125908	species	Psilocybe laetissima	(Hauskn. & Singer) Borov., J.Stříbrný, Noordel., Gryndler & Oborník		no_author_match
Psilocybe muscorum	(P.D. Orton) M.M. Moser	DD	Fungi	Basidiomycota	Agaricomycetes	Agaricales	Strophariaceae	Deconica	Deconica inquilina	2533595	species	Deconica inquilina	(Fr.) Pat. ex Romagn.		
Psilocybe semilanceata	(Fr.) Quel.	LC	Fungi	Basidiomycota	Agaricomycetes	Agaricales	Hymenogastraceae	Psilocybe	Psilocybe semilanceata	5242507	species	Psilocybe semilanceata	(Fr.) P.Kumm.		author_mismatch
Psilocybe tenax	(Fr.) Kuehner et Romagn.	DD	Fungi	Basidiomycota	Agaricomycetes	Agaricales	Hymenogastraceae	Psilocybe	Psilocybe tenax	7695252	species	Psilocybe tenax	Fr.		
Psilocybe turficola	J. Favre	NT	Fungi	Basidiomycota	Agaricomycetes	Agaricales	Hymenogastraceae	Psilocybe	Psilocybe turficola	5242540	species	Psilocybe turficola	J.Favre		
Psilopezia nummularia	Berk.	DD	Fungi	Ascomycota	Pezizomycetes	Pezizales	Rhizinaceae	Psilopezia	Psilopezia nummularia	2593277	species	Psilopezia nummularia	Berk.		
Pterula gracilis	(Berk.et Desm.) Corner	DD	Fungi	Basidiomycota	Agaricomycetes	Agaricales	Pterulaceae	Pterulicium	Pterulicium gracile	10838175	species	Pterulicium gracile	(Desm. & Berk.) Leal-Dutra, Dentinger & G.W.Griff.		
Pterula multifida	(Chevall.) Fr.	LC	Fungi	Basidiomycota	Agaricomycetes	Agaricales	Pterulaceae	Pterula	Pterula multifida	2540716	species	Pterula multifida	(Chevall.) Fr.		
Pulvinula cinnabarina	(Fuckel) Boud.	DD	Fungi	Ascomycota	Pezizomycetes	Pezizales	Pulvinulaceae	Pulvinula	Pulvinula cinnabarina	2593241	species	Pulvinula cinnabarina	(Fuckel) Boud.		
Pulvinula convexella	(P. Karst.) Pfister	LC	Fungi	Ascomycota	Pezizomycetes	Pezizales	Pulvinulaceae	Pulvinula	Pulvinula convexella	2593254	species	Pulvinula convexella	(P.Karst.) Pfister		
Pulvinula globifera	(Berk. et M.A. Curtis) Le Gal	DD	Fungi	Ascomycota	Pezizomycetes	Pezizales	Pulvinulaceae	Pulvinula	Pulvinula globifera	3492502	species	Pulvinula globifera	(Berk. & M.A.Curtis) Le Gal		
Pulvinula haemastigma	(Hedw.: Fr.) Boud.	LC	Fungi	Ascomycota	Pezizomycetes	Pezizales	Pyronemataceae	Humaria	Humaria haemastigma	5258856	species	Humaria haemastigma	(Hedw.) Massee		
Pulvinula ovalispora	Boud.	DD	Fungi	Ascomycota	Pezizomycetes	Pezizales	Pyronemataceae	Boubovia	Boubovia ovalispora	10463025	species	Boubovia ovalispora	(Boud.) Van Vooren		
Purpureodiscus subisabellinus	(Le Gal) Van Vooren	LC	Fungi	Ascomycota	Pezizomycetes	Pezizales	Pezizaceae	Purpureodiscus	Purpureodiscus subisabellinus	12106216	species	Purpureodiscus subisabellinus	(Le Gal) Van Vooren		
Pycnopeziza sejournei	(Boud.) Whetzel et White	DD	Fungi	Ascomycota	Leotiomycetes	Helotiales	Sclerotiniaceae	Pycnopeziza	Pycnopeziza sejournei	2583010	species	Pycnopeziza sejournei	(Boud.) Whetzel & W.L.White		
Pycnoporellus fulgens	(Fr.) Donk	LC	Fungi	Basidiomycota	Agaricomycetes	Polyporales	Pycnoporellaceae	Pycnoporellus	Pycnoporellus fulgens	2543387	species	Pycnoporellus fulgens	(Fr.) Donk		
Pycnoporus cinnabarinus	(Jacq.: Fr.) P. Karst.	LC	Fungi	Basidiomycota	Agaricomycetes	Polyporales	Polyporaceae	Trametes	Trametes cinnabarina	9227816	species	Trametes cinnabarina	(Jacq.) Fr.		
Pyrenopeziza adenostylidis	(Rehm) Gremmen	DD	Fungi	Ascomycota	Leotiomycetes	Helotiales	Ploettnerulaceae	Pyrenopeziza	Pyrenopeziza adenostylidis	2583891	species	Pyrenopeziza adenostylidis	(Rehm) Gremmen		
Pyrenopeziza chailletii	Fuckel	DD	Fungi	Ascomycota	Leotiomycetes	Helotiales	Ploettnerulaceae	Pyrenopeziza	Pyrenopeziza chailletii	2583746	species	Pyrenopeziza chailletii	(Pers.) Fuckel		
Pyrenopeziza chamerionis	Nannf.	DD	Fungi	Ascomycota	Leotiomycetes	Helotiales	Ploettnerulaceae	Pyrenopeziza	Pyrenopeziza chamaenerii	2583860	species	Pyrenopeziza chamaenerii	Nannf.		
Pyrenopeziza compressula	Rehm	DD	Fungi	Ascomycota	Leotiomycetes	Helotiales	Ploettnerulaceae	Pyrenopeziza	Pyrenopeziza compressula	2583736	species	Pyrenopeziza compressula	Rehm		
Pyrenopeziza ebuli	(Fr.) Sacc.	DD	Fungi	Ascomycota	Leotiomycetes	Helotiales	Ploettnerulaceae	Pyrenopeziza	Pyrenopeziza ebuli	2583768	species	Pyrenopeziza ebuli	(Fr.) Sacc.		
Pyrenopeziza escharodes	(Berk. et Broome) Rehm	DD	Fungi	Ascomycota	Leotiomycetes	Helotiales	Mollisiaceae	Mollisia	Mollisia escharodes	2584941	species	Mollisia escharodes	(Berk. & Broome) Gremmen		
Pyrenopeziza fuckelii	Nannf.	DD	Fungi	Ascomycota	Leotiomycetes	Helotiales	Ploettnerulaceae	Pyrenopeziza	Pyrenopeziza fuckelii	2583813	species	Pyrenopeziza fuckelii	Nannf.		
Pyrenopeziza galii-veri	(Karst.) Sacc.	DD	Fungi	Ascomycota	Leotiomycetes	Helotiales	Ploettnerulaceae	Pyrenopeziza	Pyrenopeziza galii-veri	2583857	species	Pyrenopeziza galii-veri	(P.Karst.) Sacc.		
Pyrenopeziza gentianae-asclepiadeae	Nannf.	DD	Fungi	Ascomycota	Leotiomycetes	Helotiales	Ploettnerulaceae	Pyrenopeziza	Pyrenopeziza gentianae-asclepiadeae	3491358	species	Pyrenopeziza gentianae-asclepiadeae	Nannf.		
Pyrenopeziza karstenii	Sacc.	DD	Fungi	Ascomycota	Leotiomycetes	Helotiales	Ploettnerulaceae	Pyrenopeziza	Pyrenopeziza karstenii	2583827	species	Pyrenopeziza karstenii	Sacc.		
Pyrenopeziza lonicerae	Nannf.	DD	Fungi	Ascomycota	Leotiomycetes	Helotiales	Ploettnerulaceae	Pyrenopeziza	Pyrenopeziza lonicerae	2583816	species	Pyrenopeziza lonicerae	Nannf.		
Pyrenopeziza mercurialis	(Fuckel) Boud.	DD	Fungi	Ascomycota	Leotiomycetes	Helotiales	Ploettnerulaceae	Pyrenopeziza	Pyrenopeziza mercurialis	2583783	species	Pyrenopeziza mercurialis	(Fuckel) Boud.		
Pyrenopeziza nigrella	Fuckel	DD	Fungi	Ascomycota	Leotiomycetes	Helotiales	Drepanopezizaceae	Pseudopeziza	Pseudopeziza nigrella	8127823	species	Pseudopeziza nigrella	(Fuckel) Boud.		
Pyrenopeziza petiolaris	(Alb. et Schwein.: Fr.) Nannf.	LC	Fungi	Ascomycota	Leotiomycetes	Helotiales	Ploettnerulaceae	Pyrenopeziza	Pyrenopeziza petiolaris	7869710	species	Pyrenopeziza petiolaris	(Alb. & Schwein.) Nannf.		
Pyrenopeziza plicata	Rehm	DD	Fungi	Ascomycota	Leotiomycetes	Helotiales	Ploettnerulaceae	Pyrenopeziza	Pyrenopeziza plicata	2583864	species	Pyrenopeziza plicata	(Rehm) Rehm		
Pyrenopeziza pulveracea	(Fuckel) Gremmen	DD	Fungi	Ascomycota	Leotiomycetes	Helotiales	Ploettnerulaceae	Pyrenopeziza	Pyrenopeziza pulveracea	2583738	species	Pyrenopeziza pulveracea	(Fuckel) Gremmen		
Pyrenopeziza rubi	(Fr.) Rehm	LC	Fungi	Ascomycota	Leotiomycetes	Helotiales	Ploettnerulaceae	Pyrenopeziza	Pyrenopeziza rubi	2583726	species	Pyrenopeziza rubi	(Fr.) Rehm		
Pyrenopeziza solidaginis	(Karst.) Schroeter	DD	Fungi	Ascomycota	Leotiomycetes	Helotiales	Ploettnerulaceae	Pyrenopeziza	Pyrenopeziza solidaginis	2583762	species	Pyrenopeziza solidaginis	(P.Karst.) J.Schröt.		
Pyrenopeziza ustulata	(Boud.) Boud.	DD	Fungi	Ascomycota	Leotiomycetes	Helotiales	Ploettnerulaceae	Pyrenopeziza	Pyrenopeziza ustulata	8305612	species	Pyrenopeziza ustulata	(Boud.) Boud.		
Pyronema domesticum	(Sowerby: Fr.) Sacc.	LC	Fungi	Ascomycota	Pezizomycetes	Pezizales	Pyronemataceae	Pyronema	Pyronema domesticum	5258593	species	Pyronema domesticum	(Sowerby) Sacc.		
Pyronema omphalodes	(Bull.: St.-Amans) Fuckel	LC	Fungi	Ascomycota	Pezizomycetes	Pezizales	Pyronemataceae	Pyronema	Pyronema omphalodes	5258590	species	Pyronema omphalodes	(Bull.) Fuckel		
Pyrrhulomyces astragalinus	(Fr.) E.J. Tian & Matheny	LC	Fungi	Basidiomycota	Agaricomycetes	Agaricales	Strophariaceae	Pyrrhulomyces	Pyrrhulomyces astragalinus	12203150	species	Pyrrhulomyces astragalinus	(Fr.) E.J.Tian & Matheny		
Radulodon erikssonii	Ryvarden	DD	Fungi	Basidiomycota	Agaricomycetes	Polyporales	Cerrenaceae	Radulodon	Radulodon erikssonii	2544336	species	Radulodon erikssonii	Ryvarden		
Radulomyces confluens	(Fr.:Fr.) M.P. Christ	LC	Fungi	Basidiomycota	Agaricomycetes	Agaricales	Radulomycetaceae	Radulomyces	Radulomyces confluens	2540565	species	Radulomyces confluens	(Fr.) M.P.Christ.		
Radulomyces rickii	(Bres.) M.P. Christ.	DD	Fungi	Basidiomycota	Agaricomycetes	Agaricales	Radulomycetaceae	Radulomyces	Radulomyces rickii	2540610	species	Radulomyces rickii	(Bres.) M.P.Christ.		
Ramaria apiculata	(Fr.) Donk	EN	Fungi	Basidiomycota	Agaricomycetes	Gomphales	Gomphaceae	Ramaria	Ramaria apiculata	5238581	species	Ramaria apiculata	(Fr.) Donk		
Ramaria aurea	(Schaeff.) Quel.	NT	Fungi	Basidiomycota	Agaricomycetes	Gomphales	Gomphaceae	Ramaria	Ramaria aurea	5238642	species	Ramaria aurea	(Schaeff.) Quél.		
Ramaria bataillei	(Maire) Corner	VU	Fungi	Basidiomycota	Agaricomycetes	Gomphales	Gomphaceae	Ramaria	Ramaria bataillei	7241653	species	Ramaria bataillei	(Maire) Corner		
Ramaria botrytis	(Pers.: Fr.) Ricken	VU	Fungi	Basidiomycota	Agaricomycetes	Gomphales	Gomphaceae	Ramaria	Ramaria botrytis	7486196	species	Ramaria botrytis	(Pers.) Bourdot		
Ramaria brienziensis	Schild	DD	Fungi	Basidiomycota	Agaricomycetes	Gomphales	Gomphaceae	Ramaria	Ramaria brienzensis	5238563	species	Ramaria brienzensis	Schild		similar_found
Ramaria brunneicontusa	R.H. Petersen	DD	Fungi	Basidiomycota	Agaricomycetes	Gomphales	Gomphaceae	Ramaria	Ramaria brunneicontusa	5238601	species	Ramaria brunneicontusa	R.H.Petersen		
Ramaria brunneomaculata	Schild	DD	Fungi	Basidiomycota	Agaricomycetes	Gomphales	Gomphaceae	Ramaria	Ramaria brunneomaculata	5238546	species	Ramaria brunneomaculata	Schild		
Ramaria canobrunnea	Schild	DD	Fungi	Basidiomycota	Agaricomycetes	Gomphales	Gomphaceae	Ramaria	Ramaria canobrunnea	5446061	species	Ramaria canobrunnea	Schild		
Ramaria condensata	(Fr.) Quel.	DD	Fungi	Basidiomycota	Agaricomycetes	Gomphales	Gomphaceae	Ramaria	Ramaria stricta	8869949	species	Ramaria stricta	(Pers.) Quél.		
Ramaria eosanguinea	R.H. Petersen	DD	Fungi	Basidiomycota	Agaricomycetes	Gomphales	Gomphaceae	Ramaria	Ramaria eosanguinea	5238477	species	Ramaria eosanguinea	R.H.Petersen		
Ramaria fagetorum	Maas-Geest. ex Schild	DD	Fungi	Basidiomycota	Agaricomycetes	Gomphales	Gomphaceae	Ramaria	Ramaria fagetorum	5238462	species	Ramaria fagetorum	Maas Geest. ex Schild		
Ramaria fennica	(P. Karst.) Ricken	LC	Fungi	Basidiomycota	Agaricomycetes	Gomphales	Gomphaceae	Ramaria	Ramaria fennica	3315301	species	Ramaria fennica	(P.Karst.) Ricken		
Ramaria flava	(Schaeff.:Fr.) Quel.	LC	Fungi	Basidiomycota	Agaricomycetes	Gomphales	Gomphaceae	Ramaria	Ramaria flava	5238654	species	Ramaria flava	(Schaeff.) Quél.		
Ramaria flavescens	(Schaeff.) R.H. Petersen	VU	Fungi	Basidiomycota	Agaricomycetes	Gomphales	Gomphaceae	Ramaria	Ramaria flavescens	5238457	species	Ramaria flavescens	(Schaeff.) R.H.Petersen		
Ramaria flavicingula	R.H. Petersen	DD	Fungi	Basidiomycota	Agaricomycetes	Gomphales	Gomphaceae	Ramaria	Ramaria flavicingula	5446112	species	Ramaria flavicingula	R.H.Petersen		
Ramaria flavobrunnescens	(G.F. Atk.) Corner	EN	Fungi	Basidiomycota	Agaricomycetes	Gomphales	Gomphaceae	Ramaria	Ramaria flavobrunnescens	5238647	species	Ramaria flavobrunnescens	(G.F.Atk.) Corner		
Ramaria flavosalmonicolor	Schild	DD	Fungi	Basidiomycota	Agaricomycetes	Gomphales	Gomphaceae	Ramaria	Ramaria flavosalmonicolor	5238446	species	Ramaria flavosalmonicolor	Schild		
Ramaria formosa	(Fr.) Quel.	LC	Fungi	Basidiomycota	Agaricomycetes	Gomphales	Gomphaceae	Ramaria	Ramaria formosa	5238663	species	Ramaria formosa	(Pers.) Quél.		
Ramaria fumigata	(Peck) Corner	LC	Fungi	Basidiomycota	Agaricomycetes	Gomphales	Gomphaceae	Ramaria	Ramaria fumigata	3315317	species	Ramaria fumigata	(Peck) Corner		
Ramaria gracilis	(Pers.: Fr.) Quel.	LC	Fungi	Basidiomycota	Agaricomycetes	Gomphales	Gomphaceae	Ramaria	Ramaria gracilis	9087343	species	Ramaria gracilis	(Pers.) Quél.		
Ramaria grandipes	Schild et R.H. Petersen	DD	Fungi	Basidiomycota	Agaricomycetes	Gomphales	Gomphaceae	Ramaria	Ramaria grandipes	5238755	species	Ramaria grandipes	Schild & R.H.Petersen		
Ramaria ignicolor	Bres.ex Corner	VU	Fungi	Basidiomycota	Agaricomycetes	Gomphales	Gomphaceae	Ramaria	Ramaria ignicolor	5238516	species	Ramaria ignicolor	Corner		
Ramaria krieglsteineri	Schild	DD	Fungi	Basidiomycota	Agaricomycetes	Gomphales	Gomphaceae	Ramaria	Ramaria krieglsteineri	5446107	species	Ramaria krieglsteineri	Schild		
Ramaria largentii	Marr et D.E. Stuntz	LC	Fungi	Basidiomycota	Agaricomycetes	Gomphales	Gomphaceae	Ramaria	Ramaria largentii	5238733	species	Ramaria largentii	Marr & D.E.Stuntz		
Ramaria lutea	(Vittad.) Schild	LC	Fungi	Basidiomycota	Agaricomycetes	Gomphales	Gomphaceae	Ramaria	Ramaria lutea	5446068	species	Ramaria lutea	Schild		
Ramaria neoformosa	R.H. Petersen	EN	Fungi	Basidiomycota	Agaricomycetes	Gomphales	Gomphaceae	Ramaria	Ramaria formosa	5238663	species	Ramaria formosa	(Pers.) Quél.		
Ramaria obtusissima	(Peck) Corner	LC	Fungi	Basidiomycota	Agaricomycetes	Gomphales	Gomphaceae	Ramaria	Ramaria obtusissima	5238760	species	Ramaria obtusissima	(Peck) Corner		
Ramaria ochrochlora	Furrer et Schild	DD	Fungi	Basidiomycota	Agaricomycetes	Gomphales	Gomphaceae	Ramaria	Ramaria ochrochlora	5238503	species	Ramaria ochrochlora	Furrer-Ziogas & Schild		author_mismatch
Ramaria pallida	(Schaeff. emend. Bres.) Ricken	LC	Fungi	Basidiomycota	Agaricomycetes	Gomphales	Gomphaceae	Ramaria	Ramaria pallida	5238518	species	Ramaria pallida	(Schaeff.) Ricken		
Ramaria praecox	Schild	DD	Fungi	Basidiomycota	Agaricomycetes	Gomphales	Gomphaceae	Ramaria	Ramaria praecox	5446156	species	Ramaria praecox	Schild		
Ramaria rubella	(Schff.ex Krombh.) Peters.	LC	Fungi	Basidiomycota	Agaricomycetes	Gomphales	Gomphaceae	Ramaria	Ramaria rubella	5238504	species	Ramaria rubella	(Schaeff.) R.H.Petersen		
Ramaria sanguinea	(Pers.) Quel.	NT	Fungi	Basidiomycota	Agaricomycetes	Gomphales	Gomphaceae	Ramaria	Ramaria sanguinea	5238688	species	Ramaria sanguinea	(Pers.) Quél.		
Ramaria schildii	Petersen	DD	Fungi	Basidiomycota	Agaricomycetes	Gomphales	Gomphaceae	Ramaria	Ramaria schildii	5238684	species	Ramaria schildii	R.H.Petersen		
Ramaria spinulosa	(Pers.: Fr.) Quel.	DD	Fungi	Basidiomycota	Agaricomycetes	Gomphales	Gomphaceae	Ramaria	Ramaria spinulosa	5238528	species	Ramaria spinulosa	(Pers.) Quél.		
Ramaria strasseri	(Bres.) Corner	DD	Fungi	Basidiomycota	Agaricomycetes	Gomphales	Gomphaceae	Ramaria	Ramaria strasseri	5238626	species	Ramaria strasseri	(Bres.) Corner		
Ramaria stricta	(Pers.: Fr.) Quel.	LC	Fungi	Basidiomycota	Agaricomycetes	Gomphales	Gomphaceae	Ramaria	Ramaria stricta	8869949	species	Ramaria stricta	(Pers.) Quél.		
Ramaria subbotrytis	(Coker) Corner	VU	Fungi	Basidiomycota	Agaricomycetes	Gomphales	Gomphaceae	Ramaria	Ramaria subbotrytis	5238602	species	Ramaria subbotrytis	(Coker) Corner		
Ramaria subtilis	(Coker) Schild	DD	Fungi	Basidiomycota	Agaricomycetes	Gomphales	Gomphaceae	Ramaria	Ramaria subtilis	5238513	species	Ramaria subtilis	(Coker) Schild, 1982		
Ramaria suecica	(Fr.) Donk	NT	Fungi	Basidiomycota	Agaricomycetes	Gomphales	Gomphaceae	Ramaria	Ramaria suecica	9184158	species	Ramaria suecica	(Fr.) Donk		
Ramaria testaceoflava	(Bres.) Corner	EN	Fungi	Basidiomycota	Agaricomycetes	Gomphales	Gomphaceae	Ramaria	Ramaria testaceoflava	5238551	species	Ramaria testaceoflava	(Bres.) Corner		
Ramariopsis crocea	(Pers.: Fr.) Corner	LC	Fungi	Basidiomycota	Agaricomycetes	Agaricales	Clavariaceae	Ramariopsis	Ramariopsis crocea	2540197	species	Ramariopsis crocea	(Pers.) Corner		
Ramariopsis kunzei	(Fr.) Corner	DD	Fungi	Basidiomycota	Agaricomycetes	Agaricales	Clavariaceae	Ramariopsis	Ramariopsis kunzei	2540225	species	Ramariopsis kunzei	(Fr.) Corner		
Ramariopsis pulchella	(Boud.) Corner	EN	Fungi	Basidiomycota	Agaricomycetes	Agaricales	Clavariaceae	Ramariopsis	Ramariopsis pulchella	2540204	species	Ramariopsis pulchella	(Boud.) Corner		
Ramariopsis tenuicula	(Bourdot et Galzin) R.H. Petersen	DD	Fungi	Basidiomycota	Agaricomycetes	Agaricales	Clavariaceae	Ramariopsis	Ramariopsis tenuicula	2540275	species	Ramariopsis tenuicula	(Bourdot & Galzin) R.H.Petersen		
Ramariopsis tenuiramosa	Corner	DD	Fungi	Basidiomycota	Agaricomycetes	Agaricales	Clavariaceae	Ramariopsis	Ramariopsis tenuiramosa	2540273	species	Ramariopsis tenuiramosa	Corner		
Ramsbottomia asperior	(Nyl.) Benkert et T. Schumacher	LC	Fungi	Ascomycota	Pezizomycetes	Pezizales	Pyronemataceae	Ramsbottomia	Ramsbottomia asperior	2594307	species	Ramsbottomia asperior	(Nyl.) Benkert & T.Schumach.		
Ramsbottomia crechqueraultii	(Crouan) Benkert et T. Schum.	DD	Fungi	Ascomycota	Pezizomycetes	Pezizales	Pyronemataceae	Lamprospora	Lamprospora crechqueraultii	2593776	species	Lamprospora crechqueraultii	(P.Crouan & H.Crouan) Boud.		
Ramsbottomia macracantha	(Boud.) Benkert et T. Schumacher	DD	Fungi	Ascomycota	Pezizomycetes	Pezizales	Pyronemataceae	Ramsbottomia	Ramsbottomia macracantha	2593779	species	Ramsbottomia macracantha	(Boud.) Benkert & T.Schumach.		
Rectipilus fasciculatus	(Pers.) Agerer	DD	Fungi	Basidiomycota	Agaricomycetes	Agaricales	Marasmiaceae	Rectipilus	Rectipilus fasciculatus	2537792	species	Rectipilus fasciculatus	(Pers.) Agerer		
Resinicium bicolor	(Alb. et Schwein.: Fr.) Parmasto	LC	Fungi	Basidiomycota	Agaricomycetes	Hymenochaetales	Rickenellaceae	Resinicium	Resinicium bicolor	2523300	species	Resinicium bicolor	(Alb. & Schwein.) Parmasto		
Resinicium furfuraceum	(Bres.) Parmasto	VU	Fungi	Basidiomycota	Agaricomycetes	Hymenochaetales	Repetobasidiaceae	Skvortzovia	Skvortzovia furfuracea	10716812	species	Skvortzovia furfuracea	(Bres.) G.Gruhn & Hallenberg		
Resinicium pinicola	(J. Erikss.) J. Erikss. et Hjortstam	DD	Fungi	Basidiomycota	Agaricomycetes	Hymenochaetales	Repetobasidiaceae	Skvortzovia	Skvortzovia pinicola	10851009	species	Skvortzovia pinicola	(J.Erikss.) G.Gruhn & Hallenb.		
Resinomycena saccharifera	(Berk. et Broome) Kuehner	DD	Fungi	Basidiomycota	Agaricomycetes	Agaricales	Mycenaceae	Resinomycena	Resinomycena saccharifera	2527336	species	Resinomycena saccharifera	(Berk. & Broome) Redhead		author_mismatch
Resupinatus applicatus	(Batsch: Fr.) Gray	LC	Fungi	Basidiomycota	Agaricomycetes	Agaricales	Pleurotaceae	Resupinatus	Resupinatus applicatus	2532215	species	Resupinatus applicatus	(Batsch) Gray		
Resupinatus conspersus	(Pers.) Thorn, Moncalvo & Redhead	EN	Fungi	Basidiomycota	Agaricomycetes	Agaricales	Pleurotaceae	Resupinatus	Resupinatus conspersus	8898506	species	Resupinatus conspersus	(Pers.) Thorn, Moncalvo & Redhead		
Resupinatus kavinii	(Pilat) M.M. Moser	NT	Fungi	Basidiomycota	Agaricomycetes	Agaricales	Pleurotaceae	Resupinatus	Resupinatus kavinii	2532203	species	Resupinatus kavinii	(Pilát) M.M.Moser		
Resupinatus poriaeformis	(Pers.) Thorn, Moncalvo & Redhead	VU	Fungi	Basidiomycota	Agaricomycetes	Agaricales	Pleurotaceae	Resupinatus	Resupinatus poriaeformis	2532192	species	Resupinatus poriaeformis	(Pers.) Thorn, Moncalvo & Redhead		
Resupinatus trichotis	(Pers.) Singer	LC	Fungi	Basidiomycota	Agaricomycetes	Agaricales	Pleurotaceae	Resupinatus	Resupinatus trichotis	2532179	species	Resupinatus trichotis	(Pers.) Singer		
Rheubarbariboletus armeniacus	(Quél.) Vizzini, Simonini & Gelardi	VU	Fungi	Basidiomycota	Agaricomycetes	Boletales	Boletaceae	Rheubarbariboletus	Rheubarbariboletus armeniacus	7737877	species	Rheubarbariboletus armeniacus	(Quél.) Vizzini, Simonini & Gelardi		
Rhizina undulata	Fr.	LC	Fungi	Ascomycota	Pezizomycetes	Pezizales	Rhizinaceae	Rhizina	Rhizina undulata	2593192	species	Rhizina undulata	Fr.		
Rhizochaete radicata	(Henn.) Gresl., Nakasone & Rajchenb.	LC	Fungi	Basidiomycota	Agaricomycetes	Polyporales	Phanerochaetaceae	Rhizochaete	Rhizochaete radicata	2541784	species	Rhizochaete radicata	(Henn.) Gresl., Nakasone & Rajchenb.		
Rhizoctonia ochracea	(Massee) Oberw., R. Bauer, Garnica & R. Kirschner	DD	Fungi	Basidiomycota	Agaricomycetes	Cantharellales	Ceratobasidiaceae	Rhizoctonia	Rhizoctonia ochracea	7392809	species	Rhizoctonia ochracea	(Massee) Oberw., R.Bauer, Garnica & R.Kirschner		
Rhizocybe pruinosa	(P. Kumm.) Vizzini, P. Alvarado & G. Moreno	LC	Fungi	Basidiomycota	Agaricomycetes	Agaricales	Tricholomataceae	Rhizocybe	Rhizocybe pruinosa	8265997	species	Rhizocybe pruinosa	(P.Kumm.) Vizzini, P.Alvarado & G.Moreno		
Rhizocybe vermicularis	(Fr.) Vizzini, P. Alvarado, G. Moreno & Consiglio	LC	Fungi	Basidiomycota	Agaricomycetes	Agaricales	Tricholomataceae	Rhizocybe	Rhizocybe vermicularis	7441107	species	Rhizocybe vermicularis	(Fr.) Vizzini, P.Alvarado, G.Moreno & Consiglio		
Rhizomarasmius epidryas	(Kühner ex A. Ronikier) A. Ronikier & Ronikier	EN	Fungi	Basidiomycota	Agaricomycetes	Agaricales	Physalacriaceae	Rhizomarasmius	Rhizomarasmius epidryas	7734662	species	Rhizomarasmius epidryas	(Kühner ex A.Ronikier) A.Ronikier & Ronikier		
Rhizomarasmius undatus	(Berk.) R.H. Petersen	EN	Fungi	Basidiomycota	Agaricomycetes	Agaricales	Physalacriaceae	Rhizomarasmius	Rhizomarasmius undatus	2537097	species	Rhizomarasmius undatus	(Berk.) R.H.Petersen		
Rhizopogon abietis	A.H. Sm in A.H. Sm. et Zeller	DD	Fungi	Basidiomycota	Agaricomycetes	Boletales	Rhizopogonaceae	Rhizopogon	Rhizopogon abietis	3356482	species	Rhizopogon abietis	A.H.Sm.		
Rhizopogon obtextus	(Sprengel) R.Rauschert	VU	Fungi	Basidiomycota	Agaricomycetes	Boletales	Rhizopogonaceae	Rhizopogon	Rhizopogon obtextus	3356412	species	Rhizopogon obtextus	(Spreng.) R.Rauschert		
Rhizopogon roseolus	(Fr.) Th. Fr.	LC	Fungi	Basidiomycota	Agaricomycetes	Boletales	Rhizopogonaceae	Rhizopogon	Rhizopogon roseolus	2524228	species	Rhizopogon roseolus	(Corda) Th.Fr.		
Rhizopogon villosulus	Zeller	DD	Fungi	Basidiomycota	Agaricomycetes	Boletales	Rhizopogonaceae	Rhizopogon	Rhizopogon villosulus	2524222	species	Rhizopogon villosulus	Zeller		
Rhodocollybia butyracea	(Bull.Fr.) Lennox	LC	Fungi	Basidiomycota	Agaricomycetes	Agaricales	Omphalotaceae	Rhodocollybia	Rhodocollybia butyracea	9217873	species	Rhodocollybia butyracea	(Bull.) Lennox		
Rhodocollybia fodiens	(Kalchbr. Antonin et Noordel.	VU	Fungi	Basidiomycota	Agaricomycetes	Agaricales	Omphalotaceae	Rhodocollybia	Rhodocollybia fodiens	2538147	species	Rhodocollybia fodiens	(Kalchbr.) Antonín & Noordel.		
Rhodocollybia maculata	(Alb. et Schw.) Singer	LC	Fungi	Basidiomycota	Agaricomycetes	Agaricales	Omphalotaceae	Rhodocollybia	Rhodocollybia maculata	3321205	species	Rhodocollybia maculata	(Alb. & Schwein.) Singer		
Rhodocollybia prolixa	(Hornem.Fr.) Antonin et Noordel.	VU	Fungi	Basidiomycota	Agaricomycetes	Agaricales	Omphalotaceae	Rhodocollybia	Rhodocollybia prolixa	3321179	species	Rhodocollybia prolixa	(Fr.) Antonín & Noordel.		
Rhodocybe caelata	(Fr.) Maire	NT	Fungi	Basidiomycota	Agaricomycetes	Agaricales	Entolomataceae	Clitopilus	Clitopilus caelatus	7655039	species	Clitopilus caelatus	(Fr.) Vila & Contu		
Rhodocybe gemina	(Fr.) Kuyper et Noordel.	LC	Fungi	Basidiomycota	Agaricomycetes	Agaricales	Entolomataceae	Clitopilus	Clitopilus geminus	5899065	species	Clitopilus geminus	(Paulet) Noordel. & Co-David		
Rhodocybe naucoria	Singer	DD	Fungi	Basidiomycota	Agaricomycetes	Agaricales	Entolomataceae	Clitopilus	Clitopilus naucoria	7633835	species	Clitopilus naucoria	(Singer) Noordel. & Co-David		
Rhodonia placenta	(Fr.) Niemelä, K.H. Larss. & Schigel	VU	Fungi	Basidiomycota	Agaricomycetes	Polyporales	Polyporaceae	Rhodonia	Rhodonia placenta	2542856	species	Rhodonia placenta	(Fr.) Niemelä, K.H.Larss. & Schigel		
Rhodophana melleopallens	(P.D. Orton) Kluting, T.J. Baroni & Bergemann	EN	Fungi	Basidiomycota	Agaricomycetes	Agaricales	Entolomataceae	Rhodophana	Rhodophana melleopallens	7562913	species	Rhodophana melleopallens	(P.D.Orton) Kluting, T.J.Baroni & Bergemann		
Rhodophana nitellina	(Fr.) Papetti	LC	Fungi	Basidiomycota	Agaricomycetes	Agaricales	Entolomataceae	Rhodophana	Rhodophana nitellina	7874021	species	Rhodophana nitellina	(Fr.) Papetti		
Rhodophana stangliana	(Bresinsky & Pfaff) Vizzini	EN	Fungi	Basidiomycota	Agaricomycetes	Agaricales	Entolomataceae	Rhodophana	Rhodophana stangliana	8308255	species	Rhodophana stangliana	(Bresinsky & Pfaff) Vizzini		
Rhodoscypha ovilla	(Peck) Dissing et Sivertsen	VU	Fungi	Ascomycota	Pezizomycetes	Pezizales	Pyronemataceae	Rhodoscypha	Rhodoscypha ovilla	2594538	species	Rhodoscypha ovilla	(Peck) Dissing & Sivertsen		
Rhytisma acerinum	(Pers.ex St.Am.) Fr.	LC	Fungi	Ascomycota	Leotiomycetes	Rhytismatales	Rhytismataceae	Rhytisma	Rhytisma acerinum	9117055	species	Rhytisma acerinum	(Pers.) Fr.		
Rhytisma andromedae	Fr.	DD	Fungi	Ascomycota	Leotiomycetes	Rhytismatales	Rhytismataceae	Rhytisma	Rhytisma andromedae	5255536	species	Rhytisma andromedae	(Pers.) Fr.		
Rhytisma salicinum	(Pers.) Fr.	EN	Fungi	Ascomycota	Leotiomycetes	Rhytismatales	Rhytismataceae	Rhytisma	Rhytisma salicinum	5255509	species	Rhytisma salicinum	(Pers.) Fr.		
Rickenella fibula	(Bull.: Fr.) Raithelh.	LC	Fungi	Basidiomycota	Agaricomycetes	Hymenochaetales	Rickenellaceae	Rickenella	Rickenella fibula	9105286	species	Rickenella fibula	(Bull.) Raithelh.		
Rickenella mellea	(Singer et Clemencon) Lamoure	VU	Fungi	Basidiomycota	Agaricomycetes	Hymenochaetales	Rickenellaceae	Rickenella	Rickenella mellea	2523471	species	Rickenella mellea	(Singer & Clémençon) Lamoure		
Rickenella setipes	(Fr.: Fr.) Raithelh.	LC	Fungi	Basidiomycota	Agaricomycetes	Agaricales	Tricholomataceae	Omphalina	Omphalina setipes	7998674	species	Omphalina setipes	(Fr.) Raithelh.		
Rigidoporus crocatus	(Pat.) Ryvarden	DD	Fungi	Basidiomycota	Agaricomycetes	Polyporales	Meripilaceae	Rigidoporus	Rigidoporus crocatus	2541032	species	Rigidoporus crocatus	(Pat.) Ryvarden		
Rigidoporus undatus	(Pers.: Fr.) Pilat	DD	Fungi	Basidiomycota	Agaricomycetes	Polyporales	Meripilaceae	Rigidoporus	Rigidoporus undatus	9198571	species	Rigidoporus undatus	(Pers.) Donk		author_mismatch
Rimbachia arachnoidea	(Peck) Redhead	LC	Fungi	Basidiomycota	Agaricomycetes	Agaricales	Tricholomataceae	Rimbachia	Rimbachia arachnoidea	2532491	species	Rimbachia arachnoidea	(Peck) Redhead		
Rimbachia bryophila	(Pers.:Fr.) Redhead	LC	Fungi	Basidiomycota	Agaricomycetes	Agaricales	Tricholomataceae	Rimbachia	Rimbachia bryophila	9203890	species	Rimbachia bryophila	(Pers.) Redhead		
Rimbachia neckerae	(Fr.) Redhead	DD	Fungi	Basidiomycota	Agaricomycetes	Agaricales	Tricholomataceae	Rimbachia	Rimbachia neckerae	9203241	species	Rimbachia neckerae	(Fr.) Redhead		
Ripartites albidoincarnatus	(Britzelm.) Konrad & Maubl.	CR	Fungi	Basidiomycota	Agaricomycetes	Agaricales	Tricholomataceae	Ripartites	Ripartites albidoincarnatus	3327217	species	Ripartites albidoincarnatus	(Britzelm.) Konrad & Maubl.		
Ripartites serotinus	Einhell.	CR	Fungi	Basidiomycota	Agaricomycetes	Agaricales	Tricholomataceae	Ripartites	Ripartites serotinus	3327223	species	Ripartites serotinus	Einhell.		
Ripartites tricholoma	(Alb. et Schwein.: Fr.) P. Karst.	LC	Fungi	Basidiomycota	Agaricomycetes	Agaricales	Tricholomataceae	Ripartites	Ripartites tricholoma	2531579	species	Ripartites tricholoma	(Alb. & Schwein.) P.Karst.		
Robergea cubicularis	(Fr.) Rehm	DD	Fungi	Ascomycota	Lecanoromycetes	Ostropales	Stictidaceae	Robergea	Robergea cubicularis	12261358	species	Robergea cubicularis	(Fr.) Bres.		
Roesleria pallida	(Pers.) Sacc.	DD	Fungi	Ascomycota	Coniocybomycetes	Coniocybales	Coniocybaceae	Sclerophora	Sclerophora pallida	3389383	species	Sclerophora pallida	(Pers.) Y.J.Yao & Spooner		
Rosellinia aquila	(Fr.) de Not.	DD	Fungi	Ascomycota	Sordariomycetes	Xylariales	Xylariaceae	Rosellinia	Rosellinia aquila	2576685	species	Rosellinia aquila	(Fr.) Ces. & De Not.		
Rosellinia helvetica	L.E. Petrini, Petrini et S.M. Francis	DD	Fungi	Ascomycota	Sordariomycetes	Xylariales	Xylariaceae	Rosellinia	Rosellinia helvetica	2576662	species	Rosellinia helvetica	L.E.Petrini, Petrini & S.M.Francis		
Rosellinia mammiformis	(Pers.:Fr.) Ces. et de Not.	LC	Fungi	Ascomycota	Sordariomycetes	Xylariales	Xylariaceae	Rosellinia	Rosellinia mammiformis	2576677	species	Rosellinia mammiformis	(Pers.) Ces. & De Not.		
Rosellinia thelena	(Fr.) Rabh.	DD	Fungi	Ascomycota	Sordariomycetes	Xylariales	Xylariaceae	Rosellinia	Rosellinia thelena	2576699	species	Rosellinia thelena	(Fr.) Rabenh.		
Roseodiscus equisetinus	(Velen.) Baral	VU	Fungi	Ascomycota	Leotiomycetes	Helotiales	Hyaloscyphaceae	Roseodiscus	Roseodiscus equisetinus	2582832	species	Roseodiscus equisetinus	(Velen.) Baral		
Roseodiscus rhodoleucus	(Fr.) Baral	VU	Fungi	Ascomycota	Leotiomycetes	Helotiales	Hyaloscyphaceae	Roseodiscus	Roseodiscus rhodoleucus	2582835	species	Roseodiscus rhodoleucus	(Fr.) Baral		
Rozites caperatus	(Pers.: Fr.) P. Karst.	LC	Fungi	Basidiomycota	Agaricomycetes	Agaricales	Cortinariaceae	Cortinarius	Cortinarius caperatus	2529415	species	Cortinarius caperatus	(Pers.) Fr.		
Rubroboletus dupainii	(Boud.) Kuan Zhao & Zhu L. Yang	EN	Fungi	Basidiomycota	Agaricomycetes	Boletales	Boletaceae	Rubroboletus	Rubroboletus dupainii	8263905	species	Rubroboletus dupainii	(Boud.) Kuan Zhao & Zhu L.Yang		
Rubroboletus lupinus	(Fr.) Costanzo, Gelardi, Simonini & Vizzini	DD	Fungi	Basidiomycota	Agaricomycetes	Boletales	Boletaceae	Rubroboletus	Rubroboletus lupinus	8019387	species	Rubroboletus lupinus	(Fr.) Costanzo, Gelardi, Simonini & Vizzini		
Rubroboletus rhodoxanthus	(Krombh.) Kuan Zhao & Zhu L. Yang	VU	Fungi	Basidiomycota	Agaricomycetes	Boletales	Boletaceae	Rubroboletus	Rubroboletus rhodoxanthus	7487519	species	Rubroboletus rhodoxanthus	(Krombh.) Kuan Zhao & Zhu L.Yang		
Rubroboletus rubrosanguineus	(Cheype) Kuan Zhao & Zhu L. Yang	DD	Fungi	Basidiomycota	Agaricomycetes	Boletales	Boletaceae	Rubroboletus	Rubroboletus rubrosanguineus	7895858	species	Rubroboletus rubrosanguineus	(Cheype) Kuan Zhao & Zhu L.Yang		
Rubroboletus satanas	(Lenz) Kuan Zhao & Zhu L. Yang	NT	Fungi	Basidiomycota	Agaricomycetes	Boletales	Boletaceae	Rubroboletus	Rubroboletus satanas	7722553	species	Rubroboletus satanas	(Lenz) Kuan Zhao & Zhu L.Yang		
Rugosomyces obscuratus	(P.Karst.) Kalamees	DD	Fungi	Basidiomycota	Agaricomycetes	Agaricales	Lyophyllaceae	Rugosomyces	Rugosomyces obscuratus	3302595	species	Rugosomyces obscuratus	(P.Karst.) Kalamees		
Russula abietum	(Blum) Bon	DD	Fungi	Basidiomycota	Agaricomycetes	Russulales	Russulaceae	Russula	Russula abietum	2551468	species	Russula abietum	(J.Blum) Bon		
Russula acrifolia	Romagn.	LC	Fungi	Basidiomycota	Agaricomycetes	Russulales	Russulaceae	Russula	Russula acrifolia	2551347	species	Russula acrifolia	Romagn.		
Russula adulterina	Fr.	LC	Fungi	Basidiomycota	Agaricomycetes	Russulales	Russulaceae	Russula	Russula adulterina	7909893	species	Russula adulterina	Fr.		
Russula adusta	Fr.	LC	Fungi	Basidiomycota	Agaricomycetes	Russulales	Russulaceae	Russula	Russula adusta	9223923	species	Russula adusta	(Pers.) Fr.		
Russula aeruginea	Lindbl.	LC	Fungi	Basidiomycota	Agaricomycetes	Russulales	Russulaceae	Russula	Russula aeruginea	7423728	species	Russula aeruginea	Lindblad		
Russula albonigra	Krombh.	LC	Fungi	Basidiomycota	Agaricomycetes	Russulales	Russulaceae	Russula	Russula albonigra	2551443	species	Russula albonigra	(Krombh.) Fr.		author_mismatch
Russula alnetorum	Romagn.	LC	Fungi	Basidiomycota	Agaricomycetes	Russulales	Russulaceae	Russula	Russula alnetorum	2551454	species	Russula alnetorum	Romagn.		
Russula alpigenes	(Bon) Bon	DD	Fungi	Basidiomycota	Agaricomycetes	Russulales	Russulaceae	Russula	Russula alpigenes	3359252	species	Russula alpigenes	(Bon) Bon		
Russula alutacea	(Pers.:Fr.) Fr.	LC	Fungi	Basidiomycota	Agaricomycetes	Russulales	Russulaceae	Russula	Russula alutacea	2551318	species	Russula alutacea	(Fr.) Fr.		
Russula amarissima	Romagn.	DD	Fungi	Basidiomycota	Agaricomycetes	Russulales	Russulaceae	Russula	Russula amarissima	2551406	species	Russula amarissima	Romagn. & E.-J.Gilbert		
Russula amethystina	Quel.	LC	Fungi	Basidiomycota	Agaricomycetes	Russulales	Russulaceae	Russula	Russula amethystina	2551549	species	Russula amethystina	Quél.		
Russula amoena	Quel. sensu stricto	LC	Fungi	Basidiomycota	Agaricomycetes	Russulales	Russulaceae	Russula	Russula amoena	2551233	species	Russula amoena	Quél.		
Russula amoenicolor	Romagn.	EN	Fungi	Basidiomycota	Agaricomycetes	Russulales	Russulaceae	Russula	Russula amoenicolor	2551477	species	Russula amoenicolor	Romagn.		
Russula amoenipes	Romagn.	DD	Fungi	Basidiomycota	Agaricomycetes	Russulales	Russulaceae	Russula	Russula amoenipes	2551417	species	Russula amoenipes	(Romagn. ex Bon) Bidaud, Moënne-Locc. & Reumaux		
Russula amoenolens	Romagn.	VU	Fungi	Basidiomycota	Agaricomycetes	Russulales	Russulaceae	Russula	Russula amoenolens	2551439	species	Russula amoenolens	Romagn.		
Russula anatina	Romagn.	EN	Fungi	Basidiomycota	Agaricomycetes	Russulales	Russulaceae	Russula	Russula anatina	2551541	species	Russula anatina	Romagn.		
Russula anthracina	Romagn.	LC	Fungi	Basidiomycota	Agaricomycetes	Russulales	Russulaceae	Russula	Russula anthracina	2551452	species	Russula anthracina	Romagn.		
Russula aquosa	Lecl.	LC	Fungi	Basidiomycota	Agaricomycetes	Russulales	Russulaceae	Russula	Russula aquosa	2551527	species	Russula aquosa	Leclair		
Russula artesiana	Bon	DD	Fungi	Basidiomycota	Agaricomycetes	Russulales	Russulaceae	Russula	Russula viscida	2551504	species	Russula viscida	Kudřna		
Russula atroglauca	Einhell.	DD	Fungi	Basidiomycota	Agaricomycetes	Russulales	Russulaceae	Russula	Russula atroglauca	3359578	species	Russula atroglauca	Einhell.		
Russula atropurpurea	Krombh.	LC	Fungi	Basidiomycota	Agaricomycetes	Russulales	Russulaceae	Russula	Russula atropurpurea	2551470	species	Russula atropurpurea	(Krombh.) Britzelm.		no_author_match
Russula atrorubens	Quel.	LC	Fungi	Basidiomycota	Agaricomycetes	Russulales	Russulaceae	Russula	Russula atrorubens	2551297	species	Russula atrorubens	Quél.		
Russula aurantiaca	(Schff.) Romagn.	DD	Fungi	Basidiomycota	Agaricomycetes	Russulales	Russulaceae	Russula	Russula aurantiaca	8355265	species	Russula aurantiaca	(Jul.Schäff.) Romagn.		
Russula aurea	Pers.	LC	Fungi	Basidiomycota	Agaricomycetes	Russulales	Russulaceae	Russula	Russula aurea	2551388	species	Russula aurea	Pers.		
Russula azurea	Bres.	LC	Fungi	Basidiomycota	Agaricomycetes	Russulales	Russulaceae	Russula	Russula azurea	2551480	species	Russula azurea	Bres.		
Russula badia	Quel.	LC	Fungi	Basidiomycota	Agaricomycetes	Russulales	Russulaceae	Russula	Russula badia	2551171	species	Russula badia	Quél.		
Russula betularum	Hora	LC	Fungi	Basidiomycota	Agaricomycetes	Russulales	Russulaceae	Russula	Russula betularum	2551413	species	Russula betularum	Hora		
Russula borealis	Kauffman	DD	Fungi	Basidiomycota	Agaricomycetes	Russulales	Russulaceae	Russula	Russula borealis	2551250	species	Russula borealis	Kauffman		
Russula brunneoviolacea	Crawsh.	EN	Fungi	Basidiomycota	Agaricomycetes	Russulales	Russulaceae	Russula	Russula brunneoviolacea	2551404	species	Russula brunneoviolacea	Crawshay		
Russula caerulea	Fr.	LC	Fungi	Basidiomycota	Agaricomycetes	Russulales	Russulaceae	Russula	Russula caerulea	7960831	species	Russula caerulea	Fr.		
Russula camarophylla	Sarnari	DD	Fungi	Basidiomycota	Agaricomycetes	Russulales	Russulaceae	Russula	Russula camarophylla	3359230	species	Russula camarophylla	Romagn.		author_mismatch
Russula carminipes	Blum	EN	Fungi	Basidiomycota	Agaricomycetes	Russulales	Russulaceae	Russula	Russula carminipes	2551433	species	Russula carminipes	J.Blum		
Russula carpini	Heinemann et Girard	LC	Fungi	Basidiomycota	Agaricomycetes	Russulales	Russulaceae	Russula	Russula carpini	2551403	species	Russula carpini	R.Girard & Heinem.		author_mismatch
Russula cavipes	Britzelm.	LC	Fungi	Basidiomycota	Agaricomycetes	Russulales	Russulaceae	Russula	Russula cavipes	2551441	species	Russula cavipes	Britzelm.		
Russula cessans	Pearson	LC	Fungi	Basidiomycota	Agaricomycetes	Russulales	Russulaceae	Russula	Russula cessans	2551378	species	Russula cessans	A.Pearson		
Russula chamiteae	Kuehner	LC	Fungi	Basidiomycota	Agaricomycetes	Russulales	Russulaceae	Russula	Russula subrubens	2551589	species	Russula subrubens	(J.E.Lange) Bon		
Russula chloroides	Krombh.	LC	Fungi	Basidiomycota	Agaricomycetes	Russulales	Russulaceae	Russula	Russula chloroides	2551426	species	Russula chloroides	(Krombh.) Bres.		author_mismatch
Russula cicatricata	Romagn.	EN	Fungi	Basidiomycota	Agaricomycetes	Russulales	Russulaceae	Russula	Russula cicatricata	2551567	species	Russula cicatricata	Romagn. ex Bon		
Russula citrinochlora	Singer	DD	Fungi	Basidiomycota	Agaricomycetes	Russulales	Russulaceae	Russula	Russula citrinochlora	3360216	species	Russula citrinochlora	Singer		
Russula clariana	Heim	DD	Fungi	Basidiomycota	Agaricomycetes	Russulales	Russulaceae	Russula	Russula clariana	3359077	species	Russula clariana	R.Heim		
Russula claroflava	Grove	VU	Fungi	Basidiomycota	Agaricomycetes	Russulales	Russulaceae	Russula	Russula claroflava	2551299	species	Russula claroflava	Grove		
Russula consobrina	(Fr.:Fr.) Fr.	VU	Fungi	Basidiomycota	Agaricomycetes	Russulales	Russulaceae	Russula	Russula consobrina	9075447	species	Russula consobrina	(Fr.) Fr.		
Russula cremeoavellanea	Singer	EN	Fungi	Basidiomycota	Agaricomycetes	Russulales	Russulaceae	Russula	Russula cremeoavellanea	2551328	species	Russula cremeoavellanea	Singer		
Russula cuprea	Krombh.	VU	Fungi	Basidiomycota	Agaricomycetes	Russulales	Russulaceae	Russula	Russula cuprea	9430144	species	Russula cuprea	Krombh.		
Russula curtipes	F.H. Moeller & Jul. Schaeff.	VU	Fungi	Basidiomycota	Agaricomycetes	Russulales	Russulaceae	Russula	Russula curtipes	8193926	species	Russula curtipes	F.H.Møller & Jul.Schäff.		
Russula cutefracta	Cooke	NT	Fungi	Basidiomycota	Agaricomycetes	Russulales	Russulaceae	Russula	Russula cyanoxantha	2551542	species	Russula cyanoxantha	(Schaeff.) Fr.		
Russula cyanoxantha	(Schaeff.) Fr.	LC	Fungi	Basidiomycota	Agaricomycetes	Russulales	Russulaceae	Russula	Russula cyanoxantha	2551542	species	Russula cyanoxantha	(Schaeff.) Fr.		
Russula decipiens	(Singer) Kuehn. et Romagn.	LC	Fungi	Basidiomycota	Agaricomycetes	Russulales	Russulaceae	Russula	Russula decipiens	7955474	species	Russula decipiens	(Singer) Bon		
Russula decolorans	Fr.	LC	Fungi	Basidiomycota	Agaricomycetes	Russulales	Russulaceae	Russula	Russula decolorans	2551479	species	Russula decolorans	(Fr.) Fr.		
Russula delica	Fr.	LC	Fungi	Basidiomycota	Agaricomycetes	Russulales	Russulaceae	Russula	Russula delica	2551331	species	Russula delica	Fr.		
Russula densifolia	(Secr.) Gillet	LC	Fungi	Basidiomycota	Agaricomycetes	Russulales	Russulaceae	Russula	Russula densifolia	2551191	species	Russula densifolia	Secr. ex Gillet		
Russula dryadicola	Felln. et Landa	EN	Fungi	Basidiomycota	Agaricomycetes	Russulales	Russulaceae	Russula	Russula dryadicola	3359738	species	Russula dryadicola	R.Fellner & Landa		
Russula elaeodes	(Bres.) Bon	VU	Fungi	Basidiomycota	Agaricomycetes	Russulales	Russulaceae	Russula	Russula pseudo-olivascens	2551187	species	Russula pseudo-olivascens	Kärcher		
Russula emetica	aggr.	LC	Fungi	Basidiomycota	Agaricomycetes	Russulales	Russulaceae	Russula	Russula emetica	2551213	species	Russula emetica	(Schaeff.) Pers.		
Russula emeticella	(Singer) Hora	DD	Fungi	Basidiomycota	Agaricomycetes	Russulales	Russulaceae	Russula	Russula silvestris	2551252	species	Russula silvestris	(Singer) Reumaux		
Russula emeticicolor	(Jul. Schaeff.) Singer	EN	Fungi	Basidiomycota	Agaricomycetes	Russulales	Russulaceae	Russula	Russula emeticicolor	8037799	species	Russula emeticicolor	(Jul.Schäff.) Singer		
Russula erubescens	Zvara	DD	Fungi	Basidiomycota	Agaricomycetes	Russulales	Russulaceae	Russula	Russula erubescens	8007113	species	Russula erubescens	Zvára		
Russula exalbicans	(Pers.) Melzer et Zvara	LC	Fungi	Basidiomycota	Agaricomycetes	Russulales	Russulaceae	Russula	Russula exalbicans	2551513	species	Russula exalbicans	(Pers.) Melzer & Zvára		
Russula faginea	Romagn.	VU	Fungi	Basidiomycota	Agaricomycetes	Russulales	Russulaceae	Russula	Russula faginea	7506161	species	Russula faginea	Romagn.		
Russula farinipes	Rom. ap. Britzelm.	LC	Fungi	Basidiomycota	Agaricomycetes	Russulales	Russulaceae	Russula	Russula farinipes	2551611	species	Russula farinipes	Romell		
Russula favrei	M.M. Moser	LC	Fungi	Basidiomycota	Agaricomycetes	Russulales	Russulaceae	Russula	Russula favrei	2551355	species	Russula favrei	M.M.Moser		
Russula fellea	Fr.	LC	Fungi	Basidiomycota	Agaricomycetes	Russulales	Russulaceae	Russula	Russula fellea	2551225	species	Russula fellea	(Fr.) Fr.		
Russula firmula	J. Schaeff.	LC	Fungi	Basidiomycota	Agaricomycetes	Russulales	Russulaceae	Russula	Russula firmula	2551223	species	Russula firmula	Jul.Schäff.		
Russula flavispora	(Blum in Rom.) Romagn.	DD	Fungi	Basidiomycota	Agaricomycetes	Russulales	Russulaceae	Russula	Russula flavispora	2551314	species	Russula flavispora	Romagn.		
Russula flavoviridis	Romagn.	DD	Fungi	Basidiomycota	Agaricomycetes	Russulales	Russulaceae	Russula	Russula cyanoxantha	2551542	species	Russula cyanoxantha	(Schaeff.) Fr.		
Russula foetens	(Pers.: Fr.) Fr.	LC	Fungi	Basidiomycota	Agaricomycetes	Russulales	Russulaceae	Russula	Russula foetens	2551447	species	Russula foetens	Pers.		
Russula font-queri	Singer ex Singer	DD	Fungi	Basidiomycota	Agaricomycetes	Russulales	Russulaceae	Russula	Russula fontqueri	7713689	species	Russula fontqueri	Singer		similar_found
Russula fragilis	(Pers.: Fr.) Fr.	LC	Fungi	Basidiomycota	Agaricomycetes	Russulales	Russulaceae	Russula	Russula fragilis	2551254	species	Russula fragilis	Fr.		
Russula fragrantissima	Romagn.	DD	Fungi	Basidiomycota	Agaricomycetes	Russulales	Russulaceae	Russula	Russula fragrantissima	2551289	species	Russula fragrantissima	Romagn.		
Russula fuscorubra	(Bres.) Singer	VU	Fungi	Basidiomycota	Agaricomycetes	Russulales	Russulaceae	Russula	Russula torulosa	2551291	species	Russula torulosa	Bres.		
Russula fuscorubroides	Bon	LC	Fungi	Basidiomycota	Agaricomycetes	Russulales	Russulaceae	Russula	Russula fuscorubroides	2551305	species	Russula fuscorubroides	Bon		
Russula galochroa	Fr.	CR	Fungi	Basidiomycota	Agaricomycetes	Russulales	Russulaceae	Russula	Russula heterophylla	2551597	species	Russula heterophylla	(Fr.) Fr.		
Russula gigasperma	Romagn.	DD	Fungi	Basidiomycota	Agaricomycetes	Russulales	Russulaceae	Russula	Russula gigasperma	2551248	species	Russula gigasperma	Romagn.		
Russula gilva	Zvara	DD	Fungi	Basidiomycota	Agaricomycetes	Russulales	Russulaceae	Russula	Russula gilva	7240037	species	Russula gilva	Zvára		
Russula gracillima	J. Schaeff.	NT	Fungi	Basidiomycota	Agaricomycetes	Russulales	Russulaceae	Russula	Russula gracillima	2551491	species	Russula gracillima	Jul.Schäff.		
Russula grata	Britzelm.	LC	Fungi	Basidiomycota	Agaricomycetes	Russulales	Russulaceae	Russula	Russula grata	2551409	species	Russula grata	Britzelm.		
Russula graveolens	Romell	EN	Fungi	Basidiomycota	Agaricomycetes	Russulales	Russulaceae	Russula	Russula graveolens	2551371	species	Russula graveolens	Romell		
Russula grisea	(Pers.ex Secr.) Fr.	LC	Fungi	Basidiomycota	Agaricomycetes	Russulales	Russulaceae	Russula	Russula grisea	2551317	species	Russula grisea	Fr.		
Russula griseascens	(Bon et Gaugue) L. Marti	VU	Fungi	Basidiomycota	Agaricomycetes	Russulales	Russulaceae	Russula	Russula hydrophila	7240086	species	Russula hydrophila	Horniček		
Russula heterophylla	(Fr.) Fr.	LC	Fungi	Basidiomycota	Agaricomycetes	Russulales	Russulaceae	Russula	Russula heterophylla	2551597	species	Russula heterophylla	(Fr.) Fr.		
Russula illota	Romagn.	LC	Fungi	Basidiomycota	Agaricomycetes	Russulales	Russulaceae	Russula	Russula illota	2551325	species	Russula illota	Romagn.		
Russula innocua	(Singer ex Romagn.) Bon	DD	Fungi	Basidiomycota	Agaricomycetes	Russulales	Russulaceae	Russula	Russula innocua	2551309	species	Russula innocua	(Singer) Romagn. ex Bon		
Russula insignis	Quel.	DD	Fungi	Basidiomycota	Agaricomycetes	Russulales	Russulaceae	Russula	Russula insignis	2551584	species	Russula insignis	Quél.		
Russula integra	L.: Fr.	LC	Fungi	Basidiomycota	Agaricomycetes	Russulales	Russulaceae	Russula	Russula integra	8894724	species	Russula integra	(L.) Fr.		
Russula ionochlora	Romagn.	LC	Fungi	Basidiomycota	Agaricomycetes	Russulales	Russulaceae	Russula	Russula ionochlora	2551315	species	Russula ionochlora	Romagn.		
Russula knauthii	Singer	DD	Fungi	Basidiomycota	Agaricomycetes	Russulales	Russulaceae	Russula	Russula fragilis	2551254	species	Russula fragilis	Fr.		author_mismatch
Russula langei	Bon	LC	Fungi	Basidiomycota	Agaricomycetes	Russulales	Russulaceae	Russula	Russula langei	2551192	species	Russula langei	Bon		
Russula laricina	Velen.	LC	Fungi	Basidiomycota	Agaricomycetes	Russulales	Russulaceae	Russula	Russula laricina	6016725	species	Russula laricina	Velen.		
Russula lateritia	Quel. sensu Romagn.	DD	Fungi	Basidiomycota	Agaricomycetes	Russulales	Russulaceae	Russula	Russula lateritia	2551438	species	Russula lateritia	Quél.		
Russula lepidicolor	Romagn.	DD	Fungi	Basidiomycota	Agaricomycetes	Russulales	Russulaceae	Russula	Russula lepidicolor	2551216	species	Russula lepidicolor	Romagn.		
Russula leucospora	Blum	DD	Fungi	Basidiomycota	Agaricomycetes	Russulales	Russulaceae	Russula	Russula leucospora	3359146	species	Russula leucospora	Bon		no_author_match
Russula lilacea	Quel.	EN	Fungi	Basidiomycota	Agaricomycetes	Russulales	Russulaceae	Russula	Russula lilacea	2551379	species	Russula lilacea	Quél.		
Russula livescens	(Batsch) Quel.ss. Bres.	VU	Fungi	Basidiomycota	Agaricomycetes	Russulales	Russulaceae	Russula	Russula insignis	2551584	species	Russula insignis	Quél.		
Russula lundellii	Singer	EN	Fungi	Basidiomycota	Agaricomycetes	Russulales	Russulaceae	Russula	Russula intermedia	2551459	species	Russula intermedia	P.Karst.		
Russula lutea	(Huds.:Fr.) Gray	LC	Fungi	Basidiomycota	Agaricomycetes	Russulales	Russulaceae	Russula	Russula risigallina	2551392	species	Russula risigallina	(Batsch) Sacc.		
Russula lutensis	Romagn.	DD	Fungi	Basidiomycota	Agaricomycetes	Russulales	Russulaceae	Russula	Russula lutensis	3359035	species	Russula lutensis	Romagn.		
Russula luteorosella	Blum nec al.	DD	Fungi	Basidiomycota	Agaricomycetes	Russulales	Russulaceae	Russula	Russula risigallina	2551392	species	Russula risigallina	(Batsch) Sacc.		author_mismatch
Russula luteotacta	Rea	LC	Fungi	Basidiomycota	Agaricomycetes	Russulales	Russulaceae	Russula	Russula luteotacta	2551304	species	Russula luteotacta	Rea		
Russula luteoviridans	Chodat-Martin sensu Blum	DD	Fungi	Basidiomycota	Agaricomycetes	Russulales	Russulaceae	Russula	Russula luteoviridans	2551220	species	Russula luteoviridans	C.Martín		
Russula maculata	Quel.et Roz.	VU	Fungi	Basidiomycota	Agaricomycetes	Russulales	Russulaceae	Russula	Russula maculata	2551519	species	Russula maculata	Quél.		
Russula mairei	Singer	LC	Fungi	Basidiomycota	Agaricomycetes	Russulales	Russulaceae	Russula	Russula nobilis	2551208	species	Russula nobilis	Velen.		
Russula medullata	Romagn.	VU	Fungi	Basidiomycota	Agaricomycetes	Russulales	Russulaceae	Russula	Russula medullata	2551339	species	Russula medullata	Romagn.		
Russula melitodes	Romagn.	DD	Fungi	Basidiomycota	Agaricomycetes	Russulales	Russulaceae	Russula	Russula melitodes	2551525	species	Russula melitodes	Romagn.		
Russula melliolens	Quel.	VU	Fungi	Basidiomycota	Agaricomycetes	Russulales	Russulaceae	Russula	Russula melliolens	2551521	species	Russula melliolens	Quél.		
Russula melzeri	Zvara	EN	Fungi	Basidiomycota	Agaricomycetes	Russulales	Russulaceae	Russula	Russula melzeri	2551175	species	Russula melzeri	Zvára		
Russula minutula	Velen.	NT	Fungi	Basidiomycota	Agaricomycetes	Russulales	Russulaceae	Russula	Russula minutula	2551176	species	Russula minutula	Velen.		
Russula mollis	Quel. sensu Romagn.	DD	Fungi	Basidiomycota	Agaricomycetes	Russulales	Russulaceae	Russula	Russula cremeoavellanea	2551328	species	Russula cremeoavellanea	Singer		
Russula mustelina	Fr.	LC	Fungi	Basidiomycota	Agaricomycetes	Russulales	Russulaceae	Russula	Russula mustelina	2551312	species	Russula mustelina	Fr.		
Russula nana	Killermann	LC	Fungi	Basidiomycota	Agaricomycetes	Russulales	Russulaceae	Russula	Russula nana	2551509	species	Russula nana	Killerm.		
Russula nauseosa	(Pers.ex Schwein.) Fr.	LC	Fungi	Basidiomycota	Agaricomycetes	Russulales	Russulaceae	Russula	Russula nauseosa	2551603	species	Russula nauseosa	(Pers.) Fr.		
Russula nigricans	(Bull.) Fr.	LC	Fungi	Basidiomycota	Agaricomycetes	Russulales	Russulaceae	Russula	Russula adusta	9223923	species	Russula adusta	(Pers.) Fr.		
Russula nitida	(Pers.:Fr.) Fr.	LC	Fungi	Basidiomycota	Agaricomycetes	Russulales	Russulaceae	Russula	Russula nitida	9089269	species	Russula nitida	(Pers.) Fr.		
Russula norvegica	D.A.Reid	LC	Fungi	Basidiomycota	Agaricomycetes	Russulales	Russulaceae	Russula	Russula laccata	2551295	species	Russula laccata	Huijsman		
Russula ochroleuca	(Pers.) Fr.	LC	Fungi	Basidiomycota	Agaricomycetes	Russulales	Russulaceae	Russula	Russula ochroleuca	2551419	species	Russula ochroleuca	Fr.		
Russula odorata	Romagn.	EN	Fungi	Basidiomycota	Agaricomycetes	Russulales	Russulaceae	Russula	Russula odorata	2551170	species	Russula odorata	Romagn.		
Russula olivacea	(Schff.ex Secr.) Fr.	LC	Fungi	Basidiomycota	Agaricomycetes	Russulales	Russulaceae	Russula	Russula olivacea	9561742	species	Russula olivacea	(Schaeff.) Fr.		
Russula oreina	Singer	DD	Fungi	Basidiomycota	Agaricomycetes	Russulales	Russulaceae	Russula	Russula oreina	2551588	species	Russula oreina	Singer		
Russula pallidospora	(Blum) Romagn.	EN	Fungi	Basidiomycota	Agaricomycetes	Russulales	Russulaceae	Russula	Russula pallidospora	3360492	species	Russula pallidospora	J.Blum ex Romagn.		
Russula paludosa	Britzelm.	LC	Fungi	Basidiomycota	Agaricomycetes	Russulales	Russulaceae	Russula	Russula paludosa	2551201	species	Russula paludosa	Britzelm.		
Russula paraemetica	Reumaux	DD	Fungi	Basidiomycota	Agaricomycetes	Russulales	Russulaceae	Russula	Russula paraemetica	3360032	species	Russula paraemetica	Reumaux		
Russula parazurea	J. Schaeff.	LC	Fungi	Basidiomycota	Agaricomycetes	Russulales	Russulaceae	Russula	Russula parazurea	2551458	species	Russula parazurea	Jul.Schäff.		
Russula pascua	(F.H. Moeller & Jul. Schaeff.) Kuehner	LC	Fungi	Basidiomycota	Agaricomycetes	Russulales	Russulaceae	Russula	Russula pascua	8301141	species	Russula pascua	(F.H.Møller & Jul.Schäff.) Kühner		
Russula pectinata	Fr.	EN	Fungi	Basidiomycota	Agaricomycetes	Russulales	Russulaceae	Russula	Russula pectinata	2551285	species	Russula pectinata	Fr.		
Russula pectinatoides	Peck	LC	Fungi	Basidiomycota	Agaricomycetes	Russulales	Russulaceae	Russula	Russula pectinatoides	2551457	species	Russula pectinatoides	Peck		
Russula pelargonia	Niolle	LC	Fungi	Basidiomycota	Agaricomycetes	Russulales	Russulaceae	Russula	Russula pelargonia	2551511	species	Russula pelargonia	Niolle		
Russula persicina	Krombh.	VU	Fungi	Basidiomycota	Agaricomycetes	Russulales	Russulaceae	Russula	Russula persicina	2551354	species	Russula persicina	Krombh.		
Russula postiana	Romell	VU	Fungi	Basidiomycota	Agaricomycetes	Russulales	Russulaceae	Russula	Russula postiana	2551387	species	Russula postiana	Romell		
Russula pseudoaeruginea	Romagn.	DD	Fungi	Basidiomycota	Agaricomycetes	Russulales	Russulaceae	Russula	Russula pseudoaeruginea	7669898	species	Russula pseudoaeruginea	(Romagn.) Romagn.		
Russula pseudointegra	Arnoult et Goris	VU	Fungi	Basidiomycota	Agaricomycetes	Russulales	Russulaceae	Russula	Russula pseudointegra	2551551	species	Russula pseudointegra	Arnould & Goris		
Russula pseudoromellii	J. Blum et Bon	DD	Fungi	Basidiomycota	Agaricomycetes	Russulales	Russulaceae	Russula	Russula pseudoromellii	3359104	species	Russula pseudoromellii	J.Blum		
Russula pseudorosea	Blum	DD	Fungi	Basidiomycota	Agaricomycetes	Russulales	Russulaceae	Russula	Russula pseudorosea	3359206	species	Russula pseudorosea	J.Blum		
Russula puellaris	Fr.	LC	Fungi	Basidiomycota	Agaricomycetes	Russulales	Russulaceae	Russula	Russula puellaris	2551562	species	Russula puellaris	Fr.		
Russula puellula	Ebbesen, F.H. Moeller & Jul. Schaeff.	DD	Fungi	Basidiomycota	Agaricomycetes	Russulales	Russulaceae	Russula	Russula puellula	2551215	species	Russula puellula	Ebbesen, F.H.Møller & Jul.Schäff.		
Russula purpurata	(Crawsh.) Romagn.	DD	Fungi	Basidiomycota	Agaricomycetes	Russulales	Russulaceae	Russula	Russula purpurissata	7240014	species	Russula purpurissata	Reumaux		
Russula queletii	Fr.	LC	Fungi	Basidiomycota	Agaricomycetes	Russulales	Russulaceae	Russula	Russula queletii	2551558	species	Russula queletii	Fr.		
Russula raoultii	Quel.	LC	Fungi	Basidiomycota	Agaricomycetes	Russulales	Russulaceae	Russula	Russula raoultii	2551464	species	Russula raoultii	Quél.		
Russula rhodopus	Zvara	LC	Fungi	Basidiomycota	Agaricomycetes	Russulales	Russulaceae	Russula	Russula rhodopus	7239976	species	Russula rhodopus	Zvára		
Russula risigallina	(Batsch) Kuyper et van Vuure	LC	Fungi	Basidiomycota	Agaricomycetes	Russulales	Russulaceae	Russula	Russula risigallina	2551392	species	Russula risigallina	(Batsch) Sacc.		author_mismatch
Russula romellii	Maire	LC	Fungi	Basidiomycota	Agaricomycetes	Russulales	Russulaceae	Russula	Russula romellii	2551577	species	Russula romellii	Maire		
Russula rosea	Pers.	LC	Fungi	Basidiomycota	Agaricomycetes	Russulales	Russulaceae	Russula	Russula rosea	2551240	species	Russula rosea	Pers.		
Russula roseipes	Bres.	EN	Fungi	Basidiomycota	Agaricomycetes	Russulales	Russulaceae	Russula	Russula roseipes	2551270	species	Russula roseipes	Secr. ex Bres.		
Russula ruberrima	Romagn.	DD	Fungi	Basidiomycota	Agaricomycetes	Russulales	Russulaceae	Russula	Russula ruberrima	2551601	species	Russula ruberrima	Romagn.		
Russula rubra	(Lamb.ex Fr.) Fr. sensu Bresadola	EN	Fungi	Basidiomycota	Agaricomycetes	Russulales	Russulaceae	Russula	Russula emetica	2551213	species	Russula emetica	(Schaeff.) Pers.		
Russula rubroalba	(Singer) Romagn.	DD	Fungi	Basidiomycota	Agaricomycetes	Russulales	Russulaceae	Russula	Russula rubroalba	2551206	species	Russula rubroalba	(Singer) Romagn.		
Russula rutila	Romagn.	DD	Fungi	Basidiomycota	Agaricomycetes	Russulales	Russulaceae	Russula	Russula rutila	2551517	species	Russula rutila	Romagn.		
Russula saliceticola	(Singer) Kuehn.	DD	Fungi	Basidiomycota	Agaricomycetes	Russulales	Russulaceae	Russula	Russula saliceticola	3359750	species	Russula saliceticola	(Singer) Kühner ex Knudsen & T.Borgen		
Russula sanguinea	(Bull.) Fr.	LC	Fungi	Basidiomycota	Agaricomycetes	Russulales	Russulaceae	Russula	Russula sanguinea	3359736	species	Russula sanguinea	Fr.		
Russula sardonia	Fr.em.Rom.	LC	Fungi	Basidiomycota	Agaricomycetes	Russulales	Russulaceae	Russula	Russula sardonia	2551274	species	Russula sardonia	Fr.		
Russula sericatula	Romagn.	DD	Fungi	Basidiomycota	Agaricomycetes	Russulales	Russulaceae	Russula	Russula sericatula	2551582	species	Russula sericatula	Romagn.		
Russula solaris	Ferd. et Winge	LC	Fungi	Basidiomycota	Agaricomycetes	Russulales	Russulaceae	Russula	Russula solaris	2551329	species	Russula solaris	Ferd. & Winge		
Russula sororia	(Fr.) Romell	EN	Fungi	Basidiomycota	Agaricomycetes	Russulales	Russulaceae	Russula	Russula sororia	7531434	species	Russula sororia	(Fr.) Romell		
Russula sphagnophila	Kauffman	LC	Fungi	Basidiomycota	Agaricomycetes	Russulales	Russulaceae	Russula	Russula sphagnophila	2551271	species	Russula sphagnophila	Kauffman		
Russula stenotricha	Romagn.	DD	Fungi	Basidiomycota	Agaricomycetes	Russulales	Russulaceae	Russula	Russula stenotricha	2551186	species	Russula stenotricha	Romagn.		
Russula subfoetens	W.G.Smith	VU	Fungi	Basidiomycota	Agaricomycetes	Russulales	Russulaceae	Russula	Russula subfoetens	8391773	species	Russula subfoetens	W.G.Sm.		
Russula taeniospora	Einhell.	VU	Fungi	Basidiomycota	Agaricomycetes	Russulales	Russulaceae	Russula	Russula taeniospora	2551384	species	Russula taeniospora	Einhell.		
Russula terenopus	Romagn.	DD	Fungi	Basidiomycota	Agaricomycetes	Russulales	Russulaceae	Russula	Russula terenopus	3359103	species	Russula terenopus	Romagn.		
Russula torulosa	Bres.	LC	Fungi	Basidiomycota	Agaricomycetes	Russulales	Russulaceae	Russula	Russula torulosa	2551291	species	Russula torulosa	Bres.		
Russula turci	Bres.	LC	Fungi	Basidiomycota	Agaricomycetes	Russulales	Russulaceae	Russula	Russula turci	2551485	species	Russula turci	Bres.		
Russula unicolor	Romagn.	DD	Fungi	Basidiomycota	Agaricomycetes	Russulales	Russulaceae	Russula	Russula unicolor	2551179	species	Russula unicolor	Romagn.		
Russula urens	Romell ap. Maire ex Singer	VU	Fungi	Basidiomycota	Agaricomycetes	Russulales	Russulaceae	Russula	Russula cuprea	9430144	species	Russula cuprea	Krombh.		
Russula variegatula	Romagn.	DD	Fungi	Basidiomycota	Agaricomycetes	Russulales	Russulaceae	Russula	Russula variegatula	3359034	species	Russula variegatula	Romagn. ex Bon		
Russula velenovskyi	Melzer et Zvara	VU	Fungi	Basidiomycota	Agaricomycetes	Russulales	Russulaceae	Russula	Russula velenovskyi	2551348	species	Russula velenovskyi	Melzer & Zvára		
Russula velutipes	Velen.	NT	Fungi	Basidiomycota	Agaricomycetes	Russulales	Russulaceae	Russula	Russula aurora	7905123	species	Russula aurora	Krombh.		
Russula versatilis	Romagn.	DD	Fungi	Basidiomycota	Agaricomycetes	Russulales	Russulaceae	Russula	Russula versatilis	2551284	species	Russula versatilis	Romagn.		
Russula versicolor	J. Schaeff.	VU	Fungi	Basidiomycota	Agaricomycetes	Russulales	Russulaceae	Russula	Russula versicolor	8328359	species	Russula versicolor	Jul.Schäff.		
Russula vesca	Fr.	LC	Fungi	Basidiomycota	Agaricomycetes	Russulales	Russulaceae	Russula	Russula vesca	2551415	species	Russula vesca	Fr.		
Russula veternosa	Fr.	EN	Fungi	Basidiomycota	Agaricomycetes	Russulales	Russulaceae	Russula	Russula veternosa	2551553	species	Russula veternosa	Fr.		
Russula vinosa	Lindbl.	LC	Fungi	Basidiomycota	Agaricomycetes	Russulales	Russulaceae	Russula	Russula vinosa	2551182	species	Russula vinosa	Lindblad		
Russula vinosobrunnea	(Bres.) Romagn.	EN	Fungi	Basidiomycota	Agaricomycetes	Russulales	Russulaceae	Russula	Russula vinosobrunnea	2551580	species	Russula vinosobrunnea	(Bres.) Romagn.		
Russula vinosopurpurea	J. Schaeff.	DD	Fungi	Basidiomycota	Agaricomycetes	Russulales	Russulaceae	Russula	Russula vinosopurpurea	2551440	species	Russula vinosopurpurea	Jul.Schäff.		
Russula violacea	Quel.	LC	Fungi	Basidiomycota	Agaricomycetes	Russulales	Russulaceae	Russula	Russula violacea	2551442	species	Russula violacea	Quél.		
Russula violeipes	Quel.	LC	Fungi	Basidiomycota	Agaricomycetes	Russulales	Russulaceae	Russula	Russula violeipes	2551231	species	Russula violeipes	Quél.		
Russula virescens	(Schff.) Fr.	LC	Fungi	Basidiomycota	Agaricomycetes	Russulales	Russulaceae	Russula	Russula virescens	2551423	species	Russula virescens	(Schaeff.) Fr.		
Russula viscida	Kudr.	LC	Fungi	Basidiomycota	Agaricomycetes	Russulales	Russulaceae	Russula	Russula viscida	2551504	species	Russula viscida	Kudřna		
Russula xerampelina	aggr.	LC	Fungi	Basidiomycota	Agaricomycetes	Russulales	Russulaceae	Russula	Russula xerampelina	2551356	species	Russula xerampelina	(Schaeff.) Fr.		author_mismatch
Russula zvarae	Velen.	DD	Fungi	Basidiomycota	Agaricomycetes	Russulales	Russulaceae	Russula	Russula zvarae	2551574	species	Russula zvarae	Velen.		
Rutstroemia bolaris	(Batsch: Fr.) Rehm	LC	Fungi	Ascomycota	Leotiomycetes	Helotiales	Rutstroemiaceae	Rutstroemia	Rutstroemia bolaris	2580441	species	Rutstroemia bolaris	(Batsch) Rehm		
Rutstroemia echinophila	(Bull. ex Merat) Hoehn.	LC	Fungi	Ascomycota	Leotiomycetes	Helotiales	Rutstroemiaceae	Lanzia	Lanzia echinophila	9007128	species	Lanzia echinophila	(Bull.) Korf		
Rutstroemia elatina	(Alb. et Schwein.:Fr.) Rehm	VU	Fungi	Ascomycota	Leotiomycetes	Helotiales	Rutstroemiaceae	Rutstroemia	Rutstroemia elatina	2580421	species	Rutstroemia elatina	(Alb. & Schwein.) Rehm		
Rutstroemia firma	(Pers.) P. Karsten	LC	Fungi	Ascomycota	Leotiomycetes	Helotiales	Rutstroemiaceae	Rutstroemia	Rutstroemia firma	2580410	species	Rutstroemia firma	(Pers.) P.Karst.		
Rutstroemia fruticeti	Rehm	DD	Fungi	Ascomycota	Leotiomycetes	Helotiales	Rutstroemiaceae	Rutstroemia	Rutstroemia fruticeti	2580451	species	Rutstroemia fruticeti	Rehm		
Rutstroemia luteovirescens	(Rob. ex Desm.) Dumont et Korf	LC	Fungi	Ascomycota	Leotiomycetes	Helotiales	Rutstroemiaceae	Lanzia	Lanzia luteovirescens	5255871	species	Lanzia luteovirescens	(Roberge ex Desm.) Dumont & Korf		author_mismatch
Rutstroemia paludosa	(Cash et Davidson) Groves et Ell	DD	Fungi	Ascomycota	Leotiomycetes	Helotiales	Rutstroemiaceae	Rutstroemia	Rutstroemia paludosa	2580419	species	Rutstroemia paludosa	(E.K.Cash & R.W.Davidson) J.W.Groves & M.E.Elliott		
Rutstroemia petiolorum	(Rob.: Desm.) White	DD	Fungi	Ascomycota	Leotiomycetes	Helotiales	Rutstroemiaceae	Rutstroemia	Rutstroemia petiolorum	2580431	species	Rutstroemia petiolorum	(Roberge ex Desm.) W.L.White		
Rutstroemia sydowiana	(Rehm) White	LC	Fungi	Ascomycota	Leotiomycetes	Helotiales	Rutstroemiaceae	Rutstroemia	Rutstroemia sydowiana	2580452	species	Rutstroemia sydowiana	(Rehm) W.L.White		
Ryparobius sexdecimsporus	(Crouan) Sacc.	DD	Fungi	Ascomycota	Pezizomycetes	Pezizales		Coprotus	Coprotus sexdecimsporus	2580288	species	Coprotus sexdecimsporus	(P.Crouan & H.Crouan) Kimbr. & Korf		
Saccoblastia farinacea	(Hoehn.) Donk	LC	Fungi	Basidiomycota	Atractiellomycetes	Atractiellales	Phleogenaceae	Saccosoma	Saccosoma farinaceum	10752696	species	Saccosoma farinaceum	(Höhn.) Spirin & K.Põldmaa		
Saccobolus beckii	Heimerl	DD	Fungi	Ascomycota	Pezizomycetes	Pezizales	Ascobolaceae	Saccobolus	Saccobolus beckii	2595492	species	Saccobolus beckii	Heimerl		
Saccobolus depauperatus	(Berk. et Broome) E.C. Hansen	LC	Fungi	Ascomycota	Pezizomycetes	Pezizales	Ascobolaceae	Saccobolus	Saccobolus depauperatus	7977983	species	Saccobolus depauperatus	(Berk. & Broome) E.C.Hansen		
Saccobolus glaber	(Pers.:Fr.) Lambotte	DD	Fungi	Ascomycota	Pezizomycetes	Pezizales	Ascobolaceae	Saccobolus	Saccobolus glaber	2595499	species	Saccobolus glaber	(Pers.) Lambotte		
Saccobolus minimus	Velen.	DD	Fungi	Ascomycota	Pezizomycetes	Pezizales	Ascobolaceae	Saccobolus	Saccobolus minimus	2595493	species	Saccobolus minimus	Velen.		
Saccobolus verrucisporus	v. Brumm.	DD	Fungi	Ascomycota	Pezizomycetes	Pezizales	Ascobolaceae	Saccobolus	Saccobolus verrucisporus	2595498	species	Saccobolus verrucisporus	Brumm.		
Saccobolus versicolor	(P.Karsten) P. Karsten	DD	Fungi	Ascomycota	Pezizomycetes	Pezizales	Ascobolaceae	Saccobolus	Saccobolus versicolor	2595504	species	Saccobolus versicolor	(P.Karst.) P.Karst.		
Sarcodon fennicus	(P. Karst.) P. Karst.	CR	Fungi	Basidiomycota	Agaricomycetes	Thelephorales	Bankeraceae	Hydnellum	Hydnellum fennicum	10190117	species	Hydnellum fennicum	(P.Karst.) E.Larss., K.H.Larss. & Kõljalg		
Sarcodon fuligineoviolaceus	(Kalchbr.) Pat.	VU	Fungi	Basidiomycota	Agaricomycetes	Thelephorales	Bankeraceae	Hydnellum	Hydnellum fuligineoviolaceum	10434876	species	Hydnellum fuligineoviolaceum	(Kalchbr.) E.Larss., K.H.Larss. & Kõljalg		
Sarcodon glaucopus	Maas-Geest. et Nannf.	VU	Fungi	Basidiomycota	Agaricomycetes	Thelephorales	Bankeraceae	Hydnellum	Hydnellum glaucopus	10248529	species	Hydnellum glaucopus	(Maas Geest. & Nannf.) E.Larss., K.H.Larss. & Kõljalg		
Sarcodon imbricatus	(L.ex Fr.) P. Karst.	LC	Fungi	Basidiomycota	Agaricomycetes	Thelephorales	Bankeraceae	Sarcodon	Sarcodon imbricatus	5238865	species	Sarcodon imbricatus	(L.) P.Karst.		
Sarcodon joeides	(Pass.) Bat.	EN	Fungi	Basidiomycota	Agaricomycetes	Thelephorales	Bankeraceae	Sarcodon	Sarcodon joeides	5238892	species	Sarcodon joeides	(Pass.) Bataille		
Sarcodon leucopus	(Pers.) Maas-Gest. et Nannf.	EN	Fungi	Basidiomycota	Agaricomycetes	Thelephorales	Bankeraceae	Sarcodon	Sarcodon leucopus	5238884	species	Sarcodon leucopus	(Pers.) Maas Geest. & Nannf.		
Sarcodon martioflavus	(Snell et al.apud Snell et Dick) Maa	VU	Fungi	Basidiomycota	Agaricomycetes	Thelephorales	Bankeraceae	Hydnellum	Hydnellum martioflavum	10004675	species	Hydnellum martioflavum	(Snell, K.A.Harrison & H.A.C.Jacks.) E.Larss., K.H.Larss. & Kõljalg		
Sarcodon scabrosus	(Fr.) P. Karst.	VU	Fungi	Basidiomycota	Agaricomycetes	Thelephorales	Bankeraceae	Hydnellum	Hydnellum scabrosum	9854176	species	Hydnellum scabrosum	(Fr.) E.Larss., K.H.Larss. & Kõljalg		
Sarcodon versipellis	(Fr.) Quel.	VU	Fungi	Basidiomycota	Agaricomycetes	Thelephorales	Bankeraceae	Hydnellum	Hydnellum versipelle	10528493	species	Hydnellum versipelle	(Fr.) E.Larss., K.H.Larss. & Kõljalg		
Sarcodontia setosa	(Pers.) Donk	EN	Fungi	Basidiomycota	Agaricomycetes	Polyporales	Meruliaceae	Sarcodontia	Sarcodontia setosa	2543620	species	Sarcodontia setosa	(Pers.) Donk		
Sarcoleotia globosa	(Sommerf.:Fr.)Korf	VU	Fungi	Ascomycota	Geoglossomycetes	Geoglossales	Geoglossaceae	Sarcoleotia	Sarcoleotia globosa	8488586	species	Sarcoleotia globosa	(Sommerf.) Korf		
Sarcoscypha austriaca	(Beck ex Sacc.) Boud.	LC	Fungi	Ascomycota	Pezizomycetes	Pezizales	Sarcoscyphaceae	Sarcoscypha	Sarcoscypha austriaca	8689016	species	Sarcoscypha austriaca	(Beck ex Sacc.) Boud.		
Sarcoscypha coccinea	(Scop.:Fr.) Lamb.	LC	Fungi	Ascomycota	Pezizomycetes	Pezizales	Sarcoscyphaceae	Sarcoscypha	Sarcoscypha coccinea	8156721	species	Sarcoscypha coccinea	(Jacq.) Lambotte		
Sarcoscypha jurana	(Boud.) Baral	DD	Fungi	Ascomycota	Pezizomycetes	Pezizales	Sarcoscyphaceae	Sarcoscypha	Sarcoscypha jurana	2594966	species	Sarcoscypha jurana	(Boud.) Baral		
Sarcosoma globosum	(Schmidel) Rehm	DD	Fungi	Ascomycota	Pezizomycetes	Pezizales	Sarcosomataceae	Sarcosoma	Sarcosoma globosum	8109499	species	Sarcosoma globosum	(Schmidel) Rehm		
Sarcosphaera coronaria	(Jacq.) J. Schroet.	LC	Fungi	Ascomycota	Pezizomycetes	Pezizales	Pezizaceae	Sarcosphaera	Sarcosphaera coronaria	2594999	species	Sarcosphaera coronaria	(Jacq.) J.Schröt.		
Sarcotrochila alpina	(Fuckel) Hoehn.	DD	Fungi	Ascomycota	Leotiomycetes	Helotiales	Cenangiaceae	Sarcotrochila	Sarcotrochila alpina	2580576	species	Sarcotrochila alpina	(Fuckel) Höhn.		
Sarea difformis	(Fr.: Fr.) Fr.	DD	Fungi	Ascomycota	Sareomycetes	Sareales	Sareaceae	Sarea	Sarea difformis	5260440	species	Sarea difformis	(Fr.) Fr.		
Sarea resinae	(Fr.: Fr.) Kuntze	LC	Fungi	Ascomycota	Sareomycetes	Sareales	Sareaceae	Sarea	Sarea resinae	5260439	species	Sarea resinae	(Fr.) Kuntze		
Scabropezia flavovirens	(Fuckel) Dissing et Pfister	DD	Fungi	Ascomycota	Pezizomycetes	Pezizales	Pezizaceae	Plicariella	Plicariella flavovirens	7692335	species	Plicariella flavovirens	(Fuckel) Van Vooren & Moyne		
Schizophyllum amplum	(Lév.) Nakasone	LC	Fungi	Basidiomycota	Agaricomycetes	Agaricales	Schizophyllaceae	Schizophyllum	Schizophyllum amplum	5241139	species	Schizophyllum amplum	(Lév.) Nakasone		
Schizophyllum commune	Fr.:Fr.	LC	Fungi	Basidiomycota	Agaricomycetes	Agaricales	Schizophyllaceae	Schizophyllum	Schizophyllum commune	5241128	species	Schizophyllum commune	Fr.		
Schizopora flavipora	(Cooke) Ryvarden	LC	Fungi	Basidiomycota	Agaricomycetes	Hymenochaetales	Schizoporaceae	Xylodon	Xylodon flaviporus	9366699	species	Xylodon flaviporus	(Berk. & M.A.Curtis ex Cooke) Riebesehl & Langer		
Schizopora paradoxa	(Schrad.:Fr.) Donk	LC	Fungi	Basidiomycota	Agaricomycetes	Hymenochaetales	Schizoporaceae	Schizopora	Schizopora paradoxa	2518684	species	Schizopora paradoxa	(Schrad.) Donk		
Schizopora radula	(Pers. : Fr. ) Hallenb.	LC	Fungi	Basidiomycota	Agaricomycetes	Hymenochaetales	Schizoporaceae	Xylodon	Xylodon raduloides	9400288	species	Xylodon raduloides	Riebesehl & Langer		
Sclerencoelia fascicularis	(Alb. & Schwein.) Pärtel & Baral	EN	Fungi	Ascomycota	Leotiomycetes	Helotiales	Sclerotiniaceae	Sclerencoelia	Sclerencoelia fascicularis	9262383	species	Sclerencoelia fascicularis	(Alb. & Schwein.) Pärtel & Baral		
Scleroderma areolatum	Ehrenb.	LC	Fungi	Basidiomycota	Agaricomycetes	Boletales	Sclerodermataceae	Scleroderma	Scleroderma areolatum	5239963	species	Scleroderma areolatum	Ehrenb.		
Scleroderma bovista	Fr.	LC	Fungi	Basidiomycota	Agaricomycetes	Boletales	Sclerodermataceae	Scleroderma	Scleroderma bovista	5239977	species	Scleroderma bovista	Fr.		
Scleroderma cepa	Pers.	DD	Fungi	Basidiomycota	Agaricomycetes	Boletales	Sclerodermataceae	Scleroderma	Scleroderma cepa	5239938	species	Scleroderma cepa	Pers.		
Scleroderma citrinum	Pers.	LC	Fungi	Basidiomycota	Agaricomycetes	Boletales	Sclerodermataceae	Scleroderma	Scleroderma citrinum	5239982	species	Scleroderma citrinum	Pers.		
Scleroderma fuscum	(Corda) Fischer	EN	Fungi	Basidiomycota	Agaricomycetes	Boletales	Sclerodermataceae	Scleroderma	Scleroderma bovista	5239977	species	Scleroderma bovista	Fr.		
Scleroderma polyrhizum	Gmel.ex Pers.	CR	Fungi	Basidiomycota	Agaricomycetes	Boletales	Sclerodermataceae	Scleroderma	Scleroderma polyrhizum	5239950	species	Scleroderma polyrhizum	(J.F.Gmel.) Pers.		
Scleroderma verrucosum	(Bull.) ex Pers.	VU	Fungi	Basidiomycota	Agaricomycetes	Boletales	Sclerodermataceae	Scleroderma	Scleroderma verrucosum	5239959	species	Scleroderma verrucosum	(Bull.) Pers.		
Sclerotinia sclerotiorum	(Lib.) de Bary	LC	Fungi	Ascomycota	Leotiomycetes	Helotiales	Sclerotiniaceae	Sclerotinia	Sclerotinia sclerotiorum	2583154	species	Sclerotinia sclerotiorum	(Lib.) de Bary		
Sclerotinia trifoliorum	Jakob Erikson	LC	Fungi	Ascomycota	Leotiomycetes	Helotiales	Sclerotiniaceae	Sclerotinia	Sclerotinia trifoliorum	2583174	species	Sclerotinia trifoliorum	Erikss.		
Scopuloides leprosa	(Bourdot & Galzin) Boidin, Lanq. & Gilles	VU	Fungi	Basidiomycota	Agaricomycetes	Polyporales	Meruliaceae	Scopuloides	Scopuloides leprosa	5245892	species	Scopuloides leprosa	(Bourdot & Galzin) Boidin, Lanq. & Gilles		
Scopuloides rimosa	(Cooke) Juelich	LC	Fungi	Basidiomycota	Agaricomycetes	Polyporales	Meruliaceae	Scopuloides	Scopuloides rimosa	5245889	species	Scopuloides rimosa	(Cooke) Jülich		
Scotomyces subviolaceus	(Peck) Juelich	LC	Fungi	Basidiomycota	Agaricomycetes	Cantharellales	Ceratobasidiaceae	Scotomyces	Scotomyces subviolaceus	2555055	species	Scotomyces subviolaceus	(Peck) Jülich		
Scutellinia barlae	(Boud.) Maire	LC	Fungi	Ascomycota	Pezizomycetes	Pezizales	Pyronemataceae	Scutellinia	Scutellinia barlae	2593922	species	Scutellinia barlae	(Boud.) Maire		
Scutellinia cejpii	(Velen.) Svrcek	LC	Fungi	Ascomycota	Pezizomycetes	Pezizales	Pyronemataceae	Scutellinia	Scutellinia hirta	8639417	species	Scutellinia hirta	(Schumach.) Cooke		
Scutellinia crinita	(Bull.:Fr.) Lambotte	LC	Fungi	Ascomycota	Pezizomycetes	Pezizales	Pyronemataceae	Scutellinia	Scutellinia crinita	2593857	species	Scutellinia crinita	(Bull.) Lambotte		
Scutellinia crucipila	(Cooke et Philips) Moravec	LC	Fungi	Ascomycota	Pezizomycetes	Pezizales	Pyronemataceae	Cheilymenia	Cheilymenia crucipila	8622772	species	Cheilymenia crucipila	(Cooke & W.Phillips) Le Gal ex Denison		
Scutellinia hyperborea	T. Schumach.	DD	Fungi	Ascomycota	Pezizomycetes	Pezizales	Pyronemataceae	Scutellinia	Scutellinia hyperborea	3497124	species	Scutellinia hyperborea	T.Schumach.		
Scutellinia kerguelensis	(Berk.) O.Kuntze	LC	Fungi	Ascomycota	Pezizomycetes	Pezizales	Pyronemataceae	Scutellinia	Scutellinia kerguelensis	2593827	species	Scutellinia kerguelensis	(Berk.) Kuntze		
Scutellinia legaliae	Lohmeyer et Haeffner	LC	Fungi	Ascomycota	Pezizomycetes	Pezizales	Pyronemataceae	Scutellinia	Scutellinia legaliae	2593836	species	Scutellinia legaliae	Lohmeyer & Häffner		
Scutellinia macrospora	(Svrcek) Le Gal. aggr.	DD	Fungi	Ascomycota	Pezizomycetes	Pezizales	Pyronemataceae	Scutellinia	Scutellinia macrospora	2593927	species	Scutellinia macrospora	(Svrček) Le Gal		
Scutellinia minor	(Velen.) Svrcek	LC	Fungi	Ascomycota	Pezizomycetes	Pezizales	Pyronemataceae	Scutellinia	Scutellinia minor	2593854	species	Scutellinia minor	(Velen.) Svrček		
Scutellinia minutella	(Svrcek et J.Moravec	DD	Fungi	Ascomycota	Pezizomycetes	Pezizales	Pyronemataceae	Scutellinia	Scutellinia minutella	2593870	species	Scutellinia minutella	Svrček & J.Moravec		
Scutellinia mirabilis	Dissing et Sivertsen	VU	Fungi	Ascomycota	Pezizomycetes	Pezizales	Pyronemataceae	Scutellinia	Scutellinia mirabilis	2593882	species	Scutellinia mirabilis	Dissing & Sivertsen		
Scutellinia nigrohirtula	(Svcrek) LeGal	VU	Fungi	Ascomycota	Pezizomycetes	Pezizales	Pyronemataceae	Scutellinia	Scutellinia nigrohirtula	2593837	species	Scutellinia nigrohirtula	(Svrček) Le Gal		
Scutellinia nivea	T. Schumach.	DD	Fungi	Ascomycota	Pezizomycetes	Pezizales	Pyronemataceae	Scutellinia	Scutellinia nivea	3497062	species	Scutellinia nivea	T.Schumach.		
Scutellinia olivascens	(Cooke) Kuntze	DD	Fungi	Ascomycota	Pezizomycetes	Pezizales	Pyronemataceae	Scutellinia	Scutellinia olivascens	2593847	species	Scutellinia olivascens	(Cooke) Kuntze		
Scutellinia paludicola	(Boud.) LeGal	VU	Fungi	Ascomycota	Pezizomycetes	Pezizales	Pyronemataceae	Scutellinia	Scutellinia paludicola	2593929	species	Scutellinia paludicola	(Boud.) Le Gal		
Scutellinia patagonica	(Rehm) Gamundi	DD	Fungi	Ascomycota	Pezizomycetes	Pezizales	Pyronemataceae	Scutellinia	Scutellinia patagonica	2593833	species	Scutellinia patagonica	(Rehm) Gamundí		
Scutellinia pilatii	Velen.	DD	Fungi	Ascomycota	Pezizomycetes	Pezizales	Pyronemataceae	Scutellinia	Scutellinia pilatii	2593825	species	Scutellinia pilatii	(Velen.) Svrček		no_author_match
Scutellinia pseudotrechispora	(Schroet.) Le Gal	LC	Fungi	Ascomycota	Pezizomycetes	Pezizales	Pyronemataceae	Scutellinia	Scutellinia pseudotrechispora	2593935	species	Scutellinia pseudotrechispora	(J.Schröt.) Le Gal		
Scutellinia scutellata	(L.ex St.Amans) Lamb.	LC	Fungi	Ascomycota	Pezizomycetes	Pezizales	Pyronemataceae	Scutellinia	Scutellinia scutellata	2593897	species	Scutellinia scutellata	(L.) Lambotte		
Scutellinia setosa	(Nees:Fr.) O. Kuntze	VU	Fungi	Ascomycota	Pezizomycetes	Pezizales	Pyronemataceae	Scutellinia	Scutellinia setosa	2593955	species	Scutellinia setosa	(Nees) Kuntze		
Scutellinia subhirtella	Svrcek	LC	Fungi	Ascomycota	Pezizomycetes	Pezizales	Pyronemataceae	Scutellinia	Scutellinia subhirtella	2593869	species	Scutellinia subhirtella	Svrček		
Scutellinia superba	(Velen.) LeGal	DD	Fungi	Ascomycota	Pezizomycetes	Pezizales	Pyronemataceae	Scutellinia	Scutellinia superba	2593831	species	Scutellinia superba	(Velen.) Le Gal		
Scutellinia torrentis	(Rehm) T. Schum.	LC	Fungi	Ascomycota	Pezizomycetes	Pezizales	Pyronemataceae	Scutellinia	Scutellinia torrentis	3497075	species	Scutellinia torrentis	(Rehm) T.Schumach.		
Scutellinia trechispora	(Berk. et Broome) Lamb.	LC	Fungi	Ascomycota	Pezizomycetes	Pezizales	Pyronemataceae	Scutellinia	Scutellinia trechispora	2593889	species	Scutellinia trechispora	(Berk. & Broome) Lambotte		
Scutellinia umbrorum	(Fr.: Fr.) Lambotte	LC	Fungi	Ascomycota	Pezizomycetes	Pezizales	Pyronemataceae	Scutellinia	Scutellinia umbrorum	2593838	species	Scutellinia umbrorum	(Fr.) Lambotte		
Scutellinia vitreola	Kullmann	DD	Fungi	Ascomycota	Pezizomycetes	Pezizales	Pyronemataceae	Scutellinia	Scutellinia vitreola	3497134	species	Scutellinia vitreola	Kullman		
Scutiger confluens	(Alb. et Schwein.) Fr.	LC	Fungi	Basidiomycota	Agaricomycetes	Russulales	Albatrellaceae	Albatrellopsis	Albatrellopsis confluens	2551821	species	Albatrellopsis confluens	(Alb. & Schwein.) Teixeira		author_mismatch
Scutiger cristatus	(Pers.: Fr.) Kotl. et Pouzar	VU	Fungi	Basidiomycota	Agaricomycetes	Russulales		Laeticutis	Laeticutis cristata	5955077	species	Laeticutis cristata	(Schaeff.) Audet		author_mismatch
Scutiger ovinus	(Schaeff.:Fr.) Kotl. et Pouzar	LC	Fungi	Basidiomycota	Agaricomycetes	Russulales	Albatrellaceae	Albatrellus	Albatrellus ovinus	2551823	species	Albatrellus ovinus	(Schaeff.) Kotl. & Pouzar		author_mismatch
Scutiger pes-caprae	(Pers.: Fr.) Bond. et Singer	VU	Fungi	Basidiomycota	Agaricomycetes	Russulales	Albatrellaceae	Scutiger	Scutiger pes-caprae	5248916	species	Scutiger pes-caprae	(Pers.) Bondartsev & Singer		author_mismatch
Scutiger subrubescens	(Murrill) Pouzar	LC	Fungi	Basidiomycota	Agaricomycetes	Russulales	Albatrellaceae	Albatrellus	Albatrellus subrubescens	3357733	species	Albatrellus subrubescens	(Murrill) Pouzar		
Scutomollisia punctum	(Rehm) Nannf.	DD	Fungi	Ascomycota	Leotiomycetes	Helotiales	Mollisiaceae	Scutomollisia	Scutomollisia punctum	2583688	species	Scutomollisia punctum	(Rehm) Nannf.		
Scytinostroma alutum	Lanquetin	DD	Fungi	Basidiomycota	Agaricomycetes	Russulales	Peniophoraceae	Scytinostroma	Scytinostroma alutum	3356795	species	Scytinostroma alutum	Lanq.		
Scytinostroma hemidichophyticum	Pouzar	LC	Fungi	Basidiomycota	Agaricomycetes	Russulales	Peniophoraceae	Scytinostroma	Scytinostroma hemidichophyticum	2552685	species	Scytinostroma hemidichophyticum	Pouzar		
Scytinostroma odoratum	(Fr.) Donk	DD	Fungi	Basidiomycota	Agaricomycetes	Russulales	Peniophoraceae	Scytinostroma	Scytinostroma odoratum	9034310	species	Scytinostroma odoratum	(Fr.) Donk		
Scytinostroma praestans	(H.S. Jacks.) Donk	DD	Fungi	Basidiomycota	Agaricomycetes	Russulales	Peniophoraceae	Scytinostroma	Scytinostroma praestans	2552653	species	Scytinostroma praestans	(H.S.Jacks.) Donk		
Sebacina banatica	Pilat et Lindtner	DD	Fungi	Basidiomycota	Agaricomycetes	Sebacinales	Sebacinaceae	Sebacina	Sebacina banatica	3353388	species	Sebacina banatica	Pilát & Lindtner		
Sebacina caesiocinerea	(v. Hoehnel et Litsch.) Rogers	DD	Fungi	Basidiomycota	Agaricomycetes	Auriculariales		Basidiodendron	Basidiodendron caesiocinereum	2553832	species	Basidiodendron caesiocinereum	(Höhn. & Litsch.) Luck-Allen		
Sebacina cinerea	Bres.	DD	Fungi	Basidiomycota	Agaricomycetes	Auriculariales		Basidiodendron	Basidiodendron cinereum	2553849	species	Basidiodendron cinereum	(Bres.) Luck-Allen		
Sebacina dimitica	Oberw.	VU	Fungi	Basidiomycota	Agaricomycetes	Sebacinales	Sebacinaceae	Sebacina	Sebacina dimitica	2522069	species	Sebacina dimitica	Oberw.		
Sebacina epigaea	(Berk. et Broome) Neuh.	LC	Fungi	Basidiomycota	Agaricomycetes	Sebacinales	Sebacinaceae	Sebacina	Sebacina epigaea	2522082	species	Sebacina epigaea	(Berk. & Broome) Bourdot & Galzin		
Sebacina helvelloides	(Schwein.) Burt	DD	Fungi	Basidiomycota	Agaricomycetes	Sebacinales	Sebacinaceae	Helvellosebacina	Helvellosebacina helvelloides	8298521	species	Helvellosebacina helvelloides	(Schwein.) Oberw., Garnica & K.Riess		
Sebacina incrustans	(Fr.) Tul.	LC	Fungi	Basidiomycota	Agaricomycetes	Sebacinales	Sebacinaceae	Sebacina	Sebacina incrustans	2522091	species	Sebacina incrustans	(Pers.) Tul. & C.Tul.		
Sebacina livescens	Bres.	DD	Fungi	Basidiomycota	Agaricomycetes	Sebacinales	Sebacinaceae	Sebacina	Sebacina epigaea	2522082	species	Sebacina epigaea	(Berk. & Broome) Bourdot & Galzin		
Sebacina uvida	Fr.	DD	Fungi	Basidiomycota	Agaricomycetes	Auriculariales	Auriculariaceae	Exidiopsis	Exidiopsis effusa	2553645	species	Exidiopsis effusa	(Bref. ex Sacc.) Möller		
Sericeomyces serenus	(Fr.) Heinem.	VU	Fungi	Basidiomycota	Agaricomycetes	Agaricales	Agaricaceae	Leucoagaricus	Leucoagaricus serenus	2535853	species	Leucoagaricus serenus	(Fr.) Bon & Boiffard		
Sericeomyces sericatus	(K. et R.) Heinem.	EN	Fungi	Basidiomycota	Agaricomycetes	Agaricales	Agaricaceae	Leucoagaricus	Leucoagaricus sericifer	2535807	species	Leucoagaricus sericifer	(Locq.) Vellinga		
Serpula himantioides	(Fr.) P. Karst.	LC	Fungi	Basidiomycota	Agaricomycetes	Boletales	Serpulaceae	Serpula	Serpula himantioides	5239518	species	Serpula himantioides	(Fr.) P.Karst.		
Serpula lacrymans	(Wulfen ap. Jacq.: Fr.) J. Schroet.	LC	Fungi	Basidiomycota	Agaricomycetes	Boletales	Serpulaceae	Serpula	Serpula lacrymans	5239534	species	Serpula lacrymans	(Wulfen) J.Schröt.		
Sidera lenis	(P. Karst.) Miettinen	EN	Fungi	Basidiomycota	Agaricomycetes	Hymenochaetales	Rickenellaceae	Sidera	Sidera lenis	7547658	species	Sidera lenis	(P.Karst.) Miettinen		
Simocybe centunculus	(Fr.) Singer	NT	Fungi	Basidiomycota	Agaricomycetes	Agaricales	Crepidotaceae	Simocybe	Simocybe centunculus	7741374	species	Simocybe centunculus	(Fr.) Singer		
Simocybe haustellaris	(Fr.:Fr.) Watling	VU	Fungi	Basidiomycota	Agaricomycetes	Agaricales	Crepidotaceae	Simocybe	Simocybe haustellaris	2528419	species	Simocybe haustellaris	(Fr.) Watling		
Simocybe laevigata	(J. Favre) P.D. Orton	EN	Fungi	Basidiomycota	Agaricomycetes	Agaricales	Crepidotaceae	Simocybe	Simocybe centunculus	3329934	species	Simocybe centunculus	(Fr.) P.Karst.		
Simocybe reducta	(Fr.) Karst.	EN	Fungi	Basidiomycota	Agaricomycetes	Agaricales	Crepidotaceae	Simocybe	Simocybe reducta	2528410	species	Simocybe reducta	(Fr.) P.Karst.		
Simocybe sumptuosa	(Orton) Singer	VU	Fungi	Basidiomycota	Agaricomycetes	Agaricales	Crepidotaceae	Simocybe	Simocybe sumptuosa	2528399	species	Simocybe sumptuosa	(P.D.Orton) Singer		
Singerocybe phaeophthalma	(Pers.) Harmaja	LC	Fungi	Basidiomycota	Agaricomycetes	Agaricales	Tricholomataceae	Clitocybe	Clitocybe phaeophthalma	2531193	species	Clitocybe phaeophthalma	(Pers.) Kuyper		
Sirobasidium brefeldianum	F.H. Moeller	DD	Fungi	Basidiomycota	Tremellomycetes	Tremellales	Sirobasidiaceae	Sirobasidium	Sirobasidium brefeldianum	7650185	species	Sirobasidium brefeldianum	Möller		
Sistotrema autumnale	Ryvarden et H. Solheim	DD	Fungi	Basidiomycota	Agaricomycetes	Cantharellales	Hydnaceae	Sistotrema	Sistotrema autumnale	5249677	species	Sistotrema autumnale	Ryvarden & H.Solheim		
Sistotrema brinkmannii	(Bres.) J.Erikss.	LC	Fungi	Basidiomycota	Agaricomycetes	Cantharellales	Hydnaceae	Sistotrema	Sistotrema brinkmannii	5249661	species	Sistotrema brinkmannii	(Bres.) J.Erikss.		
Sistotrema confluens	Pers.:Fr.	EN	Fungi	Basidiomycota	Agaricomycetes	Cantharellales	Hydnaceae	Sistotrema	Sistotrema confluens	5249693	species	Sistotrema confluens	Pers.		
Sistotrema coroniferum	(Hoehn. et Litsch.) Donk	LC	Fungi	Basidiomycota	Agaricomycetes	Cantharellales	Hydnaceae	Sistotrema	Sistotrema coroniferum	5249688	species	Sistotrema coroniferum	(Höhn. & Litsch.) Donk		
Sistotrema coronilla	(Hoehn. et Litsch.) Donk in Rogers	DD	Fungi	Basidiomycota	Agaricomycetes	Cantharellales	Hydnaceae	Sistotrema	Sistotrema coronilla	5249651	species	Sistotrema coronilla	(Höhn.) Donk ex D.P.Rogers		
Sistotrema diademiferum	(Bourdot et Galzin) Donk	LC	Fungi	Basidiomycota	Agaricomycetes	Cantharellales	Hydnaceae	Sistotrema	Sistotrema diademiferum	5249680	species	Sistotrema diademiferum	(Bourdot & Galzin) Donk		
Sistotrema efibulatum	(Erikss.) Hjortstam	DD	Fungi	Basidiomycota	Agaricomycetes	Cantharellales	Hydnaceae	Sistotrema	Sistotrema efibulatum	5249655	species	Sistotrema efibulatum	(J.Erikss.) Hjortstam		
Sistotrema muscicola	(Pers.) Lund.	DD	Fungi	Basidiomycota	Agaricomycetes	Cantharellales	Hydnaceae	Sistotrema	Sistotrema muscicola	5249672	species	Sistotrema muscicola	(Pers.) S.Lundell		
Sistotrema oblongisporum	Christ et Hauerslev	DD	Fungi	Basidiomycota	Agaricomycetes	Cantharellales	Hydnaceae	Sistotrema	Sistotrema oblongisporum	5249699	species	Sistotrema oblongisporum	M.P.Christ. & Hauerslev		
Sistotrema octosporum	(J. Schroet. ex Hoehn. Et Liberta) Hallenb.	LC	Fungi	Basidiomycota	Agaricomycetes	Cantharellales	Hydnaceae	Sistotrema	Sistotrema octosporum	5249630	species	Sistotrema octosporum	(J.Schröt. ex Höhn. & Litsch.) Hallenb.		
Sistotrema porulosum	Hallenb.	DD	Fungi	Basidiomycota	Agaricomycetes	Cantharellales	Hydnaceae	Sistotrema	Sistotrema porulosum	5249645	species	Sistotrema porulosum	Hallenb.		
Sistotrema sernanderi	(Litsch.) Donk	DD	Fungi	Basidiomycota	Agaricomycetes	Cantharellales	Hydnaceae	Sistotrema	Sistotrema sernanderi	5249683	species	Sistotrema sernanderi	(Litsch.) Donk		
Sistotrema suballantosporum	Hallenb.	DD	Fungi	Basidiomycota	Agaricomycetes	Cantharellales	Hydnaceae	Sistotrema	Sistotrema suballantosporum	5249638	species	Sistotrema suballantosporum	Hallenb.		
Sistotrema subtrigonospermum	D.P. Rogers	DD	Fungi	Basidiomycota	Agaricomycetes	Cantharellales	Hydnaceae	Sistotrema	Sistotrema subtrigonospermum	5249671	species	Sistotrema subtrigonospermum	D.P.Rogers		
Sistotremastrum niveocremeum	(Hoehn. et Litsch) J. Erikss.	VU	Fungi	Basidiomycota	Agaricomycetes	Trechisporales		Sertulicium	Sertulicium niveocremeum	11615890	species	Sertulicium niveocremeum	(Höhn. & Litsch.) Spirin & K.H.Larss.		
Sistotremella perpusilla	Hjortstam	DD	Fungi	Basidiomycota	Agaricomycetes	Cantharellales	Hydnaceae	Sistotremella	Sistotremella perpusilla	2523254	species	Sistotremella perpusilla	Hjortstam		
Skeletocutis alutacea	(Lowe) Keller	DD	Fungi	Basidiomycota	Agaricomycetes	Polyporales	Incrustoporiaceae	Skeletocutis	Skeletocutis alutacea	2547782	species	Skeletocutis alutacea	(J.Lowe) Jean Keller		
Skeletocutis amorpha	(Fr.:Fr.) Kotl. et Pouzar	LC	Fungi	Basidiomycota	Agaricomycetes	Polyporales	Incrustoporiaceae	Skeletocutis	Skeletocutis amorpha	2547798	species	Skeletocutis amorpha	(Fr.) Kotl. & Pouzar		
Skeletocutis carneogrisea	David	LC	Fungi	Basidiomycota	Agaricomycetes	Polyporales	Incrustoporiaceae	Skeletocutis	Skeletocutis carneogrisea	2547850	species	Skeletocutis carneogrisea	A.David		
Skeletocutis jelicii	Tortic et David	DD	Fungi	Basidiomycota	Agaricomycetes	Polyporales	Meruliaceae	Ceriporiopsis	Ceriporiopsis jelicii	2541744	species	Ceriporiopsis jelicii	(Tortič & A.David) Ryvarden & Gilb.		
Skeletocutis kuehneri	David	DD	Fungi	Basidiomycota	Agaricomycetes	Polyporales	Incrustoporiaceae	Skeletocutis	Skeletocutis kuehneri	2547825	species	Skeletocutis kuehneri	A.David		
Skeletocutis lilacina	A. David & Jean Keller	CR	Fungi	Basidiomycota	Agaricomycetes	Polyporales	Incrustoporiaceae	Skeletocutis	Skeletocutis lilacina	2547851	species	Skeletocutis lilacina	A.David & Jean Keller		
Skeletocutis nivea	(Jungh.) Keller	LC	Fungi	Basidiomycota	Agaricomycetes	Polyporales	Incrustoporiaceae	Skeletocutis	Skeletocutis nivea	2547852	species	Skeletocutis nivea	(Jungh.) Jean Keller		
Skeletocutis stellae	(Pilat) Keller	DD	Fungi	Basidiomycota	Agaricomycetes	Polyporales	Incrustoporiaceae	Skeletocutis	Skeletocutis stellae	2547827	species	Skeletocutis stellae	(Pilát) Jean Keller		
Skeletocutis subincarnata	(Peck) Keller	DD	Fungi	Basidiomycota	Agaricomycetes	Polyporales	Incrustoporiaceae	Skeletocutis	Skeletocutis subincarnata	2547790	species	Skeletocutis subincarnata	(Peck) Jean Keller		
Skeletocutis subsphaerospora	A. David	DD	Fungi	Basidiomycota	Agaricomycetes	Polyporales	Meruliaceae	Ceriporiopsis	Ceriporiopsis subsphaerospora	2541733	species	Ceriporiopsis subsphaerospora	(A.David) M.Pieri & B.Rivoire		
Smardaea amethystina	(Phillips) Svrcek	DD	Fungi	Ascomycota	Pezizomycetes	Pezizales	Pyronemataceae	Smardaea	Smardaea amethystina	2594545	species	Smardaea amethystina	(W.Phillips) Svrček		
Solenia araneosa	(Bourdot et Galzin) W.B. Cooke	DD	Fungi	Basidiomycota	Agaricomycetes	Agaricales	Cyphellaceae	Cyphella	Cyphella araneosa	3341529	species	Cyphella araneosa	Bourdot & Galzin		
Solenopezia leucostoma	(Rehm) Raitv. et al.	DD	Fungi	Ascomycota	Leotiomycetes	Helotiales	Solenopeziaceae	Solenopezia	Solenopezia leucostoma	2585509	species	Solenopezia leucostoma	(Rehm) Raitv., J.H.Haines & E.Müll.		
Sowerbyella fagicola	J. Moravec	DD	Fungi	Ascomycota	Pezizomycetes	Pezizales	Pyronemataceae	Sowerbyella	Sowerbyella fagicola	5499751	species	Sowerbyella fagicola	J.Moravec		
Sowerbyella imperialis	(Peck) Korf	VU	Fungi	Ascomycota	Pezizomycetes	Pezizales	Pyronemataceae	Sowerbyella	Sowerbyella imperialis	5499731	species	Sowerbyella imperialis	(Peck) Korf		
Sowerbyella radiculata	(Sow.:Fr.) Nannf.	VU	Fungi	Ascomycota	Pezizomycetes	Pezizales	Pyronemataceae	Sowerbyella	Sowerbyella radiculata	3496393	species	Sowerbyella radiculata	(Sowerby) Nannf.		
Sowerbyella reguisii	(Quel.) J. Moravec	DD	Fungi	Ascomycota	Pezizomycetes	Pezizales	Pyronemataceae	Sowerbyella	Sowerbyella reguisii	3496415	species	Sowerbyella reguisii	(Quél.) J.Moravec		
Sparassis brevipes	Krombh.	LC	Fungi	Basidiomycota	Agaricomycetes	Polyporales	Sparassidaceae	Sparassis	Sparassis brevipes	2550246	species	Sparassis brevipes	Krombh.		
Sparassis crispa	(Wulf.) ex Fr.	LC	Fungi	Basidiomycota	Agaricomycetes	Polyporales	Sparassidaceae	Sparassis	Sparassis crispa	2550247	species	Sparassis crispa	(Wulfen) Fr.		
Spathularia flavida	Pers.: Fr.	LC	Fungi	Ascomycota	Leotiomycetes	Rhytismatales	Cudoniaceae	Spathularia	Spathularia flavida	5255490	species	Spathularia flavida	Pers.		no_author_match
Spathularia neesii	Bres.	EN	Fungi	Ascomycota	Leotiomycetes	Rhytismatales	Cudoniaceae	Spathularia	Spathularia neesii	5494717	species	Spathularia neesii	Bres.		
Spathularia pectinata	Rahm	DD	Fungi	Ascomycota	Leotiomycetes	Rhytismatales	Cudoniaceae	Spathularia	Spathularia pectinata	5494719	species	Spathularia pectinata	Rahm		
Sphaerobasidium minutum	(Erikss.) Oberw.ex Juelich	DD	Fungi	Basidiomycota	Agaricomycetes	Trechisporales	Hydnodontaceae	Sphaerobasidium	Sphaerobasidium minutum	2523200	species	Sphaerobasidium minutum	(J.Erikss.) Oberw. ex Jülich		
Sphaerobolus stellatus	Tode ex Pers.	LC	Fungi	Basidiomycota	Agaricomycetes	Geastrales	Geastraceae	Sphaerobolus	Sphaerobolus stellatus	5249473	species	Sphaerobolus stellatus	Tode		
Sphaerosporella brunnea	(Alb. et Schwein.: Fr.) Svrcek et Kub.	LC	Fungi	Ascomycota	Pezizomycetes	Pezizales	Pyronemataceae	Sphaerosporella	Sphaerosporella brunnea	2594100	species	Sphaerosporella brunnea	(Alb. & Schwein.) Svrček & Kubička		
Sphagnurus paluster	Redhead & V. Hofstetter	VU	Fungi	Basidiomycota	Agaricomycetes	Agaricales	Lyophyllaceae	Sphagnurus	Sphagnurus paluster	8085341	species	Sphagnurus paluster	(Peck) Redhead & V.Hofst.		
Spodocybe collina	(Velen.) Vizzini, P. Alvarado & Dima	CR	Fungi	Basidiomycota	Agaricomycetes	Agaricales	Hygrophoraceae	Spodocybe	Spodocybe collina	12199728	species	Spodocybe collina	(Velen.) Vizzini, P.Alvarado & Dima		
Spodocybe trulliformis	(Fr.) Vizzini, P. Alvarado & Dima	DD	Fungi	Basidiomycota	Agaricomycetes	Agaricales	Hygrophoraceae	Spodocybe	Spodocybe trulliformis	12227911	species	Spodocybe trulliformis	(Fr.) Vizzini, P.Alvarado & Dima		
Spongipellis pachyodon	(Pers.) Kotl.et Pouz.	VU	Fungi	Basidiomycota	Agaricomycetes	Polyporales	Meruliaceae	Irpiciporus	Irpiciporus pachyodon	2543635	species	Irpiciporus pachyodon	(Pers.) Kotl. & Pouzar		author_mismatch
Spongipellis spumeus	(Sow.ex Fr.) Pat.	EN	Fungi	Basidiomycota	Agaricomycetes	Polyporales	Meruliaceae	Sarcodontia	Sarcodontia spumea	2543606	species	Sarcodontia spumea	(Sowerby) Spirin		different_ending
Spongiporus balsameus	(Peck) David	EN	Fungi	Basidiomycota	Agaricomycetes	Polyporales	Dacryobolaceae	Postia	Postia balsamea	5245245	species	Postia balsamea	(Peck) Jülich		
Spongiporus caesius	(Schrad.:Fr.) David	LC	Fungi	Basidiomycota	Agaricomycetes	Polyporales	Polyporaceae	Cyanosporus	Cyanosporus caesius	2542912	species	Cyanosporus caesius	(Schrad.) McGinty		
Spongiporus cerifluus	(Berk. et M.A. Curtis) J.C. David	DD	Fungi	Basidiomycota	Agaricomycetes	Polyporales	Dacryobolaceae	Postia	Postia ceriflua	5245328	species	Postia ceriflua	(Berk. & M.A.Curtis) Jülich		
Spongiporus fragilis	(Fr.) David	LC	Fungi	Basidiomycota	Agaricomycetes	Polyporales		Fuscopostia	Fuscopostia fragilis	10672649	species	Fuscopostia fragilis	(Fr.) B.K.Cui, L.L.Shen & Y.C.Dai		
Spongiporus lacteus	(Fr.) P. Karst.	LC	Fungi	Basidiomycota	Agaricomycetes	Polyporales	Incrustoporiaceae	Tyromyces	Tyromyces lacteus	2548473	species	Tyromyces lacteus	(Fr.) Murrill		author_mismatch
Spongiporus leucomallellus	(Murrill) A. David	LC	Fungi	Basidiomycota	Agaricomycetes	Polyporales		Fuscopostia	Fuscopostia leucomallella	10873757	species	Fuscopostia leucomallella	(Murrill) B.K.Cui, L.L.Shen & Y.C.Dai		
Spongiporus sericeomollis	(Romell) Juelich	DD	Fungi	Basidiomycota	Agaricomycetes	Polyporales	Dacryobolaceae	Postia	Postia sericeomollis	8128583	species	Postia sericeomollis	(Romell) Jülich		author_mismatch
Spongiporus simanii	(Pilat) Juelich	DD	Fungi	Basidiomycota	Agaricomycetes	Polyporales	Dacryobolaceae	Postia	Postia simanii	5245303	species	Postia simanii	(Pilát) Jülich		author_mismatch
Spongiporus stipticus	(Pers.:Fr.) David	LC	Fungi	Basidiomycota	Agaricomycetes	Polyporales		Amaropostia	Amaropostia stiptica	10792755	species	Amaropostia stiptica	(Pers.) B.K.Cui, L.L.Shen & Y.C.Dai		
Spongiporus subcaesius	(David) David	LC	Fungi	Basidiomycota	Agaricomycetes	Polyporales	Polyporaceae	Cyanosporus	Cyanosporus subcaesius	10700083	species	Cyanosporus subcaesius	(A.David) B.K.Cui, L.L.Shen & Y.C.Dai		
Spongiporus tephroleucus	(Fr.) David	LC	Fungi	Basidiomycota	Agaricomycetes	Polyporales	Dacryobolaceae	Postia	Postia tephroleuca	9123949	species	Postia tephroleuca	(Fr.) Jülich		
Spooneromyces helveticus	Breitenbach et Kraenzlin	DD	Fungi	Ascomycota	Pezizomycetes	Pezizales	Pyronemataceae	Spooneromyces	Spooneromyces helveticus	3496157	species	Spooneromyces helveticus	J.Breitenb. & F.Kränzl.		
Spooneromyces laeticolor	(Karsten) Schum et Moravec	DD	Fungi	Ascomycota	Pezizomycetes	Pezizales	Pyronemataceae	Spooneromyces	Spooneromyces laeticolor	2593554	species	Spooneromyces laeticolor	(P.Karst.) T.Schumach. & J.Moravec		
Squamanita odorata	(Cool) Bas.	CR	Fungi	Basidiomycota	Agaricomycetes	Agaricales	Tricholomataceae	Squamanita	Squamanita odorata	8218359	species	Squamanita odorata	(Cool) Bas		
Squamanita paradoxa	(Smith et Singer) Bas	CR	Fungi	Basidiomycota	Agaricomycetes	Agaricales	Tricholomataceae	Squamanita	Squamanita paradoxa	2531620	species	Squamanita paradoxa	(A.H.Sm. & Singer) Bas		
Squamanita schreieri	Imbach	EN	Fungi	Basidiomycota	Agaricomycetes	Agaricales	Tricholomataceae	Squamanita	Squamanita schreieri	3327341	species	Squamanita schreieri	Imbach		
Stamnaria americana	Massee et Morgan	LC	Fungi	Ascomycota	Leotiomycetes	Helotiales	Helotiaceae	Stamnaria	Stamnaria americana	2582133	species	Stamnaria americana	Massee & Morgan		
Steccherinum bourdotii	Saliba et J.C. David	EN	Fungi	Basidiomycota	Agaricomycetes	Polyporales	Steccherinaceae	Steccherinum	Steccherinum bourdotii	2545209	species	Steccherinum bourdotii	Saliba & A.David		
Steccherinum fimbriatum	(Pers.:Fr.) Erikss.	LC	Fungi	Basidiomycota	Agaricomycetes	Polyporales	Steccherinaceae	Steccherinum	Steccherinum fimbriatum	2545120	species	Steccherinum fimbriatum	(Pers.) J.Erikss.		
Steccherinum laeticolor	(Berk. et M.A. Curtis) Banker	DD	Fungi	Basidiomycota	Agaricomycetes	Polyporales	Steccherinaceae	Steccherinum	Steccherinum laeticolor	2545204	species	Steccherinum laeticolor	(Berk. & M.A.Curtis) Banker		
Steccherinum litschaueri	(Bourdot et Galzin) J. Erikss.	DD	Fungi	Basidiomycota	Agaricomycetes	Polyporales	Irpicaceae	Irpex	Irpex litschaueri	3361820	species	Irpex litschaueri	(Bourdot & Galzin) Kotir. & Saaren.		
Steccherinum ochraceum	(Pers.ap.Gmelin:Fr.) Gray	LC	Fungi	Basidiomycota	Agaricomycetes	Polyporales	Steccherinaceae	Steccherinum	Steccherinum ochraceum	2545177	species	Steccherinum ochraceum	(Pers. ex J.F.Gmel.) Gray		
Steccherinum oreophilum	Linds. et Gilberts	VU	Fungi	Basidiomycota	Agaricomycetes	Polyporales	Steccherinaceae	Steccherinum	Steccherinum oreophilum	2545220	species	Steccherinum oreophilum	Lindsey & Gilb.		
Steccherinum subcrinale	(Peck) Ryvarden	DD	Fungi	Basidiomycota	Agaricomycetes	Polyporales	Steccherinaceae	Steccherinum	Steccherinum subcrinale	2545224	species	Steccherinum subcrinale	(Peck) Ryvarden		
Stephanospora caroticolor	(Berk.) Pat.	NT	Fungi	Basidiomycota	Agaricomycetes	Agaricales	Stephanosporaceae	Stephanospora	Stephanospora caroticolor	5249037	species	Stephanospora caroticolor	(Berk.) Pat.		
Stephensia bombycina	(Vittad.) Tul.	DD	Fungi	Ascomycota	Pezizomycetes	Pezizales	Pyronemataceae	Hydnocystis	Hydnocystis bombycina	9649438	species	Hydnocystis bombycina	(Vittad.) Healy & M.E.Sm.		
Stereum gausapatum	(Fr.) Fr.	LC	Fungi	Basidiomycota	Agaricomycetes	Russulales	Stereaceae	Stereum	Stereum gausapatum	9181593	species	Stereum gausapatum	(Fr.) Fr.		
Stereum hirsutum	(Willd.:Fr.) Gray	LC	Fungi	Basidiomycota	Agaricomycetes	Russulales	Stereaceae	Stereum	Stereum hirsutum	2553128	species	Stereum hirsutum	(Willd.) Pers.		
Stereum insignitum	Quel.	LC	Fungi	Basidiomycota	Agaricomycetes	Russulales	Stereaceae	Stereum	Stereum insignitum	2553114	species	Stereum insignitum	Quél.		
Stereum ochraceoflavum	(Schwein.) Ellis	LC	Fungi	Basidiomycota	Agaricomycetes	Russulales	Stereaceae	Stereum	Stereum ochraceoflavum	2553099	species	Stereum ochraceoflavum	(Schwein.) Sacc.		author_mismatch
Stereum rugosum	(Pers.:Fr.) Fr.	LC	Fungi	Basidiomycota	Agaricomycetes	Russulales	Stereaceae	Stereum	Stereum rugosum	2553117	species	Stereum rugosum	Pers.		
Stereum sanguinolentum	(Alb. et Schwein.: Fr.) Fr.	LC	Fungi	Basidiomycota	Agaricomycetes	Russulales	Stereaceae	Stereum	Stereum sanguinolentum	2553068	species	Stereum sanguinolentum	(Alb. & Schwein.) Fr.		
Stereum subtomentosum	Pouzar	LC	Fungi	Basidiomycota	Agaricomycetes	Russulales	Stereaceae	Stereum	Stereum subtomentosum	2553113	species	Stereum subtomentosum	Pouzar		
Stictis pachyspora	(Rehm) Rehm	DD	Fungi	Ascomycota	Lecanoromycetes	Ostropales	Stictidaceae	Stictis	Stictis pachyspora	3420610	species	Stictis pachyspora	(Rehm) Rehm		
Stictis radiata	(Fr.) Lamb.	LC	Fungi	Ascomycota	Lecanoromycetes	Ostropales	Stictidaceae	Stictis	Stictis radiata	8965751	species	Stictis radiata	(L.) Pers., 1800		author_mismatch
Stictis stellata	Wallr.	DD	Fungi	Ascomycota	Lecanoromycetes	Ostropales	Stictidaceae	Stictis	Stictis stellata	6018156	species	Stictis stellata	Wallr.		
Strobilomyces strobilaceus	(Scop.:Fr.) Berk.	LC	Fungi	Basidiomycota	Agaricomycetes	Boletales	Boletaceae	Strobilomyces	Strobilomyces strobilaceus	9225326	species	Strobilomyces strobilaceus	(Scop.) Berk.		
Strobilurus esculentus	(Wulf.:Fr.) Singer	LC	Fungi	Basidiomycota	Agaricomycetes	Agaricales	Physalacriaceae	Strobilurus	Strobilurus esculentus	5243623	species	Strobilurus esculentus	(Wulfen) Singer		
Strobilurus stephanocystis	(Hora) Singer	LC	Fungi	Basidiomycota	Agaricomycetes	Agaricales	Physalacriaceae	Strobilurus	Strobilurus stephanocystis	5243617	species	Strobilurus stephanocystis	(Kühner & Romagn. ex Hora) Singer		
Strobilurus tenacellus	(Pers.:Fr.) Singer	LC	Fungi	Basidiomycota	Agaricomycetes	Agaricales	Physalacriaceae	Strobilurus	Strobilurus tenacellus	8903955	species	Strobilurus tenacellus	(Pers.) Singer		
Stromatinia paridis	Boud.	DD	Fungi	Ascomycota	Leotiomycetes	Helotiales	Sclerotiniaceae	Sclerotinia	Sclerotinia paridis	3485374	species	Sclerotinia paridis	(Boud.) Sacc. & Traverso		
Stromatinia rapulum	(Bull.) Boud.	DD	Fungi	Ascomycota	Leotiomycetes	Helotiales	Sclerotiniaceae	Stromatinia	Stromatinia rapulum	2583253	species	Stromatinia rapulum	(Bull.) Boud.		
Stropharia aeruginosa	(Curt.) Quel.	LC	Fungi	Basidiomycota	Agaricomycetes	Agaricales	Strophariaceae	Stropharia	Stropharia aeruginosa	2533359	species	Stropharia aeruginosa	(Curtis) Quél.		
Stropharia albocrenulata	(Peck) Kreisel	LC	Fungi	Basidiomycota	Agaricomycetes	Agaricales	Tubariaceae	Hemistropharia	Hemistropharia albocrenulata	2529541	species	Hemistropharia albocrenulata	(Peck) Jacobsson & E.Larss.		
Stropharia caerulea	Kreisel	LC	Fungi	Basidiomycota	Agaricomycetes	Agaricales	Strophariaceae	Stropharia	Stropharia caerulea	2533355	species	Stropharia caerulea	Kreisel		
Stropharia coronilla	(Bull.:Fr.) Quel.	LC	Fungi	Basidiomycota	Agaricomycetes	Agaricales	Hymenogastraceae	Psilocybe	Psilocybe coronilla	9108597	species	Psilocybe coronilla	(Bull.) Noordel.		
Stropharia hornemannii	(Weinm.:Fr.) Lund. et Nannf.	CR	Fungi	Basidiomycota	Agaricomycetes	Agaricales	Strophariaceae	Stropharia	Stropharia hornemannii	2533365	species	Stropharia hornemannii	(Fr.) S.Lundell & Nannf.		
Stropharia inuncta	(Fr.) Quel.	LC	Fungi	Basidiomycota	Agaricomycetes	Agaricales	Strophariaceae	Stropharia	Stropharia inuncta	2533374	species	Stropharia inuncta	(Fr.) Quél.		
Stropharia luteonitens	(Vahl: Fr.) Quel.	LC	Fungi	Basidiomycota	Agaricomycetes	Agaricales	Strophariaceae	Protostropharia	Protostropharia luteonitens	8212278	species	Protostropharia luteonitens	(Fr.) Redhead		
Stropharia melanosperma	(Bull.ex Fr.) Quel.	VU	Fungi	Basidiomycota	Agaricomycetes	Agaricales	Strophariaceae	Stropharia	Stropharia melanosperma	2533385	species	Stropharia melanosperma	(Bull.) Gillet		
Stropharia pseudocyanea		VU	Fungi	Basidiomycota	Agaricomycetes	Agaricales	Strophariaceae	Stropharia	Stropharia pseudocyanea	8921787	species	Stropharia pseudocyanea	(Desm.) Morgan		
Stropharia rugosoannulata	Farlow ex Murrill	LC	Fungi	Basidiomycota	Agaricomycetes	Agaricales	Strophariaceae	Stropharia	Stropharia rugosoannulata	2533347	species	Stropharia rugosoannulata	Farl. ex Murrill		
Stropharia semiglobata	(Batsch: Fr.) Quel.	LC	Fungi	Basidiomycota	Agaricomycetes	Agaricales	Strophariaceae	Protostropharia	Protostropharia semiglobata	8259749	species	Protostropharia semiglobata	(Batsch) Redhead, Moncalvo & Vilgalys		
Strossmayeria basitricha	(Sacc.) Dennis	DD	Fungi	Ascomycota	Leotiomycetes	Helotiales	Helotiaceae	Strossmayeria	Strossmayeria basitricha	2582775	species	Strossmayeria basitricha	(Sacc.) Dennis		
Stypella grilletii	(Boud.) P. Roberts	DD	Fungi	Basidiomycota	Agaricomycetes	Auriculariales		Stypella	Stypella grilletii	2553796	species	Stypella grilletii	(Boud.) P.Roberts		
Stypella vermiformis	(Berk.) Reid	DD	Fungi	Basidiomycota	Agaricomycetes	Auriculariales		Mycostilla	Mycostilla vermiformis	10106140	species	Mycostilla vermiformis	(Berk. & Broome) Spirin & Malysheva		
Subulicium lautum	(Jacks.) Hjortstam et Ryvarden	DD	Fungi	Basidiomycota	Agaricomycetes	Hymenochaetales	Hymenochaetaceae	Subulicium	Subulicium lautum	2519175	species	Subulicium lautum	(H.S.Jacks.) Hjortstam & Ryvarden		
Subulicium rallum	(H.S.Jacks.) Juelich et Stalp.	DD	Fungi	Basidiomycota	Agaricomycetes	Hymenochaetales	Hymenochaetaceae	Subulicium	Subulicium rallum	2519171	species	Subulicium rallum	(H.S.Jacks.) Jülich & Stalpers		
Subulicystidium longisporum	(Pat.) Parmasto	LC	Fungi	Basidiomycota	Agaricomycetes	Trechisporales	Hydnodontaceae	Subulicystidium	Subulicystidium longisporum	2523214	species	Subulicystidium longisporum	(Pat.) Parmasto		
Suillellus luridus	(Schaeff.) Murrill	LC	Fungi	Basidiomycota	Agaricomycetes	Boletales	Boletaceae	Suillellus	Suillellus luridus	3355021	species	Suillellus luridus	(Schaeff.) Murrill		
Suillellus queletii	(Schulzer) Vizzini, Simonini & Gelardi	VU	Fungi	Basidiomycota	Agaricomycetes	Boletales	Boletaceae	Suillellus	Suillellus queletii	7888147	species	Suillellus queletii	(Schulzer) Vizzini, Simonini & Gelardi		
Suillosporium cystidiatum	(Rogers) Pouzar	DD	Fungi	Basidiomycota	Agaricomycetes	Cantharellales	Botryobasidiaceae	Suillosporium	Suillosporium cystidiatum	2554900	species	Suillosporium cystidiatum	(D.P.Rogers) Pouzar		
Suillus bellinii	(Inz.) O. Kuntze	DD	Fungi	Basidiomycota	Agaricomycetes	Boletales	Suillaceae	Suillus	Suillus bellinii	7552504	species	Suillus bellinii	(Inzenga) Kuntze		
Suillus bovinus	(L.:Fr.) Kuntze	LC	Fungi	Basidiomycota	Agaricomycetes	Boletales	Suillaceae	Suillus	Suillus bovinus	7623986	species	Suillus bovinus	(L.) Roussel		
Suillus bresadolae	(Quel.) Gerhold	LC	Fungi	Basidiomycota	Agaricomycetes	Boletales	Suillaceae	Suillus	Suillus bresadolae	5239885	species	Suillus bresadolae	(Quél.) Gerhold		
Suillus flavidus	(Fr.) Singer	EN	Fungi	Basidiomycota	Agaricomycetes	Boletales	Suillaceae	Suillus	Suillus flavidus	5239900	species	Suillus flavidus	(Fr.) J.Presl		
Suillus fluryi	Huijsm.	LC	Fungi	Basidiomycota	Agaricomycetes	Boletales	Suillaceae	Suillus	Suillus collinitus	9104622	species	Suillus collinitus	(Fr.) Kuntze		
Suillus granulatus	(L.:Fr.) Kuntze	LC	Fungi	Basidiomycota	Agaricomycetes	Boletales	Suillaceae	Suillus	Suillus granulatus	8146046	species	Suillus granulatus	(L.) Roussel		
Suillus grevillei	(Klotzsch: Fr.) Singer	LC	Fungi	Basidiomycota	Agaricomycetes	Boletales	Suillaceae	Suillus	Suillus grevillei	5239864	species	Suillus grevillei	(Klotzsch) Singer		
Suillus luteus	(L.:Fr.) Gray	LC	Fungi	Basidiomycota	Agaricomycetes	Boletales	Suillaceae	Suillus	Suillus luteus	7777157	species	Suillus luteus	(L.) Roussel		
Suillus nueschii	Singer	DD	Fungi	Basidiomycota	Agaricomycetes	Boletales	Suillaceae	Suillus	Suillus nueschii	5460899	species	Suillus nueschii	Singer		
Suillus placidus	(Bon.) Singer	LC	Fungi	Basidiomycota	Agaricomycetes	Boletales	Suillaceae	Suillus	Suillus placidus	5239925	species	Suillus placidus	(Bonord.) Singer		
Suillus plorans	(Rolland) Singer	VU	Fungi	Basidiomycota	Agaricomycetes	Boletales	Suillaceae	Suillus	Suillus plorans	5239920	species	Suillus plorans	(Rolland) Kuntze		author_mismatch
Suillus sibiricus	Singer	VU	Fungi	Basidiomycota	Agaricomycetes	Boletales	Suillaceae	Suillus	Suillus americanus	5239915	species	Suillus americanus	(Peck) Snell		
Suillus tridentinus	(Bres.) Singer	LC	Fungi	Basidiomycota	Agaricomycetes	Boletales	Suillaceae	Suillus	Suillus tridentinus	5239909	species	Suillus tridentinus	(Bres.) Singer		
Suillus variegatus	(Sw.:Fr.) O.Kuntze	LC	Fungi	Basidiomycota	Agaricomycetes	Boletales	Suillaceae	Suillus	Suillus variegatus	9043861	species	Suillus variegatus	(Sw.) Richon & Roze		
Suillus viscidus	(Fr. et Hoek) Rauschert	LC	Fungi	Basidiomycota	Agaricomycetes	Boletales	Suillaceae	Suillus	Suillus viscidus	5239873	species	Suillus viscidus	(L.) Roussel		
Symphyosirinia chaerophylli	Svrcek	DD	Fungi	Ascomycota	Leotiomycetes	Helotiales	Helotiaceae	Symphyosirinia	Symphyosirinia chaerophylli	3487111	species	Symphyosirinia chaerophylli	Svrček		
Symphyosirinia heraclei	E.A. Ellis	DD	Fungi	Ascomycota	Leotiomycetes	Helotiales	Helotiaceae	Symphyosirinia	Symphyosirinia heraclei	2582062	species	Symphyosirinia heraclei	E.A.Ellis		
Tapesia cinerella	Rehm	DD	Fungi	Ascomycota	Leotiomycetes	Helotiales	Mollisiaceae	Tapesia	Tapesia cinerella	5256904	species	Tapesia cinerella	Rehm		
Tapesia evilescens	(Karst.) Sacc.	DD	Fungi	Ascomycota	Leotiomycetes	Helotiales	Mollisiaceae	Tapesia	Tapesia evilescens	8404097	species	Tapesia evilescens	(P.Karst.) P.Karst.		
Tapesia fusca	(Pers. ex Merat:Fr.) Fuckel	LC	Fungi	Ascomycota	Leotiomycetes	Helotiales	Mollisiaceae	Tapesia	Tapesia fusca	8913644	species	Tapesia fusca	(Pers.) Fuckel		
Tapesia villosa	Aebi	DD	Fungi	Ascomycota	Leotiomycetes	Helotiales	Mollisiaceae	Tapesia	Tapesia villosa	5256915	species	Tapesia villosa	Aebi		
Taphrina amentorum	(Sadeback) Rostrup	LC	Fungi	Ascomycota	Taphrinomycetes	Taphrinales	Taphrinaceae	Taphrina	Taphrina alni	2593073	species	Taphrina alni	(Berk. & Broome) Gjaerum		
Tapinella panuoides	(Fr.) E.-J. Gilbert	NT	Fungi	Basidiomycota	Agaricomycetes	Boletales	Tapinellaceae	Tapinella	Tapinella panuoides	5244293	species	Tapinella panuoides	(Fr.) E.-J.Gilbert		
Tarzetta catinus	(Holmsk.) Korf. et J.K. Rogers	LC	Fungi	Ascomycota	Pezizomycetes	Pezizales	Tarzettaceae	Tarzetta	Tarzetta catinus	2594190	species	Tarzetta catinus	(Holmsk.) Korf & J.K.Rogers		
Tarzetta cupularis	(L.:Fr.) Lamb. sensu Dennis	LC	Fungi	Ascomycota	Pezizomycetes	Pezizales	Tarzettaceae	Tarzetta	Tarzetta cupularis	7791739	species	Tarzetta cupularis	(L.) Lambotte		
Tarzetta spurcata	(Pers.) Harmaja	DD	Fungi	Ascomycota	Pezizomycetes	Pezizales	Tarzettaceae	Tarzetta	Tarzetta spurcata	2594179	species	Tarzetta spurcata	(Pers.) Harmaja		
Tarzetta velata	(Quel.) Svrcek	DD	Fungi	Ascomycota	Pezizomycetes	Pezizales	Tarzettaceae	Tarzetta	Tarzetta velata	3496234	species	Tarzetta velata	(Quél.) Svrček		
Tectella patellaris	(Fr.) Murr.	EN	Fungi	Basidiomycota	Agaricomycetes	Agaricales	Mycenaceae	Tectella	Tectella patellaris	2526823	species	Tectella patellaris	(Fr.) Murrill		
Tephrocybe admissa	(Britzelm.)	VU	Fungi	Basidiomycota	Agaricomycetes	Agaricales	Lyophyllaceae	Lyophyllum	Lyophyllum admissum	3347234	species	Lyophyllum admissum	(Britzelm.) Consiglio & Contu		author_mismatch
Tephrocybe ambusta	(Fr.) Donk	NT	Fungi	Basidiomycota	Agaricomycetes	Agaricales	Lyophyllaceae	Tephrocybe	Tephrocybe ambusta	2530808	species	Tephrocybe ambusta	(Fr.) Donk		
Tephrocybe anthracophila	(Lasch) P.D. Orton	LC	Fungi	Basidiomycota	Agaricomycetes	Agaricales	Lyophyllaceae	Tephrocybe	Tephrocybe anthracophila	2530763	species	Tephrocybe anthracophila	(Lasch) P.D.Orton		
Tephrocybe atrata	(Fr.) Donk	LC	Fungi	Basidiomycota	Agaricomycetes	Agaricales	Lyophyllaceae	Tephrocybe	Tephrocybe atrata	2530818	species	Tephrocybe atrata	(Fr.) Donk		
Tephrocybe baeosperma	(Romagn.) M.M. Moser	DD	Fungi	Basidiomycota	Agaricomycetes	Agaricales	Lyophyllaceae	Tephrocybe	Tephrocybe baeosperma	2530805	species	Tephrocybe baeosperma	(Romagn.) M.M.Moser		
Tephrocybe confusa	(P.D. Orton) M.M. Moser	LC	Fungi	Basidiomycota	Agaricomycetes	Agaricales	Lyophyllaceae	Tephrocybe	Tephrocybe confusa	2530823	species	Tephrocybe confusa	(P.D.Orton) P.D.Orton		
Tephrocybe coracina	(Fr.) M.M. Moser	LC	Fungi	Basidiomycota	Agaricomycetes	Agaricales	Lyophyllaceae	Tephrocybe	Tephrocybe coracina	2530758	species	Tephrocybe coracina	(Fr.) M.M.Moser		
Tephrocybe graminicola	Bon	DD	Fungi	Basidiomycota	Agaricomycetes	Agaricales	Lyophyllaceae	Lyophyllum	Lyophyllum graminicola	3347211	species	Lyophyllum graminicola	(Bon) Ballero & Contu		
Tephrocybe impexa	(P. Karst.) M.M. Moser	DD	Fungi	Basidiomycota	Agaricomycetes	Agaricales	Lyophyllaceae	Tephrocybe	Tephrocybe impexa	2530859	species	Tephrocybe impexa	(P.Karst.) M.M.Moser		
Tephrocybe mephitica	(Fr.)	EN	Fungi	Basidiomycota	Agaricomycetes	Agaricales	Lyophyllaceae	Tephrocybe	Tephrocybe mephitica	2530862	species	Tephrocybe mephitica	(Fr.) M.M.Moser		author_mismatch
Tephrocybe misera	(Fr.) M.M. Moser	DD	Fungi	Basidiomycota	Agaricomycetes	Agaricales	Lyophyllaceae	Tephrocybe	Tephrocybe misera	7878009	species	Tephrocybe misera	(Fr.) M.M.Moser ex Contu & Vizzini		
Tephrocybe murina	(Batsch:Fr.)	DD	Fungi	Basidiomycota	Agaricomycetes	Agaricales	Lyophyllaceae	Tephrocybe	Tephrocybe murina	2530786	species	Tephrocybe murina	(Batsch) M.M.Moser		author_mismatch
Tephrocybe osmophora	(E.-J. Gilbert) Bon	DD	Fungi	Basidiomycota	Agaricomycetes	Agaricales	Lyophyllaceae	Tephrocybe	Tephrocybe osmophora	2530866	species	Tephrocybe osmophora	(E.-J.Gilbert) Bon		
Tephrocybe ozes	(Fr.) Bon	LC	Fungi	Basidiomycota	Agaricomycetes	Agaricales	Tricholomataceae	Collybia	Collybia ozes	9676668	species	Collybia ozes	(Fr.) P.Karst.		
Tephrocybe platypus	(Kuehner) M.M. Moser	LC	Fungi	Basidiomycota	Agaricomycetes	Agaricales	Lyophyllaceae	Tephrocybe	Tephrocybe platypus	2530835	species	Tephrocybe platypus	(Kühner) M.M.Moser		
Tephrocybe putida	(Fr.) M.M. Moser	VU	Fungi	Basidiomycota	Agaricomycetes	Agaricales	Lyophyllaceae	Tephrocybe	Tephrocybe putida	2530792	species	Tephrocybe putida	(P.Karst.) M.M.Moser		
Tephrocybe rancida	(Fr.) Donk	LC	Fungi	Basidiomycota	Agaricomycetes	Agaricales	Lyophyllaceae	Tephrocybe	Tephrocybe rancida	8993443	species	Tephrocybe rancida	(Fr.) Donk		
Tephrocybe sphaerospora	Kuehner et Romagn.	LC	Fungi	Basidiomycota	Agaricomycetes	Agaricales	Lyophyllaceae	Tephrocybe	Tephrocybe sphaerospora	10839049	species	Tephrocybe sphaerospora	Kühner & Romagn.		
Tephrocybe striipilea	(Fr.) Donk	DD	Fungi	Basidiomycota	Agaricomycetes	Agaricales	Lyophyllaceae	Tephrocybe	Tephrocybe striipilea	2530799	species	Tephrocybe striipilea	(Fr.) Donk		
Tephrocybe tylicolor	(Fr.) M.M. Moser	NT	Fungi	Basidiomycota	Agaricomycetes	Agaricales	Lyophyllaceae	Sagaranella	Sagaranella tylicolor	7365474	species	Sagaranella tylicolor	(Fr.) V.Hofst., Clémençon, Moncalvo & Redhead		
Terana coerulea	(Lam.) Kuntze	LC	Fungi	Basidiomycota	Agaricomycetes	Polyporales	Phanerochaetaceae	Terana	Terana coerulea	5244852	species	Terana coerulea	(Lam.) Kuntze		
Tetragoniomyces uliginosus	(Karst.) Oberw. et Bandoni	DD	Fungi	Basidiomycota	Tremellomycetes	Tremellales	Rhynchogastremaceae	Tetragoniomyces	Tetragoniomyces uliginosus	2518499	species	Tetragoniomyces uliginosus	(P.Karst.) Oberw. & Bandoni		
Thanatephorus cucumeris	(Frank) Donk	DD	Fungi	Basidiomycota	Agaricomycetes	Cantharellales	Ceratobasidiaceae	Rhizoctonia	Rhizoctonia solani	2555201	species	Rhizoctonia solani	J.G.Kühn		
Thaxterogaster barbatus	(Batsch) Niskanen & Liimat.	DD	Fungi	Basidiomycota	Agaricomycetes	Agaricales	Cortinariaceae	Thaxterogaster	Thaxterogaster barbatus	12153034	species	Thaxterogaster barbatus	(Batsch) Niskanen & Liimat.		
Thaxterogaster causticus	(Fr.) Niskanen & Liimat.	VU	Fungi	Basidiomycota	Agaricomycetes	Agaricales	Cortinariaceae	Thaxterogaster	Thaxterogaster causticus	11975251	species	Thaxterogaster causticus	(Fr.) Niskanen & Liimat.		
Thaxterogaster croceocoeruleus	(Pers.) Niskanen & Liimat.	VU	Fungi	Basidiomycota	Agaricomycetes	Agaricales	Cortinariaceae	Thaxterogaster	Thaxterogaster croceocoeruleus	12043682	species	Thaxterogaster croceocoeruleus	(Pers.) Niskanen & Liimat.		
Thaxterogaster eburneus	(Velen.) Niskanen & Liimat.	LC	Fungi	Basidiomycota	Agaricomycetes	Agaricales	Cortinariaceae	Thaxterogaster	Thaxterogaster eburneus	11977560	species	Thaxterogaster eburneus	(Velen.) Niskanen & Liimat.		
Thaxterogaster emollitus	(Fr.) Niskanen & Liimat.	VU	Fungi	Basidiomycota	Agaricomycetes	Agaricales	Cortinariaceae	Thaxterogaster	Thaxterogaster emollitus	12257799	species	Thaxterogaster emollitus	(Fr.) Niskanen & Liimat.		
Thaxterogaster herpeticus	(Fr.) Niskanen & Liimat.	VU	Fungi	Basidiomycota	Agaricomycetes	Agaricales	Cortinariaceae	Thaxterogaster	Thaxterogaster herpeticus	12003678	species	Thaxterogaster herpeticus	(Fr.) Niskanen & Liimat.		
Thaxterogaster leucophanes	(P. Karst.) Niskanen & Liimat.	DD	Fungi	Basidiomycota	Agaricomycetes	Agaricales	Cortinariaceae	Thaxterogaster	Thaxterogaster leucophanes	12159511	species	Thaxterogaster leucophanes	(P.Karst.) Niskanen & Liimat.		
Thaxterogaster lustratus	(Fr.) Niskanen & Liimat.	DD	Fungi	Basidiomycota	Agaricomycetes	Agaricales	Cortinariaceae	Thaxterogaster	Thaxterogaster lustratus	12034730	species	Thaxterogaster lustratus	(Fr.) Niskanen & Liimat.		
Thaxterogaster malachioides	(P.D. Orton) Niskanen & Liimat.	EN	Fungi	Basidiomycota	Agaricomycetes	Agaricales	Cortinariaceae	Thaxterogaster	Thaxterogaster malachioides	11983207	species	Thaxterogaster malachioides	(P.D.Orton) Niskanen & Liimat.		
Thaxterogaster multiformis	(Fr.) Niskanen & Liimat.	LC	Fungi	Basidiomycota	Agaricomycetes	Agaricales	Cortinariaceae	Thaxterogaster	Thaxterogaster multiformis	11946866	species	Thaxterogaster multiformis	(Fr.) Niskanen & Liimat.		
Thaxterogaster occidentalis	(A.H. Sm.) Niskanen & Liimat.	DD	Fungi	Basidiomycota	Agaricomycetes	Agaricales	Cortinariaceae	Thaxterogaster	Thaxterogaster occidentalis	12097751	species	Thaxterogaster occidentalis	(A.H.Sm.) Niskanen & Liimat.		
Thaxterogaster ochroleucus	(Schaeff.) Niskanen & Liimat.	DD	Fungi	Basidiomycota	Agaricomycetes	Agaricales	Cortinariaceae	Thaxterogaster	Thaxterogaster ochroleucus	12126152	species	Thaxterogaster ochroleucus	(Schaeff.) Niskanen & Liimat.		
Thaxterogaster pluvius	(Fr.) Niskanen & Liimat.	LC	Fungi	Basidiomycota	Agaricomycetes	Agaricales	Cortinariaceae	Thaxterogaster	Thaxterogaster pluvius	11991236	species	Thaxterogaster pluvius	(Fr.) Niskanen & Liimat.		
Thaxterogaster porphyropus	(Alb. & Schwein.) Niskanen & Liimat.	VU	Fungi	Basidiomycota	Agaricomycetes	Agaricales	Cortinariaceae	Thaxterogaster	Thaxterogaster porphyropus	12078339	species	Thaxterogaster porphyropus	(Alb. & Schwein.) Niskanen & Liimat.		
Thaxterogaster purpurascens	(Fr.) Niskanen & Liimat.	LC	Fungi	Basidiomycota	Agaricomycetes	Agaricales	Cortinariaceae	Thaxterogaster	Thaxterogaster purpurascens	12054660	species	Thaxterogaster purpurascens	(Fr.) Niskanen & Liimat.		
Thaxterogaster scaurus	(Fr.) Niskanen & Liimat.	LC	Fungi	Basidiomycota	Agaricomycetes	Agaricales	Cortinariaceae	Thaxterogaster	Thaxterogaster scaurus	12082203	species	Thaxterogaster scaurus	(Fr.) Niskanen & Liimat.		
Thaxterogaster sphagnophilus	(Peck) Niskanen & Liimat.	DD	Fungi	Basidiomycota	Agaricomycetes	Agaricales	Cortinariaceae	Thaxterogaster	Thaxterogaster sphagnophilus	11935606	species	Thaxterogaster sphagnophilus	(Peck) Niskanen & Liimat.		
Thaxterogaster subporphyropus	(Pilát) Niskanen & Liimat.	EN	Fungi	Basidiomycota	Agaricomycetes	Agaricales	Cortinariaceae	Thaxterogaster	Thaxterogaster subporphyropus	12039796	species	Thaxterogaster subporphyropus	(Pilát) Niskanen & Liimat.		
Thaxterogaster subpurpurascens	(Batsch) Niskanen & Liimat.	CR	Fungi	Basidiomycota	Agaricomycetes	Agaricales	Cortinariaceae	Thaxterogaster	Thaxterogaster subpurpurascens	12109005	species	Thaxterogaster subpurpurascens	(Batsch) Niskanen & Liimat.		
Thaxterogaster talus	(Fr.) Niskanen & Liimat.	EN	Fungi	Basidiomycota	Agaricomycetes	Agaricales	Cortinariaceae	Thaxterogaster	Thaxterogaster talus	11984733	species	Thaxterogaster talus	(Fr.) Niskanen & Liimat.		
Thaxterogaster turmalis	(Fr.) Niskanen & Liimat.	EN	Fungi	Basidiomycota	Agaricomycetes	Agaricales	Cortinariaceae	Thaxterogaster	Thaxterogaster turmalis	12112957	species	Thaxterogaster turmalis	(Fr.) Niskanen & Liimat.		
Thaxterogaster variegatus	(Bres.) Niskanen & Liimat.	EN	Fungi	Basidiomycota	Agaricomycetes	Agaricales	Cortinariaceae	Thaxterogaster	Thaxterogaster variegatus	12119761	species	Thaxterogaster variegatus	(Bres.) Niskanen & Liimat.		
Thaxterogaster vespertinus	(Fr.) Niskanen & Liimat.	EN	Fungi	Basidiomycota	Agaricomycetes	Agaricales	Cortinariaceae	Thaxterogaster	Thaxterogaster vespertinus	12009347	species	Thaxterogaster vespertinus	(Fr.) Niskanen & Liimat.		
Thaxterogaster vibratilis	(Fr.) Niskanen & Liimat.	LC	Fungi	Basidiomycota	Agaricomycetes	Agaricales	Cortinariaceae	Thaxterogaster	Thaxterogaster vibratilis	11993176	species	Thaxterogaster vibratilis	(Fr.) Niskanen & Liimat.		
Thecotheus cinereus	(Crouan) Chennant	DD	Fungi	Ascomycota	Pezizomycetes	Pezizales	Ascobolaceae	Thecotheus	Thecotheus cinereus	2595521	species	Thecotheus cinereus	(P.Crouan & H.Crouan) Chenant.		
Thecotheus himalayensis	Kaushal	DD	Fungi	Ascomycota	Pezizomycetes	Pezizales	Ascobolaceae	Thecotheus	Thecotheus himalayensis	3495543	species	Thecotheus himalayensis	S.C.Kaushal		
Thecotheus holmskjoldii	(Hansel) Eckblad	DD	Fungi	Ascomycota	Pezizomycetes	Pezizales	Ascobolaceae	Thecotheus	Thecotheus holmskjoldii	7854362	species	Thecotheus holmskjoldii	(E.C.Hansen) Chenant.		
Thecotheus pelletieri	(H.et P.Crouan) Boud.	DD	Fungi	Ascomycota	Pezizomycetes	Pezizales	Ascobolaceae	Thecotheus	Thecotheus pelletieri	2595525	species	Thecotheus pelletieri	(P.Crouan & H.Crouan) Boud.		
Thecotheus rivicola	(Vacek) Kimborough et Pfister	DD	Fungi	Ascomycota	Pezizomycetes	Pezizales	Ascobolaceae	Thecotheus	Thecotheus rivicola	2595519	species	Thecotheus rivicola	(Vacek) Kimbr. & Pfister		
Thelebolus crustaceus	(Fuckel) Kimbr.	DD	Fungi	Ascomycota	Leotiomycetes	Thelebolales	Thelebolaceae	Thelebolus	Thelebolus crustaceus	2580325	species	Thelebolus crustaceus	(Fuckel) Kimbr.		
Thelebolus microsporus	(Berk. et Broome) Kimborough	DD	Fungi	Ascomycota	Leotiomycetes	Thelebolales	Thelebolaceae	Thelebolus	Thelebolus microsporus	2580342	species	Thelebolus microsporus	(Berk. & Broome) Kimbr.		
Thelebolus stercoreus	Tode: Fr.	DD	Fungi	Ascomycota	Leotiomycetes	Thelebolales	Thelebolaceae	Thelebolus	Thelebolus stercoreus	2580341	species	Thelebolus stercoreus	Tode		author_mismatch
Thelephora anthocephala	(Bull.:Fr.) Pers.	VU	Fungi	Basidiomycota	Agaricomycetes	Thelephorales	Thelephoraceae	Thelephora	Thelephora anthocephala	2522896	species	Thelephora anthocephala	(Bull.) Fr.		
Thelephora atrocitrina	Quel.	DD	Fungi	Basidiomycota	Agaricomycetes	Thelephorales	Thelephoraceae	Thelephora	Thelephora atrocitrina	2522913	species	Thelephora atrocitrina	Quél.		
Thelephora caryophyllea	(Schaeff.) ex Fr.	LC	Fungi	Basidiomycota	Agaricomycetes	Thelephorales	Thelephoraceae	Thelephora	Thelephora caryophyllea	2522918	species	Thelephora caryophyllea	(Schaeff.) Pers.		
Thelephora mollissima	Pers.: Fr.	DD	Fungi	Basidiomycota	Agaricomycetes	Thelephorales	Thelephoraceae	Thelephora	Thelephora penicillata	9188141	species	Thelephora penicillata	(Pers.) Fr.		
Thelephora palmata	(Scop.) ex Fr.	LC	Fungi	Basidiomycota	Agaricomycetes	Thelephorales	Thelephoraceae	Thelephora	Thelephora palmata	2522907	species	Thelephora palmata	(Scop.) Fr.		
Thelephora penicillata	(Pers.) ex Fr.	LC	Fungi	Basidiomycota	Agaricomycetes	Thelephorales	Thelephoraceae	Thelephora	Thelephora penicillata	9188141	species	Thelephora penicillata	(Pers.) Fr.		
Thelephora terrestris	Ehr.:Fr.	LC	Fungi	Basidiomycota	Agaricomycetes	Thelephorales	Thelephoraceae	Thelephora	Thelephora terrestris	2522935	species	Thelephora terrestris	Ehrh.		
Therrya pini	(Alb. et Schwein.) Kujala	DD	Fungi	Ascomycota	Leotiomycetes	Rhytismatales	Rhytismataceae	Therrya	Therrya pini	3482101	species	Therrya pini	(Alb. & Schwein.) Höhn.		author_mismatch
Thuemenidium atropurpureum	(Batsch) O.Kuntze	VU	Fungi	Ascomycota	Geoglossomycetes	Geoglossales	Geoglossaceae	Geoglossum	Geoglossum atropurpureum	2586879	species	Geoglossum atropurpureum	(Batsch) Pers.		
Tomentella asperula	(P. Karst.) Hoehn.. et Litsch.	DD	Fungi	Basidiomycota	Agaricomycetes	Thelephorales	Thelephoraceae	Tomentella	Tomentella asperula	5239090	species	Tomentella asperula	(P.Karst.) Höhn. & Litsch.		
Tomentella atramentaria	Rostr.	DD	Fungi	Basidiomycota	Agaricomycetes	Thelephorales	Thelephoraceae	Thelephora	Thelephora atra	2522884	species	Thelephora atra	Weinm.		
Tomentella badia	(Link) Stalpers	LC	Fungi	Basidiomycota	Agaricomycetes	Thelephorales	Thelephoraceae	Tomentella	Tomentella badia	5238959	species	Tomentella badia	(Link) Stalpers		
Tomentella bresadolae	(Brinkm.in Bres.) B. et G.	DD	Fungi	Basidiomycota	Agaricomycetes	Thelephorales	Thelephoraceae	Tomentella	Tomentella stuposa	5239020	species	Tomentella stuposa	(Link) Stalpers		author_mismatch
Tomentella bryophila	(Pers.) Larsen	LC	Fungi	Basidiomycota	Agaricomycetes	Thelephorales	Thelephoraceae	Tomentella	Tomentella bryophila	5239031	species	Tomentella bryophila	(Pers.) M.J.Larsen		
Tomentella cinerascens	(P. Karst.) Hoehn. et Litsch.	DD	Fungi	Basidiomycota	Agaricomycetes	Thelephorales	Thelephoraceae	Tomentella	Tomentella cinerascens	5239087	species	Tomentella cinerascens	(P.Karst.) Höhn. & Litsch.		
Tomentella coerulea	(Bres.) Hoehn. et Litsch.	DD	Fungi	Basidiomycota	Agaricomycetes	Thelephorales	Thelephoraceae	Tomentella	Tomentella coerulea	5239107	species	Tomentella coerulea	Höhn. & Litsch.		
Tomentella crinalis	(Fr.) M.J. Larsen	LC	Fungi	Basidiomycota	Agaricomycetes	Thelephorales	Thelephoraceae	Tomentella	Tomentella crinalis	5238966	species	Tomentella crinalis	(Fr.) M.J.Larsen		
Tomentella ellisii	(Sacc.) Juelich et Stalpers	LC	Fungi	Basidiomycota	Agaricomycetes	Thelephorales	Thelephoraceae	Thelephora	Thelephora ellisii	10806893	species	Thelephora ellisii	(Sacc.) Zmitr., Shchepin, Volobuev & Myasnikov		
Tomentella ferruginea	(Pers. : Pers.) Pat.	LC	Fungi	Basidiomycota	Agaricomycetes	Thelephorales	Thelephoraceae	Tomentella	Tomentella ferruginea	5238997	species	Tomentella ferruginea	(Pers.) Pat.		
Tomentella fibrosa	(Berk. & M.A. Curtis) Kõljalg	LC	Fungi	Basidiomycota	Agaricomycetes	Thelephorales	Thelephoraceae	Odontia	Odontia fibrosa	7833091	species	Odontia fibrosa	(Berk. & M.A.Curtis) Kõljalg		
Tomentella fuscocinerea	(Pers.) Donk	LC	Fungi	Basidiomycota	Agaricomycetes	Thelephorales	Thelephoraceae	Tomentella	Tomentella fuscocinerea	5238927	species	Tomentella fuscocinerea	(Pers.) Donk		
Tomentella fuscoferruginosa	(Bres.) Bres. et Litsch.	DD	Fungi	Basidiomycota	Agaricomycetes	Thelephorales	Thelephoraceae	Tomentella	Tomentella fuscoferruginosa	5239115	species	Tomentella fuscoferruginosa	(Bres.) Litsch.		
Tomentella galzinii	Bourdot	DD	Fungi	Basidiomycota	Agaricomycetes	Thelephorales	Thelephoraceae	Tomentella	Tomentella galzinii	5239104	species	Tomentella galzinii	Bourdot		
Tomentella griseoviolacea	Litsch.	DD	Fungi	Basidiomycota	Agaricomycetes	Thelephorales	Thelephoraceae	Tomentella	Tomentella griseoviolacea	5238996	species	Tomentella griseoviolacea	Litsch.		
Tomentella italica	(Sacc.) M.J. Larsen	DD	Fungi	Basidiomycota	Agaricomycetes	Thelephorales	Thelephoraceae	Tomentella	Tomentella italica	5239013	species	Tomentella italica	(Sacc.) M.J.Larsen		
Tomentella lapida	(Pers.) Stalp.	DD	Fungi	Basidiomycota	Agaricomycetes	Thelephorales	Thelephoraceae	Tomentella	Tomentella lapida	5238940	species	Tomentella lapida	(Pers.) Stalpers		
Tomentella lateritia	Pat.	DD	Fungi	Basidiomycota	Agaricomycetes	Thelephorales	Thelephoraceae	Tomentella	Tomentella lateritia	5239052	species	Tomentella lateritia	Pat.		
Tomentella neobourdotii	M.J. Larsen	LC	Fungi	Basidiomycota	Agaricomycetes	Thelephorales	Thelephoraceae	Tomentella	Tomentella lilacinogrisea	5238976	species	Tomentella lilacinogrisea	Wakef.		
Tomentella pilatii	Litsch.	DD	Fungi	Basidiomycota	Agaricomycetes	Thelephorales	Thelephoraceae	Tomentella	Tomentella pilatii	5238994	species	Tomentella pilatii	Litsch.		
Tomentella pilosa	(Burt) Bourdot et Galzin	LC	Fungi	Basidiomycota	Agaricomycetes	Thelephorales	Thelephoraceae	Tomentella	Tomentella pilosa	5239047	species	Tomentella pilosa	(Burt) Bourdot & Galzin		
Tomentella punicea	(Alb. et Schwein.: Pers.) Schroeter	DD	Fungi	Basidiomycota	Agaricomycetes	Thelephorales	Thelephoraceae	Tomentella	Tomentella punicea	5239053	species	Tomentella punicea	(Alb. & Schwein.) J.Schröt.		
Tomentella radiosa	(P. Karst.) Rick	LC	Fungi	Basidiomycota	Agaricomycetes	Thelephorales	Thelephoraceae	Tomentella	Tomentella radiosa	5239059	species	Tomentella radiosa	(P.Karst.) Rick		
Tomentella stuposa	(Link) Stalp.	LC	Fungi	Basidiomycota	Agaricomycetes	Thelephorales	Thelephoraceae	Tomentella	Tomentella stuposa	5239020	species	Tomentella stuposa	(Link) Stalpers		
Tomentella subcinerascens	Litsch.	DD	Fungi	Basidiomycota	Agaricomycetes	Thelephorales	Thelephoraceae	Tomentella	Tomentella subcinerascens	5239041	species	Tomentella subcinerascens	Litsch.		
Tomentella subclavigera	Litsch.	VU	Fungi	Basidiomycota	Agaricomycetes	Thelephorales	Thelephoraceae	Tomentella	Tomentella subclavigera	5238990	species	Tomentella subclavigera	Litsch.		
Tomentella sublilacina	(Ellis & Holw.) Wakef.	LC	Fungi	Basidiomycota	Agaricomycetes	Thelephorales	Thelephoraceae	Thelephora	Thelephora wakefieldiae	10801394	species	Thelephora wakefieldiae	Zmitr., Shchepin, Volobuev & Myasnikov		
Tomentella subtestacea	Bourdot et Galzin	DD	Fungi	Basidiomycota	Agaricomycetes	Thelephorales	Thelephoraceae	Tomentella	Tomentella subtestacea	5238962	species	Tomentella subtestacea	Bourdot & Galzin		
Tomentella terrestris	(Berk. et Broome) Larsen	LC	Fungi	Basidiomycota	Agaricomycetes	Thelephorales	Thelephoraceae	Tomentella	Tomentella terrestris	5238939	species	Tomentella terrestris	(Berk. & Broome) M.J.Larsen		
Tomentella testaceogilva	Bourdot et Galzin	DD	Fungi	Basidiomycota	Agaricomycetes	Thelephorales	Thelephoraceae	Tomentella	Tomentella testaceogilva	5239105	species	Tomentella testaceogilva	Bourdot & Galzin		
Tomentella umbrinospora	M.J. Larsen	LC	Fungi	Basidiomycota	Agaricomycetes	Thelephorales	Thelephoraceae	Tomentella	Tomentella umbrinospora	5239067	species	Tomentella umbrinospora	M.J.Larsen		
Tomentella viridula	Bourdot et Galzin	DD	Fungi	Basidiomycota	Agaricomycetes	Thelephorales	Thelephoraceae	Tomentella	Tomentella viridula	5239084	species	Tomentella viridula	Bourdot & Galzin		
Tomentellopsis bresadolana	(Sacc. et Trotter) Juelich et Stalp.	DD	Fungi	Basidiomycota	Agaricomycetes	Thelephorales	Thelephoraceae	Tomentellopsis	Tomentellopsis bresadolana	2522487	species	Tomentellopsis bresadolana	(Sacc. & Trotter) Jülich & Stalpers		
Tomentellopsis echinospora	(Ellis) Hjortstam	LC	Fungi	Basidiomycota	Agaricomycetes	Thelephorales	Thelephoraceae	Tomentellopsis	Tomentellopsis echinospora	2522497	species	Tomentellopsis echinospora	(Ellis) Hjortstam		
Tomentellopsis zygodesmoides	(Ellis) Hjortstam	DD	Fungi	Basidiomycota	Agaricomycetes	Thelephorales	Thelephoraceae	Tomentellopsis	Tomentellopsis zygodesmoides	2522505	species	Tomentellopsis zygodesmoides	(Ellis) Hjortstam		
Torrendiella ciliata	Boud.	DD	Fungi	Ascomycota	Leotiomycetes	Helotiales	Rutstroemiaceae	Torrendiella	Torrendiella ciliata	2583202	species	Torrendiella ciliata	Boud.		
Trametes cervina	(Schwein.) Bres.	DD	Fungi	Basidiomycota	Agaricomycetes	Polyporales	Irpicaceae	Trametopsis	Trametopsis cervina	2546002	species	Trametopsis cervina	(Schwein.) Tomšovský		
Trametes gibbosa	(Pers.:Fr.) Fr.	LC	Fungi	Basidiomycota	Agaricomycetes	Polyporales	Polyporaceae	Trametes	Trametes gibbosa	9208081	species	Trametes gibbosa	(Pers.) Fr.		
Trametes hirsuta	(Wulf.:Fr.) Pilat	LC	Fungi	Basidiomycota	Agaricomycetes	Polyporales	Polyporaceae	Trametes	Trametes hirsuta	8032257	species	Trametes hirsuta	(Wulfen) Lloyd		
Trametes ochracea	(Pers.) Gilb. & Ryvarden	LC	Fungi	Basidiomycota	Agaricomycetes	Polyporales	Polyporaceae	Trametes	Trametes ochracea	2548374	species	Trametes ochracea	(Pers.) Gilb. & Ryvarden		
Trametes pubescens	(Schum.: Fr.) Pilat	LC	Fungi	Basidiomycota	Agaricomycetes	Polyporales	Polyporaceae	Trametes	Trametes pubescens	7621208	species	Trametes pubescens	(Schumach.) Pilát		
Trametes suaveolens	(L.: Fr.) Fr.	LC	Fungi	Basidiomycota	Agaricomycetes	Polyporales	Polyporaceae	Trametes	Trametes suaveolens	9166502	species	Trametes suaveolens	(L.) Fr.		
Trametes versicolor	(L.: Fr.) Pilat	LC	Fungi	Basidiomycota	Agaricomycetes	Polyporales	Polyporaceae	Trametes	Trametes versicolor	2548311	species	Trametes versicolor	(L.) Lloyd		
Trappea darkeri	(Zeller) Castellano	DD	Fungi	Basidiomycota	Agaricomycetes	Hysterangiales	Trappeaceae	Trappea	Trappea darkeri	2526002	species	Trappea darkeri	(Zeller) Castellano		
Trechispora alnicola	(Bourdot et Galzin) Liberta	DD	Fungi	Basidiomycota	Agaricomycetes	Russulales	Xenasmataceae	Xenasmatella	Xenasmatella alnicola	10849266	species	Xenasmatella alnicola	(Bourdot & Galzin) K.H.Larss. & Ryvarden		
Trechispora araneosa	(Hoehn. et Litsch.) K.-H. Larss.	DD	Fungi	Basidiomycota	Agaricomycetes	Trechisporales	Sistotremataceae	Trechispora	Trechispora araneosa	2523109	species	Trechispora araneosa	(Höhn. & Litsch.) K.H.Larss.		
Trechispora cohaerens	(Schwein.) Juelich et Stalpers	DD	Fungi	Basidiomycota	Agaricomycetes	Trechisporales	Sistotremataceae	Trechispora	Trechispora cohaerens	2523127	species	Trechispora cohaerens	(Schwein.) Jülich & Stalpers		
Trechispora confinis	(Bourdot et Galzin) Liberta	VU	Fungi	Basidiomycota	Agaricomycetes	Corticiales	Corticiaceae	Corticium	Corticium confine	7180669	species	Corticium confine	Bourdot & Galzin		
Trechispora dimitica	Hallenb.	DD	Fungi	Basidiomycota	Agaricomycetes	Trechisporales	Sistotremataceae	Trechispora	Trechispora dimitica	2523069	species	Trechispora dimitica	Hallenb.		
Trechispora farinacea	(Pers.:Fr.) Liberta	LC	Fungi	Basidiomycota	Agaricomycetes	Trechisporales	Sistotremataceae	Trechispora	Trechispora farinacea	2523138	species	Trechispora farinacea	(Pers.) Liberta		
Trechispora fastidiosa	(Pers.:Fr.) Liberta	VU	Fungi	Basidiomycota	Agaricomycetes	Trechisporales	Sistotremataceae	Trechispora	Trechispora fastidiosa	8932485	species	Trechispora fastidiosa	(Pers.) Liberta		
Trechispora hymenocystis	(Berk. & Broome) K.H. Larss.	DD	Fungi	Basidiomycota	Agaricomycetes	Trechisporales	Sistotremataceae	Trechispora	Trechispora hymenocystis	2523105	species	Trechispora hymenocystis	(Berk. & Broome) K.H.Larss.		
Trechispora kavinioides	B. deVries	DD	Fungi	Basidiomycota	Agaricomycetes	Trechisporales	Sistotremataceae	Trechispora	Trechispora kavinioides	2523197	species	Trechispora kavinioides	B.de Vries		
Trechispora microspora	(P. Karst.) Liberta	VU	Fungi	Basidiomycota	Agaricomycetes	Trechisporales	Sistotremataceae	Trechispora	Trechispora microspora	2523064	species	Trechispora microspora	(P.Karst.) Liberta		
Trechispora minima	K.H. Larss.	DD	Fungi	Basidiomycota	Agaricomycetes	Trechisporales	Sistotremataceae	Trechispora	Trechispora minima	2523108	species	Trechispora minima	K.H.Larss.		
Trechispora mollusca	(Pers.:Fr.) Lib.	LC	Fungi	Basidiomycota	Agaricomycetes	Trechisporales	Sistotremataceae	Trechispora	Trechispora mollusca	9180775	species	Trechispora mollusca	(Pers.) Liberta		
Trechispora praefocata	(Bourdot et Galzin) Liberta	VU	Fungi	Basidiomycota	Agaricomycetes	Trechisporales	Sistotremataceae	Trechispora	Trechispora praefocata	2523070	species	Trechispora praefocata	(Bourdot & Galzin) Liberta		
Trechispora stellulata	(Bourdot et Galzin) Liberta	VU	Fungi	Basidiomycota	Agaricomycetes	Trechisporales	Sistotremataceae	Trechispora	Trechispora stellulata	2523073	species	Trechispora stellulata	(Bourdot & Galzin) Liberta		
Trechispora stevensonii	(Berk. et Broome) Larss.	DD	Fungi	Basidiomycota	Agaricomycetes	Trechisporales	Sistotremataceae	Trechispora	Trechispora stevensonii	2523119	species	Trechispora stevensonii	(Berk. & Broome) K.H.Larss.		
Trechispora subsphaerospora	(Litsch.) Liberta	DD	Fungi	Basidiomycota	Agaricomycetes	Trechisporales	Sistotremataceae	Trechispora	Trechispora subsphaerospora	2523194	species	Trechispora subsphaerospora	(Litsch.) Liberta		
Tremella encephala	Pers.: Pers.	LC	Fungi	Basidiomycota	Tremellomycetes	Tremellales	Naemateliaceae	Naematelia	Naematelia encephala	2518365	species	Naematelia encephala	(Pers.) Fr.		
Tremella foliacea	(Pers.ex Gray) Pers.	LC	Fungi	Basidiomycota	Tremellomycetes	Tremellales	Tremellaceae	Phaeotremella	Phaeotremella foliacea	9645698	species	Phaeotremella foliacea	(Pers.) Wedin, J.C.Zamora & Millanes		
Tremella globispora	D.A. Reid	DD	Fungi	Basidiomycota	Tremellomycetes	Tremellales	Tremellaceae	Tremella	Tremella globispora	5237378	species	Tremella globispora	D.A.Reid		
Tremella mesenterica	Retz.ex Hook.	LC	Fungi	Basidiomycota	Tremellomycetes	Tremellales	Tremellaceae	Tremella	Tremella mesenterica	11945016	species	Tremella mesenterica	(Schaeff.) Pers.		no_author_match
Tremella moriformis	Berk.	DD	Fungi	Basidiomycota	Tremellomycetes	Tremellales	Tremellaceae	Tremella	Tremella moriformis	10510650	species	Tremella moriformis	Sm. & Sowerby		no_author_match
Tremella mycophaga	Martin	LC	Fungi	Basidiomycota	Tremellomycetes	Tremellales	Tremellaceae	Phaeotremella	Phaeotremella mycophaga	9758053	species	Phaeotremella mycophaga	(G.W.Martin) Millanes & Wedin		
Tremella obscura	(Olive) Christ.	DD	Fungi	Basidiomycota	Tremellomycetes	Tremellales	Tremellaceae	Tremella	Tremella obscura	2555980	species	Tremella obscura	(L.S.Olive) M.P.Christ.		
Tremella simplex	Jacks.et Martin	LC	Fungi	Basidiomycota	Tremellomycetes	Tremellales	Tremellaceae	Phaeotremella	Phaeotremella simplex	9810351	species	Phaeotremella simplex	(H.S.Jacks. & G.W.Martin) Millanes & Wedin		
Tremella virescens	(Schum.ex Fr.) Bref.	DD	Fungi	Basidiomycota	Tremellomycetes	Tremellales	Tremellaceae	Tremella	Tremella exigua	5237391	species	Tremella exigua	Desm.		
Tremellodendropsis tuberosa	(Grev.) Crawf.	DD	Fungi	Basidiomycota	Agaricomycetes	Tremellodendropsidales	Tremellodendropsidaceae	Tremellodendropsis	Tremellodendropsis tuberosa	2553991	species	Tremellodendropsis tuberosa	(Grev.) D.A.Crawford		
Tremiscus helvelloides	(DC.ex Pers.) Donk	LC	Fungi	Basidiomycota	Agaricomycetes	Auriculariales		Guepinia	Guepinia helvelloides	8824388	species	Guepinia helvelloides	(DC.) Fr.		
Trichaptum abietinum	(Pers.:Fr.) Ryvarden	LC	Fungi	Basidiomycota	Agaricomycetes	Hymenochaetales		Trichaptum	Trichaptum abietinum	8690832	species	Trichaptum abietinum	(Pers. ex J.F.Gmel.) Ryvarden		
Trichaptum fuscoviolaceum	(Ehrenb.ex Fr.) Ryvarden	LC	Fungi	Basidiomycota	Agaricomycetes	Hymenochaetales		Trichaptum	Trichaptum fuscoviolaceum	5247213	species	Trichaptum fuscoviolaceum	(Ehrenb.) Ryvarden		
Tricharia cretea	(Cooke) Boud.	DD	Fungi	Ascomycota	Pezizomycetes	Pezizales	Pyronemataceae	Tricharina	Tricharina cretea	2594556	species	Tricharina cretea	(Cooke) K.S.Thind & Waraitch		
Tricharia phaeoloma	(Wallr.) Mos.	DD	Fungi	Ascomycota	Pezizomycetes	Pezizales	Pyronemataceae	Melastiza	Melastiza phaeoloma	8329175	species	Melastiza phaeoloma	(Wallr.) Boud.		
Tricharina ascophanoides	(Boud.) Yang et Korf	LC	Fungi	Ascomycota	Pezizomycetes	Pezizales	Pyronemataceae	Cupulina	Cupulina ascophanoides	9240853	species	Cupulina ascophanoides	(Boud.) Van Vooren		
Tricharina gilva	(Boud.) Eckblad	LC	Fungi	Ascomycota	Pezizomycetes	Pezizales	Pyronemataceae	Tricharina	Tricharina gilva	8668791	species	Tricharina gilva	(Boud. ex Cooke) Eckblad		
Tricharina hiemalis	Chin S. Yang et Korf	DD	Fungi	Ascomycota	Pezizomycetes	Pezizales	Pyronemataceae	Tricharina	Tricharina hiemalis	2594586	species	Tricharina hiemalis	Chin S.Yang & Korf		
Tricharina ochroleuca	(Bres.) Eckblad	DD	Fungi	Ascomycota	Pezizomycetes	Pezizales	Pyronemataceae	Tricharina	Tricharina ochroleuca	2594562	species	Tricharina ochroleuca	(Sacc.) Eckblad		
Tricharina praecox	(Karst.) Dennis	LC	Fungi	Ascomycota	Pezizomycetes	Pezizales	Pyronemataceae	Tricharina	Tricharina praecox	2594589	species	Tricharina praecox	(P.Karst.) Dennis		
Trichobolus sphaerosporus	Kimbrough	DD	Fungi	Ascomycota	Pezizomycetes	Pezizales	Ascodesmidaceae	Trichobolus	Trichobolus sphaerosporus	2593229	species	Trichobolus sphaerosporus	Kimbr.		
Trichobolus zukalii	(Heimerl) Kimbr.	DD	Fungi	Ascomycota	Pezizomycetes	Pezizales	Ascodesmidaceae	Trichobolus	Trichobolus zukalii	2593230	species	Trichobolus zukalii	(Heimerl) Kimbr.		
Trichocybe puberula	(Kuyper) Vizzini	DD	Fungi	Basidiomycota	Agaricomycetes	Agaricales	Tricholomataceae	Trichocybe	Trichocybe puberula	7966930	species	Trichocybe puberula	(Kuyper) Vizzini		
Trichoglossum hirsutum	(Pers.:Fr.) Boud.	NT	Fungi	Ascomycota	Geoglossomycetes	Geoglossales	Geoglossaceae	Trichoglossum	Trichoglossum hirsutum	3484604	species	Trichoglossum hirsutum	(Pers.) Boud.		
Trichoglossum walteri	(Berk.) Durand	DD	Fungi	Ascomycota	Geoglossomycetes	Geoglossales	Geoglossaceae	Trichoglossum	Trichoglossum walteri	2586920	species	Trichoglossum walteri	(Berk.) E.J.Durand		
Tricholoma acerbum	(Bull.:Fr.) Quel.	VU	Fungi	Basidiomycota	Agaricomycetes	Agaricales	Tricholomataceae	Tricholoma	Tricholoma acerbum	8038039	species	Tricholoma acerbum	(Bull.) Quél.		
Tricholoma aestuans	Fr.	DD	Fungi	Basidiomycota	Agaricomycetes	Agaricales	Tricholomataceae	Tricholoma	Tricholoma aestuans	9046951	species	Tricholoma aestuans	(Fr.) Gillet		author_mismatch
Tricholoma albidum	Bon	DD	Fungi	Basidiomycota	Agaricomycetes	Agaricales	Tricholomataceae	Tricholoma	Tricholoma albidum	5450616	species	Tricholoma albidum	Bon		
Tricholoma album	(Schaeffer:Fr.) P. Kumm.	LC	Fungi	Basidiomycota	Agaricomycetes	Agaricales	Tricholomataceae	Tricholoma	Tricholoma album	5241749	species	Tricholoma album	(Schaeff.) P.Kumm.		
Tricholoma apium	Jul. Schaeff.	CR	Fungi	Basidiomycota	Agaricomycetes	Agaricales	Tricholomataceae	Tricholoma	Tricholoma apium	5241752	species	Tricholoma apium	Jul.Schäff.		
Tricholoma argyraceum	(Bull.) Gillet	LC	Fungi	Basidiomycota	Agaricomycetes	Agaricales	Tricholomataceae	Tricholoma	Tricholoma argyraceum	5241825	species	Tricholoma argyraceum	(Bull.) Gillet		
Tricholoma arvernense	Bon	EN	Fungi	Basidiomycota	Agaricomycetes	Agaricales	Tricholomataceae	Tricholoma	Tricholoma arvernense	5241813	species	Tricholoma arvernense	Bon		
Tricholoma atrosquamosum	(Chev.) Sacc.	LC	Fungi	Basidiomycota	Agaricomycetes	Agaricales	Tricholomataceae	Tricholoma	Tricholoma atrosquamosum	7242238	species	Tricholoma atrosquamosum	Sacc.		
Tricholoma aurantium	(Schff.:Fr.) Ricken	LC	Fungi	Basidiomycota	Agaricomycetes	Agaricales	Tricholomataceae	Tricholoma	Tricholoma aurantium	5241790	species	Tricholoma aurantium	(Schaeff.) Ricken		
Tricholoma basirubens	(Bon) Riva et Bon	DD	Fungi	Basidiomycota	Agaricomycetes	Agaricales	Tricholomataceae	Tricholoma	Tricholoma basirubens	5450627	species	Tricholoma basirubens	(Bon) A.Riva & Bon		
Tricholoma bresadolanum	Clemencon	EN	Fungi	Basidiomycota	Agaricomycetes	Agaricales	Tricholomataceae	Tricholoma	Tricholoma bresadolanum	5241817	species	Tricholoma bresadolanum	Clémençon		
Tricholoma bufonium	Pers.: Fr.	LC	Fungi	Basidiomycota	Agaricomycetes	Agaricales	Tricholomataceae	Tricholoma	Tricholoma bufonium	8998613	species	Tricholoma bufonium	(Pers.) Gillet		author_mismatch
Tricholoma caligatum	(Viv.) Ricken	VU	Fungi	Basidiomycota	Agaricomycetes	Agaricales	Tricholomataceae	Tricholoma	Tricholoma caligatum	5241764	species	Tricholoma caligatum	(Viv.) Ricken		
Tricholoma cingulatum	(Fr.) Jacobasch	NT	Fungi	Basidiomycota	Agaricomycetes	Agaricales	Tricholomataceae	Tricholoma	Tricholoma cingulatum	5241744	species	Tricholoma cingulatum	(Almfelt ex Fr.) Jacobashch		
Tricholoma cnista	(Fr.) Quel.	DD	Fungi	Basidiomycota	Agaricomycetes	Agaricales	Tricholomataceae	Tricholoma	Tricholoma saponaceum	3324249	species	Tricholoma saponaceum	(Fr.) P.Kumm.		
Tricholoma colossus	(Fr.) Quel.	EN	Fungi	Basidiomycota	Agaricomycetes	Agaricales	Tricholomataceae	Tricholoma	Tricholoma colossus	5241777	species	Tricholoma colossus	(Fr.) Quél.		
Tricholoma columbetta	(Fr.) P. Kumm.	LC	Fungi	Basidiomycota	Agaricomycetes	Agaricales	Tricholomataceae	Tricholoma	Tricholoma columbetta	5241760	species	Tricholoma columbetta	(Fr.) P.Kumm.		
Tricholoma equestre	(L.) Kumm.	LC	Fungi	Basidiomycota	Agaricomycetes	Agaricales	Tricholomataceae	Tricholoma	Tricholoma equestre	3324883	species	Tricholoma equestre	(L.) P.Kumm.		
Tricholoma focale	(Fr.) Ricken	EN	Fungi	Basidiomycota	Agaricomycetes	Agaricales	Tricholomataceae	Tricholoma	Tricholoma focale	5241757	species	Tricholoma focale	(Fr.) Ricken		
Tricholoma fracticum	(Britzelm.) Kreisel	LC	Fungi	Basidiomycota	Agaricomycetes	Agaricales	Tricholomataceae	Tricholoma	Tricholoma fracticum	5241769	species	Tricholoma fracticum	(Britzelm.) Kreisel		
Tricholoma fucatum	(Fr.) Sacc.	VU	Fungi	Basidiomycota	Agaricomycetes	Agaricales	Tricholomataceae	Tricholoma	Tricholoma fucatum	6014539	species	Tricholoma fucatum	(Fr.) P.Kumm.		author_mismatch
Tricholoma fulvum	(DC.ex Fr.) Sacc.non Bull.	LC	Fungi	Basidiomycota	Agaricomycetes	Agaricales	Tricholomataceae	Tricholoma	Tricholoma fulvum	5241793	species	Tricholoma fulvum	(DC.) Bigeard & H.Guill.		
Tricholoma gausapatum	(Fr.) Quel.	LC	Fungi	Basidiomycota	Agaricomycetes	Agaricales	Tricholomataceae	Tricholoma	Tricholoma gausapatum	5241800	species	Tricholoma gausapatum	(Fr.) Quél.		
Tricholoma guttatum	(Schff.ex Fr.) Sacc.	DD	Fungi	Basidiomycota	Agaricomycetes	Agaricales	Tricholomataceae	Tricholoma	Tricholoma orirubens	5241733	species	Tricholoma orirubens	Quél.		
Tricholoma imbricatum	(Fr.:Fr.) P. Kumm.	LC	Fungi	Basidiomycota	Agaricomycetes	Agaricales	Tricholomataceae	Tricholoma	Tricholoma imbricatum	5241858	species	Tricholoma imbricatum	(Fr.) P.Kumm.		
Tricholoma inamoenum	(Fr.) Quel.	LC	Fungi	Basidiomycota	Agaricomycetes	Agaricales	Tricholomataceae	Tricholoma	Tricholoma inamoenum	5241716	species	Tricholoma inamoenum	(Fr.) Gillet		
Tricholoma inocybeoides	Pearson	EN	Fungi	Basidiomycota	Agaricomycetes	Agaricales	Tricholomataceae	Tricholoma	Tricholoma argyraceum	5241825	species	Tricholoma argyraceum	(Bull.) Gillet		
Tricholoma inodermeum	(Fr.) Gillet	EN	Fungi	Basidiomycota	Agaricomycetes	Agaricales	Tricholomataceae	Tricholoma	Tricholoma inodermeum	6014540	species	Tricholoma inodermeum	(Fr.) Gillet		
Tricholoma joachimii	Bon et Riva	DD	Fungi	Basidiomycota	Agaricomycetes	Agaricales	Tricholomataceae	Tricholoma	Tricholoma joachimii	5450472	species	Tricholoma joachimii	Bon & A.Riva		
Tricholoma josserandii	Bon	DD	Fungi	Basidiomycota	Agaricomycetes	Agaricales	Tricholomataceae	Tricholoma	Tricholoma josserandii	5450334	species	Tricholoma josserandii	Bon		
Tricholoma lascivum	(Fr.) Gillet	LC	Fungi	Basidiomycota	Agaricomycetes	Agaricales	Tricholomataceae	Tricholoma	Tricholoma lascivum	5241719	species	Tricholoma lascivum	(Fr.) Gillet		
Tricholoma luridum	(Schff.ex Fr.) Quel.	NT	Fungi	Basidiomycota	Agaricomycetes	Agaricales	Tricholomataceae	Tricholoma	Tricholoma luridum	5241833	species	Tricholoma luridum	(Schaeff.) P.Kumm.		
Tricholoma maluvium	(Battarra ex Fr.) Sacc.	DD							Tricholoma maluvium						not_found
Tricholoma myomyces	(Pers.ex Fr.) Lange	LC	Fungi	Basidiomycota	Agaricomycetes	Agaricales	Tricholomataceae	Tricholoma	Tricholoma terreum	5241808	species	Tricholoma terreum	(Schaeff.) P.Kumm.		
Tricholoma orirubens	Quel.	LC	Fungi	Basidiomycota	Agaricomycetes	Agaricales	Tricholomataceae	Tricholoma	Tricholoma orirubens	5241733	species	Tricholoma orirubens	Quél.		
Tricholoma pardinum	Quel.	LC	Fungi	Basidiomycota	Agaricomycetes	Agaricales	Tricholomataceae	Tricholoma	Tricholoma pardinum	7242174	species	Tricholoma pardinum	(Pers.) Quél.		
Tricholoma pessundatum	(Fr.) Quel.	VU	Fungi	Basidiomycota	Agaricomycetes	Agaricales	Tricholomataceae	Tricholoma	Tricholoma pessundatum	5241789	species	Tricholoma pessundatum	(Fr.) Quél.		
Tricholoma populinum	J.E. Lange	LC	Fungi	Basidiomycota	Agaricomycetes	Agaricales	Tricholomataceae	Tricholoma	Tricholoma populinum	5241767	species	Tricholoma populinum	J.E.Lange		
Tricholoma portentosum	(Fr.) Quel.	LC	Fungi	Basidiomycota	Agaricomycetes	Agaricales	Tricholomataceae	Tricholoma	Tricholoma portentosum	5241860	species	Tricholoma portentosum	(Fr.) Quél.		
Tricholoma psammopus	(Kalchbr.) Quel.	LC	Fungi	Basidiomycota	Agaricomycetes	Agaricales	Tricholomataceae	Tricholoma	Tricholoma psammopus	5241853	species	Tricholoma psammopus	(Kalchbr.) Quél.		
Tricholoma pseudonictitans	Bon	LC	Fungi	Basidiomycota	Agaricomycetes	Agaricales	Tricholomataceae	Tricholoma	Tricholoma pseudonictitans	5241799	species	Tricholoma pseudonictitans	Bon		
Tricholoma resplendens	Fr.	DD	Fungi	Basidiomycota	Agaricomycetes	Agaricales	Tricholomataceae	Melanoleuca	Melanoleuca resplendens	5451519	species	Melanoleuca resplendens	(Fr.) Murrill		no_author_match
Tricholoma roseoacerbum	Riva	EN	Fungi	Basidiomycota	Agaricomycetes	Agaricales	Tricholomataceae	Tricholoma	Tricholoma acerbum	8038039	species	Tricholoma acerbum	(Bull.) Quél.		
Tricholoma saponaceum	(Fr.) P. Kumm.	LC	Fungi	Basidiomycota	Agaricomycetes	Agaricales	Tricholomataceae	Tricholoma	Tricholoma saponaceum	3324249	species	Tricholoma saponaceum	(Fr.) P.Kumm.		
Tricholoma scalpturatum	(Fr.) Quel.	LC	Fungi	Basidiomycota	Agaricomycetes	Agaricales	Tricholomataceae	Tricholoma	Tricholoma scalpturatum	5241821	species	Tricholoma scalpturatum	(Fr.) Quél.		
Tricholoma sciodes	(Secr.) Mart.	LC	Fungi	Basidiomycota	Agaricomycetes	Agaricales	Tricholomataceae	Tricholoma	Tricholoma sciodes	5241735	species	Tricholoma sciodes	(Pers.) C.Martín		
Tricholoma sejunctum	(Sow.:Fr.) Quel.	LC	Fungi	Basidiomycota	Agaricomycetes	Agaricales	Tricholomataceae	Tricholoma	Tricholoma sejunctum	5241729	species	Tricholoma sejunctum	(Sowerby) Quél.		
Tricholoma squarrulosum	Bres.	LC	Fungi	Basidiomycota	Agaricomycetes	Agaricales	Tricholomataceae	Tricholoma	Tricholoma atrosquamosum	7242238	species	Tricholoma atrosquamosum	Sacc.		
Tricholoma stans	(Fr.) Sacc.	VU	Fungi	Basidiomycota	Agaricomycetes	Agaricales	Tricholomataceae	Tricholoma	Tricholoma stans	5241849	species	Tricholoma stans	(Fr.) Sacc.		
Tricholoma striatum	(Schaeff.) Sacc.	LC	Fungi	Basidiomycota	Agaricomycetes	Agaricales	Tricholomataceae	Tricholoma	Tricholoma striatum	5241726	species	Tricholoma striatum	(Schaeff.) Quél.		
Tricholoma sudum	(Fr.) Quel.	EN	Fungi	Basidiomycota	Agaricomycetes	Agaricales	Tricholomataceae	Tricholoma	Tricholoma sudum	9593022	species	Tricholoma sudum	(Fr.) Quél.		
Tricholoma sulphurescens	Bres.	VU	Fungi	Basidiomycota	Agaricomycetes	Agaricales	Tricholomataceae	Tricholoma	Tricholoma sulphurescens	5241818	species	Tricholoma sulphurescens	Bres.		
Tricholoma sulphureum	(Bull.:Fr.) P. Kumm.	LC	Fungi	Basidiomycota	Agaricomycetes	Agaricales	Tricholomataceae	Tricholoma	Tricholoma sulphureum	8897119	species	Tricholoma sulphureum	(Bull.) P.Kumm.		
Tricholoma terreum	(Schff.:Fr.) P. Kumm.	LC	Fungi	Basidiomycota	Agaricomycetes	Agaricales	Tricholomataceae	Tricholoma	Tricholoma terreum	5241808	species	Tricholoma terreum	(Schaeff.) P.Kumm.		
Tricholoma tridentinum	Singer	DD	Fungi	Basidiomycota	Agaricomycetes	Agaricales	Tricholomataceae	Tricholoma	Tricholoma pessundatum	5241789	species	Tricholoma pessundatum	(Fr.) Quél.		
Tricholoma triste	(Scop.ex Fr.) Quel.	VU	Fungi	Basidiomycota	Agaricomycetes	Agaricales	Tricholomataceae	Tricholoma	Tricholoma triste	5241762	species	Tricholoma triste	(Scop.) Quél.		
Tricholoma umbonatum	(Lge.) Clc.et Bon	DD	Fungi	Basidiomycota	Agaricomycetes	Agaricales	Tricholomataceae	Tricholoma	Tricholoma umbonatum	5450286	species	Tricholoma umbonatum	Clémençon & Bon		author_mismatch
Tricholoma ustale	(Fr.:Fr.) P. Kumm.	LC	Fungi	Basidiomycota	Agaricomycetes	Agaricales	Tricholomataceae	Tricholoma	Tricholoma ustale	5241845	species	Tricholoma ustale	(Fr.) P.Kumm.		
Tricholoma ustaloides	Romagn.	VU	Fungi	Basidiomycota	Agaricomycetes	Agaricales	Tricholomataceae	Tricholoma	Tricholoma ustaloides	5241832	species	Tricholoma ustaloides	Romagn.		
Tricholoma vaccinum	(Pers.:Fr.) P. Kumm.	LC	Fungi	Basidiomycota	Agaricomycetes	Agaricales	Tricholomataceae	Tricholoma	Tricholoma vaccinum	5241784	species	Tricholoma vaccinum	(Schaeff.) P.Kumm.		
Tricholoma virgatum	(Fr.:Fr.) P. Kumm.	LC	Fungi	Basidiomycota	Agaricomycetes	Agaricales	Tricholomataceae	Tricholoma	Tricholoma virgatum	5241830	species	Tricholoma virgatum	(Fr.) P.Kumm.		
Tricholoma viridifucatum	Bon	VU	Fungi	Basidiomycota	Agaricomycetes	Agaricales	Tricholomataceae	Tricholoma	Tricholoma viridifucatum	5241788	species	Tricholoma viridifucatum	Bon		
Tricholoma viridilutescens	M.M. Moser	LC	Fungi	Basidiomycota	Agaricomycetes	Agaricales	Tricholomataceae	Tricholoma	Tricholoma viridilutescens	5241747	species	Tricholoma viridilutescens	M.M.Moser		
Tricholomella constricta	(Fr.) Zerova ex Kalamees	LC	Fungi	Basidiomycota	Agaricomycetes	Agaricales	Lyophyllaceae	Tricholomella	Tricholomella constricta	9055239	species	Tricholomella constricta	(Fr.) Zerova ex Kalamees		
Tricholomopsis decora	(Fr.) Singer	LC	Fungi	Basidiomycota	Agaricomycetes	Agaricales	Tricholomataceae	Tricholomopsis	Tricholomopsis decora	9056826	species	Tricholomopsis decora	(Fr.) Singer		
Tricholomopsis flammula	Metrod	VU	Fungi	Basidiomycota	Agaricomycetes	Agaricales	Tricholomataceae	Tricholomopsis	Tricholomopsis flammula	3327059	species	Tricholomopsis flammula	Métrod, 1946		
Tricholomopsis ornata	(Fr.) Singer	VU	Fungi	Basidiomycota	Agaricomycetes	Agaricales	Tricholomataceae	Tricholomopsis	Tricholomopsis ornata	7242149	species	Tricholomopsis ornata	(Fr.) Singer		
Tricholomopsis rutilans	(Schff.:Fr.) Singer	LC	Fungi	Basidiomycota	Agaricomycetes	Agaricales	Tricholomataceae	Tricholomopsis	Tricholomopsis rutilans	2531814	species	Tricholomopsis rutilans	(Schaeff.) Singer		
Trichopeziza adenostylidis	(Rehm) Raitv.	DD	Fungi	Ascomycota	Leotiomycetes	Helotiales	Lachnaceae	Trichopeziza	Trichopeziza adenostylidis	3488554	species	Trichopeziza adenostylidis	(Rehm) Raitv.		
Trichopeziza discolor	(Mout.) Raitv.	DD	Fungi	Ascomycota	Leotiomycetes	Helotiales	Lachnaceae	Trichopeziza	Trichopeziza discolor	3488546	species	Trichopeziza discolor	(Mouton) Raitv.		
Trichopeziza elegantula	(P. Karst.) Sacc.	DD	Fungi	Ascomycota	Leotiomycetes	Helotiales	Solenopeziaceae	Lasiobelonium	Lasiobelonium elegantulum	10837145	species	Lasiobelonium elegantulum	(P.Karst.) Šandová		
Trichopeziza mollissima	(Lasch) Fuckel	LC	Fungi	Ascomycota	Leotiomycetes	Helotiales	Lachnaceae	Lachnum	Lachnum mollissimum	2586050	species	Lachnum mollissimum	(Fuckel) P.Karst.		
Trichopeziza sulphurea	(Pers.: Fr.) Fuckel	LC	Fungi	Ascomycota	Leotiomycetes	Helotiales	Lachnaceae	Lachnum	Lachnum sulphureum	2586055	species	Lachnum sulphureum	(Fuckel) P.Karst.		
Trichopezizella barbata	(Kunze in Fr.) Raitv.	LC	Fungi	Ascomycota	Leotiomycetes	Helotiales	Solenopeziaceae	Trichopezizella	Trichopezizella barbata	8693420	species	Trichopezizella barbata	(Kunze ex Fr.) Raitv.		
Trichopezizella horridula	(Desm.) Raitv.	DD	Fungi	Ascomycota	Leotiomycetes	Helotiales	Solenopeziaceae	Lasiobelonium	Lasiobelonium horridulum	8344148	species	Lasiobelonium horridulum	(Desm.) Dougoud		
Trichopezizella relicina	(Fr.) Raitv.	LC	Fungi	Ascomycota	Leotiomycetes	Helotiales	Lachnaceae	Lachnum	Lachnum relicinum	3489190	species	Lachnum relicinum	(Fr.) P.Karst.		
Trichophaea abundans	Karsten Boud.	NT	Fungi	Ascomycota	Pezizomycetes	Pezizales	Pyronemataceae	Trichophaea	Trichophaea abundans	2593665	species	Trichophaea abundans	(P.Karst.) Boud.		
Trichophaea boudieri	Grelet	DD	Fungi	Ascomycota	Pezizomycetes	Pezizales	Pyronemataceae	Lasiobolidium	Lasiobolidium boudieri	12176212	species	Lasiobolidium boudieri	(Grelet) Van Vooren & Valade		
Trichophaea hemisphaerioides	(Mouton) Graddon	NT	Fungi	Ascomycota	Pezizomycetes	Pezizales	Pyronemataceae	Perilachnea	Perilachnea hemisphaerioides	12180623	species	Perilachnea hemisphaerioides	(Mouton) Van Vooren		
Trichophaea hybrida	(Sowerby) T. Schumach.	LC	Fungi	Ascomycota	Pezizomycetes	Pezizales	Pyronemataceae	Trichophaea	Trichophaea hybrida	2593689	species	Trichophaea hybrida	(Sowerby) T.Schumach.		
Trichophaea livida	(Schumacher:Fr.) Boud.	LC	Fungi	Ascomycota	Pezizomycetes	Pezizales	Pyronemataceae	Trichophaea	Trichophaea livida	8193834	species	Trichophaea livida	(Schumach.) Boud.		
Trichophaea pseudogregaria	Rick Boud.	LC	Fungi	Ascomycota	Pezizomycetes	Pezizales	Pyronemataceae	Trichophaea	Trichophaea pseudogregaria	2593683	species	Trichophaea pseudogregaria	Rick		
Trichophaea woolhopeia	(Cooke & W. Phillips) Boud.	LC	Fungi	Ascomycota	Pezizomycetes	Pezizales	Pyronemataceae	Trichophaea	Trichophaea woolhopeia	8014166	species	Trichophaea woolhopeia	(Cooke & W.Phillips) Boud.		
Trichophaeopsis bicuspis	(Boud.) Korf et Erb	DD	Fungi	Ascomycota	Pezizomycetes	Pezizales	Pyronemataceae	Trichophaeopsis	Trichophaeopsis bicuspis	2594518	species	Trichophaeopsis bicuspis	(Boud.) Korf & Erb		
Trichophaeopsis paludosa	(Boud.) Haeffner et L.G. Krieglst.	VU	Fungi	Ascomycota	Pezizomycetes	Pezizales	Pyronemataceae	Trichophaeopsis	Trichophaeopsis paludosa	2594524	species	Trichophaeopsis paludosa	(Boud.) Häffner & L.G.Krieglst.		
Trochila craterium	(DC.) Fr.	DD	Fungi	Ascomycota	Leotiomycetes	Helotiales	Cenangiaceae	Trochila	Trochila craterium	5256887	species	Trochila craterium	(DC.) Fr.		
Trochila ilicina	(Nees:Fr.) Greenh. et Morgan-Jo	LC	Fungi	Ascomycota	Leotiomycetes	Helotiales	Cenangiaceae	Trochila	Trochila ilicina	8336892	species	Trochila ilicina	(Nees) Greenh. & Morgan-Jones		
Tryblidiopsis pinastri	(Pers.) Karst.	DD	Fungi	Ascomycota	Leotiomycetes	Rhytismatales	Rhytismataceae	Tryblidiopsis	Tryblidiopsis pinastri	9180962	species	Tryblidiopsis pinastri	(Pers.) P.Karst.		
Tryblis arnoldii	(Rehm) Clem.	DD	Fungi	Ascomycota	Lecanoromycetes	Ostropales	Odontotremataceae	Tryblis	Tryblis arnoldii	3420220	species	Tryblis arnoldii	(Rehm) Clem.		
Tubaria confragosa	(Pers.) Kuehner	VU	Fungi	Basidiomycota	Agaricomycetes	Agaricales	Tubariaceae	Tubaria	Tubaria confragosa	5240918	species	Tubaria confragosa	(Fr.) Harmaja		
Tubaria conspersa	(Pers.:Fr.) Fayod	LC	Fungi	Basidiomycota	Agaricomycetes	Agaricales	Tubariaceae	Tubaria	Tubaria conspersa	9190305	species	Tubaria conspersa	(Pers.) Fayod		
Tubaria dispersa	(Pers.) Singer	VU	Fungi	Basidiomycota	Agaricomycetes	Agaricales	Tubariaceae	Tubaria	Tubaria dispersa	8467125	species	Tubaria dispersa	(Berk. & Broome) Singer		
Tubaria furfuracea	(Pers.:Fr.) Gill.	LC	Fungi	Basidiomycota	Agaricomycetes	Agaricales	Tubariaceae	Tubaria	Tubaria furfuracea	8796319	species	Tubaria furfuracea	(Pers.) Gillet		
Tubaria hiemalis	Romagn. ex Bon	LC	Fungi	Basidiomycota	Agaricomycetes	Agaricales	Tubariaceae	Tubaria	Tubaria furfuracea	8796319	species	Tubaria furfuracea	(Pers.) Gillet		
Tubaria hololeuca	(Kuehner) Bon	DD	Fungi	Basidiomycota	Agaricomycetes	Agaricales	Tubariaceae	Tubaria	Tubaria hololeuca	5452824	species	Tubaria hololeuca	(Kühner) Bon		
Tubaria minutalis	Romagn.	DD	Fungi	Basidiomycota	Agaricomycetes	Agaricales	Tubariaceae	Tubaria	Tubaria minutalis	5240904	species	Tubaria minutalis	Romagn.		
Tubaria pallidispora	J.E. Lange	VU	Fungi	Basidiomycota	Agaricomycetes	Agaricales	Tubariaceae	Tubaria	Tubaria pallidispora	5240901	species	Tubaria pallidispora	J.E.Lange		
Tubaria praestans	(Romagn) Moser	EN	Fungi	Basidiomycota	Agaricomycetes	Agaricales	Tubariaceae	Tubaria	Tubaria praestans	5240903	species	Tubaria praestans	(Romagn.) M.M.Moser		
Tubaria trigonophylla	(Lasch) Fayod	DD	Fungi	Basidiomycota	Agaricomycetes	Agaricales	Tubariaceae	Tubaria	Tubaria trigonophylla	5240905	species	Tubaria trigonophylla	(Lasch) Fayod		
Tuber aestivum	Vittad.	LC	Fungi	Ascomycota	Pezizomycetes	Pezizales	Tuberaceae	Tuber	Tuber aestivum	5258469	species	Tuber aestivum	Vittad.		
Tuber borchii	Vittad.	EN	Fungi	Ascomycota	Pezizomycetes	Pezizales	Tuberaceae	Tuber	Tuber borchii	5258463	species	Tuber borchii	Vittad.		
Tuber brumale	Vittad.	DD	Fungi	Ascomycota	Pezizomycetes	Pezizales	Tuberaceae	Tuber	Tuber brumale	5258455	species	Tuber brumale	Vittad.		
Tuber dryophilum	Tul.	DD	Fungi	Ascomycota	Pezizomycetes	Pezizales	Tuberaceae	Tuber	Tuber dryophilum	5258476	species	Tuber dryophilum	Tul. & C.Tul.		
Tuber excavatum	Vittad.	LC	Fungi	Ascomycota	Pezizomycetes	Pezizales	Tuberaceae	Tuber	Tuber excavatum	5258465	species	Tuber excavatum	Vittad.		
Tuber fulgens	Quel.	DD	Fungi	Ascomycota	Pezizomycetes	Pezizales	Tuberaceae	Tuber	Tuber fulgens	5499469	species	Tuber fulgens	Quél.		
Tuber macrosporum	Vittad.	DD	Fungi	Ascomycota	Pezizomycetes	Pezizales	Tuberaceae	Tuber	Tuber macrosporum	5258460	species	Tuber macrosporum	Vittad.		
Tuber maculatum	Vittad.	DD	Fungi	Ascomycota	Pezizomycetes	Pezizales	Tuberaceae	Tuber	Tuber maculatum	5258462	species	Tuber maculatum	Vittad.		
Tuber magnatum	(Pico) Vittad.	DD	Fungi	Ascomycota	Pezizomycetes	Pezizales	Tuberaceae	Tuber	Tuber magnatum	5258456	species	Tuber magnatum	Picco		no_author_match
Tuber melanosporum	Vittad.	DD	Fungi	Ascomycota	Pezizomycetes	Pezizales	Tuberaceae	Tuber	Tuber melanosporum	5258468	species	Tuber melanosporum	Vittad.		
Tuber mesentericum	Vittad.	LC	Fungi	Ascomycota	Pezizomycetes	Pezizales	Tuberaceae	Tuber	Tuber mesentericum	5258471	species	Tuber mesentericum	Vittad.		
Tuber nitidum	Vittad.	DD	Fungi	Ascomycota	Pezizomycetes	Pezizales	Tuberaceae	Tuber	Tuber nitidum	5258466	species	Tuber nitidum	Vittad.		
Tuber puberulum	Bk. et Br.	DD	Fungi	Ascomycota	Pezizomycetes	Pezizales	Tuberaceae	Tuber	Tuber puberulum	5258475	species	Tuber puberulum	Berk. & Broome		
Tuber rapaeodorum	Tul. et C. Tul.	DD	Fungi	Ascomycota	Pezizomycetes	Pezizales	Tuberaceae	Tuber	Tuber rapaeodorum	5258451	species	Tuber rapaeodorum	Tul. & C.Tul.		
Tuber rufum	Pico	LC	Fungi	Ascomycota	Pezizomycetes	Pezizales	Tuberaceae	Tuber	Tuber rufum	5258452	species	Tuber rufum	Picco, 1788		
Tubulicrinis accedens	(Bourdot et Galzin) Donk	LC	Fungi	Basidiomycota	Agaricomycetes	Hymenochaetales	Hymenochaetaceae	Tubulicrinis	Tubulicrinis accedens	2542076	species	Tubulicrinis accedens	(Bourdot & Galzin) Donk		
Tubulicrinis angustus	(Rog. et Weres in Weres) Donk	DD	Fungi	Basidiomycota	Agaricomycetes	Hymenochaetales	Hymenochaetaceae	Tubulicrinis	Tubulicrinis angustus	2542124	species	Tubulicrinis angustus	(D.P.Rogers & Weresub) Donk		
Tubulicrinis borealis	J. Erikss.	LC	Fungi	Basidiomycota	Agaricomycetes	Hymenochaetales	Hymenochaetaceae	Tubulicrinis	Tubulicrinis borealis	2542106	species	Tubulicrinis borealis	J.Erikss.		
Tubulicrinis calothrix	(Pat.) Donk	DD	Fungi	Basidiomycota	Agaricomycetes	Hymenochaetales	Hymenochaetaceae	Tubulicrinis	Tubulicrinis calothrix	7241315	species	Tubulicrinis calothrix	(Pat.) Donk		
Tubulicrinis glebulosus	(Bres.) Donk	LC	Fungi	Basidiomycota	Agaricomycetes	Hymenochaetales	Hymenochaetaceae	Tubulicrinis	Tubulicrinis glebulosus	2542060	species	Tubulicrinis glebulosus	(Fr.) Donk		
Tubulicrinis globisporus	K.H. Larss. & Hjortstam	DD	Fungi	Basidiomycota	Agaricomycetes	Hymenochaetales	Hymenochaetaceae	Tubulicrinis	Tubulicrinis globisporus	2542122	species	Tubulicrinis globisporus	K.H.Larss. & Hjortstam		
Tubulicrinis hirtellus	(Bourdot et Galzin) Erikss.	DD	Fungi	Basidiomycota	Agaricomycetes	Hymenochaetales	Hymenochaetaceae	Tubulicrinis	Tubulicrinis hirtellus	2542079	species	Tubulicrinis hirtellus	(Bourdot & Galzin) J.Erikss.		
Tubulicrinis medius	(Bourdot et Galzin) Parmasto	LC	Fungi	Basidiomycota	Agaricomycetes	Hymenochaetales	Hymenochaetaceae	Tubulicrinis	Tubulicrinis medius	7789784	species	Tubulicrinis medius	(Bourd. & Galz.) Parmasto		
Tubulicrinis regificus	(H.S. Jacks. et Dearden) Donk	DD	Fungi	Basidiomycota	Agaricomycetes	Hymenochaetales	Hymenochaetaceae	Tubulicrinis	Tubulicrinis regificus	2542093	species	Tubulicrinis regificus	(H.S.Jacks. & Dearden) Donk		
Tubulicrinis sororius	(Bourdot et Galzin) Oberw.	DD	Fungi	Basidiomycota	Agaricomycetes	Hymenochaetales	Hymenochaetaceae	Tubulicrinis	Tubulicrinis sororius	2542084	species	Tubulicrinis sororius	(Bourdot & Galzin) Oberw.		
Tubulicrinis strangulatus	K.H. Larss. et Hjortstam	DD	Fungi	Basidiomycota	Agaricomycetes	Hymenochaetales	Hymenochaetaceae	Tubulicrinis	Tubulicrinis strangulatus	2542112	species	Tubulicrinis strangulatus	K.H.Larss. & Hjortstam		
Tubulicrinis subulatus	(Bourdot et Galzin) Donk	LC	Fungi	Basidiomycota	Agaricomycetes	Hymenochaetales	Hymenochaetaceae	Tubulicrinis	Tubulicrinis subulatus	2542118	species	Tubulicrinis subulatus	(Bourdot & Galzin) Donk		
Tulasnella albida	Bourdot et Galzin	DD	Fungi	Basidiomycota	Agaricomycetes	Cantharellales	Tulasnellaceae	Tulasnella	Tulasnella albida	2555424	species	Tulasnella albida	Bourdot & Galzin		
Tulasnella allantospora	Wakef. et Pears.	DD	Fungi	Basidiomycota	Agaricomycetes	Cantharellales	Tulasnellaceae	Tulasnella	Tulasnella allantospora	2555456	species	Tulasnella allantospora	Wakef. & A.Pearson		
Tulasnella bifrons	Bourdot et Galzin	DD	Fungi	Basidiomycota	Agaricomycetes	Cantharellales	Tulasnellaceae	Tulasnella	Tulasnella bifrons	2555445	species	Tulasnella bifrons	Bourdot & Galzin		
Tulasnella calospora	(Boud.) Juel	DD	Fungi	Basidiomycota	Agaricomycetes	Cantharellales	Tulasnellaceae	Tulasnella	Tulasnella calospora	2555446	species	Tulasnella calospora	(Boud.) Juel		
Tulasnella curvispora	Donk	DD	Fungi	Basidiomycota	Agaricomycetes	Cantharellales	Tulasnellaceae	Tulasnella	Tulasnella curvispora	3368732	species	Tulasnella curvispora	Donk		
Tulasnella cystidiophora	Hoehn. et Litsch.	DD	Fungi	Basidiomycota	Agaricomycetes	Cantharellales	Tulasnellaceae	Tulasnella	Tulasnella cystidiophora	2555499	species	Tulasnella cystidiophora	Höhn. & Litsch.		
Tulasnella deliquescens	(Juel) Juel	DD	Fungi	Basidiomycota	Agaricomycetes	Cantharellales	Tulasnellaceae	Tulasnella	Tulasnella deliquescens	2555427	species	Tulasnella deliquescens	(Juel) Juel		
Tulasnella eichleriana	Bres.	VU	Fungi	Basidiomycota	Agaricomycetes	Cantharellales	Tulasnellaceae	Tulasnella	Tulasnella eichleriana	2555431	species	Tulasnella eichleriana	Bres.		
Tulasnella inclusa	(Christ) Donk	DD	Fungi	Basidiomycota	Agaricomycetes	Cantharellales	Tulasnellaceae	Tulasnella	Tulasnella inclusa	2555439	species	Tulasnella inclusa	(M.P.Christ.) Donk		
Tulasnella intrusa	Hauersl.	DD	Fungi	Basidiomycota	Agaricomycetes	Cantharellales	Tulasnellaceae	Tulasnella	Tulasnella albida	2555424	species	Tulasnella albida	Bourdot & Galzin		
Tulasnella pinicola	Bres.	DD	Fungi	Basidiomycota	Agaricomycetes	Cantharellales	Tulasnellaceae	Tulasnella	Tulasnella pinicola	2555471	species	Tulasnella pinicola	Bres.		
Tulasnella pruinosa	Bourdot et Galzin	DD	Fungi	Basidiomycota	Agaricomycetes	Cantharellales	Tulasnellaceae	Tulasnella	Tulasnella pruinosa	2555435	species	Tulasnella pruinosa	Bourdot & Galzin		
Tulasnella tomaculum	Roberts	DD	Fungi	Basidiomycota	Agaricomycetes	Cantharellales	Tulasnellaceae	Tulasnella	Tulasnella tomaculum	2555426	species	Tulasnella tomaculum	P.Roberts		
Tulasnella violacea	(Johan-Olsen) Juel	DD	Fungi	Basidiomycota	Agaricomycetes	Cantharellales	Tulasnellaceae	Tulasnella	Tulasnella pallida	2555486	species	Tulasnella pallida	Bres.		
Tulasnella violea	(Quel.) Bourdot et Galzin	LC	Fungi	Basidiomycota	Agaricomycetes	Cantharellales	Tulasnellaceae	Tulasnella	Tulasnella violea	2555492	species	Tulasnella violea	(Quél.) Bourdot & Galzin		
Tulostoma brumale	Pers.: Pers.	VU	Fungi	Basidiomycota	Agaricomycetes	Agaricales	Agaricaceae	Tulostoma	Tulostoma brumale	5243296	species	Tulostoma brumale	Pers.		
Tulostoma fimbriatum	Fr.	VU	Fungi	Basidiomycota	Agaricomycetes	Agaricales	Agaricaceae	Tulostoma	Tulostoma fimbriatum	5243305	species	Tulostoma fimbriatum	Fr.		
Tulostoma fulvellum	Bres.in Petri	DD	Fungi	Basidiomycota	Agaricomycetes	Agaricales	Agaricaceae	Tulostoma	Tulostoma fulvellum	5453860	species	Tulostoma fulvellum	Bres.		
Tulostoma melanocyclum	Bres.in Petri	CR	Fungi	Basidiomycota	Agaricomycetes	Agaricales	Agaricaceae	Tulostoma	Tulostoma melanocyclum	5243322	species	Tulostoma melanocyclum	Bres.		
Tulostoma petrii	Bres. n Petri	CR	Fungi	Basidiomycota	Agaricomycetes	Agaricales	Agaricaceae	Tulostoma	Tulostoma petrii	5453906	species	Tulostoma petrii	Bres.		
Tulostoma squamosum	Gmel.ex Pers.	EN	Fungi	Basidiomycota	Agaricomycetes	Agaricales	Agaricaceae	Tulostoma	Tulostoma squamosum	5243303	species	Tulostoma squamosum	(J.F.Gmel.) Pers.		
Tylopilus felleus	(Bull.) P. Karst.	LC	Fungi	Basidiomycota	Agaricomycetes	Boletales	Boletaceae	Tylopilus	Tylopilus felleus	2524910	species	Tylopilus felleus	(Bull.) P.Karst.		
Tylospora asterophora	(Bonord.) Donk	VU	Fungi	Basidiomycota	Agaricomycetes	Atheliales	Atheliaceae	Tylospora	Tylospora asterophora	2554306	species	Tylospora asterophora	(Bonord.) Donk		
Tylospora fibrillosa	(Burt) Donk	LC	Fungi	Basidiomycota	Agaricomycetes	Atheliales	Atheliaceae	Tylospora	Tylospora fibrillosa	2554301	species	Tylospora fibrillosa	(Burt) Donk		
Tympanis alnea	(Pers.) Fr.	DD	Fungi	Ascomycota	Leotiomycetes	Leotiales	Tympanidaceae	Tympanis	Tympanis alnea	3487392	species	Tympanis alnea	(Pers.) Fr.		
Tympanis alpina	Ouell. et Piroz	DD	Fungi	Ascomycota	Leotiomycetes	Leotiales	Tympanidaceae	Tympanis	Tympanis alpina	3487445	species	Tympanis alpina	Ouell. & Piroz.		
Tympanis laricina	(Fuckel) Sacc.	DD	Fungi	Ascomycota	Leotiomycetes	Leotiales	Tympanidaceae	Tympanis	Tympanis laricina	2581885	species	Tympanis laricina	(Fuckel) Sacc.		
Typhrasa gossypina	(Bull.) Örstadius & E. Larss.	LC	Fungi	Basidiomycota	Agaricomycetes	Agaricales	Psathyrellaceae	Typhrasa	Typhrasa gossypina	7983444	species	Typhrasa gossypina	(Bull.) Örstadius & E.Larss.		
Typhula anceps	P. Karst.	DD	Fungi	Basidiomycota	Agaricomycetes	Agaricales	Typhulaceae	Typhula	Typhula anceps	2539133	species	Typhula anceps	P.Karst.		
Typhula athyrii	Remsberg	LC	Fungi	Basidiomycota	Agaricomycetes	Agaricales	Typhulaceae	Typhula	Typhula todei	2539119	species	Typhula todei	Fr.		
Typhula culmigena	(Mont. et Fr.) Schroet.	DD	Fungi	Basidiomycota	Agaricomycetes	Agaricales	Typhulaceae	Typhula	Typhula culmigena	2539023	species	Typhula culmigena	(Mont. & Fr.) Berthier		
Typhula erumpens	Corner	DD	Fungi	Basidiomycota	Agaricomycetes	Agaricales	Typhulaceae	Typhula	Typhula erumpens	2539074	species	Typhula erumpens	Corner		
Typhula erythropus	Pers.:Fr.	LC	Fungi	Basidiomycota	Agaricomycetes	Agaricales	Typhulaceae	Typhula	Typhula erythropus	2539106	species	Typhula erythropus	(Pers.) Fr.		
Typhula graminum	P. Karst.	DD	Fungi	Basidiomycota	Agaricomycetes	Agaricales	Typhulaceae	Typhula	Typhula graminum	2539111	species	Typhula graminum	P.Karst.		
Typhula gyrans	Fr.	DD	Fungi	Basidiomycota	Agaricomycetes	Agaricales	Typhulaceae	Typhula	Typhula setipes	2539047	species	Typhula setipes	(Grev.) Berthier		
Typhula lutescens	Boud.	DD	Fungi	Basidiomycota	Agaricomycetes	Agaricales	Typhulaceae	Typhula	Typhula lutescens	2539037	species	Typhula lutescens	Boud.		
Typhula micans	(Fr.) Berthier	DD	Fungi	Basidiomycota	Agaricomycetes	Agaricales	Typhulaceae	Typhula	Typhula micans	8765219	species	Typhula micans	(Pers.) Berthier		
Typhula phacorrhiza	Fr.	LC	Fungi	Basidiomycota	Agaricomycetes	Agaricales	Typhulaceae	Macrotyphula	Macrotyphula phacorrhiza	12183606	species	Macrotyphula phacorrhiza	(Reichard) Olariaga, Huhtinen, Læssøe, J.H.Petersen & K.Hansen		
Typhula piceicola	Berthier	DD	Fungi	Basidiomycota	Agaricomycetes	Agaricales	Typhulaceae	Typhula	Typhula piceicola	2539087	species	Typhula piceicola	Berthier		
Typhula quisquiliaris	(Fr.ex Fr.) Henn.	LC	Fungi	Basidiomycota	Agaricomycetes	Agaricales	Typhulaceae	Typhula	Typhula quisquiliaris	2539057	species	Typhula quisquiliaris	(Fr.) Henn.		
Typhula sclerotioides	(Pers.) Fr.	LC	Fungi	Basidiomycota	Agaricomycetes	Agaricales	Typhulaceae	Typhula	Typhula sclerotioides	2539056	species	Typhula sclerotioides	(Pers.) Fr.		
Typhula setipes	(Greville) Berthier	LC	Fungi	Basidiomycota	Agaricomycetes	Agaricales	Typhulaceae	Typhula	Typhula setipes	2539047	species	Typhula setipes	(Grev.) Berthier		
Typhula trifolii	Rostr.	DD	Fungi	Basidiomycota	Agaricomycetes	Agaricales	Typhulaceae	Typhula	Typhula trifolii	2539132	species	Typhula trifolii	Rostr.		
Typhula uncialis	(Grev.) Berthier	LC	Fungi	Basidiomycota	Agaricomycetes	Agaricales	Typhulaceae	Typhula	Typhula uncialis	2539067	species	Typhula uncialis	(Grev.) Berthier		
Typhula variabilis	Riess	DD	Fungi	Basidiomycota	Agaricomycetes	Agaricales	Typhulaceae	Typhula	Typhula variabilis	2538993	species	Typhula variabilis	Riess		
Tyromyces chioneus	(Fr.:Fr.) P. Karst.	EN	Fungi	Basidiomycota	Agaricomycetes	Polyporales	Incrustoporiaceae	Tyromyces	Tyromyces chioneus	2548515	species	Tyromyces chioneus	(Fr.) P.Karst.		
Tyromyces floriformis	(Quél.) Bondartsev & Singer	EN	Fungi	Basidiomycota	Agaricomycetes	Polyporales	Dacryobolaceae	Spongiporus	Spongiporus floriformis	10874222	species	Spongiporus floriformis	(Quél.) Zmitr.		
Tyromyces kmetii	(Bres.) Bond. et Singer	DD	Fungi	Basidiomycota	Agaricomycetes	Polyporales	Incrustoporiaceae	Tyromyces	Tyromyces kmetii	2548437	species	Tyromyces kmetii	(Bres.) Bondartsev & Singer		author_mismatch
Unguicularia incarnatina	(Quel.) Nannf.	DD	Fungi	Ascomycota	Leotiomycetes	Helotiales	Hyaloscyphaceae	Unguiculella	Unguiculella incarnatina	10832658	species	Unguiculella incarnatina	(Quél.) Baral		
Unguiculella eurotioides	(Karst.) Nannf.	DD	Fungi	Ascomycota	Leotiomycetes	Helotiales	Hyaloscyphaceae	Unguiculella	Unguiculella eurotioides	2585637	species	Unguiculella eurotioides	(P.Karst.) Nannf.		
Urceolella carestiana	(Rabh.) Dennis	LC	Fungi	Ascomycota	Leotiomycetes	Helotiales	Hyaloscyphaceae	Unguicularia	Unguicularia carestiana	2586352	species	Unguicularia carestiana	(Rabenh.) Höhn.		
Urceolella crispula	(Karst.) Boud.	LC	Fungi	Ascomycota	Leotiomycetes	Helotiales	Hyaloscyphaceae	Urceolella	Urceolella crispula	2586531	species	Urceolella crispula	(P.Karst.) Boud.		
Urceolella hamulata	(Rehm) Korf et Kohn	DD	Fungi	Ascomycota	Leotiomycetes	Helotiales	Calloriaceae	Hyalacrotes	Hyalacrotes hamulata	2586712	species	Hyalacrotes hamulata	(Rehm) Raitv.		
Urceolella tetraspora	(Rehm) E. Mueller	DD	Fungi	Ascomycota	Leotiomycetes	Helotiales	Hyaloscyphaceae	Urceolella	Urceolella tetraspora	3489333	species	Urceolella tetraspora	(Rehm) E.Müll.		
Urceolella winteriana	(Rehm) Dennis	DD	Fungi	Ascomycota	Leotiomycetes	Helotiales	Hyaloscyphaceae	Hyalopeziza	Hyalopeziza winteriana	3489488	species	Hyalopeziza winteriana	(Rehm) Raitv.		
Urnula craterium	(Schwein.) Fr.	CR	Fungi	Ascomycota	Pezizomycetes	Pezizales	Sarcosomataceae	Urnula	Urnula craterium	7643901	species	Urnula craterium	(Schwein.) Fr.		
Ustulina deusta	(Hoffm.) Lind	LC	Fungi	Ascomycota	Sordariomycetes	Xylariales	Xylariaceae	Kretzschmaria	Kretzschmaria deusta	2577023	species	Kretzschmaria deusta	(Hoffm.) P.M.D.Martin		
Uthatobasidium fusisporum	(Schroet.) Donk	NT	Fungi	Basidiomycota	Agaricomycetes	Cantharellales	Ceratobasidiaceae	Rhizoctonia	Rhizoctonia fusispora	7653735	species	Rhizoctonia fusispora	(J.Schröt.) Oberw., R.Bauer, Garnica & R.Kirschner		
Vararia gallica	(Bourdot et Galzin) Boidin	DD	Fungi	Basidiomycota	Agaricomycetes	Russulales	Peniophoraceae	Vararia	Vararia gallica	2552768	species	Vararia gallica	(Bourdot & Galzin) Boidin		
Vararia ochroleuca	(Bourdot et Galzin) Donk	DD	Fungi	Basidiomycota	Agaricomycetes	Russulales	Peniophoraceae	Vararia	Vararia ochroleuca	2552738	species	Vararia ochroleuca	(Bourdot & Galzin) Donk		
Vascellum pratense	(Pers.ex Pers.) Kreisel	LC	Fungi	Basidiomycota	Agaricomycetes	Agaricales	Lycoperdaceae	Lycoperdon	Lycoperdon pratense	5243244	species	Lycoperdon pratense	Pers.		
Veluticeps abietina	(Pers.:Fr.) Hjortstam et Telleria	NT	Fungi	Basidiomycota	Agaricomycetes	Gloeophyllales	Gloeophyllaceae	Veluticeps	Veluticeps abietina	2553494	species	Veluticeps abietina	(Pers.) Hjortstam & Tellería		
Veluticeps ambigua	(Peck) Hjortstam et Telleria	DD	Fungi	Basidiomycota	Agaricomycetes	Gloeophyllales	Gloeophyllaceae	Veluticeps	Veluticeps ambigua	2553530	species	Veluticeps ambigua	(Peck) Hjortstam & Tellería		
Verpa bohemica	(Krombholz) Schroeter	VU	Fungi	Ascomycota	Pezizomycetes	Pezizales	Morchellaceae	Verpa	Verpa bohemica	5259057	species	Verpa bohemica	(Krombh.) J.Schröt.		
Verpa conica	(Timm: Fr.) Swartz	NT	Fungi	Ascomycota	Pezizomycetes	Pezizales	Morchellaceae	Verpa	Verpa conica	5499531	species	Verpa conica	(O.F.Müll.) Sw.		
Verpatinia spiraeicola	Dennis	DD	Fungi	Ascomycota	Leotiomycetes	Helotiales	Sclerotiniaceae	Scleromitrula	Scleromitrula spiraeicola	2580394	species	Scleromitrula spiraeicola	(Dennis) T.Schumach. & Holst-Jensen		
Vibrissea decolorans	(Sautt.) Sanchez et Korf	LC	Fungi	Ascomycota	Leotiomycetes	Helotiales	Vibrisseaceae	Vibrissea	Vibrissea decolorans	2581352	species	Vibrissea decolorans	(Saut.) A.Sánchez & Korf		
Vibrissea filisporia	(Karst.) Sanchez	LC	Fungi	Ascomycota	Leotiomycetes	Helotiales	Vibrisseaceae	Vibrissea	Vibrissea filisporia	3484889	species	Vibrissea filisporia	(Bonord.) Korf & A.Sánchez		
Vibrissea flavovirens	(Pers.) Korf et Dixon	DD	Fungi	Ascomycota	Leotiomycetes	Helotiales	Vibrisseaceae	Vibrissea	Vibrissea flavovirens	9227603	species	Vibrissea flavovirens	(Pers.) Korf & J.R.Dixon		
Vibrissea truncorum	Fr.	LC	Fungi	Ascomycota	Leotiomycetes	Helotiales	Vibrisseaceae	Vibrissea	Vibrissea truncorum	2581365	species	Vibrissea truncorum	(Alb. & Schwein.) Fr.		
Volvariella bombycina	(Pers.:Fr.) Singer	EN	Fungi	Basidiomycota	Agaricomycetes	Agaricales	Pluteaceae	Volvariella	Volvariella bombycina	5241399	species	Volvariella bombycina	(Schaeff.) Singer		
Volvariella caesiotincta	P.D. Orton	VU	Fungi	Basidiomycota	Agaricomycetes	Agaricales	Pluteaceae	Volvariella	Volvariella caesiotincta	5241397	species	Volvariella caesiotincta	P.D.Orton		
Volvariella cinerascens	(Bres.) M.M. Moser	DD	Fungi	Basidiomycota	Agaricomycetes	Agaricales	Pluteaceae	Volvariella	Volvariella cinerascens	5449551	species	Volvariella cinerascens	(Bres.) M.M.Moser		
Volvariella fuscidula	(Bres.) M.M. Moser	DD	Fungi	Basidiomycota	Agaricomycetes	Agaricales	Pluteaceae	Volvariella	Volvariella fuscidula	7562817	species	Volvariella fuscidula	(Bres.) M.M.Moser ex Shaffer		
Volvariella gloiocephala	(DC.: Fr.) Boekh. et Enderle	LC	Fungi	Basidiomycota	Agaricomycetes	Agaricales	Pluteaceae	Volvopluteus	Volvopluteus gloiocephalus	8329645	species	Volvopluteus gloiocephalus	(DC.) Vizzini, Contu & Justo		
Volvariella hypopithys	(Fr.ex Karst.) Moser	LC	Fungi	Basidiomycota	Agaricomycetes	Agaricales	Pluteaceae	Volvariella	Volvariella hypopithys	5241451	species	Volvariella hypopithys	(Fr.) Shaffer		
Volvariella murinella	(Quel.) Moser	LC	Fungi	Basidiomycota	Agaricomycetes	Agaricales	Pluteaceae	Volvariella	Volvariella murinella	7729642	species	Volvariella murinella	(Quél.) M.M.Moser ex Dennis, P.D.Orton & Hora		
Volvariella pusilla	(Pers.:Fr.) Singer	LC	Fungi	Basidiomycota	Agaricomycetes	Agaricales	Pluteaceae	Volvariella	Volvariella pusilla	9162314	species	Volvariella pusilla	(Pers.) Singer		
Volvariella surrecta	(Knapp) Singer	NT	Fungi	Basidiomycota	Agaricomycetes	Agaricales	Pluteaceae	Volvariella	Volvariella surrecta	5241407	species	Volvariella surrecta	(Knapp) Singer		
Volvariella taylorii	(Berk. & Broome) Singer	VU	Fungi	Basidiomycota	Agaricomycetes	Agaricales	Pluteaceae	Volvariella	Volvariella taylorii	5241413	species	Volvariella taylorii	(Berk. & Broome) Singer		
Volvariella volvacea	(Bull.ex Fr.) Singer	LC	Fungi	Basidiomycota	Agaricomycetes	Agaricales	Pluteaceae	Volvariella	Volvariella volvacea	5241445	species	Volvariella volvacea	(Bull.) Singer		
Vuilleminia alni	Boidin, Lanq. et Gilles	LC	Fungi	Basidiomycota	Agaricomycetes	Corticiales	Vuilleminiaceae	Vuilleminia	Vuilleminia alni	2555652	species	Vuilleminia alni	Boidin, Lanq. & Gilles		
Vuilleminia comedens	(Nees:Fr.) Maire	LC	Fungi	Basidiomycota	Agaricomycetes	Corticiales	Vuilleminiaceae	Vuilleminia	Vuilleminia comedens	2555667	species	Vuilleminia comedens	(Nees) Maire		
Vuilleminia coryli	Boidin, Lanq. et Gilles	LC	Fungi	Basidiomycota	Agaricomycetes	Corticiales	Vuilleminiaceae	Vuilleminia	Vuilleminia coryli	2555665	species	Vuilleminia coryli	Boidin, Lanq. & Gilles		
Vuilleminia cystidiata	Parmasto	DD	Fungi	Basidiomycota	Agaricomycetes	Corticiales	Vuilleminiaceae	Vuilleminia	Vuilleminia cystidiata	2555687	species	Vuilleminia cystidiata	Parmasto		
Vuilleminia macrospora	(Bres.) Hjortstam	DD	Fungi	Basidiomycota	Agaricomycetes	Corticiales	Vuilleminiaceae	Vuilleminia	Vuilleminia macrospora	2555656	species	Vuilleminia macrospora	(Bres.) Hjortstam		
Vuilleminia megalospora	Bres.	DD	Fungi	Basidiomycota	Agaricomycetes	Corticiales	Vuilleminiaceae	Vuilleminia	Vuilleminia megalospora	2555684	species	Vuilleminia megalospora	Bres.		
Woldmaria crocea	(Karst.) W.B.Cooke	DD	Fungi	Basidiomycota	Agaricomycetes	Agaricales	Niaceae	Woldmaria	Woldmaria filicina	2530451	species	Woldmaria filicina	(Peck) Knudsen		
Wolfiporia extensa	(Peck) Ginns	DD	Fungi	Basidiomycota	Agaricomycetes	Polyporales	Fomitopsidaceae	Wolfiporia	Wolfiporia extensa	2549299	species	Wolfiporia extensa	(Peck) Ginns		
Xenasma praeteritum	(Jacks.) Donk	DD	Fungi	Basidiomycota	Agaricomycetes	Russulales	Xenasmataceae	Xenasma	Xenasma praeteritum	2549478	species	Xenasma praeteritum	(H.S.Jacks.) Donk		
Xenasma pruinosum	(Pat.) Donk	EN	Fungi	Basidiomycota	Agaricomycetes	Russulales	Xenasmataceae	Xenasma	Xenasma pruinosum	2549462	species	Xenasma pruinosum	(Pat.) Donk		
Xenasma pulverulentum	(Litsch.) Donk	VU	Fungi	Basidiomycota	Agaricomycetes	Russulales	Xenasmataceae	Xenasma	Xenasma pulverulentum	2549475	species	Xenasma pulverulentum	(H.S.Jacks.) Donk		
Xenasma rimicola	(P. Karst.) Donk	DD	Fungi	Basidiomycota	Agaricomycetes	Russulales	Xenasmataceae	Xenasma	Xenasma rimicola	2549456	species	Xenasma rimicola	(P.Karst.) Donk		
Xerocomellus chrysenteron	(Bull.) Šutara	LC	Fungi	Basidiomycota	Agaricomycetes	Boletales	Boletaceae	Xerocomellus	Xerocomellus chrysenteron	2519413	species	Xerocomellus chrysenteron	(Bull.) Šutara		
Xerocomellus porosporus	(Imler ex Bon & G. Moreno) Šutara	VU	Fungi	Basidiomycota	Agaricomycetes	Boletales	Boletaceae	Xerocomellus	Xerocomellus porosporus	2519577	species	Xerocomellus porosporus	(Imler ex Watling) Šutara		
Xerocomellus pruinatus	(Fr. & Hök) Šutara	LC	Fungi	Basidiomycota	Agaricomycetes	Boletales	Boletaceae	Xerocomellus	Xerocomellus pruinatus	2519584	species	Xerocomellus pruinatus	(Fr.) Šutara		
Xerocomus badiorufus	(Heim) Bon	DD	Fungi	Basidiomycota	Agaricomycetes	Boletales	Boletaceae	Xerocomus	Xerocomus badiorufus	3282259	species	Xerocomus badiorufus	(R.Heim) Bon		
Xerocomus ferrugineus	(Schaefff.) Bon	LC	Fungi	Basidiomycota	Agaricomycetes	Boletales	Boletaceae	Xerocomus	Xerocomus ferrugineus	7816100	species	Xerocomus ferrugineus	(Schaeff.) Alessio		
Xerocomus leonis	Reid	DD	Fungi	Basidiomycota	Agaricomycetes	Boletales	Boletaceae	Aureoboletus	Aureoboletus moravicus	8163051	species	Aureoboletus moravicus	(Vacek) Klofac		author_mismatch
Xerocomus subtomentosus	(L.:Fr.) Quel.	LC	Fungi	Basidiomycota	Agaricomycetes	Boletales	Boletaceae	Xerocomus	Xerocomus subtomentosus	2519457	species	Xerocomus subtomentosus	(L.) Quél.		
Xerocomus truncatus	(Singer, Snell & E.A. Dick) Pouzar	DD	Fungi	Basidiomycota	Agaricomycetes	Boletales	Boletaceae	Xerocomellus	Xerocomellus truncatus	7885351	species	Xerocomellus truncatus	(Singer, Snell & E.A.Dick) Klofac		author_mismatch
Xerocomus tumidus	(Fr.) Gillet	DD	Fungi	Basidiomycota	Agaricomycetes	Boletales	Boletaceae	Xerocomus	Xerocomus tumidus	8031535	species	Xerocomus tumidus	(Fr.) E.-J.Gilbert		
Xeromphalina campanella	(Batsch: Fr.) Maire	LC	Fungi	Basidiomycota	Agaricomycetes	Agaricales	Mycenaceae	Xeromphalina	Xeromphalina campanella	2527302	species	Xeromphalina campanella	(Batsch) Kühner & Maire		
Xeromphalina cauticinalis	(With.:Fr.) Kuehn. et Mre.	LC	Fungi	Basidiomycota	Agaricomycetes	Agaricales	Mycenaceae	Xeromphalina	Xeromphalina cauticinalis	8655572	species	Xeromphalina cauticinalis	(Fr.) Kühner & Maire		author_mismatch
Xeromphalina cornui	(Quel.) Favre	DD	Fungi	Basidiomycota	Agaricomycetes	Agaricales	Mycenaceae	Xeromphalina	Xeromphalina cornui	2527313	species	Xeromphalina cornui	(Quél.) J.Favre		
Xerula pudens	(Pers.) Singer	LC	Fungi	Basidiomycota	Agaricomycetes	Agaricales	Physalacriaceae	Xerula	Xerula pudens	2536820	species	Xerula pudens	(Pers.) Singer		
Xylaria carpophila	(Pers.) Fr.	LC	Fungi	Ascomycota	Sordariomycetes	Xylariales	Xylariaceae	Xylaria	Xylaria carpophila	5255129	species	Xylaria carpophila	(Pers.) Fr.		
Xylaria filiformis	(Alb. et Schwein.: Fr.) Fr.	VU	Fungi	Ascomycota	Sordariomycetes	Xylariales	Xylariaceae	Xylaria	Xylaria filiformis	5255152	species	Xylaria filiformis	(Alb. & Schwein.) Fr.		
Xylaria hypoxylon	(L.ex Hooker) Grev.	LC	Fungi	Ascomycota	Sordariomycetes	Xylariales	Xylariaceae	Xylaria	Xylaria hypoxylon	5255147	species	Xylaria hypoxylon	(L.) Grev.		
Xylaria longipes	(Nitschke) Dennis	LC	Fungi	Ascomycota	Sordariomycetes	Xylariales	Xylariaceae	Xylaria	Xylaria longipes	5255093	species	Xylaria longipes	Nitschke		author_mismatch
Xylaria polymorpha	(Pers.ex Mer.) Grev.	LC	Fungi	Ascomycota	Sordariomycetes	Xylariales	Xylariaceae	Xylaria	Xylaria polymorpha	8956209	species	Xylaria polymorpha	(Pers.) Grev.		
Xylobolus frustulatus	(Pers.:Fr.) P. Karst.	VU	Fungi	Basidiomycota	Agaricomycetes	Russulales	Stereaceae	Xylobolus	Xylobolus frustulatus	7819032	species	Xylobolus frustulatus	(Pers.) P.Karst.		
Xylodon asperus	(Fr.) Hjortstam & Ryvarden	LC	Fungi	Basidiomycota	Agaricomycetes	Hymenochaetales	Schizoporaceae	Xylodon	Xylodon asper	7529386	species	Xylodon asper	(Fr.) Hjortstam & Ryvarden		
Xylodon brevisetus	(P. Karst.) Hjortstam & Ryvarden	LC	Fungi	Basidiomycota	Agaricomycetes	Hymenochaetales	Schizoporaceae	Xylodon	Xylodon brevisetus	3360884	species	Xylodon brevisetus	(P.Karst.) Hjortstam & Ryvarden		
Xylodon detriticus	(Bourdot) K.H. Larss., Viner & Spirin	VU	Fungi	Basidiomycota	Agaricomycetes	Hymenochaetales	Schizoporaceae	Xylodon	Xylodon detriticus	8264286	species	Xylodon detriticus	(Bourdot) K.H.Larss., Viner & Spirin		
Xylodon juniperi	(Bourdot & Galzin) Hjortstam & Ryvarden	DD	Fungi	Basidiomycota	Agaricomycetes	Corticiales	Corticiaceae	Lyomyces	Lyomyces juniperi	9359867	species	Lyomyces juniperi	(Bourdot & Galzin) Riebesehl & Langer		
Xylodon nespori	(Bres.) Hjortstam & Ryvarden	LC	Fungi	Basidiomycota	Agaricomycetes	Hymenochaetales	Schizoporaceae	Xylodon	Xylodon nesporii	3360896	species	Xylodon nesporii	(Bres.) Hjortstam & Ryvarden		similar_found
Xylodon nudisetus	(Warcup & P.H.B. Talbot) Hjortstam & Ryvarden	DD	Fungi	Basidiomycota	Agaricomycetes	Hymenochaetales	Schizoporaceae	Xylodon	Xylodon nudisetus	3360946	species	Xylodon nudisetus	(Warcup & P.H.B.Talbot) Hjortstam & Ryvarden		
Xylodon papillosus	(Fr.) Riebesehl, Yurchenko & Langer	DD	Fungi	Basidiomycota	Agaricomycetes	Hymenochaetales	Schizoporaceae	Xylodon	Xylodon papillosus	9744277	species	Xylodon papillosus	(Fr.) Riebesehl, Yurch. & Langer		
Xylodon rimosissimus	(Peck) Hjortstam & Ryvarden	NT	Fungi	Basidiomycota	Agaricomycetes	Hymenochaetales	Schizoporaceae	Xylodon	Xylodon rimosissimus	3360895	species	Xylodon rimosissimus	(Peck) Hjortstam & Ryvarden		
Xylodon sambuci	(Pers.) Ţura, Zmitr., Wasser & Spirin	LC	Fungi	Basidiomycota	Agaricomycetes	Corticiales	Corticiaceae	Lyomyces	Lyomyces sambuci	5237531	species	Lyomyces sambuci	(Pers.) P.Karst.		
Xylodon spathulatus	(Schrad.) Kuntze	VU	Fungi	Basidiomycota	Agaricomycetes	Hymenochaetales	Hyphodontiaceae	Hyphodontia	Hyphodontia spathulata	2518983	species	Hyphodontia spathulata	(Schrad.) Parmasto		
Xylographa parallela	(Ach.) Fr.	DD	Fungi	Ascomycota	Lecanoromycetes	Baeomycetales	Xylographaceae	Xylographa	Xylographa parallela	7902131	species	Xylographa parallela	(Ach.) Fr.		
