taxonKey	scientificName	acceptedTaxonKey	acceptedScientificName	numberOfOccurrences	taxonRank	taxonomicStatus	kingdom	kingdomKey	phylum	phylumKey	class	classKey	order	orderKey	family	familyKey	genus	genusKey	species	speciesKey	iucnRedListCategory
359	Mammalia	359	Mammalia	8	CLASS	ACCEPTED	Animalia	1	Chordata	44	Mammalia	359									NE
2492478	Cercotrichas galactotes (Temminck, 1820)	5788860	Erythropygia galactotes (Temminck, 1820)	16	SPECIES	SYNONYM	Animalia	1	Chordata	44	Aves	212	Passeriformes	729	Muscicapidae	9322	Erythropygia	4845640	Erythropygia galactotes	5788860	LC
5212973	Anguilla anguilla (Linnaeus, 1758)	5212973	Anguilla anguilla (Linnaeus, 1758)	1130	SPECIES	ACCEPTED	Animalia	1	Chordata	44			Anguilliformes	495	Anguillidae	2949	Anguilla	2403092	Anguilla anguilla	5212973	CR
7192414	Larus michahellis michahellis	7192414	Larus michahellis michahellis	16	SUBSPECIES	ACCEPTED	Animalia	1	Chordata	44	Aves	212	Charadriiformes	7192402	Laridae	9316	Larus	2481126	Larus michahellis	9413670	
9796816	Miniopterus schreibersii (Kuhl, 1817)	9796816	Miniopterus schreibersii (Kuhl, 1817)	749	SPECIES	ACCEPTED	Animalia	1	Chordata	44	Mammalia	359	Chiroptera	734	Miniopteridae	7456382	Miniopterus	2432501	Miniopterus schreibersii	9796816	VU
2479593	Nestor notabilis Gould, 1856	2479593	Nestor notabilis Gould, 1856	1	SPECIES	ACCEPTED	Animalia	1	Chordata	44	Aves	212	Psittaciformes	1445	Psittacidae	9340	Nestor	9536524	Nestor notabilis	2479593	EN
4286327	Gasterosteus aculeatus Linnaeus, 1758	4286327	Gasterosteus aculeatus Linnaeus, 1758	50	SPECIES	ACCEPTED	Animalia	1	Chordata	44			Gasterosteiformes	550	Gasterosteidae	7666	Gasterosteus	2333602	Gasterosteus aculeatus	4286327	LC
5229165	Aegypius monachus (Linnaeus, 1766)	5229165	Aegypius monachus (Linnaeus, 1766)	80	SPECIES	ACCEPTED	Animalia	1	Chordata	44	Aves	212	Accipitriformes	7191147	Accipitridae	2877	Aegypius	2480441	Aegypius monachus	5229165	NT
5231233	Oenanthe pleschanka (Lepechin, 1770)	5231233	Oenanthe pleschanka (Lepechin, 1770)	15	SPECIES	ACCEPTED	Animalia	1	Chordata	44	Aves	212	Passeriformes	729	Muscicapidae	9322	Oenanthe	2492483	Oenanthe pleschanka	5231233	LC
5846430	Leucophaeus pipixcan (Wagler, 1831)	5846430	Leucophaeus pipixcan (Wagler, 1831)	29	SPECIES	ACCEPTED	Animalia	1	Chordata	44	Aves	212	Charadriiformes	7192402	Laridae	9316	Leucophaeus	4352369	Leucophaeus pipixcan	5846430	NE
7061258	Cuculus canorus canorus	7061258	Cuculus canorus canorus	1	SUBSPECIES	ACCEPTED	Animalia	1	Chordata	44	Aves	212	Cuculiformes	1492	Cuculidae	9309	Cuculus	2336662	Cuculus canorus	5231918	
8379871	Tetrao tetrix Linnaeus, 1758	7191070	Lyrurus tetrix tetrix	122	SPECIES	SYNONYM	Animalia	1	Chordata	44	Aves	212	Galliformes	723	Phasianidae	9331	Lyrurus	8692256	Lyrurus tetrix	2473682	LC
2479686	Trichoglossus haematodus (Linnaeus, 1771)	2479686	Trichoglossus haematodus (Linnaeus, 1771)	1	SPECIES	ACCEPTED	Animalia	1	Chordata	44	Aves	212	Psittaciformes	1445	Psittacidae	9340	Trichoglossus	2479670	Trichoglossus haematodus	2479686	LC
6169666	Salmo trutta fario Linnaeus, 1758	8215487	Salmo trutta Linnaeus, 1758	14	SUBSPECIES	SYNONYM	Animalia	1	Chordata	44			Salmoniformes	1313	Salmonidae	8615	Salmo	2347608	Salmo trutta	8215487	
2402203	Acipenser sturio Linnaeus, 1758	2402203	Acipenser sturio Linnaeus, 1758	2	SPECIES	ACCEPTED	Animalia	1	Chordata	44			Acipenseriformes	1103	Acipenseridae	2947	Acipenser	2340025	Acipenser sturio	2402203	CR
2481930	Cathartes aura (Linnaeus, 1758)	2481930	Cathartes aura (Linnaeus, 1758)	1	SPECIES	ACCEPTED	Animalia	1	Chordata	44	Aves	212	Accipitriformes	7191147	Cathartidae	3242141	Cathartes	2481927	Cathartes aura	2481930	LC
7190969	Ardea alba alba	7190969	Ardea alba alba	6	SUBSPECIES	ACCEPTED	Animalia	1	Chordata	44	Aves	212	Pelecaniformes	7190953	Ardeidae	3685	Ardea	2480922	Ardea alba	9752617	
9752149	Phasianus colchicus Linnaeus, 1758	9752149	Phasianus colchicus Linnaeus, 1758	1126	SPECIES	ACCEPTED	Animalia	1	Chordata	44	Aves	212	Galliformes	723	Phasianidae	9331	Phasianus	2473738	Phasianus colchicus	9752149	LC
2486132	Pycnonotus leucotis (Gould, 1836)	2486132	Pycnonotus leucotis (Gould, 1836)	2	SPECIES	ACCEPTED	Animalia	1	Chordata	44	Aves	212	Passeriformes	729	Pycnonotidae	5277	Pycnonotus	2486114	Pycnonotus leucotis	2486132	LC
5227692	Lagopus muta helvetica (Thienemann, 1829)	5227692	Lagopus muta helvetica (Thienemann, 1829)	11	SUBSPECIES	ACCEPTED	Animalia	1	Chordata	44	Aves	212	Galliformes	723	Phasianidae	9331	Lagopus	2473369	Lagopus muta	5227679	
5230782	Hirundo daurica Linnaeus, 1771	9717283	Cecropis daurica (Laxmann, 1769)	15	SPECIES	SYNONYM	Animalia	1	Chordata	44	Aves	212	Passeriformes	729	Hirundinidae	5248	Cecropis	6085729	Cecropis daurica	9717283	NE
7341246	Luscinia megarhynchos megarhynchos	7341246	Luscinia megarhynchos megarhynchos	7	SUBSPECIES	ACCEPTED	Animalia	1	Chordata	44	Aves	212	Passeriformes	729	Muscicapidae	9322	Luscinia	5429330	Luscinia megarhynchos	7660710	
7788295	Haematopus ostralegus Linnaeus, 1758	7788295	Haematopus ostralegus Linnaeus, 1758	242	SPECIES	ACCEPTED	Animalia	1	Chordata	44	Aves	212	Charadriiformes	7192402	Haematopodidae	4287243	Haematopus	2480260	Haematopus ostralegus	7788295	NT
2440958	Cervus elaphus Linnaeus, 1758	2440958	Cervus elaphus Linnaeus, 1758	7513	SPECIES	ACCEPTED	Animalia	1	Chordata	44	Mammalia	359	Artiodactyla	731	Cervidae	5298	Cervus	2440948	Cervus elaphus	2440958	LC
2493112	Acrocephalus J.A.Naumann & J.F.Naumann, 1811	2493112	Acrocephalus J.A.Naumann & J.F.Naumann, 1811	1	GENUS	ACCEPTED	Animalia	1	Chordata	44	Aves	212	Passeriformes	729	Acrocephalidae	6101019	Acrocephalus	2493112			NE
4409628	Gobio gobio (Linnaeus, 1758)	4409628	Gobio gobio (Linnaeus, 1758)	2309	SPECIES	ACCEPTED	Animalia	1	Chordata	44			Cypriniformes	1153	Cyprinidae	7336	Gobio	3241110	Gobio gobio	4409628	LC
5232431	Polysticta stelleri (Pallas, 1769)	5232431	Polysticta stelleri (Pallas, 1769)	15	SPECIES	ACCEPTED	Animalia	1	Chordata	44	Aves	212	Anseriformes	1108	Anatidae	2986	Polysticta	2498043	Polysticta stelleri	5232431	VU
2473663	Tetrastes bonasia (Linnaeus, 1758)	2473663	Tetrastes bonasia (Linnaeus, 1758)	9	SPECIES	ACCEPTED	Animalia	1	Chordata	44	Aves	212	Galliformes	723	Phasianidae	9331	Tetrastes	2473658	Tetrastes bonasia	2473663	NE
2480685	Hieraaetus pennatus (Gmelin, 1788)	2480685	Hieraaetus pennatus (Gmelin, 1788)	48	SPECIES	ACCEPTED	Animalia	1	Chordata	44	Aves	212	Accipitriformes	7191147	Accipitridae	2877	Hieraaetus	2480683	Hieraaetus pennatus	2480685	LC
5789279	Sternula albifrons (Pallas, 1764)	5789279	Sternula albifrons (Pallas, 1764)	54	SPECIES	ACCEPTED	Animalia	1	Chordata	44	Aves	212	Charadriiformes	7192402	Laridae	9316	Sternula	4849628	Sternula albifrons	5789279	LC
6159223	Lacerta agilis Linnaeus, 1758	6159223	Lacerta agilis Linnaeus, 1758	8946	SPECIES	ACCEPTED	Animalia	1	Chordata	44	Squamata	11592253			Lacertidae	5201	Lacerta	2469780	Lacerta agilis	6159223	LC
6178406	Anas crecca carolinensis J.F.Gmelin, 1789	2498125	Anas carolinensis J.F.Gmelin, 1789	2	SUBSPECIES	SYNONYM	Animalia	1	Chordata	44	Aves	212	Anseriformes	1108	Anatidae	2986	Anas	2498056	Anas carolinensis	2498125	
2440954	Cervus nippon Temminck, 1838	2440954	Cervus nippon Temminck, 1838	41	SPECIES	ACCEPTED	Animalia	1	Chordata	44	Mammalia	359	Artiodactyla	731	Cervidae	5298	Cervus	2440948	Cervus nippon	2440954	LC
7342076	Sylvia borin borin	7342076	Sylvia borin borin	13	SUBSPECIES	ACCEPTED	Animalia	1	Chordata	44	Aves	212	Passeriformes	729	Sylviidae	5285	Sylvia	2492941	Sylvia borin	2492942	
9272607	Hydrobates castro (Harcourt, 1851)	2482001	Oceanodroma castro (Harcourt, 1851)	1	SPECIES	SYNONYM	Animalia	1	Chordata	44	Aves	212	Procellariiformes	7192755	Hydrobatidae	5249	Oceanodroma	2481998	Oceanodroma castro	2482001	LC
2351259	Salvelinus umbla (Linnaeus, 1758)	2351259	Salvelinus umbla (Linnaeus, 1758)	272	SPECIES	ACCEPTED	Animalia	1	Chordata	44			Salmoniformes	1313	Salmonidae	8615	Salvelinus	2351241	Salvelinus umbla	2351259	LC
5229215	Sterna albifrons Pallas, 1764	7192406	Sternula albifrons albifrons	15	SPECIES	SYNONYM	Animalia	1	Chordata	44	Aves	212	Charadriiformes	7192402	Laridae	9316	Sternula	4849628	Sternula albifrons	5789279	LC
6065824	Chroicocephalus ridibundus (Linnaeus, 1766)	6065824	Chroicocephalus ridibundus (Linnaeus, 1766)	25468	SPECIES	ACCEPTED	Animalia	1	Chordata	44	Aves	212	Charadriiformes	7192402	Laridae	9316	Chroicocephalus	4848452	Chroicocephalus ridibundus	6065824	NE
8990910	Alauda arvensis arvensis	8990910	Alauda arvensis arvensis	4	SUBSPECIES	ACCEPTED	Animalia	1	Chordata	44	Aves	212	Passeriformes	729	Alaudidae	7211	Alauda	2490696	Alauda arvensis	8077224	
2432389	Myotis nattereri (Kuhl, 1817)	2432389	Myotis nattereri (Kuhl, 1817)	1879	SPECIES	ACCEPTED	Animalia	1	Chordata	44	Mammalia	359	Chiroptera	734	Vespertilionidae	9368	Myotis	2432384	Myotis nattereri	2432389	LC
2480420	Pernis apivorus (Linnaeus, 1758)	2480420	Pernis apivorus (Linnaeus, 1758)	3116	SPECIES	ACCEPTED	Animalia	1	Chordata	44	Aves	212	Accipitriformes	7191147	Accipitridae	2877	Pernis	2480419	Pernis apivorus	2480420	LC
2435687	Crocidura suaveolens (Pallas, 1811)	2435687	Crocidura suaveolens (Pallas, 1811)	179	SPECIES	ACCEPTED	Animalia	1	Chordata	44	Mammalia	359	Soricomorpha	803	Soricidae	5534	Crocidura	2435528	Crocidura suaveolens	2435687	LC
7261875	Myotis brandtii (Eversmann, 1845)	7261875	Myotis brandtii (Eversmann, 1845)	501	SPECIES	ACCEPTED	Animalia	1	Chordata	44	Mammalia	359	Chiroptera	734	Vespertilionidae	9368	Myotis	2432384	Myotis brandtii	7261875	LC
11418114	Testudines	11418114	Testudines	66	CLASS	ACCEPTED	Animalia	1	Chordata	44	Testudines	11418114									
2479977	Nymphicus hollandicus (Kerr, 1792)	2479977	Nymphicus hollandicus (Kerr, 1792)	2	SPECIES	ACCEPTED	Animalia	1	Chordata	44	Aves	212	Psittaciformes	1445	Psittacidae	9340	Nymphicus	2479976	Nymphicus hollandicus	2479977	LC
5221528	Hemidactylus turcicus (Linnaeus, 1758)	5221528	Hemidactylus turcicus (Linnaeus, 1758)	2	SPECIES	ACCEPTED	Animalia	1	Chordata	44	Squamata	11592253			Gekkonidae	5666	Hemidactylus	5221394	Hemidactylus turcicus	5221528	LC
5228829	Dryocopus martius martius	5228829	Dryocopus martius martius	1	SUBSPECIES	ACCEPTED	Animalia	1	Chordata	44	Aves	212	Piciformes	724	Picidae	9333	Dryocopus	2477865	Dryocopus martius	2477872	
7341198	Montifringilla nivalis nivalis	7341198	Montifringilla nivalis nivalis	7	SUBSPECIES	ACCEPTED	Animalia	1	Chordata	44	Aves	212	Passeriformes	729	Passeridae	5264	Montifringilla	2492365	Montifringilla nivalis	2492371	
2360181	Aspius aspius (Linnaeus, 1758)	5851603	Leuciscus aspius (Linnaeus, 1758)	15	SPECIES	SYNONYM	Animalia	1	Chordata	44			Cypriniformes	1153	Cyprinidae	7336	Leuciscus	3241445	Leuciscus aspius	5851603	LC
2441502	Testudo marginata Schoepff, 1792	2441502	Testudo marginata Schoepff, 1792	1	SPECIES	ACCEPTED	Animalia	1	Chordata	44	Testudines	11418114			Testudinidae	9618	Testudo	2441658	Testudo marginata	2441502	LC
2480766	Threskiornis spinicollis (Jameson, 1835)	2480766	Threskiornis spinicollis (Jameson, 1835)	2	SPECIES	ACCEPTED	Animalia	1	Chordata	44	Aves	212	Pelecaniformes	7190953	Threskiornithidae	5288	Threskiornis	2480763	Threskiornis spinicollis	2480766	LC
2492944	Sylvia hortensis (Gmelin, 1789)	2492944	Sylvia hortensis (Gmelin, 1789)	15	SPECIES	ACCEPTED	Animalia	1	Chordata	44	Aves	212	Passeriformes	729	Sylviidae	5285	Sylvia	2492941	Sylvia hortensis	2492944	LC
2497921	Tyto alba (Scopoli, 1769)	2497921	Tyto alba (Scopoli, 1769)	605	SPECIES	ACCEPTED	Animalia	1	Chordata	44	Aves	212	Strigiformes	1450	Tytonidae	5292	Tyto	2497905	Tyto alba	2497921	LC
2498156	Anas undulata C.F.Dubois, 1838	2498156	Anas undulata C.F.Dubois, 1838	1	SPECIES	ACCEPTED	Animalia	1	Chordata	44	Aves	212	Anseriformes	1108	Anatidae	2986	Anas	2498056	Anas undulata	2498156	LC
5229490	Pica pica (Linnaeus, 1758)	5229490	Pica pica (Linnaeus, 1758)	28705	SPECIES	ACCEPTED	Animalia	1	Chordata	44	Aves	212	Passeriformes	729	Corvidae	5235	Pica	7237083	Pica pica	5229490	LC
9457155	Gallus gallus f. domesticus	9457155	Gallus gallus f. domesticus	14	FORM	ACCEPTED	Animalia	1	Chordata	44	Aves	212	Galliformes	723	Phasianidae	9331	Gallus	2473720	Gallus gallus	9326020	
5307	Mustelidae	5307	Mustelidae	1	FAMILY	ACCEPTED	Animalia	1	Chordata	44	Mammalia	359	Carnivora	732	Mustelidae	5307					NE
2426665	Pelophylax bergeri (Günther, 1986)	2426665	Pelophylax bergeri (Günther, 1986)	1	SPECIES	ACCEPTED	Animalia	1	Chordata	44	Amphibia	131	Anura	952	Ranidae	6746	Pelophylax	2426629	Pelophylax bergeri	2426665	LC
2481621	Stercorarius parasiticus (Linnaeus, 1758)	2481621	Stercorarius parasiticus (Linnaeus, 1758)	83	SPECIES	ACCEPTED	Animalia	1	Chordata	44	Aves	212	Charadriiformes	7192402	Stercorariidae	9347	Stercorarius	2481608	Stercorarius parasiticus	2481621	LC
2492601	Ficedula albicollis (Temminck, 1815)	2492601	Ficedula albicollis (Temminck, 1815)	118	SPECIES	ACCEPTED	Animalia	1	Chordata	44	Aves	212	Passeriformes	729	Muscicapidae	9322	Ficedula	2492596	Ficedula albicollis	2492601	LC
5220136	Dama dama (Linnaeus, 1758)	5220136	Dama dama (Linnaeus, 1758)	47	SPECIES	ACCEPTED	Animalia	1	Chordata	44	Mammalia	359	Artiodactyla	731	Cervidae	5298	Dama	8397832	Dama dama	5220136	LC
7191166	Aquila chrysaetos chrysaetos	7191166	Aquila chrysaetos chrysaetos	12	SUBSPECIES	ACCEPTED	Animalia	1	Chordata	44	Aves	212	Accipitriformes	7191147	Accipitridae	2877	Aquila	2480498	Aquila chrysaetos	2480506	
7341522	Phylloscopus humei (W.E.Brooks, 1878)	7341522	Phylloscopus humei (W.E.Brooks, 1878)	16	SPECIES	ACCEPTED	Animalia	1	Chordata	44	Aves	212	Passeriformes	729	Phylloscopidae	6100963	Phylloscopus	2493047	Phylloscopus humei	7341522	LC
7373023	Oressochen jubatus (Bannister, 1870)	7373023	Oressochen jubatus (Bannister, 1870)	1	SPECIES	ACCEPTED	Animalia	1	Chordata	44	Aves	212	Anseriformes	1108	Anatidae	2986	Oressochen	4847476	Oressochen jubatus	7373023	NE
7595433	Salmo salar Linnaeus, 1758	7595433	Salmo salar Linnaeus, 1758	67	SPECIES	ACCEPTED	Animalia	1	Chordata	44			Salmoniformes	1313	Salmonidae	8615	Salmo	2347608	Salmo salar	7595433	LC
8252035	Rana dalmatina Bonaparte, 1840	8252035	Rana dalmatina Bonaparte, 1840	2974	SPECIES	DOUBTFUL	Animalia	1	Chordata	44	Amphibia	131	Anura	952	Ranidae	6746	Rana	2422253	Rana dalmatina	8252035	LC
9785084	Lacerta agilis agilis	9785084	Lacerta agilis agilis	2	SUBSPECIES	ACCEPTED	Animalia	1	Chordata	44	Squamata	11592253			Lacertidae	5201	Lacerta	2469780	Lacerta agilis	6159223	
2468993	Podarcis Wagler, 1830	2468993	Podarcis Wagler, 1830	3	GENUS	ACCEPTED	Animalia	1	Chordata	44	Squamata	11592253			Lacertidae	5201	Podarcis	2468993			NE
2492822	Cisticola juncidis (Rafinesque, 1810)	2492822	Cisticola juncidis (Rafinesque, 1810)	125	SPECIES	ACCEPTED	Animalia	1	Chordata	44	Aves	212	Passeriformes	729	Cisticolidae	9293	Cisticola	2492786	Cisticola juncidis	2492822	LC
5844942	Corvus corone corone	5844942	Corvus corone corone	15	SUBSPECIES	ACCEPTED	Animalia	1	Chordata	44	Aves	212	Passeriformes	729	Corvidae	5235	Corvus	2482468	Corvus corone	9409796	
7191113	Anas platyrhynchos platyrhynchos	7191113	Anas platyrhynchos platyrhynchos	6	SUBSPECIES	ACCEPTED	Animalia	1	Chordata	44	Aves	212	Anseriformes	1108	Anatidae	2986	Anas	2498056	Anas platyrhynchos	9761484	
7342585	Salamandra salamandra salamandra	7342585	Salamandra salamandra salamandra	8	SUBSPECIES	ACCEPTED	Animalia	1	Chordata	44	Amphibia	131	Caudata	953	Salamandridae	6750	Salamandra	8024525	Salamandra salamandra	2431776	
9702100	Zootoca vivipara (Lichtenstein, 1823)	9702100	Zootoca vivipara (Lichtenstein, 1823)	231	SPECIES	ACCEPTED	Animalia	1	Chordata	44	Squamata	11592253			Lacertidae	5201	Zootoca	2468550	Zootoca vivipara	9702100	LC
2475443	Merops apiaster Linnaeus, 1758	2475443	Merops apiaster Linnaeus, 1758	1023	SPECIES	ACCEPTED	Animalia	1	Chordata	44	Aves	212	Coraciiformes	1447	Meropidae	9320	Merops	2475391	Merops apiaster	2475443	LC
2480320	Charadrius vociferus Linnaeus, 1758	2480320	Charadrius vociferus Linnaeus, 1758	2	SPECIES	ACCEPTED	Animalia	1	Chordata	44	Aves	212	Charadriiformes	7192402	Charadriidae	2480210	Charadrius	2480277	Charadrius vociferus	2480320	LC
2481613	Stercorarius longicaudus Vieillot, 1819	2481613	Stercorarius longicaudus Vieillot, 1819	75	SPECIES	ACCEPTED	Animalia	1	Chordata	44	Aves	212	Charadriiformes	7192402	Stercorariidae	9347	Stercorarius	2481608	Stercorarius longicaudus	2481613	LC
2481909	Ciconia nigra (Linnaeus, 1758)	2481909	Ciconia nigra (Linnaeus, 1758)	279	SPECIES	ACCEPTED	Animalia	1	Chordata	44	Aves	212	Ciconiiformes	839	Ciconiidae	9289	Ciconia	2481908	Ciconia nigra	2481909	LC
2480311	Charadrius alexandrinus Linnaeus, 1758	2480311	Charadrius alexandrinus Linnaeus, 1758	15	SPECIES	ACCEPTED	Animalia	1	Chordata	44	Aves	212	Charadriiformes	7192402	Charadriidae	2480210	Charadrius	2480277	Charadrius alexandrinus	2480311	LC
2492608	Ficedula semitorquata (Homeyer, 1885)	2492608	Ficedula semitorquata (Homeyer, 1885)	16	SPECIES	ACCEPTED	Animalia	1	Chordata	44	Aves	212	Passeriformes	729	Muscicapidae	9322	Ficedula	2492596	Ficedula semitorquata	2492608	LC
2494200	Serinus serinus (Linnaeus, 1766)	2494200	Serinus serinus (Linnaeus, 1766)	9100	SPECIES	ACCEPTED	Animalia	1	Chordata	44	Aves	212	Passeriformes	729	Fringillidae	5242	Serinus	8215044	Serinus serinus	2494200	LC
2495342	Oena capensis (Linnaeus, 1766)	2495342	Oena capensis (Linnaeus, 1766)	1	SPECIES	ACCEPTED	Animalia	1	Chordata	44	Aves	212	Columbiformes	1446	Columbidae	5233	Oena	2495341	Oena capensis	2495342	LC
2350947	Coregonus zugensis Nüsslin, 1882	2350947	Coregonus zugensis Nüsslin, 1882	7	SPECIES	ACCEPTED	Animalia	1	Chordata	44			Salmoniformes	1313	Salmonidae	8615	Coregonus	2350934	Coregonus zugensis	2350947	LC
2481139	Larus argentatus Pontoppidan, 1763	2481139	Larus argentatus Pontoppidan, 1763	784	SPECIES	ACCEPTED	Animalia	1	Chordata	44	Aves	212	Charadriiformes	7192402	Laridae	9316	Larus	2481126	Larus argentatus	2481139	LC
2481606	Bulweria bulwerii (Jardine & Selby, 1828)	2481606	Bulweria bulwerii (Jardine & Selby, 1828)	15	SPECIES	ACCEPTED	Animalia	1	Chordata	44	Aves	212	Procellariiformes	7192755	Procellariidae	9339	Bulweria	2481604	Bulweria bulwerii	2481606	LC
2492855	Lanius nubicus Lichtenstein, 1823	2492855	Lanius nubicus Lichtenstein, 1823	15	SPECIES	ACCEPTED	Animalia	1	Chordata	44	Aves	212	Passeriformes	729	Laniidae	9315	Lanius	2483315	Lanius nubicus	2492855	LC
4847282	Calonectris borealis (Forster, 1772)	6178228	Calonectris diomedea borealis (Cory, 1881)	15	SPECIES	SYNONYM	Animalia	1	Chordata	44	Aves	212	Procellariiformes	7192755	Procellariidae	9339	Calonectris	2481517	Calonectris diomedea	2481521	LC
5229493	Garrulus glandarius (Linnaeus, 1758)	5229493	Garrulus glandarius (Linnaeus, 1758)	19466	SPECIES	ACCEPTED	Animalia	1	Chordata	44	Aves	212	Passeriformes	729	Corvidae	5235	Garrulus	2482462	Garrulus glandarius	5229493	LC
5231251	Oenanthe finschii (Heuglin, 1869)	5231251	Oenanthe finschii (Heuglin, 1869)	15	SPECIES	ACCEPTED	Animalia	1	Chordata	44	Aves	212	Passeriformes	729	Muscicapidae	9322	Oenanthe	2492483	Oenanthe finschii	5231251	LC
6088899	Saxicola torquatus rubicola (Linnaeus, 1766)	4408759	Saxicola rubicola (Linnaeus, 1766)	22	SUBSPECIES	SYNONYM	Animalia	1	Chordata	44	Aves	212	Passeriformes	729	Muscicapidae	9322	Saxicola	2492516	Saxicola rubicola	4408759	
9084494	Podarcis muralis brongniardii (Daudin, 1802)	9084494	Podarcis muralis brongniardii (Daudin, 1802)	3	SUBSPECIES	ACCEPTED	Animalia	1	Chordata	44	Squamata	11592253			Lacertidae	5201	Podarcis	2468993	Podarcis muralis	2469188	
2484916	Sitta europaea Linnaeus, 1758	2484916	Sitta europaea Linnaeus, 1758	18469	SPECIES	ACCEPTED	Animalia	1	Chordata	44	Aves	212	Passeriformes	729	Sittidae	5283	Sitta	2484878	Sitta europaea	2484916	LC
2490740	Turdus ruficollis Pallas, 1776	2490740	Turdus ruficollis Pallas, 1776	15	SPECIES	ACCEPTED	Animalia	1	Chordata	44	Aves	212	Passeriformes	729	Turdidae	5290	Turdus	2490714	Turdus ruficollis	2490740	LC
5218524	Nyctalus noctula (Schreber, 1774)	5218524	Nyctalus noctula (Schreber, 1774)	5348	SPECIES	ACCEPTED	Animalia	1	Chordata	44	Mammalia	359	Chiroptera	734	Vespertilionidae	9368	Nyctalus	5218521	Nyctalus noctula	5218524	LC
5231240	Oenanthe oenanthe (Linnaeus, 1758)	5231240	Oenanthe oenanthe (Linnaeus, 1758)	5837	SPECIES	ACCEPTED	Animalia	1	Chordata	44	Aves	212	Passeriformes	729	Muscicapidae	9322	Oenanthe	2492483	Oenanthe oenanthe	5231240	LC
7982160	Larus canus Linnaeus, 1758	7982160	Larus canus Linnaeus, 1758	6207	SPECIES	ACCEPTED	Animalia	1	Chordata	44	Aves	212	Charadriiformes	7192402	Laridae	9316	Larus	2481126	Larus canus	7982160	LC
9272513	Zapornia parva (Scopoli, 1769)	2474627	Porzana parva (Scopoli, 1769)	202	SPECIES	SYNONYM	Animalia	1	Chordata	44	Aves	212	Gruiformes	1493	Rallidae	9342	Porzana	2474604	Porzana parva	2474627	LC
2432582	Barbastella barbastellus (Schreber, 1774)	2432582	Barbastella barbastellus (Schreber, 1774)	2313	SPECIES	ACCEPTED	Animalia	1	Chordata	44	Mammalia	359	Chiroptera	734	Vespertilionidae	9368	Barbastella	2432580	Barbastella barbastellus	2432582	NT
2479662	Amazona aestiva (Linnaeus, 1758)	2479662	Amazona aestiva (Linnaeus, 1758)	1	SPECIES	ACCEPTED	Animalia	1	Chordata	44	Aves	212	Psittaciformes	1445	Psittacidae	9340	Amazona	2479603	Amazona aestiva	2479662	NT
2481726	Tringa nebularia (Gunnerus, 1767)	2481726	Tringa nebularia (Gunnerus, 1767)	2106	SPECIES	ACCEPTED	Animalia	1	Chordata	44	Aves	212	Charadriiformes	7192402	Scolopacidae	5282	Tringa	2481709	Tringa nebularia	2481726	LC
2490604	Lullula arborea (Linnaeus, 1758)	2490604	Lullula arborea (Linnaeus, 1758)	752	SPECIES	ACCEPTED	Animalia	1	Chordata	44	Aves	212	Passeriformes	729	Alaudidae	7211	Lullula	2490603	Lullula arborea	2490604	LC
2495681	Streptopelia orientalis (Latham, 1790)	2495681	Streptopelia orientalis (Latham, 1790)	66	SPECIES	ACCEPTED	Animalia	1	Chordata	44	Aves	212	Columbiformes	1446	Columbidae	5233	Streptopelia	2495657	Streptopelia orientalis	2495681	LC
5229126	Himantopus himantopus (Linnaeus, 1758)	5229126	Himantopus himantopus (Linnaeus, 1758)	378	SPECIES	ACCEPTED	Animalia	1	Chordata	44	Aves	212	Charadriiformes	7192402	Recurvirostridae	4287244	Himantopus	2480217	Himantopus himantopus	5229126	LC
7191593	Podiceps nigricollis nigricollis	7191593	Podiceps nigricollis nigricollis	2	SUBSPECIES	ACCEPTED	Animalia	1	Chordata	44	Aves	212	Podicipediformes	7191588	Podicipedidae	9338	Podiceps	2482049	Podiceps nigricollis	2482065	
10708159	Cairina moschata var. domestica	10708159	Cairina moschata var. domestica	96	VARIETY	ACCEPTED	Animalia	1	Chordata	44	Aves	212	Anseriformes	1108	Anatidae	2986	Cairina	2498282	Cairina moschata	9751099	
2351413	Hucho hucho (Linnaeus, 1758)	2351413	Hucho hucho (Linnaeus, 1758)	1	SPECIES	ACCEPTED	Animalia	1	Chordata	44			Salmoniformes	1313	Salmonidae	8615	Hucho	2351400	Hucho hucho	2351413	EN
2437760	Apodemus sylvaticus (Linnaeus, 1758)	2437760	Apodemus sylvaticus (Linnaeus, 1758)	3156	SPECIES	ACCEPTED	Animalia	1	Chordata	44	Mammalia	359	Rodentia	1459	Muridae	5510	Apodemus	2437754	Apodemus sylvaticus	2437760	LC
2468847	Darevskia armeniaca (Méhely, 1909)	2468847	Darevskia armeniaca (Méhely, 1909)	2	SPECIES	ACCEPTED	Animalia	1	Chordata	44	Squamata	11592253			Lacertidae	5201	Darevskia	2468734	Darevskia armeniaca	2468847	LC
2480637	Accipiter nisus (Linnaeus, 1758)	2480637	Accipiter nisus (Linnaeus, 1758)	7613	SPECIES	ACCEPTED	Animalia	1	Chordata	44	Aves	212	Accipitriformes	7191147	Accipitridae	2877	Accipiter	9405810	Accipiter nisus	2480637	LC
2493216	Hippolais pallida (Hemprich & Ehrenberg, 1833)	5739361	Iduna pallida (Hemprich & Ehrenberg, 1833)	15	SPECIES	SYNONYM	Animalia	1	Chordata	44	Aves	212	Passeriformes	729	Acrocephalidae	6101019	Iduna	3241698	Iduna pallida	5739361	LC
3242735	Astur Lacepède, 1799	3242735	Astur Lacepède, 1799	131	GENUS	DOUBTFUL	Animalia	1	Chordata	44	Aves	212	Accipitriformes	7191147	Accipitridae	2877	Astur	3242735			
2480487	Circus cyaneus (Linnaeus, 1766)	2480487	Circus cyaneus (Linnaeus, 1766)	1125	SPECIES	ACCEPTED	Animalia	1	Chordata	44	Aves	212	Accipitriformes	7191147	Accipitridae	2877	Circus	2480481	Circus cyaneus	2480487	LC
6540377	Motacilla flava flavissima (Blyth, 1834)	6540377	Motacilla flava flavissima (Blyth, 1834)	2	SUBSPECIES	ACCEPTED	Animalia	1	Chordata	44	Aves	212	Passeriformes	729	Motacillidae	5257	Motacilla	2490295	Motacilla flava	9701857	
7190901	Graptemys pseudogeographica pseudogeographica	7190901	Graptemys pseudogeographica pseudogeographica	1	SUBSPECIES	ACCEPTED	Animalia	1	Chordata	44	Testudines	11418114			Emydidae	5465	Graptemys	2443072	Graptemys pseudogeographica	9228211	LC
10899919	Salamandra atra atra	2431781	Salamandra atra Laurenti, 1768	2	SUBSPECIES	SYNONYM	Animalia	1	Chordata	44	Amphibia	131	Caudata	953	Salamandridae	6750	Salamandra	8024525	Salamandra atra	2431781	
2477732	Picoides Lacépède, 1799	2477732	Picoides Lacépède, 1799	30	GENUS	ACCEPTED	Animalia	1	Chordata	44	Aves	212	Piciformes	724	Picidae	9333	Picoides	2477732			NE
9413670	Larus michahellis J.F.Naumann, 1840	9413670	Larus michahellis J.F.Naumann, 1840	30642	SPECIES	ACCEPTED	Animalia	1	Chordata	44	Aves	212	Charadriiformes	7192402	Laridae	9316	Larus	2481126	Larus michahellis	9413670	LC
11213766	Natrix helvetica helvetica	11213766	Natrix helvetica helvetica	14	SUBSPECIES	ACCEPTED	Animalia	1	Chordata	44	Squamata	11592253			Colubridae	6172	Natrix	8971388	Natrix helvetica	9350124	
2493633	Taeniopygia guttata (Vieillot, 1817)	2493633	Taeniopygia guttata (Vieillot, 1817)	2	SPECIES	ACCEPTED	Animalia	1	Chordata	44	Aves	212	Passeriformes	729	Estrildidae	5709	Taeniopygia	2493632	Taeniopygia guttata	2493633	LC
2494517	Carpodacus rubicilla (Güldenstädt, 1775)	2494517	Carpodacus rubicilla (Güldenstädt, 1775)	15	SPECIES	ACCEPTED	Animalia	1	Chordata	44	Aves	212	Passeriformes	729	Fringillidae	5242	Carpodacus	2494445	Carpodacus rubicilla	2494517	LC
2481618	Stercorarius skua (Brünnich, 1764)	2481618	Stercorarius skua (Brünnich, 1764)	76	SPECIES	ACCEPTED	Animalia	1	Chordata	44	Aves	212	Charadriiformes	7192402	Stercorariidae	9347	Stercorarius	2481608	Stercorarius skua	2481618	LC
2493090	Phylloscopus proregulus (Pallas, 1811)	2493090	Phylloscopus proregulus (Pallas, 1811)	6	SPECIES	ACCEPTED	Animalia	1	Chordata	44	Aves	212	Passeriformes	729	Phylloscopidae	6100963	Phylloscopus	2493047	Phylloscopus proregulus	2493090	LC
7062200	Trachemys scripta scripta	7062200	Trachemys scripta scripta	71	SUBSPECIES	ACCEPTED	Animalia	1	Chordata	44	Testudines	11418114			Emydidae	5465	Trachemys	2442941	Trachemys scripta	2443002	
9990095	Curruca melanocephala (J.F.Gmelin, 1789)	9990095	Curruca melanocephala (J.F.Gmelin, 1789)	25	SPECIES	ACCEPTED	Animalia	1	Chordata	44	Aves	212	Passeriformes	729	Sylviidae	5285	Curruca	7988924	Curruca melanocephala	9990095	LC
2479529	Cyanoliseus patagonus (Vieillot, 1818)	2479529	Cyanoliseus patagonus (Vieillot, 1818)	1	SPECIES	ACCEPTED	Animalia	1	Chordata	44	Aves	212	Psittaciformes	1445	Psittacidae	9340	Cyanoliseus	2479528	Cyanoliseus patagonus	2479529	LC
2482492	Corvus corax Linnaeus, 1758	2482492	Corvus corax Linnaeus, 1758	12088	SPECIES	ACCEPTED	Animalia	1	Chordata	44	Aves	212	Passeriformes	729	Corvidae	5235	Corvus	2482468	Corvus corax	2482492	LC
7094921	Milvus migrans migrans	7094921	Milvus migrans migrans	8	SUBSPECIES	ACCEPTED	Animalia	1	Chordata	44	Aves	212	Accipitriformes	7191147	Accipitridae	2877	Milvus	5229166	Milvus migrans	5229167	
2480800	Platalea alba Scopoli, 1786	2480800	Platalea alba Scopoli, 1786	1	SPECIES	ACCEPTED	Animalia	1	Chordata	44	Aves	212	Pelecaniformes	7190953	Threskiornithidae	5288	Platalea	2480798	Platalea alba	2480800	LC
2481221	Xema sabini (Sabine, 1819)	2481221	Xema sabini (Sabine, 1819)	21	SPECIES	ACCEPTED	Animalia	1	Chordata	44	Aves	212	Charadriiformes	7192402	Laridae	9316	Xema	2481220	Xema sabini	2481221	LC
5218410	Lissotriton helveticus (Razoumovsky, 1789)	5218410	Lissotriton helveticus (Razoumovsky, 1789)	20546	SPECIES	ACCEPTED	Animalia	1	Chordata	44	Amphibia	131	Caudata	953	Salamandridae	6750	Lissotriton	5218404	Lissotriton helveticus	5218410	LC
5228644	Apus caffer (M.H.K.Lichtenstein, 1823)	5228644	Apus caffer (M.H.K.Lichtenstein, 1823)	15	SPECIES	ACCEPTED	Animalia	1	Chordata	44	Aves	212	Apodiformes	1448	Apodidae	2993	Apus	2235048	Apus caffer	5228644	LC
7341753	Nucifraga caryocatactes caryocatactes	7341753	Nucifraga caryocatactes caryocatactes	93	SUBSPECIES	ACCEPTED	Animalia	1	Chordata	44	Aves	212	Passeriformes	729	Corvidae	5235	Nucifraga	2482612	Nucifraga caryocatactes	2482613	
8935387	Linaria cannabina cannabina	8935387	Linaria cannabina cannabina	7	SUBSPECIES	ACCEPTED	Animalia	1	Chordata	44	Aves	212	Passeriformes	729	Fringillidae	5242	Linaria	8741507	Linaria cannabina	8104397	
2490956	Monticola saxatilis (Linnaeus, 1766)	2490956	Monticola saxatilis (Linnaeus, 1766)	933	SPECIES	ACCEPTED	Animalia	1	Chordata	44	Aves	212	Passeriformes	729	Muscicapidae	9322	Monticola	8156917	Monticola saxatilis	2490956	LC
2498393	Dendrocygna autumnalis (Linnaeus, 1758)	2498393	Dendrocygna autumnalis (Linnaeus, 1758)	2	SPECIES	ACCEPTED	Animalia	1	Chordata	44	Aves	212	Anseriformes	1108	Anatidae	2986	Dendrocygna	2498392	Dendrocygna autumnalis	2498393	LC
8077224	Alauda arvensis Linnaeus, 1758	8077224	Alauda arvensis Linnaeus, 1758	6520	SPECIES	ACCEPTED	Animalia	1	Chordata	44	Aves	212	Passeriformes	729	Alaudidae	7211	Alauda	2490696	Alauda arvensis	8077224	LC
2492371	Montifringilla nivalis (Linnaeus, 1766)	2492371	Montifringilla nivalis (Linnaeus, 1766)	2266	SPECIES	ACCEPTED	Animalia	1	Chordata	44	Aves	212	Passeriformes	729	Passeridae	5264	Montifringilla	2492365	Montifringilla nivalis	2492371	LC
7406504	Ichthyaetus audouinii (Payraudeau, 1826)	7406504	Ichthyaetus audouinii (Payraudeau, 1826)	19	SPECIES	ACCEPTED	Animalia	1	Chordata	44	Aves	212	Charadriiformes	7192402	Laridae	9316	Ichthyaetus	7237184	Ichthyaetus audouinii	7406504	NE
9918569	Myotis crypticus Ruedi et al., 2019	9918569	Myotis crypticus Ruedi et al., 2019	34	SPECIES	ACCEPTED	Animalia	1	Chordata	44	Mammalia	359	Chiroptera	734	Vespertilionidae	9368	Myotis	2432384	Myotis crypticus	9918569	NE
8615	Salmonidae	8615	Salmonidae	1	FAMILY	ACCEPTED	Animalia	1	Chordata	44			Salmoniformes	1313	Salmonidae	8615					NE
2482473	Corvus monedula Linnaeus, 1758	6100954	Coloeus monedula (Linnaeus, 1758)	5517	SPECIES	SYNONYM	Animalia	1	Chordata	44	Aves	212	Passeriformes	729	Corvidae	5235	Coloeus	4852454	Coloeus monedula	6100954	LC
2498246	Melanitta perspicillata (Linnaeus, 1758)	2498246	Melanitta perspicillata (Linnaeus, 1758)	86	SPECIES	ACCEPTED	Animalia	1	Chordata	44	Aves	212	Anseriformes	1108	Anatidae	2986	Melanitta	2498237	Melanitta perspicillata	2498246	LC
4286942	Carassius auratus (Linnaeus, 1758)	4286942	Carassius auratus (Linnaeus, 1758)	245	SPECIES	ACCEPTED	Animalia	1	Chordata	44			Cypriniformes	1153	Cyprinidae	7336	Carassius	7396773	Carassius auratus	4286942	LC
5228034	Chrysolophus pictus (Linnaeus, 1758)	5228034	Chrysolophus pictus (Linnaeus, 1758)	16	SPECIES	ACCEPTED	Animalia	1	Chordata	44	Aves	212	Galliformes	723	Phasianidae	9331	Chrysolophus	10405331	Chrysolophus pictus	5228034	LC
6094960	Turdus merula azorensis Hartert, 1905	6094960	Turdus merula azorensis Hartert, 1905	1	SUBSPECIES	ACCEPTED	Animalia	1	Chordata	44	Aves	212	Passeriformes	729	Turdidae	5290	Turdus	2490714	Turdus merula	2490719	
2474628	Porzana pusilla (Pallas, 1776)	2474628	Porzana pusilla (Pallas, 1776)	15	SPECIES	ACCEPTED	Animalia	1	Chordata	44	Aves	212	Gruiformes	1493	Rallidae	9342	Porzana	2474604	Porzana pusilla	2474628	LC
2490384	Cardinalis cardinalis (Linnaeus, 1758)	2490384	Cardinalis cardinalis (Linnaeus, 1758)	2	SPECIES	ACCEPTED	Animalia	1	Chordata	44	Aves	212	Passeriformes	729	Cardinalidae	9285	Cardinalis	3241527	Cardinalis cardinalis	2490384	LC
2491582	Emberiza rustica Pallas, 1776	2491582	Emberiza rustica Pallas, 1776	27	SPECIES	ACCEPTED	Animalia	1	Chordata	44	Aves	212	Passeriformes	729	Emberizidae	9608	Emberiza	2491468	Emberiza rustica	2491582	VU
2493626	Lonchura malacca (Linnaeus, 1766)	2493626	Lonchura malacca (Linnaeus, 1766)	1	SPECIES	ACCEPTED	Animalia	1	Chordata	44	Aves	212	Passeriformes	729	Estrildidae	5709	Lonchura	2493593	Lonchura malacca	2493626	LC
5218405	Lissotriton vulgaris (Linnaeus, 1758)	5218405	Lissotriton vulgaris (Linnaeus, 1758)	14701	SPECIES	ACCEPTED	Animalia	1	Chordata	44	Amphibia	131	Caudata	953	Salamandridae	6750	Lissotriton	5218404	Lissotriton vulgaris	5218405	LC
5229138	Vanellus gregarius (Pallas, 1771)	5229138	Vanellus gregarius (Pallas, 1771)	29	SPECIES	ACCEPTED	Animalia	1	Chordata	44	Aves	212	Charadriiformes	7192402	Charadriidae	2480210	Vanellus	3242344	Vanellus gregarius	5229138	CR
7190956	Botaurus stellaris stellaris	7190956	Botaurus stellaris stellaris	1	SUBSPECIES	ACCEPTED	Animalia	1	Chordata	44	Aves	212	Pelecaniformes	7190953	Ardeidae	3685	Botaurus	2480909	Botaurus stellaris	2480910	
9409796	Corvus corone Linnaeus, 1758	9409796	Corvus corone Linnaeus, 1758	58629	SPECIES	ACCEPTED	Animalia	1	Chordata	44	Aves	212	Passeriformes	729	Corvidae	5235	Corvus	2482468	Corvus corone	9409796	LC
952	Anura	952	Anura	2	ORDER	ACCEPTED	Animalia	1	Chordata	44	Amphibia	131	Anura	952							NE
2479888	Cacatua galerita (Latham, 1790)	2479888	Cacatua galerita (Latham, 1790)	1	SPECIES	ACCEPTED	Animalia	1	Chordata	44	Aves	212	Psittaciformes	1445	Psittacidae	9340	Cacatua	2479869	Cacatua galerita	2479888	LC
2498335	Cygnus melancoryphus (Molina, 1782)	2498335	Cygnus melancoryphus (Molina, 1782)	1	SPECIES	ACCEPTED	Animalia	1	Chordata	44	Aves	212	Anseriformes	1108	Anatidae	2986	Cygnus	8996942	Cygnus melancoryphus	2498335	LC
2439140	Clethrionomys glareolus (Schreber, 1780)	5706764	Myodes glareolus (Schreber, 1780)	71	SPECIES	SYNONYM	Animalia	1	Chordata	44	Mammalia	359	Rodentia	1459	Cricetidae	3240723	Myodes	2438724	Myodes glareolus	5706764	LC
2468095	Anguis fragilis Linnaeus, 1758	2468095	Anguis fragilis Linnaeus, 1758	9942	SPECIES	ACCEPTED	Animalia	1	Chordata	44	Squamata	11592253			Anguidae	9198	Anguis	2448256	Anguis fragilis	2468095	LC
2479646	Amazona oratrix Ridgway, 1887	2479646	Amazona oratrix Ridgway, 1887	1	SPECIES	ACCEPTED	Animalia	1	Chordata	44	Aves	212	Psittaciformes	1445	Psittacidae	9340	Amazona	2479603	Amazona oratrix	2479646	EN
2480910	Botaurus stellaris (Linnaeus, 1758)	2480910	Botaurus stellaris (Linnaeus, 1758)	1056	SPECIES	ACCEPTED	Animalia	1	Chordata	44	Aves	212	Pelecaniformes	7190953	Ardeidae	3685	Botaurus	2480909	Botaurus stellaris	2480910	LC
2481156	Larus glaucoides B.Meyer, 1822	2481156	Larus glaucoides B.Meyer, 1822	31	SPECIES	ACCEPTED	Animalia	1	Chordata	44	Aves	212	Charadriiformes	7192402	Laridae	9316	Larus	2481126	Larus glaucoides	2481156	LC
2490719	Turdus merula Linnaeus, 1758	2490719	Turdus merula Linnaeus, 1758	54861	SPECIES	ACCEPTED	Animalia	1	Chordata	44	Aves	212	Passeriformes	729	Turdidae	5290	Turdus	2490714	Turdus merula	2490719	LC
6161347	Natrix natrix (Linnaeus, 1758)	6161347	Natrix natrix (Linnaeus, 1758)	503	SPECIES	ACCEPTED	Animalia	1	Chordata	44	Squamata	11592253			Colubridae	6172	Natrix	8971388	Natrix natrix	6161347	LC
7341732	Pyrrhocorax graculus graculus	7341732	Pyrrhocorax graculus graculus	19	SUBSPECIES	ACCEPTED	Animalia	1	Chordata	44	Aves	212	Passeriformes	729	Corvidae	5235	Pyrrhocorax	2482551	Pyrrhocorax graculus	2482553	
7626513	Emberiza cirlus Linnaeus, 1767	7626513	Emberiza cirlus Linnaeus, 1767	1396	SPECIES	ACCEPTED	Animalia	1	Chordata	44	Aves	212	Passeriformes	729	Emberizidae	9608	Emberiza	2491468	Emberiza cirlus	7626513	LC
8750808	Mus domesticus Schwartz & Schwartz, 1943	7429082	Mus musculus Linnaeus, 1758	1081	SPECIES	SYNONYM	Animalia	1	Chordata	44	Mammalia	359	Rodentia	1459	Muridae	5510	Mus	9800657	Mus musculus	7429082	NE
9273219	Lanius schach Linnaeus, 1758	9273219	Lanius schach Linnaeus, 1758	22	SPECIES	ACCEPTED	Animalia	1	Chordata	44	Aves	212	Passeriformes	729	Laniidae	9315	Lanius	2483315	Lanius schach	9273219	LC
9743996	Phaethon aethereus Linnaeus, 1758	9743996	Phaethon aethereus Linnaeus, 1758	15	SPECIES	ACCEPTED	Animalia	1	Chordata	44	Aves	212	Phaethontiformes	7190987	Phaethontidae	5267	Phaethon	2481360	Phaethon aethereus	9743996	LC
2481685	Limosa limosa (Linnaeus, 1758)	2481685	Limosa limosa (Linnaeus, 1758)	320	SPECIES	ACCEPTED	Animalia	1	Chordata	44	Aves	212	Charadriiformes	7192402	Scolopacidae	5282	Limosa	2481679	Limosa limosa	2481685	NT
4265185	Arvicola amphibius (Linnaeus, 1758)	4265185	Arvicola amphibius (Linnaeus, 1758)	10117	SPECIES	ACCEPTED	Animalia	1	Chordata	44	Mammalia	359	Rodentia	1459	Cricetidae	3240723	Arvicola	2438490	Arvicola amphibius	4265185	LC
734	Chiroptera	734	Chiroptera	38	ORDER	ACCEPTED	Animalia	1	Chordata	44	Mammalia	359	Chiroptera	734							NE
2490774	Turdus viscivorus Linnaeus, 1758	2490774	Turdus viscivorus Linnaeus, 1758	10052	SPECIES	ACCEPTED	Animalia	1	Chordata	44	Aves	212	Passeriformes	729	Turdidae	5290	Turdus	2490714	Turdus viscivorus	2490774	LC
9701857	Motacilla flava Linnaeus, 1758	9701857	Motacilla flava Linnaeus, 1758	3148	SPECIES	ACCEPTED	Animalia	1	Chordata	44	Aves	212	Passeriformes	729	Motacillidae	5257	Motacilla	2490295	Motacilla flava	9701857	LC
5264	Passeridae	5264	Passeridae	5	FAMILY	ACCEPTED	Animalia	1	Chordata	44	Aves	212	Passeriformes	729	Passeridae	5264					NE
2441019	Bos grunniens Linnaeus, 1766	2441019	Bos grunniens Linnaeus, 1766	4	SPECIES	ACCEPTED	Animalia	1	Chordata	44	Mammalia	359	Artiodactyla	731	Bovidae	9614	Bos	2441017	Bos grunniens	2441019	NE
2476004	Buceros rhinoceros Linnaeus, 1758	2476004	Buceros rhinoceros Linnaeus, 1758	2	SPECIES	ACCEPTED	Animalia	1	Chordata	44	Aves	212	Bucerotiformes	716	Bucerotidae	9720	Buceros	2476003	Buceros rhinoceros	2476004	VU
2480566	Buteo regalis (G.R.Gray, 1844)	2480566	Buteo regalis (G.R.Gray, 1844)	1	SPECIES	ACCEPTED	Animalia	1	Chordata	44	Aves	212	Accipitriformes	7191147	Accipitridae	2877	Buteo	2480517	Buteo regalis	2480566	LC
2480690	Hieraaetus fasciatus (Vieillot, 1822)	5844449	Aquila fasciata Vieillot, 1822	15	SPECIES	SYNONYM	Animalia	1	Chordata	44	Aves	212	Accipitriformes	7191147	Accipitridae	2877	Aquila	2480498	Aquila fasciata	5844449	LC
2490310	Motacilla cinerea Tunstall, 1771	2490310	Motacilla cinerea Tunstall, 1771	12025	SPECIES	ACCEPTED	Animalia	1	Chordata	44	Aves	212	Passeriformes	729	Motacillidae	5257	Motacilla	2490295	Motacilla cinerea	2490310	LC
5429347	Phoenicurus T.Forster, 1817	5429347	Phoenicurus T.Forster, 1817	21	GENUS	ACCEPTED	Animalia	1	Chordata	44	Aves	212	Passeriformes	729	Muscicapidae	9322	Phoenicurus	5429347			NE
2481072	Daptrius Vieillot, 1816	2481072	Daptrius Vieillot, 1816	1	GENUS	ACCEPTED	Animalia	1	Chordata	44	Aves	212	Falconiformes	7191407	Falconidae	5240	Daptrius	2481072			NE
5219243	Vulpes vulpes (Linnaeus, 1758)	5219243	Vulpes vulpes (Linnaeus, 1758)	20590	SPECIES	ACCEPTED	Animalia	1	Chordata	44	Mammalia	359	Carnivora	732	Canidae	9701	Vulpes	5219234	Vulpes vulpes	5219243	LC
10382597	Aythya fuligula x marila	10382597	Aythya fuligula x marila	1	SPECIES	ACCEPTED	Animalia	1	Chordata	44	Aves	212	Anseriformes	1108	Anatidae	2986	Aythya	2498254	Aythya fuligula x marila	10382597	
44	Chordata	44	Chordata	4	PHYLUM	ACCEPTED	Animalia	1	Chordata	44											NE
2474045	Alectoris barbara (Bonnaterre, 1790)	2474045	Alectoris barbara (Bonnaterre, 1790)	15	SPECIES	ACCEPTED	Animalia	1	Chordata	44	Aves	212	Galliformes	723	Phasianidae	9331	Alectoris	2474025	Alectoris barbara	2474045	LC
2498402	Dendrocygna bicolor (Vieillot, 1816)	2498402	Dendrocygna bicolor (Vieillot, 1816)	76	SPECIES	ACCEPTED	Animalia	1	Chordata	44	Aves	212	Anseriformes	1108	Anatidae	2986	Dendrocygna	2498392	Dendrocygna bicolor	2498402	LC
8971388	Natrix Laurenti, 1768	8971388	Natrix Laurenti, 1768	1	GENUS	ACCEPTED	Animalia	1	Chordata	44	Squamata	11592253			Colubridae	6172	Natrix	8971388			NE
2498390	Marmaronetta angustirostris (Ménétries, 1832)	2498390	Marmaronetta angustirostris (Ménétries, 1832)	17	SPECIES	ACCEPTED	Animalia	1	Chordata	44	Aves	212	Anseriformes	1108	Anatidae	2986	Marmaronetta	2498389	Marmaronetta angustirostris	2498390	VU
7340170	Anser serrirostris Gould, 1852	7340170	Anser serrirostris Gould, 1852	235	SPECIES	ACCEPTED	Animalia	1	Chordata	44	Aves	212	Anseriformes	1108	Anatidae	2986	Anser	2498016	Anser serrirostris	7340170	NE
9305555	Spatula versicolor (Vieillot, 1816)	9305555	Spatula versicolor (Vieillot, 1816)	2	SPECIES	ACCEPTED	Animalia	1	Chordata	44	Aves	212	Anseriformes	1108	Anatidae	2986	Spatula	4850990	Spatula versicolor	9305555	LC
2481119	Chlidonias niger (Linnaeus, 1758)	2481119	Chlidonias niger (Linnaeus, 1758)	1121	SPECIES	ACCEPTED	Animalia	1	Chordata	44	Aves	212	Charadriiformes	7192402	Laridae	9316	Chlidonias	2481118	Chlidonias niger	2481119	LC
2493669	Estrilda melpoda (Vieillot, 1817)	2493669	Estrilda melpoda (Vieillot, 1817)	15	SPECIES	ACCEPTED	Animalia	1	Chordata	44	Aves	212	Passeriformes	729	Estrildidae	5709	Estrilda	2493650	Estrilda melpoda	2493669	LC
2877	Accipitridae	2877	Accipitridae	2	FAMILY	ACCEPTED	Animalia	1	Chordata	44	Aves	212	Accipitriformes	7191147	Accipitridae	2877					NE
2481759	Calidris alpina (Linnaeus, 1758)	2481759	Calidris alpina (Linnaeus, 1758)	2032	SPECIES	ACCEPTED	Animalia	1	Chordata	44	Aves	212	Charadriiformes	7192402	Scolopacidae	5282	Calidris	2481739	Calidris alpina	2481759	LC
2489068	Leucopsar rothschildi Stresemann, 1912	2489068	Leucopsar rothschildi Stresemann, 1912	1	SPECIES	ACCEPTED	Animalia	1	Chordata	44	Aves	212	Passeriformes	729	Sturnidae	9350	Leucopsar	2489067	Leucopsar rothschildi	2489068	CR
2493550	Locustella lanceolata (Temminck, 1840)	2493550	Locustella lanceolata (Temminck, 1840)	15	SPECIES	ACCEPTED	Animalia	1	Chordata	44	Aves	212	Passeriformes	729	Locustellidae	6100825	Locustella	2493547	Locustella lanceolata	2493550	LC
5232452	Branta hutchinsii (Richardson, 1832)	5232452	Branta hutchinsii (Richardson, 1832)	44	SPECIES	ACCEPTED	Animalia	1	Chordata	44	Aves	212	Anseriformes	1108	Anatidae	2986	Branta	2498190	Branta hutchinsii	5232452	LC
5846432	Larus fuscus intermedius Schiøler, 1922	5846432	Larus fuscus intermedius Schiøler, 1922	1	SUBSPECIES	ACCEPTED	Animalia	1	Chordata	44	Aves	212	Charadriiformes	7192402	Laridae	9316	Larus	2481126	Larus fuscus	2481174	
6171973	Delichon urbicum urbicum	6171973	Delichon urbicum urbicum	7	SUBSPECIES	ACCEPTED	Animalia	1	Chordata	44	Aves	212	Passeriformes	729	Hirundinidae	5248	Delichon	2489213	Delichon urbicum	2489214	
9537647	Mergus merganser Linnaeus, 1758	9537647	Mergus merganser Linnaeus, 1758	20511	SPECIES	ACCEPTED	Animalia	1	Chordata	44	Aves	212	Anseriformes	1108	Anatidae	2986	Mergus	2498368	Mergus merganser	9537647	LC
2437377	Marmota marmota (Linnaeus, 1758)	2437377	Marmota marmota (Linnaeus, 1758)	33626	SPECIES	ACCEPTED	Animalia	1	Chordata	44	Mammalia	359	Rodentia	1459	Sciuridae	9456	Marmota	2437364	Marmota marmota	2437377	LC
5232470	Oxyura maccoa (Eyton, 1838)	5232470	Oxyura maccoa (Eyton, 1838)	1	SPECIES	ACCEPTED	Animalia	1	Chordata	44	Aves	212	Anseriformes	1108	Anatidae	2986	Oxyura	2498299	Oxyura maccoa	5232470	EN
2490609	Melanocorypha bimaculata (Ménétriés, 1832)	2490609	Melanocorypha bimaculata (Ménétriés, 1832)	1	SPECIES	ACCEPTED	Animalia	1	Chordata	44	Aves	212	Passeriformes	729	Alaudidae	7211	Melanocorypha	2490608	Melanocorypha bimaculata	2490609	LC
2498112	Anas acuta Linnaeus, 1758	2498112	Anas acuta Linnaeus, 1758	2832	SPECIES	ACCEPTED	Animalia	1	Chordata	44	Aves	212	Anseriformes	1108	Anatidae	2986	Anas	2498056	Anas acuta	2498112	LC
7342044	Periparus ater ater	7342044	Periparus ater ater	21	SUBSPECIES	ACCEPTED	Animalia	1	Chordata	44	Aves	212	Passeriformes	729	Paridae	9327	Periparus	7736104	Periparus ater	2487871	
2480964	Morus bassanus (Linnaeus, 1758)	2480964	Morus bassanus (Linnaeus, 1758)	20	SPECIES	ACCEPTED	Animalia	1	Chordata	44	Aves	212	Suliformes	7192775	Sulidae	9351	Morus	2480962	Morus bassanus	2480964	LC
7094932	Gypaetus barbatus barbatus	7094932	Gypaetus barbatus barbatus	41	SUBSPECIES	ACCEPTED	Animalia	1	Chordata	44	Aves	212	Accipitriformes	7191147	Accipitridae	2877	Gypaetus	2480648	Gypaetus barbatus	2480649	
8292425	Calidris subruficollis (Vieillot, 1819)	8292425	Calidris subruficollis (Vieillot, 1819)	13	SPECIES	ACCEPTED	Animalia	1	Chordata	44	Aves	212	Charadriiformes	7192402	Scolopacidae	5282	Calidris	2481739	Calidris subruficollis	8292425	NT
9408431	Anser cygnoid (Linnaeus, 1758)	2498034	Anser cygnoides (Linnaeus, 1758)	2	SPECIES	SYNONYM	Animalia	1	Chordata	44	Aves	212	Anseriformes	1108	Anatidae	2986	Anser	2498016	Anser cygnoides	2498034	VU
2473958	Perdix perdix (Linnaeus, 1758)	2473958	Perdix perdix (Linnaeus, 1758)	121	SPECIES	ACCEPTED	Animalia	1	Chordata	44	Aves	212	Galliformes	723	Phasianidae	9331	Perdix	2473953	Perdix perdix	2473958	LC
2482054	Podiceps cristatus (Linnaeus, 1758)	2482054	Podiceps cristatus (Linnaeus, 1758)	30364	SPECIES	ACCEPTED	Animalia	1	Chordata	44	Aves	212	Podicipediformes	7191588	Podicipedidae	9338	Podiceps	2482049	Podiceps cristatus	2482054	LC
2498036	Anser anser (Linnaeus, 1758)	2498036	Anser anser (Linnaeus, 1758)	7578	SPECIES	ACCEPTED	Animalia	1	Chordata	44	Aves	212	Anseriformes	1108	Anatidae	2986	Anser	2498016	Anser anser	2498036	LC
7342146	Turdus philomelos philomelos	7342146	Turdus philomelos philomelos	1	SUBSPECIES	ACCEPTED	Animalia	1	Chordata	44	Aves	212	Passeriformes	729	Turdidae	5290	Turdus	2490714	Turdus philomelos	7901064	
8000602	Mareca penelope (Linnaeus, 1758)	8000602	Mareca penelope (Linnaeus, 1758)	3522	SPECIES	ACCEPTED	Animalia	1	Chordata	44	Aves	212	Anseriformes	1108	Anatidae	2986	Mareca	2498314	Mareca penelope	8000602	LC
8128385	Phylloscopus sibillatrix (Bechstein, 1792)	8128385	Phylloscopus sibillatrix (Bechstein, 1792)	1661	SPECIES	ACCEPTED	Animalia	1	Chordata	44	Aves	212	Passeriformes	729	Phylloscopidae	6100963	Phylloscopus	2493047	Phylloscopus sibillatrix	8128385	LC
9228211	Graptemys pseudogeographica (Gray, 1831)	9228211	Graptemys pseudogeographica (Gray, 1831)	2	SPECIES	ACCEPTED	Animalia	1	Chordata	44	Testudines	11418114			Emydidae	5465	Graptemys	2443072	Graptemys pseudogeographica	9228211	LC
9616058	Falco tinnunculus Linnaeus, 1758	9616058	Falco tinnunculus Linnaeus, 1758	20543	SPECIES	ACCEPTED	Animalia	1	Chordata	44	Aves	212	Falconiformes	7191407	Falconidae	5240	Falco	2480996	Falco tinnunculus	9616058	LC
7192402	Charadriiformes	7192402	Charadriiformes	1	ORDER	ACCEPTED	Animalia	1	Chordata	44	Aves	212	Charadriiformes	7192402							NE
10887517	Columba livia domestica	10887517	Columba livia domestica	1	SUBSPECIES	ACCEPTED	Animalia	1	Chordata	44	Aves	212	Columbiformes	1446	Columbidae	5233	Columba	2495404	Columba livia	2495414	
2480801	Platalea leucorodia Linnaeus, 1758	2480801	Platalea leucorodia Linnaeus, 1758	346	SPECIES	ACCEPTED	Animalia	1	Chordata	44	Aves	212	Pelecaniformes	7190953	Threskiornithidae	5288	Platalea	2480798	Platalea leucorodia	2480801	LC
5784980	Pelophylax esculentus (Linnaeus, 1758)	2426654	Pelophylax lessonae (Camerano, 1882)	13	SPECIES	SYNONYM	Animalia	1	Chordata	44	Amphibia	131	Anura	952	Ranidae	6746	Pelophylax	2426629	Pelophylax lessonae	2426654	NE
9103158	Pyrrhula pyrrhula europaea Vieillot, 1816	9103158	Pyrrhula pyrrhula europaea Vieillot, 1816	1	SUBSPECIES	ACCEPTED	Animalia	1	Chordata	44	Aves	212	Passeriformes	729	Fringillidae	5242	Pyrrhula	2494529	Pyrrhula pyrrhula	2494543	
2422507	Epidalea calamita (Laurenti, 1768)	2422507	Epidalea calamita (Laurenti, 1768)	11847	SPECIES	ACCEPTED	Animalia	1	Chordata	44	Amphibia	131	Anura	952	Bufonidae	6727	Epidalea	2422506	Epidalea calamita	2422507	LC
2435935	Sorex Linnaeus, 1758	2435935	Sorex Linnaeus, 1758	2	GENUS	ACCEPTED	Animalia	1	Chordata	44	Mammalia	359	Soricomorpha	803	Soricidae	5534	Sorex	2435935			NE
2481776	Arenaria interpres (Linnaeus, 1758)	2481776	Arenaria interpres (Linnaeus, 1758)	382	SPECIES	ACCEPTED	Animalia	1	Chordata	44	Aves	212	Charadriiformes	7192402	Scolopacidae	5282	Arenaria	2481774	Arenaria interpres	2481776	LC
2489010	Acridotheres cristatellus (Linnaeus, 1758)	2489010	Acridotheres cristatellus (Linnaeus, 1758)	15	SPECIES	ACCEPTED	Animalia	1	Chordata	44	Aves	212	Passeriformes	729	Sturnidae	9350	Acridotheres	2489003	Acridotheres cristatellus	2489010	LC
4408474	Phalacrocorax carbo sinensis (Blumenbach, 1798)	4408474	Phalacrocorax carbo sinensis (Blumenbach, 1798)	10	SUBSPECIES	ACCEPTED	Animalia	1	Chordata	44	Aves	212	Suliformes	7192775	Phalacrocoracidae	5268	Phalacrocorax	2481854	Phalacrocorax carbo	2481890	
6541820	Phylloscopus collybita tristis Blyth, 1843	6541820	Phylloscopus collybita tristis Blyth, 1843	6	SUBSPECIES	ACCEPTED	Animalia	1	Chordata	44	Aves	212	Passeriformes	729	Phylloscopidae	6100963	Phylloscopus	2493047	Phylloscopus collybita	2493091	
2422253	Rana Linnaeus, 1758	2422253	Rana Linnaeus, 1758	3	GENUS	ACCEPTED	Animalia	1	Chordata	44	Amphibia	131	Anura	952	Ranidae	6746	Rana	2422253			NE
2490307	Motacilla citreola Pallas, 1776	2490307	Motacilla citreola Pallas, 1776	40	SPECIES	ACCEPTED	Animalia	1	Chordata	44	Aves	212	Passeriformes	729	Motacillidae	5257	Motacilla	2490295	Motacilla citreola	2490307	LC
6171820	Corvus frugilegus frugilegus	6171820	Corvus frugilegus frugilegus	1	SUBSPECIES	ACCEPTED	Animalia	1	Chordata	44	Aves	212	Passeriformes	729	Corvidae	5235	Corvus	2482468	Corvus frugilegus	2482513	
7607411	Alauda leucoptera Pallas, 1811	2490611	Melanocorypha leucoptera (Pallas, 1811)	1	SPECIES	SYNONYM	Animalia	1	Chordata	44	Aves	212	Passeriformes	729	Alaudidae	7211	Melanocorypha	2490608	Melanocorypha leucoptera	2490611	LC
9282206	Strix aluco Linnaeus, 1758	9282206	Strix aluco Linnaeus, 1758	2616	SPECIES	ACCEPTED	Animalia	1	Chordata	44	Aves	212	Strigiformes	1450	Strigidae	9348	Strix	2497486	Strix aluco	9282206	LC
2487861	Parus cinctus Boddaert, 1783	2487862	Poecile cinctus (Boddaert, 1783)	15	SPECIES	SYNONYM	Animalia	1	Chordata	44	Aves	212	Passeriformes	729	Paridae	9327	Poecile	2487782	Poecile cinctus	2487862	LC
2493048	Phylloscopus lorenzii (T.Lorenz, 1887)	5845791	Phylloscopus sindianus lorenzii (T.Lorenz, 1887)	15	SPECIES	SYNONYM	Animalia	1	Chordata	44	Aves	212	Passeriformes	729	Phylloscopidae	6100963	Phylloscopus	2493047	Phylloscopus sindianus	7341578	NE
2498408	Lophodytes cucullatus (Linnaeus, 1758)	2498408	Lophodytes cucullatus (Linnaeus, 1758)	36	SPECIES	ACCEPTED	Animalia	1	Chordata	44	Aves	212	Anseriformes	1108	Anatidae	2986	Lophodytes	2498407	Lophodytes cucullatus	2498408	LC
9415596	Eremophila alpestris (Linnaeus, 1758)	9415596	Eremophila alpestris (Linnaeus, 1758)	30	SPECIES	ACCEPTED	Animalia	1	Chordata	44	Aves	212	Passeriformes	729	Alaudidae	7211	Eremophila	2490615	Eremophila alpestris	9415596	LC
2432414	Myotis blythii (Tomes, 1857)	2432414	Myotis blythii (Tomes, 1857)	2521	SPECIES	ACCEPTED	Animalia	1	Chordata	44	Mammalia	359	Chiroptera	734	Vespertilionidae	9368	Myotis	2432384	Myotis blythii	2432414	LC
2474627	Porzana parva (Scopoli, 1769)	2474627	Porzana parva (Scopoli, 1769)	15	SPECIES	ACCEPTED	Animalia	1	Chordata	44	Aves	212	Gruiformes	1493	Rallidae	9342	Porzana	2474604	Porzana parva	2474627	LC
2498273	Clangula hyemalis (Linnaeus, 1758)	2498273	Clangula hyemalis (Linnaeus, 1758)	288	SPECIES	ACCEPTED	Animalia	1	Chordata	44	Aves	212	Anseriformes	1108	Anatidae	2986	Clangula	2498272	Clangula hyemalis	2498273	VU
7094915	Circus aeruginosus aeruginosus	7094915	Circus aeruginosus aeruginosus	2	SUBSPECIES	ACCEPTED	Animalia	1	Chordata	44	Aves	212	Accipitriformes	7191147	Accipitridae	2877	Circus	2480481	Circus aeruginosus	2480482	
8323485	Haemorhous mexicanus (P.L.Statius Müller, 1776)	8323485	Haemorhous mexicanus (P.L.Statius Müller, 1776)	1	SPECIES	ACCEPTED	Animalia	1	Chordata	44	Aves	212	Passeriformes	729	Fringillidae	5242	Haemorhous	4844128	Haemorhous mexicanus	8323485	LC
2477968	Dendrocopos major (Linnaeus, 1758)	2477968	Dendrocopos major (Linnaeus, 1758)	21265	SPECIES	ACCEPTED	Animalia	1	Chordata	44	Aves	212	Piciformes	724	Picidae	9333	Dendrocopos	2477899	Dendrocopos major	2477968	LC
2480649	Gypaetus barbatus (Linnaeus, 1758)	2480649	Gypaetus barbatus (Linnaeus, 1758)	1719	SPECIES	ACCEPTED	Animalia	1	Chordata	44	Aves	212	Accipitriformes	7191147	Accipitridae	2877	Gypaetus	2480648	Gypaetus barbatus	2480649	NT
5218471	Pipistrellus nathusii (Keyserling & Blasius, 1839)	5218471	Pipistrellus nathusii (Keyserling & Blasius, 1839)	6151	SPECIES	ACCEPTED	Animalia	1	Chordata	44	Mammalia	359	Chiroptera	734	Vespertilionidae	9368	Pipistrellus	2432218	Pipistrellus nathusii	5218471	LC
2481700	Scolopax rusticola Linnaeus, 1758	2481700	Scolopax rusticola Linnaeus, 1758	424	SPECIES	ACCEPTED	Animalia	1	Chordata	44	Aves	212	Charadriiformes	7192402	Scolopacidae	5282	Scolopax	2481693	Scolopax rusticola	2481700	LC
2484596	Regulus regulus (Linnaeus, 1758)	2484596	Regulus regulus (Linnaeus, 1758)	7757	SPECIES	ACCEPTED	Animalia	1	Chordata	44	Aves	212	Passeriformes	729	Regulidae	5279	Regulus	2484589	Regulus regulus	2484596	LC
2491899	Gubernatrix cristata (Vieillot, 1817)	2491899	Gubernatrix cristata (Vieillot, 1817)	1	SPECIES	ACCEPTED	Animalia	1	Chordata	44	Aves	212	Passeriformes	729	Thraupidae	9352	Gubernatrix	2491898	Gubernatrix cristata	2491899	EN
2495708	Streptopelia turtur (Linnaeus, 1758)	2495708	Streptopelia turtur (Linnaeus, 1758)	1025	SPECIES	ACCEPTED	Animalia	1	Chordata	44	Aves	212	Columbiformes	1446	Columbidae	5233	Streptopelia	2495657	Streptopelia turtur	2495708	VU
2498016	Anser Brisson, 1760	2498016	Anser Brisson, 1760	28	GENUS	ACCEPTED	Animalia	1	Chordata	44	Aves	212	Anseriformes	1108	Anatidae	2986	Anser	2498016			NE
4263706	Marmota marmota marmota	4263706	Marmota marmota marmota	1	SUBSPECIES	ACCEPTED	Animalia	1	Chordata	44	Mammalia	359	Rodentia	1459	Sciuridae	9456	Marmota	2437364	Marmota marmota	2437377	
6066518	Microcarbo pygmeus (Pallas, 1773)	6066518	Microcarbo pygmeus (Pallas, 1773)	15	SPECIES	ACCEPTED	Animalia	1	Chordata	44	Aves	212	Suliformes	7192775	Phalacrocoracidae	5268	Microcarbo	8296977	Microcarbo pygmeus	6066518	NE
6098966	Carduelis cabaret (P.L.Statius Müller, 1776)	8732478	Acanthis flammea cabaret (P.L.Statius Müller, 1776)	97	SPECIES	SYNONYM	Animalia	1	Chordata	44	Aves	212	Passeriformes	729	Fringillidae	5242	Acanthis	6782561	Acanthis flammea	5231630	NE
2498254	Aythya F.Boie, 1822	2498254	Aythya F.Boie, 1822	10	GENUS	ACCEPTED	Animalia	1	Chordata	44	Aves	212	Anseriformes	1108	Anatidae	2986	Aythya	2498254			NE
2362473	Hypophthalmichthys molitrix (Valenciennes, 1844)	2362473	Hypophthalmichthys molitrix (Valenciennes, 1844)	5	SPECIES	ACCEPTED	Animalia	1	Chordata	44			Cypriniformes	1153	Cyprinidae	7336	Hypophthalmichthys	2362472	Hypophthalmichthys molitrix	2362473	NT
2491521	Emberiza bruniceps J.F.Brandt, 1841	2491521	Emberiza bruniceps J.F.Brandt, 1841	15	SPECIES	ACCEPTED	Animalia	1	Chordata	44	Aves	212	Passeriformes	729	Emberizidae	9608	Emberiza	2491468	Emberiza bruniceps	2491521	LC
2494154	Loxia pytyopsittacus von Borkhausen, 1793	2494154	Loxia pytyopsittacus von Borkhausen, 1793	16	SPECIES	ACCEPTED	Animalia	1	Chordata	44	Aves	212	Passeriformes	729	Fringillidae	5242	Loxia	2494150	Loxia pytyopsittacus	2494154	LC
2351566	Salmo labrax Pallas, 1814	2351566	Salmo labrax Pallas, 1814	1	SPECIES	ACCEPTED	Animalia	1	Chordata	44			Salmoniformes	1313	Salmonidae	8615	Salmo	2347608	Salmo labrax	2351566	LC
6085485	Anser serrirostris rossicus Buturlin, 1933	6085485	Anser serrirostris rossicus Buturlin, 1933	1	SUBSPECIES	ACCEPTED	Animalia	1	Chordata	44	Aves	212	Anseriformes	1108	Anatidae	2986	Anser	2498016	Anser serrirostris	7340170	
8625722	Felis domesticus	2435035	Felis catus Linnaeus, 1758	63	SPECIES	SYNONYM	Animalia	1	Chordata	44	Mammalia	359	Carnivora	732	Felidae	9703	Felis	2435022	Felis catus	2435035	NE
5235	Corvidae	5235	Corvidae	15	FAMILY	ACCEPTED	Animalia	1	Chordata	44	Aves	212	Passeriformes	729	Corvidae	5235					NE
2441055	Capra ibex Linnaeus, 1758	2441055	Capra ibex Linnaeus, 1758	4585	SPECIES	ACCEPTED	Animalia	1	Chordata	44	Mammalia	359	Artiodactyla	731	Bovidae	9614	Capra	2441047	Capra ibex	2441055	LC
2490274	Anthus campestris (Linnaeus, 1758)	2490274	Anthus campestris (Linnaeus, 1758)	199	SPECIES	ACCEPTED	Animalia	1	Chordata	44	Aves	212	Passeriformes	729	Motacillidae	5257	Anthus	2490241	Anthus campestris	2490274	LC
2498181	Netta peposaca (Vieillot, 1816)	2498181	Netta peposaca (Vieillot, 1816)	8	SPECIES	ACCEPTED	Animalia	1	Chordata	44	Aves	212	Anseriformes	1108	Anatidae	2986	Netta	2498176	Netta peposaca	2498181	LC
7537888	Calidris falcinellus (Pontoppidan, 1763)	7537888	Calidris falcinellus (Pontoppidan, 1763)	21	SPECIES	ACCEPTED	Animalia	1	Chordata	44	Aves	212	Charadriiformes	7192402	Scolopacidae	5282	Calidris	2481739	Calidris falcinellus	7537888	LC
9752617	Ardea alba Linnaeus, 1758	9752617	Ardea alba Linnaeus, 1758	10485	SPECIES	ACCEPTED	Animalia	1	Chordata	44	Aves	212	Pelecaniformes	7190953	Ardeidae	3685	Ardea	2480922	Ardea alba	9752617	LC
5479	Equidae	5479	Equidae	1	FAMILY	ACCEPTED	Animalia	1	Chordata	44	Mammalia	359	Perissodactyla	795	Equidae	5479					NE
2437450	Tamias sibiricus (Laxmann, 1769)	2437450	Tamias sibiricus (Laxmann, 1769)	142	SPECIES	ACCEPTED	Animalia	1	Chordata	44	Mammalia	359	Rodentia	1459	Sciuridae	9456	Tamias	2437422	Tamias sibiricus	2437450	LC
2479407	Myiopsitta monachus (Boddaert, 1783)	2479407	Myiopsitta monachus (Boddaert, 1783)	16	SPECIES	ACCEPTED	Animalia	1	Chordata	44	Aves	212	Psittaciformes	1445	Psittacidae	9340	Myiopsitta	2479406	Myiopsitta monachus	2479407	LC
2481719	Tringa stagnatilis (Bechstein, 1803)	2481719	Tringa stagnatilis (Bechstein, 1803)	61	SPECIES	ACCEPTED	Animalia	1	Chordata	44	Aves	212	Charadriiformes	7192402	Scolopacidae	5282	Tringa	2481709	Tringa stagnatilis	2481719	LC
2492606	Ficedula hypoleuca (Pallas, 1764)	2492606	Ficedula hypoleuca (Pallas, 1764)	4026	SPECIES	ACCEPTED	Animalia	1	Chordata	44	Aves	212	Passeriformes	729	Muscicapidae	9322	Ficedula	2492596	Ficedula hypoleuca	2492606	LC
2368600	Parexocoetus brachypterus (Richardson, 1846)	2368600	Parexocoetus brachypterus (Richardson, 1846)	1	SPECIES	ACCEPTED	Animalia	1	Chordata	44			Beloniformes	498	Exocoetidae	2968	Parexocoetus	2368597	Parexocoetus brachypterus	2368600	NE
5218522	Nyctalus leisleri (Kuhl, 1817)	5218522	Nyctalus leisleri (Kuhl, 1817)	3548	SPECIES	ACCEPTED	Animalia	1	Chordata	44	Mammalia	359	Chiroptera	734	Vespertilionidae	9368	Nyctalus	5218521	Nyctalus leisleri	5218522	LC
10722213	Curruca cantillans albistriata C.L.Brehm, 1855	10722213	Curruca cantillans albistriata C.L.Brehm, 1855	4	SUBSPECIES	ACCEPTED	Animalia	1	Chordata	44	Aves	212	Passeriformes	729	Sylviidae	5285	Curruca	7988924	Curruca cantillans	9317615	
2431679	Triturus Rafinesque, 1815	2431679	Triturus Rafinesque, 1815	15	GENUS	ACCEPTED	Animalia	1	Chordata	44	Amphibia	131	Caudata	953	Salamandridae	6750	Triturus	2431679			NE
5229167	Milvus migrans (Boddaert, 1783)	5229167	Milvus migrans (Boddaert, 1783)	15850	SPECIES	ACCEPTED	Animalia	1	Chordata	44	Aves	212	Accipitriformes	7191147	Accipitridae	2877	Milvus	5229166	Milvus migrans	5229167	LC
2480282	Eudromias morinellus (Linnaeus, 1758)	2480281	Charadrius morinellus Linnaeus, 1758	112	SPECIES	SYNONYM	Animalia	1	Chordata	44	Aves	212	Charadriiformes	7192402	Charadriidae	2480210	Charadrius	2480277	Charadrius morinellus	2480281	LC
5218878	Martes martes (Linnaeus, 1758)	5218878	Martes martes (Linnaeus, 1758)	7011	SPECIES	ACCEPTED	Animalia	1	Chordata	44	Mammalia	359	Carnivora	732	Mustelidae	5307	Martes	2433765	Martes martes	5218878	LC
2481831	Gallinago media (Latham, 1787)	2481831	Gallinago media (Latham, 1787)	27	SPECIES	ACCEPTED	Animalia	1	Chordata	44	Aves	212	Charadriiformes	7192402	Scolopacidae	5282	Gallinago	2481808	Gallinago media	2481831	NT
2490781	Turdus iliacus Linnaeus, 1758	2490781	Turdus iliacus Linnaeus, 1758	1128	SPECIES	ACCEPTED	Animalia	1	Chordata	44	Aves	212	Passeriformes	729	Turdidae	5290	Turdus	2490714	Turdus iliacus	2490781	NT
2495659	Streptopelia senegalensis (Linnaeus, 1766)	6101223	Spilopelia senegalensis (Linnaeus, 1766)	15	SPECIES	SYNONYM	Animalia	1	Chordata	44	Aves	212	Columbiformes	1446	Columbidae	5233	Spilopelia	4848012	Spilopelia senegalensis	6101223	LC
5229055	Psittacula eupatria (Linnaeus, 1766)	5229055	Psittacula eupatria (Linnaeus, 1766)	15	SPECIES	ACCEPTED	Animalia	1	Chordata	44	Aves	212	Psittaciformes	1445	Psittacidae	9340	Psittacula	2479192	Psittacula eupatria	5229055	NT
7872906	Talpa europaea Linnaeus, 1758	7872906	Talpa europaea Linnaeus, 1758	2801	SPECIES	ACCEPTED	Animalia	1	Chordata	44	Mammalia	359	Soricomorpha	803	Talpidae	9469	Talpa	2436127	Talpa europaea	7872906	LC
2433433	Ursus arctos Linnaeus, 1758	2433433	Ursus arctos Linnaeus, 1758	1123	SPECIES	ACCEPTED	Animalia	1	Chordata	44	Mammalia	359	Carnivora	732	Ursidae	9681	Ursus	2433406	Ursus arctos	2433433	LC
2481126	Larus Linnaeus, 1758	2481126	Larus Linnaeus, 1758	6	GENUS	ACCEPTED	Animalia	1	Chordata	44	Aves	212	Charadriiformes	7192402	Laridae	9316	Larus	2481126			NE
2481433	Fulmarus glacialis (Linnaeus, 1761)	2481433	Fulmarus glacialis (Linnaeus, 1761)	15	SPECIES	ACCEPTED	Animalia	1	Chordata	44	Aves	212	Procellariiformes	7192755	Procellariidae	9339	Fulmarus	2481431	Fulmarus glacialis	2481433	LC
2493070	Phylloscopus bonelli (Vieillot, 1819)	2493070	Phylloscopus bonelli (Vieillot, 1819)	2984	SPECIES	ACCEPTED	Animalia	1	Chordata	44	Aves	212	Passeriformes	729	Phylloscopidae	6100963	Phylloscopus	2493047	Phylloscopus bonelli	2493070	LC
2498009	Tadorna tadorna (Linnaeus, 1758)	2498009	Tadorna tadorna (Linnaeus, 1758)	2438	SPECIES	ACCEPTED	Animalia	1	Chordata	44	Aves	212	Anseriformes	1108	Anatidae	2986	Tadorna	2498006	Tadorna tadorna	2498009	LC
5229168	Milvus milvus (Linnaeus, 1758)	5229168	Milvus milvus (Linnaeus, 1758)	28760	SPECIES	ACCEPTED	Animalia	1	Chordata	44	Aves	212	Accipitriformes	7191147	Accipitridae	2877	Milvus	5229166	Milvus milvus	5229168	LC
7580221	Bufo Garsault, 1764	7580221	Bufo Garsault, 1764	1	GENUS	ACCEPTED	Animalia	1	Chordata	44	Amphibia	131	Anura	952	Bufonidae	6727	Bufo	7580221			NE
2402168	Acipenser ruthenus Linnaeus, 1758	2402168	Acipenser ruthenus Linnaeus, 1758	1	SPECIES	ACCEPTED	Animalia	1	Chordata	44			Acipenseriformes	1103	Acipenseridae	2947	Acipenser	2340025	Acipenser ruthenus	2402168	EN
2493215	Hippolais caligata (Lichtenstein, 1823)	5739359	Iduna caligata (Lichtenstein, 1823)	15	SPECIES	SYNONYM	Animalia	1	Chordata	44	Aves	212	Passeriformes	729	Acrocephalidae	6101019	Iduna	3241698	Iduna caligata	5739359	LC
6159243	Lacerta bilineata Daudin, 1802	6159243	Lacerta bilineata Daudin, 1802	2845	SPECIES	ACCEPTED	Animalia	1	Chordata	44	Squamata	11592253			Lacertidae	5201	Lacerta	2469780	Lacerta bilineata	6159243	LC
8332393	Spatula clypeata (Linnaeus, 1758)	8332393	Spatula clypeata (Linnaeus, 1758)	6561	SPECIES	ACCEPTED	Animalia	1	Chordata	44	Aves	212	Anseriformes	1108	Anatidae	2986	Spatula	4850990	Spatula clypeata	8332393	LC
2481164	Larus sabini Sabine, 1819	2481221	Xema sabini (Sabine, 1819)	15	SPECIES	SYNONYM	Animalia	1	Chordata	44	Aves	212	Charadriiformes	7192402	Laridae	9316	Xema	2481220	Xema sabini	2481221	NE
2494303	Serinus canaria (Linnaeus, 1758)	2494303	Serinus canaria (Linnaeus, 1758)	18	SPECIES	ACCEPTED	Animalia	1	Chordata	44	Aves	212	Passeriformes	729	Fringillidae	5242	Serinus	8215044	Serinus canaria	2494303	LC
7341523	Phylloscopus humei humei	7341523	Phylloscopus humei humei	1	SUBSPECIES	ACCEPTED	Animalia	1	Chordata	44	Aves	212	Passeriformes	729	Phylloscopidae	6100963	Phylloscopus	2493047	Phylloscopus humei	7341522	
2447506	Phelsuma laticauda (Boettger, 1880)	2447506	Phelsuma laticauda (Boettger, 1880)	1	SPECIES	ACCEPTED	Animalia	1	Chordata	44	Squamata	11592253			Gekkonidae	5666	Phelsuma	2447418	Phelsuma laticauda	2447506	LC
2480830	Bubulcus ibis (Linnaeus, 1758)	2480830	Bubulcus ibis (Linnaeus, 1758)	410	SPECIES	ACCEPTED	Animalia	1	Chordata	44	Aves	212	Pelecaniformes	7190953	Ardeidae	3685	Bubulcus	2480829	Bubulcus ibis	2480830	LC
2488949	Oriolus oriolus (Linnaeus, 1758)	2488949	Oriolus oriolus (Linnaeus, 1758)	2390	SPECIES	ACCEPTED	Animalia	1	Chordata	44	Aves	212	Passeriformes	729	Oriolidae	5708	Oriolus	2488947	Oriolus oriolus	2488949	LC
2494752	Carduelis flavirostris (Linnaeus, 1758)	7668711	Linaria flavirostris (Linnaeus, 1758)	15	SPECIES	SYNONYM	Animalia	1	Chordata	44	Aves	212	Passeriformes	729	Fringillidae	5242	Linaria	8741507	Linaria flavirostris	7668711	LC
2498344	Cygnus atratus (Latham, 1790)	2498344	Cygnus atratus (Latham, 1790)	265	SPECIES	ACCEPTED	Animalia	1	Chordata	44	Aves	212	Anseriformes	1108	Anatidae	2986	Cygnus	8996942	Cygnus atratus	2498344	LC
2363553	Telestes muticellus (Bonaparte, 1837)	2363553	Telestes muticellus (Bonaparte, 1837)	162	SPECIES	ACCEPTED	Animalia	1	Chordata	44			Cypriniformes	1153	Cyprinidae	7336	Telestes	2363538	Telestes muticellus	2363553	LC
2474950	Grus grus (Linnaeus, 1758)	2474950	Grus grus (Linnaeus, 1758)	2727	SPECIES	ACCEPTED	Animalia	1	Chordata	44	Aves	212	Gruiformes	1493	Gruidae	9313	Grus	2474940	Grus grus	2474950	LC
2481725	Tringa erythropus (Pallas, 1764)	2481725	Tringa erythropus (Pallas, 1764)	692	SPECIES	ACCEPTED	Animalia	1	Chordata	44	Aves	212	Charadriiformes	7192402	Scolopacidae	5282	Tringa	2481709	Tringa erythropus	2481725	LC
2482100	Burhinus oedicnemus (Linnaeus, 1758)	2482100	Burhinus oedicnemus (Linnaeus, 1758)	49	SPECIES	ACCEPTED	Animalia	1	Chordata	44	Aves	212	Charadriiformes	7192402	Burhinidae	9697	Burhinus	2482094	Burhinus oedicnemus	2482100	LC
2489214	Delichon urbicum (Linnaeus, 1758)	2489214	Delichon urbicum (Linnaeus, 1758)	13685	SPECIES	ACCEPTED	Animalia	1	Chordata	44	Aves	212	Passeriformes	729	Hirundinidae	5248	Delichon	2489213	Delichon urbicum	2489214	LC
2382126	Gymnocephalus cernuus (Linnaeus, 1758)	5209574	Gymnocephalus cernua (Linnaeus, 1758)	1	SPECIES	SYNONYM	Animalia	1	Chordata	44			Perciformes	587	Percidae	4481	Gymnocephalus	2382125	Gymnocephalus cernua	5209574	NE
2394486	Lepomis gibbosus (Linnaeus, 1758)	2394486	Lepomis gibbosus (Linnaeus, 1758)	615	SPECIES	ACCEPTED	Animalia	1	Chordata	44			Perciformes	587	Centrarchidae	8513	Lepomis	2394482	Lepomis gibbosus	2394486	LC
2473421	Lagopus lagopus (Linnaeus, 1758)	2473421	Lagopus lagopus (Linnaeus, 1758)	15	SPECIES	ACCEPTED	Animalia	1	Chordata	44	Aves	212	Galliformes	723	Phasianidae	9331	Lagopus	2473369	Lagopus lagopus	2473421	LC
2492954	Sylvia mystacea Ménétriés, 1832	2492954	Sylvia mystacea Ménétriés, 1832	15	SPECIES	ACCEPTED	Animalia	1	Chordata	44	Aves	212	Passeriformes	729	Sylviidae	5285	Sylvia	2492941	Sylvia mystacea	2492954	LC
5739317	Phoenicurus phoenicurus (Linnaeus, 1758)	5739317	Phoenicurus phoenicurus (Linnaeus, 1758)	5440	SPECIES	ACCEPTED	Animalia	1	Chordata	44	Aves	212	Passeriformes	729	Muscicapidae	9322	Phoenicurus	5429347	Phoenicurus phoenicurus	5739317	LC
7059491	Cervus elaphus elaphus	7059491	Cervus elaphus elaphus	17	SUBSPECIES	ACCEPTED	Animalia	1	Chordata	44	Mammalia	359	Artiodactyla	731	Cervidae	5298	Cervus	2440948	Cervus elaphus	2440958	
7340363	Prunella collaris collaris	7340363	Prunella collaris collaris	14	SUBSPECIES	ACCEPTED	Animalia	1	Chordata	44	Aves	212	Passeriformes	729	Prunellidae	5273	Prunella	2495070	Prunella collaris	5231770	
2481741	Calidris ferruginea (Pontoppidan, 1763)	2481741	Calidris ferruginea (Pontoppidan, 1763)	295	SPECIES	ACCEPTED	Animalia	1	Chordata	44	Aves	212	Charadriiformes	7192402	Scolopacidae	5282	Calidris	2481739	Calidris ferruginea	2481741	NT
2441022	Bos taurus Linnaeus, 1758	2441022	Bos taurus Linnaeus, 1758	5	SPECIES	ACCEPTED	Animalia	1	Chordata	44	Mammalia	359	Artiodactyla	731	Bovidae	9614	Bos	2441017	Bos taurus	2441022	NE
2493214	Hippolais polyglotta (Vieillot, 1817)	2493214	Hippolais polyglotta (Vieillot, 1817)	716	SPECIES	ACCEPTED	Animalia	1	Chordata	44	Aves	212	Passeriformes	729	Acrocephalidae	6101019	Hippolais	2493213	Hippolais polyglotta	2493214	LC
2498001	Sarkidiornis melanotos (Pennant, 1769)	2498001	Sarkidiornis melanotos (Pennant, 1769)	1	SPECIES	ACCEPTED	Animalia	1	Chordata	44	Aves	212	Anseriformes	1108	Anatidae	2986	Sarkidiornis	2498000	Sarkidiornis melanotos	2498001	LC
2498034	Anser cygnoides (Linnaeus, 1758)	2498034	Anser cygnoides (Linnaeus, 1758)	44	SPECIES	ACCEPTED	Animalia	1	Chordata	44	Aves	212	Anseriformes	1108	Anatidae	2986	Anser	2498016	Anser cygnoides	2498034	VU
2474332	Eurypyga helias (Pallas, 1781)	2474332	Eurypyga helias (Pallas, 1781)	1	SPECIES	ACCEPTED	Animalia	1	Chordata	44	Aves	212	Eurypygiformes	8481794	Eurypygidae	5710	Eurypyga	2474331	Eurypyga helias	2474332	LC
3241387	Phoxinus Rafinesque, 1820	3241387	Phoxinus Rafinesque, 1820	2	GENUS	ACCEPTED	Animalia	1	Chordata	44			Cypriniformes	1153	Cyprinidae	7336	Phoxinus	3241387			NE
7341946	Regulus ignicapilla ignicapilla	7341946	Regulus ignicapilla ignicapilla	5	SUBSPECIES	ACCEPTED	Animalia	1	Chordata	44	Aves	212	Passeriformes	729	Regulidae	5279	Regulus	2484589	Regulus ignicapilla	6093527	
11801822	Arvicola italicus (Savi, 1838)	11801822	Arvicola italicus (Savi, 1838)	64	SPECIES	ACCEPTED	Animalia	1	Chordata	44	Mammalia	359	Rodentia	1459	Cricetidae	3240723	Arvicola	2438490	Arvicola italicus	11801822	NE
2498247	Melanitta nigra (Linnaeus, 1758)	2498247	Melanitta nigra (Linnaeus, 1758)	122	SPECIES	ACCEPTED	Animalia	1	Chordata	44	Aves	212	Anseriformes	1108	Anatidae	2986	Melanitta	2498237	Melanitta nigra	2498247	LC
5229204	Eudocimus ruber (Linnaeus, 1758)	5229204	Eudocimus ruber (Linnaeus, 1758)	1	SPECIES	ACCEPTED	Animalia	1	Chordata	44	Aves	212	Pelecaniformes	7190953	Threskiornithidae	5288	Eudocimus	10629993	Eudocimus ruber	5229204	LC
2489104	Sturnus unicolor Temminck, 1820	2489104	Sturnus unicolor Temminck, 1820	17	SPECIES	ACCEPTED	Animalia	1	Chordata	44	Aves	212	Passeriformes	729	Sturnidae	9350	Sturnus	2489099	Sturnus unicolor	2489104	LC
4262702	Capra hircus hircus	4262702	Capra hircus hircus	1	SUBSPECIES	ACCEPTED	Animalia	1	Chordata	44	Mammalia	359	Artiodactyla	731	Bovidae	9614	Capra	2441047	Capra hircus	2441056	
7261379	Capreolus capreolus capreolus	7261379	Capreolus capreolus capreolus	2	SUBSPECIES	ACCEPTED	Animalia	1	Chordata	44	Mammalia	359	Artiodactyla	731	Cervidae	5298	Capreolus	2440927	Capreolus capreolus	5220126	
2359289	Parachondrostoma toxostoma (Vallot, 1837)	2359289	Parachondrostoma toxostoma (Vallot, 1837)	20	SPECIES	ACCEPTED	Animalia	1	Chordata	44			Cypriniformes	1153	Cyprinidae	7336	Parachondrostoma	2359288	Parachondrostoma toxostoma	2359289	VU
2473477	Syrmaticus reevesii (J.E.Gray, 1829)	2473477	Syrmaticus reevesii (J.E.Gray, 1829)	18	SPECIES	ACCEPTED	Animalia	1	Chordata	44	Aves	212	Galliformes	723	Phasianidae	9331	Syrmaticus	2473476	Syrmaticus reevesii	2473477	VU
2479308	Platycercus adscitus (Latham, 1790)	2479308	Platycercus adscitus (Latham, 1790)	1	SPECIES	ACCEPTED	Animalia	1	Chordata	44	Aves	212	Psittaciformes	1445	Psittacidae	9340	Platycercus	9623552	Platycercus adscitus	2479308	LC
2480906	Ardeola ralloides (Scopoli, 1769)	2480906	Ardeola ralloides (Scopoli, 1769)	174	SPECIES	ACCEPTED	Animalia	1	Chordata	44	Aves	212	Pelecaniformes	7190953	Ardeidae	3685	Ardeola	2480901	Ardeola ralloides	2480906	LC
5739275	Puffinus assimilis Gould, 1838	5739275	Puffinus assimilis Gould, 1838	15	SPECIES	ACCEPTED	Animalia	1	Chordata	44	Aves	212	Procellariiformes	7192755	Procellariidae	9339	Puffinus	5229335	Puffinus assimilis	5739275	LC
8248237	Saxicola rubicola rubicola	8248237	Saxicola rubicola rubicola	4	SUBSPECIES	ACCEPTED	Animalia	1	Chordata	44	Aves	212	Passeriformes	729	Muscicapidae	9322	Saxicola	2492516	Saxicola rubicola	4408759	
9457305	Ovis gmelinii musimon (Pallas, 1811)	6165157	Ovis aries musimon (Pallas, 1811)	67	SUBSPECIES	SYNONYM	Animalia	1	Chordata	44	Mammalia	359	Artiodactyla	731	Bovidae	9614	Ovis	9531221	Ovis aries	2441110	
2487883	Lophophanes cristatus (Linnaeus, 1758)	2487883	Lophophanes cristatus (Linnaeus, 1758)	7416	SPECIES	ACCEPTED	Animalia	1	Chordata	44	Aves	212	Passeriformes	729	Paridae	9327	Lophophanes	2487881	Lophophanes cristatus	2487883	LC
2494732	Carduelis hornemanni (Holböll, 1843)	5231646	Acanthis hornemanni (Holböll, 1843)	15	SPECIES	SYNONYM	Animalia	1	Chordata	44	Aves	212	Passeriformes	729	Fringillidae	5242	Acanthis	6782561	Acanthis hornemanni	5231646	NE
5428957	Plecotus E.Geoffroy, 1818	5428957	Plecotus E.Geoffroy, 1818	2802	GENUS	ACCEPTED	Animalia	1	Chordata	44	Mammalia	359	Chiroptera	734	Vespertilionidae	9368	Plecotus	5428957			NE
7192412	Larus canus canus	7192412	Larus canus canus	3	SUBSPECIES	ACCEPTED	Animalia	1	Chordata	44	Aves	212	Charadriiformes	7192402	Laridae	9316	Larus	2481126	Larus canus	7982160	
12030878	Cyanecula svecica cyanecula (Meisner, 1804)	6090361	Luscinia svecica cyanecula (Meisner, 1804)	7	SUBSPECIES	SYNONYM	Animalia	1	Chordata	44	Aves	212	Passeriformes	729	Muscicapidae	9322	Luscinia	5429330	Luscinia svecica	4408732	
2431911	Triturus helveticus (Razoumovsky, 1789)	5218410	Lissotriton helveticus (Razoumovsky, 1789)	1	SPECIES	SYNONYM	Animalia	1	Chordata	44	Amphibia	131	Caudata	953	Salamandridae	6750	Lissotriton	5218404	Lissotriton helveticus	5218410	LC
2432359	Eptesicus serotinus (Schreber, 1774)	2432359	Eptesicus serotinus (Schreber, 1774)	3582	SPECIES	ACCEPTED	Animalia	1	Chordata	44	Mammalia	359	Chiroptera	734	Vespertilionidae	9368	Eptesicus	2432345	Eptesicus serotinus	2432359	LC
2492965	Sylvia sarda Temminck, 1820	2492965	Sylvia sarda Temminck, 1820	15	SPECIES	ACCEPTED	Animalia	1	Chordata	44	Aves	212	Passeriformes	729	Sylviidae	5285	Sylvia	2492941	Sylvia sarda	2492965	LC
5706486	Glis glis (Linnaeus, 1766)	5706486	Glis glis (Linnaeus, 1766)	4861	SPECIES	ACCEPTED	Animalia	1	Chordata	44	Mammalia	359	Rodentia	1459	Gliridae	3240562	Glis	3240565	Glis glis	5706486	LC
6486589	Corvus corone cornix Linnaeus, 1758	2482515	Corvus cornix Linnaeus, 1758	46	SUBSPECIES	SYNONYM	Animalia	1	Chordata	44	Aves	212	Passeriformes	729	Corvidae	5235	Corvus	2482468	Corvus cornix	2482515	
2235048	Apus Scopoli, 1777	2235048	Apus Scopoli, 1777	1	GENUS	ACCEPTED	Animalia	1	Chordata	44	Aves	212	Apodiformes	1448	Apodidae	2993	Apus	2235048			
2441461	Testudo graeca Linnaeus, 1758	2441461	Testudo graeca Linnaeus, 1758	12	SPECIES	ACCEPTED	Animalia	1	Chordata	44	Testudines	11418114			Testudinidae	9618	Testudo	2441658	Testudo graeca	2441461	VU
8191482	Parus caeruleus Linnaeus, 1758	2487879	Cyanistes caeruleus (Linnaeus, 1758)	485	SPECIES	SYNONYM	Animalia	1	Chordata	44	Aves	212	Passeriformes	729	Paridae	9327	Cyanistes	2487875	Cyanistes caeruleus	2487879	LC
10575132	Pterorhinus perspicillatus (J.F.Gmelin, 1789)	2493455	Garrulax perspicillatus (Gmelin, 1789)	1	SPECIES	SYNONYM	Animalia	1	Chordata	44	Aves	212	Passeriformes	729	Leiothrichidae	6101112	Garrulax	2493438	Garrulax perspicillatus	2493455	LC
6161340	Natrix maura (Linnaeus, 1758)	6161340	Natrix maura (Linnaeus, 1758)	257	SPECIES	ACCEPTED	Animalia	1	Chordata	44	Squamata	11592253			Colubridae	6172	Natrix	8971388	Natrix maura	6161340	LC
2350934	Coregonus Linnaeus, 1758	2350934	Coregonus Linnaeus, 1758	208	GENUS	ACCEPTED	Animalia	1	Chordata	44			Salmoniformes	1313	Salmonidae	8615	Coregonus	2350934			NE
2351147	Coregonus palaea Cuvier, 1829	2351147	Coregonus palaea Cuvier, 1829	6	SPECIES	ACCEPTED	Animalia	1	Chordata	44			Salmoniformes	1313	Salmonidae	8615	Coregonus	2350934	Coregonus palaea	2351147	LC
2434552	Nyctereutes procyonoides (Gray, 1834)	2434552	Nyctereutes procyonoides (Gray, 1834)	34	SPECIES	ACCEPTED	Animalia	1	Chordata	44	Mammalia	359	Carnivora	732	Canidae	9701	Nyctereutes	2434551	Nyctereutes procyonoides	2434552	LC
2494441	Fringilla montifringilla Linnaeus, 1758	2494441	Fringilla montifringilla Linnaeus, 1758	2444	SPECIES	ACCEPTED	Animalia	1	Chordata	44	Aves	212	Passeriformes	729	Fringillidae	5242	Fringilla	2494421	Fringilla montifringilla	2494441	LC
9345027	Spatula cyanoptera (Vieillot, 1816)	9345027	Spatula cyanoptera (Vieillot, 1816)	2	SPECIES	ACCEPTED	Animalia	1	Chordata	44	Aves	212	Anseriformes	1108	Anatidae	2986	Spatula	4850990	Spatula cyanoptera	9345027	LC
2351630	Salmo marmoratus Cuvier, 1829	2351630	Salmo marmoratus Cuvier, 1829	8	SPECIES	ACCEPTED	Animalia	1	Chordata	44			Salmoniformes	1313	Salmonidae	8615	Salmo	2347608	Salmo marmoratus	2351630	LC
2480850	Ixobrychus minutus (Linnaeus, 1766)	2480850	Ixobrychus minutus (Linnaeus, 1766)	1242	SPECIES	ACCEPTED	Animalia	1	Chordata	44	Aves	212	Pelecaniformes	7190953	Ardeidae	3685	Ixobrychus	2480843	Ixobrychus minutus	2480850	LC
2491591	Emberiza pallasi (Cabanis, 1851)	2491591	Emberiza pallasi (Cabanis, 1851)	15	SPECIES	ACCEPTED	Animalia	1	Chordata	44	Aves	212	Passeriformes	729	Emberizidae	9608	Emberiza	2491468	Emberiza pallasi	2491591	LC
6177285	Dendrocopos major pinetorum (C.L.Brehm, 1831)	6177285	Dendrocopos major pinetorum (C.L.Brehm, 1831)	1	SUBSPECIES	ACCEPTED	Animalia	1	Chordata	44	Aves	212	Piciformes	724	Picidae	9333	Dendrocopos	2477899	Dendrocopos major	2477968	
9235549	Sibirionetta formosa (Georgi, 1775)	9235549	Sibirionetta formosa (Georgi, 1775)	7	SPECIES	ACCEPTED	Animalia	1	Chordata	44	Aves	212	Anseriformes	1108	Anatidae	2986	Sibirionetta	4843694	Sibirionetta formosa	9235549	LC
9548093	Cuculus saturatus Blyth, 1843	9548093	Cuculus saturatus Blyth, 1843	15	SPECIES	ACCEPTED	Animalia	1	Chordata	44	Aves	212	Cuculiformes	1492	Cuculidae	9309	Cuculus	2336662	Cuculus saturatus	9548093	LC
2426655	Rana lessonae Camerano, 1882	2426654	Pelophylax lessonae (Camerano, 1882)	1	SPECIES	SYNONYM	Animalia	1	Chordata	44	Amphibia	131	Anura	952	Ranidae	6746	Pelophylax	2426629	Pelophylax lessonae	2426654	LC
2498388	Aix galericulata (Linnaeus, 1758)	2498388	Aix galericulata (Linnaeus, 1758)	947	SPECIES	ACCEPTED	Animalia	1	Chordata	44	Aves	212	Anseriformes	1108	Anatidae	2986	Aix	2498386	Aix galericulata	2498388	LC
9531221	Ovis Linnaeus, 1758	9531221	Ovis Linnaeus, 1758	1	GENUS	ACCEPTED	Animalia	1	Chordata	44	Mammalia	359	Artiodactyla	731	Bovidae	9614	Ovis	9531221			NE
9316	Laridae	9316	Laridae	4	FAMILY	ACCEPTED	Animalia	1	Chordata	44	Aves	212	Charadriiformes	7192402	Laridae	9316					NE
5219616	Erinaceus europaeus Linnaeus, 1758	5219616	Erinaceus europaeus Linnaeus, 1758	24344	SPECIES	ACCEPTED	Animalia	1	Chordata	44	Mammalia	359	Erinaceomorpha	829	Erinaceidae	5722	Erinaceus	8216553	Erinaceus europaeus	5219616	LC
2362925	Alburnus alburnus (Linnaeus, 1758)	2362925	Alburnus alburnus (Linnaeus, 1758)	889	SPECIES	ACCEPTED	Animalia	1	Chordata	44			Cypriniformes	1153	Cyprinidae	7336	Alburnus	2362898	Alburnus alburnus	2362925	LC
2481912	Ciconia ciconia (Linnaeus, 1758)	2481912	Ciconia ciconia (Linnaeus, 1758)	7774	SPECIES	ACCEPTED	Animalia	1	Chordata	44	Aves	212	Ciconiiformes	839	Ciconiidae	9289	Ciconia	2481908	Ciconia ciconia	2481912	LC
5218521	Nyctalus Bowditch, 1825	5218521	Nyctalus Bowditch, 1825	25	GENUS	ACCEPTED	Animalia	1	Chordata	44	Mammalia	359	Chiroptera	734	Vespertilionidae	9368	Nyctalus	5218521			NE
7191719	Pyrrhula pyrrhula pyrrhula	7191719	Pyrrhula pyrrhula pyrrhula	2	SUBSPECIES	ACCEPTED	Animalia	1	Chordata	44	Aves	212	Passeriformes	729	Fringillidae	5242	Pyrrhula	2494529	Pyrrhula pyrrhula	2494543	
8069880	Falco rusticolus Linnaeus, 1758	8069880	Falco rusticolus Linnaeus, 1758	15	SPECIES	ACCEPTED	Animalia	1	Chordata	44	Aves	212	Falconiformes	7191407	Falconidae	5240	Falco	2480996	Falco rusticolus	8069880	LC
9809222	Abramis brama (Linnaeus, 1758)	9809222	Abramis brama (Linnaeus, 1758)	775	SPECIES	ACCEPTED	Animalia	1	Chordata	44			Cypriniformes	1153	Cyprinidae	7336	Abramis	2363407	Abramis brama	9809222	LC
2481171	Larus armenicus Buturlin, 1934	2481171	Larus armenicus Buturlin, 1934	15	SPECIES	ACCEPTED	Animalia	1	Chordata	44	Aves	212	Charadriiformes	7192402	Laridae	9316	Larus	2481126	Larus armenicus	2481171	LC
2492959	Sylvia conspicillata Temminck, 1820	2492959	Sylvia conspicillata Temminck, 1820	18	SPECIES	ACCEPTED	Animalia	1	Chordata	44	Aves	212	Passeriformes	729	Sylviidae	5285	Sylvia	2492941	Sylvia conspicillata	2492959	LC
2493598	Lonchura punctulata (Linnaeus, 1758)	2493598	Lonchura punctulata (Linnaeus, 1758)	1	SPECIES	ACCEPTED	Animalia	1	Chordata	44	Aves	212	Passeriformes	729	Estrildidae	5709	Lonchura	2493593	Lonchura punctulata	2493598	LC
2498094	Anas capensis J.F.Gmelin, 1789	2498094	Anas capensis J.F.Gmelin, 1789	1	SPECIES	ACCEPTED	Animalia	1	Chordata	44	Aves	212	Anseriformes	1108	Anatidae	2986	Anas	2498056	Anas capensis	2498094	LC
2359686	Rutilus pigus (Lacepède, 1803)	2359686	Rutilus pigus (Lacepède, 1803)	20	SPECIES	ACCEPTED	Animalia	1	Chordata	44			Cypriniformes	1153	Cyprinidae	7336	Rutilus	2359646	Rutilus pigus	2359686	LC
2394563	Micropterus salmoides (Lacepède, 1802)	2394563	Micropterus salmoides (Lacepède, 1802)	51	SPECIES	ACCEPTED	Animalia	1	Chordata	44			Perciformes	587	Centrarchidae	8513	Micropterus	2391100	Micropterus salmoides	2394563	LC
2492943	Sylvia communis Latham, 1787	2492943	Sylvia communis Latham, 1787	670	SPECIES	ACCEPTED	Animalia	1	Chordata	44	Aves	212	Passeriformes	729	Sylviidae	5285	Sylvia	2492941	Sylvia communis	2492943	LC
2498387	Aix sponsa (Linnaeus, 1758)	2498387	Aix sponsa (Linnaeus, 1758)	158	SPECIES	ACCEPTED	Animalia	1	Chordata	44	Aves	212	Anseriformes	1108	Anatidae	2986	Aix	2498386	Aix sponsa	2498387	LC
7806848	Certhia brachydactyla C.L.Brehm, 1820	7806848	Certhia brachydactyla C.L.Brehm, 1820	13367	SPECIES	ACCEPTED	Animalia	1	Chordata	44	Aves	212	Passeriformes	729	Certhiidae	5227	Certhia	2487601	Certhia brachydactyla	7806848	LC
2415460	Lota lota (Linnaeus, 1758)	2415460	Lota lota (Linnaeus, 1758)	759	SPECIES	ACCEPTED	Animalia	1	Chordata	44			Gadiformes	549	Lotidae	9639	Lota	2415459	Lota lota	2415460	LC
2480770	Geronticus eremita (Linnaeus, 1758)	2480770	Geronticus eremita (Linnaeus, 1758)	197	SPECIES	ACCEPTED	Animalia	1	Chordata	44	Aves	212	Pelecaniformes	7190953	Threskiornithidae	5288	Geronticus	2480768	Geronticus eremita	2480770	EN
5228080	Callipepla californica (Shaw, 1798)	5228080	Callipepla californica (Shaw, 1798)	16	SPECIES	ACCEPTED	Animalia	1	Chordata	44	Aves	212	Galliformes	723	Odontophoridae	9325	Callipepla	2474205	Callipepla californica	5228080	LC
2474029	Alectoris chukar (J.E.Gray, 1830)	2474029	Alectoris chukar (J.E.Gray, 1830)	16	SPECIES	ACCEPTED	Animalia	1	Chordata	44	Aves	212	Galliformes	723	Phasianidae	9331	Alectoris	2474025	Alectoris chukar	2474029	LC
2481172	Larus marinus Linnaeus, 1758	2481172	Larus marinus Linnaeus, 1758	211	SPECIES	ACCEPTED	Animalia	1	Chordata	44	Aves	212	Charadriiformes	7192402	Laridae	9316	Larus	2481126	Larus marinus	2481172	LC
5739290	Phalaropus lobatus (Linnaeus, 1758)	5739290	Phalaropus lobatus (Linnaeus, 1758)	101	SPECIES	ACCEPTED	Animalia	1	Chordata	44	Aves	212	Charadriiformes	7192402	Scolopacidae	5282	Phalaropus	9549339	Phalaropus lobatus	5739290	LC
9411857	Caprimulgus ruficollis Temminck, 1820	9411857	Caprimulgus ruficollis Temminck, 1820	15	SPECIES	ACCEPTED	Animalia	1	Chordata	44	Aves	212	Caprimulgiformes	8510645	Caprimulgidae	5225	Caprimulgus	2496826	Caprimulgus ruficollis	9411857	NT
3685	Ardeidae	3685	Ardeidae	2	FAMILY	ACCEPTED	Animalia	1	Chordata	44	Aves	212	Pelecaniformes	7190953	Ardeidae	3685					NE
2443244	Mauremys sinensis (Gray, 1834)	2443244	Mauremys sinensis (Gray, 1834)	4	SPECIES	ACCEPTED	Animalia	1	Chordata	44	Testudines	11418114			Geoemydidae	5463	Mauremys	9245902	Mauremys sinensis	2443244	CR
2497894	Surnia ulula (Linnaeus, 1758)	2497894	Surnia ulula (Linnaeus, 1758)	15	SPECIES	ACCEPTED	Animalia	1	Chordata	44	Aves	212	Strigiformes	1450	Strigidae	9348	Surnia	2497893	Surnia ulula	2497894	LC
2498056	Anas Linnaeus, 1758	2498056	Anas Linnaeus, 1758	1	GENUS	ACCEPTED	Animalia	1	Chordata	44	Aves	212	Anseriformes	1108	Anatidae	2986	Anas	2498056			NE
4408455	Hydrobates pelagicus (Linnaeus, 1758)	4408455	Hydrobates pelagicus (Linnaeus, 1758)	16	SPECIES	ACCEPTED	Animalia	1	Chordata	44	Aves	212	Procellariiformes	7192755	Hydrobatidae	5249	Hydrobates	2481972	Hydrobates pelagicus	4408455	LC
5959617	Coronella austriaca Laurenti, 1768	5959617	Coronella austriaca Laurenti, 1768	4430	SPECIES	ACCEPTED	Animalia	1	Chordata	44	Squamata	11592253			Colubridae	6172	Coronella	8772012	Coronella austriaca	5959617	LC
7191929	Emberiza schoeniclus schoeniclus	7191929	Emberiza schoeniclus schoeniclus	6	SUBSPECIES	ACCEPTED	Animalia	1	Chordata	44	Aves	212	Passeriformes	729	Emberizidae	9608	Emberiza	2491468	Emberiza schoeniclus	2491557	
9797180	Ardea cinerea Linnaeus, 1758	9797180	Ardea cinerea Linnaeus, 1758	32656	SPECIES	ACCEPTED	Animalia	1	Chordata	44	Aves	212	Pelecaniformes	7190953	Ardeidae	3685	Ardea	2480922	Ardea cinerea	9797180	LC
2479311	Platycercus elegans (Gmelin, 1788)	2479311	Platycercus elegans (Gmelin, 1788)	1	SPECIES	ACCEPTED	Animalia	1	Chordata	44	Aves	212	Psittaciformes	1445	Psittacidae	9340	Platycercus	9623552	Platycercus elegans	2479311	LC
4264680	Myocastor coypus (Molina, 1782)	4264680	Myocastor coypus (Molina, 1782)	508	SPECIES	ACCEPTED	Animalia	1	Chordata	44	Mammalia	359	Rodentia	1459	Myocastoridae	3240572	Myocastor	3240573	Myocastor coypus	4264680	LC
4409653	Phoxinus phoxinus (Linnaeus, 1758)	4409653	Phoxinus phoxinus (Linnaeus, 1758)	18	SPECIES	ACCEPTED	Animalia	1	Chordata	44			Cypriniformes	1153	Cyprinidae	7336	Phoxinus	3241387	Phoxinus phoxinus	4409653	LC
7191206	Pandion haliaetus haliaetus	7191206	Pandion haliaetus haliaetus	2	SUBSPECIES	ACCEPTED	Animalia	1	Chordata	44	Aves	212	Accipitriformes	7191147	Pandionidae	4408414	Pandion	2480725	Pandion haliaetus	2480726	
7192463	Arenaria interpres interpres	7192463	Arenaria interpres interpres	1	SUBSPECIES	ACCEPTED	Animalia	1	Chordata	44	Aves	212	Charadriiformes	7192402	Scolopacidae	5282	Arenaria	2481774	Arenaria interpres	2481776	
7820681	Parus ater Linnaeus, 1758	2487871	Periparus ater (Linnaeus, 1758)	668	SPECIES	SYNONYM	Animalia	1	Chordata	44	Aves	212	Passeriformes	729	Paridae	9327	Periparus	7736104	Periparus ater	2487871	LC
9687165	Motacilla alba Linnaeus, 1758	9687165	Motacilla alba Linnaeus, 1758	33401	SPECIES	ACCEPTED	Animalia	1	Chordata	44	Aves	212	Passeriformes	729	Motacillidae	5257	Motacilla	2490295	Motacilla alba	9687165	LC
2435035	Felis catus Linnaeus, 1758	2435035	Felis catus Linnaeus, 1758	82	SPECIES	ACCEPTED	Animalia	1	Chordata	44	Mammalia	359	Carnivora	732	Felidae	9703	Felis	2435022	Felis catus	2435035	NE
2436756	Lepus timidus Linnaeus, 1758	2436756	Lepus timidus Linnaeus, 1758	5739	SPECIES	ACCEPTED	Animalia	1	Chordata	44	Mammalia	359	Lagomorpha	785	Leporidae	9379	Lepus	2436691	Lepus timidus	2436756	LC
2480950	Casmerodius albus (Linnaeus, 1758)	9752617	Ardea alba Linnaeus, 1758	19	SPECIES	SYNONYM	Animalia	1	Chordata	44	Aves	212	Pelecaniformes	7190953	Ardeidae	3685	Ardea	2480922	Ardea alba	9752617	LC
2481299	Alle alle (Linnaeus, 1758)	2481299	Alle alle (Linnaeus, 1758)	15	SPECIES	ACCEPTED	Animalia	1	Chordata	44	Aves	212	Charadriiformes	7192402	Alcidae	2985	Alle	2481298	Alle alle	2481299	LC
2481784	Numenius phaeopus (Linnaeus, 1758)	2481784	Numenius phaeopus (Linnaeus, 1758)	369	SPECIES	ACCEPTED	Animalia	1	Chordata	44	Aves	212	Charadriiformes	7192402	Scolopacidae	5282	Numenius	2481781	Numenius phaeopus	2481784	LC
2495190	Ocyphaps lophotes (Temminck, 1822)	2495190	Ocyphaps lophotes (Temminck, 1822)	2	SPECIES	ACCEPTED	Animalia	1	Chordata	44	Aves	212	Columbiformes	1446	Columbidae	5233	Ocyphaps	2495189	Ocyphaps lophotes	2495190	LC
2498017	Anser albifrons (Scopoli, 1769)	2498017	Anser albifrons (Scopoli, 1769)	299	SPECIES	ACCEPTED	Animalia	1	Chordata	44	Aves	212	Anseriformes	1108	Anatidae	2986	Anser	2498016	Anser albifrons	2498017	LC
2431776	Salamandra salamandra (Linnaeus, 1758)	2431776	Salamandra salamandra (Linnaeus, 1758)	22368	SPECIES	ACCEPTED	Animalia	1	Chordata	44	Amphibia	131	Caudata	953	Salamandridae	6750	Salamandra	8024525	Salamandra salamandra	2431776	LC
2481205	Rissa tridactyla (Linnaeus, 1758)	2481205	Rissa tridactyla (Linnaeus, 1758)	94	SPECIES	ACCEPTED	Animalia	1	Chordata	44	Aves	212	Charadriiformes	7192402	Laridae	9316	Rissa	2481203	Rissa tridactyla	2481205	VU
2492955	Sylvia nisoria (Bechstein, 1792)	2492955	Sylvia nisoria (Bechstein, 1792)	25	SPECIES	ACCEPTED	Animalia	1	Chordata	44	Aves	212	Passeriformes	729	Sylviidae	5285	Sylvia	2492941	Sylvia nisoria	2492955	LC
2493075	Phylloscopus fuscatus (Blyth, 1842)	2493075	Phylloscopus fuscatus (Blyth, 1842)	1	SPECIES	ACCEPTED	Animalia	1	Chordata	44	Aves	212	Passeriformes	729	Phylloscopidae	6100963	Phylloscopus	2493047	Phylloscopus fuscatus	2493075	LC
5207138	Barbus thessalus Stephanidis, 1971	5207138	Barbus thessalus Stephanidis, 1971	2	SPECIES	ACCEPTED	Animalia	1	Chordata	44			Cypriniformes	1153	Cyprinidae	7336	Barbus	9183743	Barbus thessalus	5207138	NE
2480189	Fregata magnificens Mathews, 1914	2480189	Fregata magnificens Mathews, 1914	1	SPECIES	ACCEPTED	Animalia	1	Chordata	44	Aves	212	Suliformes	7192775	Fregatidae	5241	Fregata	2480184	Fregata magnificens	2480189	LC
2490283	Anthus cervinus (Pallas, 1811)	2490283	Anthus cervinus (Pallas, 1811)	175	SPECIES	ACCEPTED	Animalia	1	Chordata	44	Aves	212	Passeriformes	729	Motacillidae	5257	Anthus	2490241	Anthus cervinus	2490283	LC
2498325	Bucephala islandica (J.F.Gmelin, 1789)	2498325	Bucephala islandica (J.F.Gmelin, 1789)	15	SPECIES	ACCEPTED	Animalia	1	Chordata	44	Aves	212	Anseriformes	1108	Anatidae	2986	Bucephala	2498324	Bucephala islandica	2498325	LC
5227755	Meleagris ocellata Cuvier, 1820	5227755	Meleagris ocellata Cuvier, 1820	1	SPECIES	ACCEPTED	Animalia	1	Chordata	44	Aves	212	Galliformes	723	Phasianidae	9331	Meleagris	2473548	Meleagris ocellata	5227755	NT
8215487	Salmo trutta Linnaeus, 1758	8215487	Salmo trutta Linnaeus, 1758	24098	SPECIES	ACCEPTED	Animalia	1	Chordata	44			Salmoniformes	1313	Salmonidae	8615	Salmo	2347608	Salmo trutta	8215487	LC
2423441	Bombina orientalis (Boulenger, 1890)	2423441	Bombina orientalis (Boulenger, 1890)	1	SPECIES	ACCEPTED	Animalia	1	Chordata	44	Amphibia	131	Anura	952	Bombinatoridae	3077	Bombina	2423434	Bombina orientalis	2423441	LC
2481713	Tringa glareola Linnaeus, 1758	2481713	Tringa glareola Linnaeus, 1758	2151	SPECIES	ACCEPTED	Animalia	1	Chordata	44	Aves	212	Charadriiformes	7192402	Scolopacidae	5282	Tringa	2481709	Tringa glareola	2481713	LC
2481339	Uria lomvia (Linnaeus, 1758)	2481339	Uria lomvia (Linnaeus, 1758)	15	SPECIES	ACCEPTED	Animalia	1	Chordata	44	Aves	212	Charadriiformes	7192402	Alcidae	2985	Uria	2481338	Uria lomvia	2481339	LC
8798315	Strix aluco aluco	8798315	Strix aluco aluco	2	SUBSPECIES	ACCEPTED	Animalia	1	Chordata	44	Aves	212	Strigiformes	1450	Strigidae	9348	Strix	2497486	Strix aluco	9282206	
2479553	Agapornis personatus Reichenow, 1887	2479553	Agapornis personatus Reichenow, 1887	1	SPECIES	ACCEPTED	Animalia	1	Chordata	44	Aves	212	Psittaciformes	1445	Psittacidae	9340	Agapornis	2479538	Agapornis personatus	2479553	LC
4409009	Parus lugubris Temminck, 1820	2487857	Poecile lugubris (Temminck, 1820)	15	SPECIES	SYNONYM	Animalia	1	Chordata	44	Aves	212	Passeriformes	729	Paridae	9327	Poecile	2487782	Poecile lugubris	2487857	NE
6091301	Certhia familiaris macrodactyla C.L.Brehm, 1831	6091301	Certhia familiaris macrodactyla C.L.Brehm, 1831	18	SUBSPECIES	ACCEPTED	Animalia	1	Chordata	44	Aves	212	Passeriformes	729	Certhiidae	5227	Certhia	2487601	Certhia familiaris	2487603	
7261861	Hypsugo savii (Bonaparte, 1837)	7261861	Hypsugo savii (Bonaparte, 1837)	1419	SPECIES	ACCEPTED	Animalia	1	Chordata	44	Mammalia	359	Chiroptera	734	Vespertilionidae	9368	Hypsugo	4266275	Hypsugo savii	7261861	LC
9322612	Stictocarbo Bonaparte, 1855	2481854	Phalacrocorax Brisson, 1760	15	GENUS	SYNONYM	Animalia	1	Chordata	44	Aves	212	Suliformes	7192775	Phalacrocoracidae	5268	Phalacrocorax	2481854			
10983621	Curruca nisoria (Bechstein, 1792)	2492955	Sylvia nisoria (Bechstein, 1792)	9	SPECIES	SYNONYM	Animalia	1	Chordata	44	Aves	212	Passeriformes	729	Sylviidae	5285	Sylvia	2492941	Sylvia nisoria	2492955	LC
2468551	Zootoca vivipara (Jacquin, 1787)	9702100	Zootoca vivipara (Lichtenstein, 1823)	7122	SPECIES	SYNONYM	Animalia	1	Chordata	44	Squamata	11592253			Lacertidae	5201	Zootoca	2468550	Zootoca vivipara	9702100	NE
2482065	Podiceps nigricollis C.L.Brehm, 1831	2482065	Podiceps nigricollis C.L.Brehm, 1831	4048	SPECIES	ACCEPTED	Animalia	1	Chordata	44	Aves	212	Podicipediformes	7191588	Podicipedidae	9338	Podiceps	2482049	Podiceps nigricollis	2482065	LC
2482468	Corvus Linnaeus, 1758	2482468	Corvus Linnaeus, 1758	328	GENUS	ACCEPTED	Animalia	1	Chordata	44	Aves	212	Passeriformes	729	Corvidae	5235	Corvus	2482468			NE
2474831	Rallus aquaticus Linnaeus, 1758	2474831	Rallus aquaticus Linnaeus, 1758	6485	SPECIES	ACCEPTED	Animalia	1	Chordata	44	Aves	212	Gruiformes	1493	Rallidae	9342	Rallus	2474794	Rallus aquaticus	2474831	LC
4286328	Gasterosteus gymnurus Cuvier, 1829	4286327	Gasterosteus aculeatus Linnaeus, 1758	94	SPECIES	SYNONYM	Animalia	1	Chordata	44			Gasterosteiformes	550	Gasterosteidae	7666	Gasterosteus	2333602	Gasterosteus aculeatus	4286327	LC
5204019	Oncorhynchus mykiss (Walbaum, 1792)	5204019	Oncorhynchus mykiss (Walbaum, 1792)	1778	SPECIES	ACCEPTED	Animalia	1	Chordata	44			Salmoniformes	1313	Salmonidae	8615	Oncorhynchus	2351426	Oncorhynchus mykiss	5204019	NE
2480242	Vanellus vanellus (Linnaeus, 1758)	2480242	Vanellus vanellus (Linnaeus, 1758)	3884	SPECIES	ACCEPTED	Animalia	1	Chordata	44	Aves	212	Charadriiformes	7192402	Charadriidae	2480210	Vanellus	3242344	Vanellus vanellus	2480242	NT
2480259	Recurvirostra avosetta Linnaeus, 1758	2480259	Recurvirostra avosetta Linnaeus, 1758	178	SPECIES	ACCEPTED	Animalia	1	Chordata	44	Aves	212	Charadriiformes	7192402	Recurvirostridae	4287244	Recurvirostra	2480255	Recurvirostra avosetta	2480259	LC
7191596	Tachybaptus ruficollis ruficollis	7191596	Tachybaptus ruficollis ruficollis	4	SUBSPECIES	ACCEPTED	Animalia	1	Chordata	44	Aves	212	Podicipediformes	7191588	Podicipedidae	9338	Tachybaptus	2482040	Tachybaptus ruficollis	2482048	
2474162	Coturnix japonica Temminck & Schlegel, 1848	2474162	Coturnix japonica Temminck & Schlegel, 1848	1	SPECIES	ACCEPTED	Animalia	1	Chordata	44	Aves	212	Galliformes	723	Phasianidae	9331	Coturnix	8725725	Coturnix japonica	2474162	NT
4408439	Ardea ibis Linnaeus, 1758	2480830	Bubulcus ibis (Linnaeus, 1758)	49	SPECIES	SYNONYM	Animalia	1	Chordata	44	Aves	212	Pelecaniformes	7190953	Ardeidae	3685	Bubulcus	2480829	Bubulcus ibis	2480830	NE
5793223	Podiceps cristatus cristatus	5793223	Podiceps cristatus cristatus	15	SUBSPECIES	ACCEPTED	Animalia	1	Chordata	44	Aves	212	Podicipediformes	7191588	Podicipedidae	9338	Podiceps	2482049	Podiceps cristatus	2482054	
5845386	Pastor roseus (Linnaeus, 1758)	5845386	Pastor roseus (Linnaeus, 1758)	48	SPECIES	ACCEPTED	Animalia	1	Chordata	44	Aves	212	Passeriformes	729	Sturnidae	9350	Pastor	7799469	Pastor roseus	5845386	LC
2482012	Oceanodroma leucorhoa (Vieillot, 1818)	2482012	Oceanodroma leucorhoa (Vieillot, 1818)	15	SPECIES	ACCEPTED	Animalia	1	Chordata	44	Aves	212	Procellariiformes	7192755	Hydrobatidae	5249	Oceanodroma	2481998	Oceanodroma leucorhoa	2482012	VU
4848927	Leucocarbo atriceps (King, 1828)	4848927	Leucocarbo atriceps (King, 1828)	1	SPECIES	ACCEPTED	Animalia	1	Chordata	44	Aves	212	Suliformes	7192775	Phalacrocoracidae	5268	Leucocarbo	4848922	Leucocarbo atriceps	4848927	LC
2367885	Sabanejewia larvata (De Filippi, 1859)	2367885	Sabanejewia larvata (De Filippi, 1859)	11	SPECIES	ACCEPTED	Animalia	1	Chordata	44			Cypriniformes	1153	Cobitidae	3385	Sabanejewia	2367865	Sabanejewia larvata	2367885	LC
2479544	Agapornis fischeri Reichenow, 1887	2479544	Agapornis fischeri Reichenow, 1887	3	SPECIES	ACCEPTED	Animalia	1	Chordata	44	Aves	212	Psittaciformes	1445	Psittacidae	9340	Agapornis	2479538	Agapornis fischeri	2479544	NT
9809229	Sturnus vulgaris Linnaeus, 1758	9809229	Sturnus vulgaris Linnaeus, 1758	25450	SPECIES	ACCEPTED	Animalia	1	Chordata	44	Aves	212	Passeriformes	729	Sturnidae	9350	Sturnus	2489099	Sturnus vulgaris	9809229	LC
2365778	Squalius squalus (Bonaparte, 1837)	2365778	Squalius squalus (Bonaparte, 1837)	109	SPECIES	ACCEPTED	Animalia	1	Chordata	44			Cypriniformes	1153	Cyprinidae	7336	Squalius	2365677	Squalius squalus	2365778	LC
2473577	Tetrao urogallus Linnaeus, 1758	2473577	Tetrao urogallus Linnaeus, 1758	218	SPECIES	ACCEPTED	Animalia	1	Chordata	44	Aves	212	Galliformes	723	Phasianidae	9331	Tetrao	2473573	Tetrao urogallus	2473577	LC
2498127	Anas georgica J.F.Gmelin, 1789	2498127	Anas georgica J.F.Gmelin, 1789	6	SPECIES	ACCEPTED	Animalia	1	Chordata	44	Aves	212	Anseriformes	1108	Anatidae	2986	Anas	2498056	Anas georgica	2498127	LC
6093527	Regulus ignicapilla (Temminck, 1820)	6093527	Regulus ignicapilla (Temminck, 1820)	7634	SPECIES	ACCEPTED	Animalia	1	Chordata	44	Aves	212	Passeriformes	729	Regulidae	5279	Regulus	2484589	Regulus ignicapilla	6093527	LC
6159264	Lacerta media Lantz & Cyrén, 1920	6159264	Lacerta media Lantz & Cyrén, 1920	1	SPECIES	ACCEPTED	Animalia	1	Chordata	44	Squamata	11592253			Lacertidae	5201	Lacerta	2469780	Lacerta media	6159264	LC
7341393	Certhia brachydactyla brachydactyla	7341393	Certhia brachydactyla brachydactyla	1	SUBSPECIES	ACCEPTED	Animalia	1	Chordata	44	Aves	212	Passeriformes	729	Certhiidae	5227	Certhia	2487601	Certhia brachydactyla	7806848	
7342180	Anthus trivialis trivialis	7342180	Anthus trivialis trivialis	7	SUBSPECIES	ACCEPTED	Animalia	1	Chordata	44	Aves	212	Passeriformes	729	Motacillidae	5257	Anthus	2490241	Anthus trivialis	2490246	
10300529	Aythya ferina x fuligula	10300529	Aythya ferina x fuligula	1	SPECIES	ACCEPTED	Animalia	1	Chordata	44	Aves	212	Anseriformes	1108	Anatidae	2986	Aythya	2498254	Aythya ferina x fuligula	10300529	
2443368	Mauremys japonica (Temminck & Schlegel, 1835)	2443368	Mauremys japonica (Temminck & Schlegel, 1835)	1	SPECIES	ACCEPTED	Animalia	1	Chordata	44	Testudines	11418114			Geoemydidae	5463	Mauremys	9245902	Mauremys japonica	2443368	NT
2480726	Pandion haliaetus (Linnaeus, 1758)	2480726	Pandion haliaetus (Linnaeus, 1758)	669	SPECIES	ACCEPTED	Animalia	1	Chordata	44	Aves	212	Accipitriformes	7191147	Pandionidae	4408414	Pandion	2480725	Pandion haliaetus	2480726	LC
2481789	Numenius tenuirostris Vieillot, 1817	2481789	Numenius tenuirostris Vieillot, 1817	1	SPECIES	ACCEPTED	Animalia	1	Chordata	44	Aves	212	Charadriiformes	7192402	Scolopacidae	5282	Numenius	2481781	Numenius tenuirostris	2481789	CR
2494177	Loxia scotica Hartert, 1904	2494177	Loxia scotica Hartert, 1904	15	SPECIES	ACCEPTED	Animalia	1	Chordata	44	Aves	212	Passeriformes	729	Fringillidae	5242	Loxia	2494150	Loxia scotica	2494177	LC
7341585	Phylloscopus ibericus Ticehurst, 1937	7341585	Phylloscopus ibericus Ticehurst, 1937	24	SPECIES	ACCEPTED	Animalia	1	Chordata	44	Aves	212	Passeriformes	729	Phylloscopidae	6100963	Phylloscopus	2493047	Phylloscopus ibericus	7341585	LC
8144830	Loxia leucoptera J.F.Gmelin, 1789	8144830	Loxia leucoptera J.F.Gmelin, 1789	15	SPECIES	ACCEPTED	Animalia	1	Chordata	44	Aves	212	Passeriformes	729	Fringillidae	5242	Loxia	2494150	Loxia leucoptera	8144830	LC
2489102	Sturnus roseus (Linnaeus, 1758)	5845386	Pastor roseus (Linnaeus, 1758)	15	SPECIES	SYNONYM	Animalia	1	Chordata	44	Aves	212	Passeriformes	729	Sturnidae	9350	Pastor	7799469	Pastor roseus	5845386	LC
2492867	Lanius senator Linnaeus, 1758	2492867	Lanius senator Linnaeus, 1758	115	SPECIES	ACCEPTED	Animalia	1	Chordata	44	Aves	212	Passeriformes	729	Laniidae	9315	Lanius	2483315	Lanius senator	2492867	NT
2350964	Coregonus zuerichensis Nüsslin, 1882	2350964	Coregonus zuerichensis Nüsslin, 1882	6	SPECIES	ACCEPTED	Animalia	1	Chordata	44			Salmoniformes	1313	Salmonidae	8615	Coregonus	2350934	Coregonus zuerichensis	2350964	LC
2477899	Dendrocopos Koch, 1816	2477899	Dendrocopos Koch, 1816	1	GENUS	ACCEPTED	Animalia	1	Chordata	44	Aves	212	Piciformes	724	Picidae	9333	Dendrocopos	2477899			NE
2480389	Gyps fulvus (Hablizl, 1783)	2480389	Gyps fulvus (Hablizl, 1783)	634	SPECIES	ACCEPTED	Animalia	1	Chordata	44	Aves	212	Accipitriformes	7191147	Accipitridae	2877	Gyps	2480382	Gyps fulvus	2480389	LC
2481194	Larus melanocephalus Temminck, 1820	8151548	Ichthyaetus melanocephalus (Temminck, 1820)	32	SPECIES	SYNONYM	Animalia	1	Chordata	44	Aves	212	Charadriiformes	7192402	Laridae	9316	Ichthyaetus	7237184	Ichthyaetus melanocephalus	8151548	LC
2489018	Sarcops calvus (Linnaeus, 1766)	2489018	Sarcops calvus (Linnaeus, 1766)	1	SPECIES	ACCEPTED	Animalia	1	Chordata	44	Aves	212	Passeriformes	729	Sturnidae	9350	Sarcops	2489017	Sarcops calvus	2489018	LC
5229230	Sterna paradisaea Pontoppidan, 1763	5229230	Sterna paradisaea Pontoppidan, 1763	111	SPECIES	ACCEPTED	Animalia	1	Chordata	44	Aves	212	Charadriiformes	7192402	Laridae	9316	Sterna	2481227	Sterna paradisaea	5229230	LC
2434532	Alopex lagopus (Linnaeus, 1758)	5219303	Vulpes lagopus (Linnaeus, 1758)	6	SPECIES	SYNONYM	Animalia	1	Chordata	44	Mammalia	359	Carnivora	732	Canidae	9701	Vulpes	5219234	Vulpes lagopus	5219303	LC
2442843	Pseudemys nelsoni Carr, 1938	2442843	Pseudemys nelsoni Carr, 1938	4	SPECIES	ACCEPTED	Animalia	1	Chordata	44	Testudines	11418114			Emydidae	5465	Pseudemys	2443162	Pseudemys nelsoni	2442843	LC
2492942	Sylvia borin (Boddaert, 1783)	2492942	Sylvia borin (Boddaert, 1783)	4928	SPECIES	ACCEPTED	Animalia	1	Chordata	44	Aves	212	Passeriformes	729	Sylviidae	5285	Sylvia	2492941	Sylvia borin	2492942	LC
2493367	Panurus biarmicus (Linnaeus, 1758)	2493367	Panurus biarmicus (Linnaeus, 1758)	1150	SPECIES	ACCEPTED	Animalia	1	Chordata	44	Aves	212	Passeriformes	729	Panuridae	6100802	Panurus	2493366	Panurus biarmicus	2493367	LC
2479226	Psittacula krameri (Scopoli, 1769)	2479226	Psittacula krameri (Scopoli, 1769)	24	SPECIES	ACCEPTED	Animalia	1	Chordata	44	Aves	212	Psittaciformes	1445	Psittacidae	9340	Psittacula	2479192	Psittacula krameri	2479226	LC
2480666	Circaetus gallicus (Gmelin, 1788)	2480666	Circaetus gallicus (Gmelin, 1788)	271	SPECIES	ACCEPTED	Animalia	1	Chordata	44	Aves	212	Accipitriformes	7191147	Accipitridae	2877	Circaetus	2480661	Circaetus gallicus	2480666	LC
5229287	Brachyramphus perdix (Pallas, 1811)	5229287	Brachyramphus perdix (Pallas, 1811)	1	SPECIES	ACCEPTED	Animalia	1	Chordata	44	Aves	212	Charadriiformes	7192402	Alcidae	2985	Brachyramphus	2481326	Brachyramphus perdix	5229287	NT
5232451	Branta ruficollis (Pallas, 1769)	5232451	Branta ruficollis (Pallas, 1769)	344	SPECIES	ACCEPTED	Animalia	1	Chordata	44	Aves	212	Anseriformes	1108	Anatidae	2986	Branta	2498190	Branta ruficollis	5232451	VU
2365685	Squalius cephalus (Linnaeus, 1758)	2365685	Squalius cephalus (Linnaeus, 1758)	4302	SPECIES	ACCEPTED	Animalia	1	Chordata	44			Cypriniformes	1153	Cyprinidae	7336	Squalius	2365677	Squalius cephalus	2365685	LC
2432345	Eptesicus Rafinesque, 1820	2432345	Eptesicus Rafinesque, 1820	39	GENUS	ACCEPTED	Animalia	1	Chordata	44	Mammalia	359	Chiroptera	734	Vespertilionidae	9368	Eptesicus	2432345			NE
2487879	Cyanistes caeruleus (Linnaeus, 1758)	2487879	Cyanistes caeruleus (Linnaeus, 1758)	39346	SPECIES	ACCEPTED	Animalia	1	Chordata	44	Aves	212	Passeriformes	729	Paridae	9327	Cyanistes	2487875	Cyanistes caeruleus	2487879	LC
2491678	Calcarius lapponicus (Linnaeus, 1758)	2491678	Calcarius lapponicus (Linnaeus, 1758)	28	SPECIES	ACCEPTED	Animalia	1	Chordata	44	Aves	212	Passeriformes	729	Calcariidae	6101141	Calcarius	2491676	Calcarius lapponicus	2491678	LC
2498252	Alopochen aegyptiaca (Linnaeus, 1766)	2498252	Alopochen aegyptiaca (Linnaeus, 1766)	3246	SPECIES	ACCEPTED	Animalia	1	Chordata	44	Aves	212	Anseriformes	1108	Anatidae	2986	Alopochen	2498251	Alopochen aegyptiaca	2498252	LC
5227679	Lagopus muta (Montin, 1781)	5227679	Lagopus muta (Montin, 1781)	1273	SPECIES	ACCEPTED	Animalia	1	Chordata	44	Aves	212	Galliformes	723	Phasianidae	9331	Lagopus	2473369	Lagopus muta	5227679	LC
7190651	Coronella austriaca austriaca	7190651	Coronella austriaca austriaca	1	SUBSPECIES	ACCEPTED	Animalia	1	Chordata	44	Squamata	11592253			Colubridae	6172	Coronella	8772012	Coronella austriaca	5959617	
2481120	Chlidonias leucopterus (Temminck, 1815)	2481120	Chlidonias leucopterus (Temminck, 1815)	141	SPECIES	ACCEPTED	Animalia	1	Chordata	44	Aves	212	Charadriiformes	7192402	Laridae	9316	Chlidonias	2481118	Chlidonias leucopterus	2481120	LC
2493129	Acrocephalus schoenobaenus (Linnaeus, 1758)	2493129	Acrocephalus schoenobaenus (Linnaeus, 1758)	645	SPECIES	ACCEPTED	Animalia	1	Chordata	44	Aves	212	Passeriformes	729	Acrocephalidae	6101019	Acrocephalus	2493112	Acrocephalus schoenobaenus	2493129	LC
7342247	Turdus torquatus torquatus	7342247	Turdus torquatus torquatus	4	SUBSPECIES	ACCEPTED	Animalia	1	Chordata	44	Aves	212	Passeriformes	729	Turdidae	5290	Turdus	2490714	Turdus torquatus	7865305	
2431783	Ichthyosaura alpestris (Laurenti, 1768)	2431783	Ichthyosaura alpestris (Laurenti, 1768)	67198	SPECIES	ACCEPTED	Animalia	1	Chordata	44	Amphibia	131	Caudata	953	Salamandridae	6750	Ichthyosaura	2431782	Ichthyosaura alpestris	2431783	LC
2481193	Larus audouinii Payraudeau, 1826	7406504	Ichthyaetus audouinii (Payraudeau, 1826)	15	SPECIES	SYNONYM	Animalia	1	Chordata	44	Aves	212	Charadriiformes	7192402	Laridae	9316	Ichthyaetus	7237184	Ichthyaetus audouinii	7406504	VU
5844774	Poecile montanus rhenanus (O.Kleinschmidt, 1900)	5844774	Poecile montanus rhenanus (O.Kleinschmidt, 1900)	6	SUBSPECIES	ACCEPTED	Animalia	1	Chordata	44	Aves	212	Passeriformes	729	Paridae	9327	Poecile	2487782	Poecile montanus	2487866	
10507373	Curruca communis (Latham, 1787)	2492943	Sylvia communis Latham, 1787	1385	SPECIES	SYNONYM	Animalia	1	Chordata	44	Aves	212	Passeriformes	729	Sylviidae	5285	Sylvia	2492941	Sylvia communis	2492943	LC
2494394	Bucanetes githagineus (M.H.K.Lichtenstein, 1823)	2494394	Bucanetes githagineus (M.H.K.Lichtenstein, 1823)	21	SPECIES	ACCEPTED	Animalia	1	Chordata	44	Aves	212	Passeriformes	729	Fringillidae	5242	Bucanetes	2494393	Bucanetes githagineus	2494394	LC
2494543	Pyrrhula pyrrhula (Linnaeus, 1758)	2494543	Pyrrhula pyrrhula (Linnaeus, 1758)	5179	SPECIES	ACCEPTED	Animalia	1	Chordata	44	Aves	212	Passeriformes	729	Fringillidae	5242	Pyrrhula	2494529	Pyrrhula pyrrhula	2494543	LC
2497522	Strix nebulosa J.R.Forster, 1772	2497522	Strix nebulosa J.R.Forster, 1772	15	SPECIES	ACCEPTED	Animalia	1	Chordata	44	Aves	212	Strigiformes	1450	Strigidae	9348	Strix	2497486	Strix nebulosa	2497522	LC
5231770	Prunella collaris (Scopoli, 1769)	5231770	Prunella collaris (Scopoli, 1769)	3244	SPECIES	ACCEPTED	Animalia	1	Chordata	44	Aves	212	Passeriformes	729	Prunellidae	5273	Prunella	2495070	Prunella collaris	5231770	LC
5789290	Larus graellsii A.E.Brehm, 1857	6178146	Larus fuscus graellsii A.E.Brehm, 1857	15	SPECIES	SYNONYM	Animalia	1	Chordata	44	Aves	212	Charadriiformes	7192402	Laridae	9316	Larus	2481126	Larus fuscus	2481174	NE
7191925	Emberiza calandra calandra	7191925	Emberiza calandra calandra	2	SUBSPECIES	ACCEPTED	Animalia	1	Chordata	44	Aves	212	Passeriformes	729	Emberizidae	9608	Emberiza	2491468	Emberiza calandra	7634625	
9444556	Lanius excubitor Linnaeus, 1758	9444556	Lanius excubitor Linnaeus, 1758	658	SPECIES	ACCEPTED	Animalia	1	Chordata	44	Aves	212	Passeriformes	729	Laniidae	9315	Lanius	2483315	Lanius excubitor	9444556	LC
9789837	Picus canus canus	9789837	Picus canus canus	3	SUBSPECIES	ACCEPTED	Animalia	1	Chordata	44	Aves	212	Piciformes	724	Picidae	9333	Picus	2478487	Picus canus	2478548	
2340977	Ameiurus melas (Rafinesque, 1820)	2340977	Ameiurus melas (Rafinesque, 1820)	73	SPECIES	ACCEPTED	Animalia	1	Chordata	44			Siluriformes	708	Ictaluridae	5153	Ameiurus	2340965	Ameiurus melas	2340977	LC
2473442	Tetraogallus caspius (S.G.Gmelin, 1784)	2473442	Tetraogallus caspius (S.G.Gmelin, 1784)	15	SPECIES	ACCEPTED	Animalia	1	Chordata	44	Aves	212	Galliformes	723	Phasianidae	9331	Tetraogallus	2473441	Tetraogallus caspius	2473442	LC
2493136	Acrocephalus palustris (Bechstein, 1798)	2493136	Acrocephalus palustris (Bechstein, 1798)	1772	SPECIES	ACCEPTED	Animalia	1	Chordata	44	Aves	212	Passeriformes	729	Acrocephalidae	6101019	Acrocephalus	2493112	Acrocephalus palustris	2493136	LC
2479498	Polytelis anthopeplus (Lear, 1831)	2479498	Polytelis anthopeplus (Lear, 1831)	1	SPECIES	ACCEPTED	Animalia	1	Chordata	44	Aves	212	Psittaciformes	1445	Psittacidae	9340	Polytelis	2479496	Polytelis anthopeplus	2479498	LC
2490674	Chersophilus duponti (Vieillot, 1824)	2490674	Chersophilus duponti (Vieillot, 1824)	15	SPECIES	ACCEPTED	Animalia	1	Chordata	44	Aves	212	Passeriformes	729	Alaudidae	7211	Chersophilus	2490673	Chersophilus duponti	2490674	VU
2493114	Acrocephalus paludicola (Vieillot, 1817)	2493114	Acrocephalus paludicola (Vieillot, 1817)	77	SPECIES	ACCEPTED	Animalia	1	Chordata	44	Aves	212	Passeriformes	729	Acrocephalidae	6101019	Acrocephalus	2493112	Acrocephalus paludicola	2493114	VU
2494422	Fringilla coelebs Linnaeus, 1758	2494422	Fringilla coelebs Linnaeus, 1758	46484	SPECIES	ACCEPTED	Animalia	1	Chordata	44	Aves	212	Passeriformes	729	Fringillidae	5242	Fringilla	2494421	Fringilla coelebs	2494422	LC
2498398	Dendrocygna arcuata (Horsfield, 1824)	2498398	Dendrocygna arcuata (Horsfield, 1824)	1	SPECIES	ACCEPTED	Animalia	1	Chordata	44	Aves	212	Anseriformes	1108	Anatidae	2986	Dendrocygna	2498392	Dendrocygna arcuata	2498398	LC
5227919	Francolinus francolinus (Linnaeus, 1766)	5227919	Francolinus francolinus (Linnaeus, 1766)	15	SPECIES	ACCEPTED	Animalia	1	Chordata	44	Aves	212	Galliformes	723	Phasianidae	9331	Francolinus	5227810	Francolinus francolinus	5227919	LC
5787719	Plecotus macrobullaris Kuzyakin, 1965	5787719	Plecotus macrobullaris Kuzyakin, 1965	1076	SPECIES	ACCEPTED	Animalia	1	Chordata	44	Mammalia	359	Chiroptera	734	Vespertilionidae	9368	Plecotus	5428957	Plecotus macrobullaris	5787719	LC
9310871	Columba livia f. domestica	9310871	Columba livia f. domestica	74	FORM	ACCEPTED	Animalia	1	Chordata	44	Aves	212	Columbiformes	1446	Columbidae	5233	Columba	2495404	Columba livia	2495414	
9451184	Pavo cristatus Linnaeus, 1758	9451184	Pavo cristatus Linnaeus, 1758	9	SPECIES	ACCEPTED	Animalia	1	Chordata	44	Aves	212	Galliformes	723	Phasianidae	9331	Pavo	2473598	Pavo cristatus	9451184	LC
2438162	Chionomys nivalis (Martins, 1842)	2438162	Chionomys nivalis (Martins, 1842)	955	SPECIES	ACCEPTED	Animalia	1	Chordata	44	Mammalia	359	Rodentia	1459	Cricetidae	3240723	Chionomys	2438159	Chionomys nivalis	2438162	LC
2490270	Anthus berthelotii Bolle, 1862	2490270	Anthus berthelotii Bolle, 1862	15	SPECIES	ACCEPTED	Animalia	1	Chordata	44	Aves	212	Passeriformes	729	Motacillidae	5257	Anthus	2490241	Anthus berthelotii	2490270	LC
5229249	Sterna dougallii Montagu, 1813	5229249	Sterna dougallii Montagu, 1813	28	SPECIES	ACCEPTED	Animalia	1	Chordata	44	Aves	212	Charadriiformes	7192402	Laridae	9316	Sterna	2481227	Sterna dougallii	5229249	LC
10602587	Eutamias sibiricus (Laxmann, 1769)	2437450	Tamias sibiricus (Laxmann, 1769)	13	SPECIES	SYNONYM	Animalia	1	Chordata	44	Mammalia	359	Rodentia	1459	Sciuridae	9456	Tamias	2437422	Tamias sibiricus	2437450	LC
2498097	Anas castanea (Eyton, 1838)	2498097	Anas castanea (Eyton, 1838)	1	SPECIES	ACCEPTED	Animalia	1	Chordata	44	Aves	212	Anseriformes	1108	Anatidae	2986	Anas	2498056	Anas castanea	2498097	LC
2439223	Rattus Fischer, 1803	2439223	Rattus Fischer, 1803	5	GENUS	ACCEPTED	Animalia	1	Chordata	44	Mammalia	359	Rodentia	1459	Muridae	5510	Rattus	2439223			NE
2477411	Tachymarptis melba (Linnaeus, 1758)	2477411	Tachymarptis melba (Linnaeus, 1758)	3631	SPECIES	ACCEPTED	Animalia	1	Chordata	44	Aves	212	Apodiformes	1448	Apodidae	2993	Tachymarptis	8540301	Tachymarptis melba	2477411	LC
5232464	Branta leucopsis (Bechstein, 1803)	5232464	Branta leucopsis (Bechstein, 1803)	482	SPECIES	ACCEPTED	Animalia	1	Chordata	44	Aves	212	Anseriformes	1108	Anatidae	2986	Branta	2498190	Branta leucopsis	5232464	LC
2362868	Pseudorasbora parva (Temminck & Schlegel, 1846)	2362868	Pseudorasbora parva (Temminck & Schlegel, 1846)	37	SPECIES	ACCEPTED	Animalia	1	Chordata	44			Cypriniformes	1153	Cyprinidae	7336	Pseudorasbora	2362864	Pseudorasbora parva	2362868	LC
2437364	Marmota Blumenbach, 1779	2437364	Marmota Blumenbach, 1779	4	GENUS	ACCEPTED	Animalia	1	Chordata	44	Mammalia	359	Rodentia	1459	Sciuridae	9456	Marmota	2437364			NE
2439688	Dryomys nitedula (Pallas, 1778)	2439688	Dryomys nitedula (Pallas, 1778)	34	SPECIES	ACCEPTED	Animalia	1	Chordata	44	Mammalia	359	Rodentia	1459	Gliridae	3240562	Dryomys	2439685	Dryomys nitedula	2439688	LC
9422220	Spatula discors (Linnaeus, 1766)	9422220	Spatula discors (Linnaeus, 1766)	2	SPECIES	ACCEPTED	Animalia	1	Chordata	44	Aves	212	Anseriformes	1108	Anatidae	2986	Spatula	4850990	Spatula discors	9422220	LC
2480876	Egretta garzetta (Linnaeus, 1766)	2480876	Egretta garzetta (Linnaeus, 1766)	1958	SPECIES	ACCEPTED	Animalia	1	Chordata	44	Aves	212	Pelecaniformes	7190953	Ardeidae	3685	Egretta	2480872	Egretta garzetta	2480876	LC
2495696	Streptopelia decaocto (Frivaldszky, 1838)	2495696	Streptopelia decaocto (Frivaldszky, 1838)	13704	SPECIES	ACCEPTED	Animalia	1	Chordata	44	Aves	212	Columbiformes	1446	Columbidae	5233	Streptopelia	2495657	Streptopelia decaocto	2495696	LC
4408498	Crex crex (Linnaeus, 1758)	4408498	Crex crex (Linnaeus, 1758)	199	SPECIES	ACCEPTED	Animalia	1	Chordata	44	Aves	212	Gruiformes	1493	Rallidae	9342	Crex	3242956	Crex crex	4408498	LC
4409519	Coregonus duplex Fatio, 1890	4409519	Coregonus duplex Fatio, 1890	5	SPECIES	ACCEPTED	Animalia	1	Chordata	44			Salmoniformes	1313	Salmonidae	8615	Coregonus	2350934	Coregonus duplex	4409519	NE
2351153	Coregonus albellus Fatio, 1890	2351153	Coregonus albellus Fatio, 1890	3	SPECIES	ACCEPTED	Animalia	1	Chordata	44			Salmoniformes	1313	Salmonidae	8615	Coregonus	2350934	Coregonus albellus	2351153	LC
2474864	Chlamydotis undulata (Jacquin, 1784)	2474864	Chlamydotis undulata (Jacquin, 1784)	1	SPECIES	ACCEPTED	Animalia	1	Chordata	44	Aves	212	Otidiformes	8708973	Otididae	9610	Chlamydotis	2474862	Chlamydotis undulata	2474864	VU
2498090	Anas bahamensis Linnaeus, 1758	2498090	Anas bahamensis Linnaeus, 1758	221	SPECIES	ACCEPTED	Animalia	1	Chordata	44	Aves	212	Anseriformes	1108	Anatidae	2986	Anas	2498056	Anas bahamensis	2498090	LC
2489089	Lamprotornis splendidus (Vieillot, 1822)	2489089	Lamprotornis splendidus (Vieillot, 1822)	1	SPECIES	ACCEPTED	Animalia	1	Chordata	44	Aves	212	Passeriformes	729	Sturnidae	9350	Lamprotornis	2489069	Lamprotornis splendidus	2489089	LC
5231438	Troglodytes troglodytes (Linnaeus, 1758)	5231438	Troglodytes troglodytes (Linnaeus, 1758)	19999	SPECIES	ACCEPTED	Animalia	1	Chordata	44	Aves	212	Passeriformes	729	Troglodytidae	9355	Troglodytes	2493899	Troglodytes troglodytes	5231438	LC
5231244	Oenanthe deserti (Temminck, 1825)	5231244	Oenanthe deserti (Temminck, 1825)	17	SPECIES	ACCEPTED	Animalia	1	Chordata	44	Aves	212	Passeriformes	729	Muscicapidae	9322	Oenanthe	2492483	Oenanthe deserti	5231244	LC
10962505	Curruca nisoria nisoria	2492955	Sylvia nisoria (Bechstein, 1792)	1	SUBSPECIES	SYNONYM	Animalia	1	Chordata	44	Aves	212	Passeriformes	729	Sylviidae	5285	Sylvia	2492941	Sylvia nisoria	2492955	
2347608	Salmo Linnaeus, 1758	2347608	Salmo Linnaeus, 1758	2	GENUS	ACCEPTED	Animalia	1	Chordata	44			Salmoniformes	1313	Salmonidae	8615	Salmo	2347608			NE
2480331	Pluvialis fulva (J.F.Gmelin, 1789)	2480331	Pluvialis fulva (J.F.Gmelin, 1789)	2	SPECIES	ACCEPTED	Animalia	1	Chordata	44	Aves	212	Charadriiformes	7192402	Charadriidae	2480210	Pluvialis	2480326	Pluvialis fulva	2480331	LC
2481034	Falco cherrug J.E.Gray, 1834	2481034	Falco cherrug J.E.Gray, 1834	15	SPECIES	ACCEPTED	Animalia	1	Chordata	44	Aves	212	Falconiformes	7191407	Falconidae	5240	Falco	2480996	Falco cherrug	2481034	EN
2498035	Anser indicus (Latham, 1790)	2498035	Anser indicus (Latham, 1790)	160	SPECIES	ACCEPTED	Animalia	1	Chordata	44	Aves	212	Anseriformes	1108	Anatidae	2986	Anser	2498016	Anser indicus	2498035	LC
5846290	Saxicola maurus (Pallas, 1773)	5846290	Saxicola maurus (Pallas, 1773)	28	SPECIES	ACCEPTED	Animalia	1	Chordata	44	Aves	212	Passeriformes	729	Muscicapidae	9322	Saxicola	2492516	Saxicola maurus	5846290	NE
6065841	Hydrocoloeus minutus (Pallas, 1776)	6065841	Hydrocoloeus minutus (Pallas, 1776)	754	SPECIES	ACCEPTED	Animalia	1	Chordata	44	Aves	212	Charadriiformes	7192402	Laridae	9316	Hydrocoloeus	4848514	Hydrocoloeus minutus	6065841	LC
8214667	Anas crecca Linnaeus, 1758	8214667	Anas crecca Linnaeus, 1758	10732	SPECIES	ACCEPTED	Animalia	1	Chordata	44	Aves	212	Anseriformes	1108	Anatidae	2986	Anas	2498056	Anas crecca	8214667	LC
2492542	Luscinia luscinia (Linnaeus, 1758)	2492542	Luscinia luscinia (Linnaeus, 1758)	19	SPECIES	ACCEPTED	Animalia	1	Chordata	44	Aves	212	Passeriformes	729	Muscicapidae	9322	Luscinia	5429330	Luscinia luscinia	2492542	LC
5845078	Lanius senator badius Hartlaub, 1854	5845078	Lanius senator badius Hartlaub, 1854	2	SUBSPECIES	ACCEPTED	Animalia	1	Chordata	44	Aves	212	Passeriformes	729	Laniidae	9315	Lanius	2483315	Lanius senator	2492867	
7341958	Regulus regulus regulus	7341958	Regulus regulus regulus	8	SUBSPECIES	ACCEPTED	Animalia	1	Chordata	44	Aves	212	Passeriformes	729	Regulidae	5279	Regulus	2484589	Regulus regulus	2484596	
2493052	Phylloscopus trochilus (Linnaeus, 1758)	2493052	Phylloscopus trochilus (Linnaeus, 1758)	4403	SPECIES	ACCEPTED	Animalia	1	Chordata	44	Aves	212	Passeriformes	729	Phylloscopidae	6100963	Phylloscopus	2493047	Phylloscopus trochilus	2493052	LC
5739298	Aegolius funereus (Linnaeus, 1758)	5739298	Aegolius funereus (Linnaeus, 1758)	640	SPECIES	ACCEPTED	Animalia	1	Chordata	44	Aves	212	Strigiformes	1450	Strigidae	9348	Aegolius	8095667	Aegolius funereus	5739298	LC
2360551	Chondrostoma nasus (Linnaeus, 1758)	2360551	Chondrostoma nasus (Linnaeus, 1758)	637	SPECIES	ACCEPTED	Animalia	1	Chordata	44			Cypriniformes	1153	Cyprinidae	7336	Chondrostoma	2360535	Chondrostoma nasus	2360551	LC
2477927	Dendrocopos leucotos (Bechstein, 1802)	2477927	Dendrocopos leucotos (Bechstein, 1802)	22	SPECIES	ACCEPTED	Animalia	1	Chordata	44	Aves	212	Piciformes	724	Picidae	9333	Dendrocopos	2477899	Dendrocopos leucotos	2477927	LC
5706764	Myodes glareolus (Schreber, 1780)	5706764	Myodes glareolus (Schreber, 1780)	11236	SPECIES	ACCEPTED	Animalia	1	Chordata	44	Mammalia	359	Rodentia	1459	Cricetidae	3240723	Myodes	2438724	Myodes glareolus	5706764	LC
5219833	Micromys minutus (Pallas, 1771)	5219833	Micromys minutus (Pallas, 1771)	501	SPECIES	ACCEPTED	Animalia	1	Chordata	44	Mammalia	359	Rodentia	1459	Muridae	5510	Micromys	7747627	Micromys minutus	5219833	LC
6164905	Lepus timidus varronis Miller, 1901	6164905	Lepus timidus varronis Miller, 1901	3	SUBSPECIES	ACCEPTED	Animalia	1	Chordata	44	Mammalia	359	Lagomorpha	785	Leporidae	9379	Lepus	2436691	Lepus timidus	2436756	
7192607	Jynx torquilla torquilla	7192607	Jynx torquilla torquilla	1	SUBSPECIES	ACCEPTED	Animalia	1	Chordata	44	Aves	212	Piciformes	724	Picidae	9333	Jynx	2478152	Jynx torquilla	8012314	
7937336	Charadrius dubius Scopoli, 1786	7937336	Charadrius dubius Scopoli, 1786	2005	SPECIES	ACCEPTED	Animalia	1	Chordata	44	Aves	212	Charadriiformes	7192402	Charadriidae	2480210	Charadrius	2480277	Charadrius dubius	7937336	LC
2382117	Zingel asper (Linnaeus, 1758)	2382117	Zingel asper (Linnaeus, 1758)	70	SPECIES	ACCEPTED	Animalia	1	Chordata	44			Perciformes	587	Percidae	4481	Zingel	2382110	Zingel asper	2382117	CR
6167926	Esox cisalpinus Bianco & Delmastro, 2011	6167926	Esox cisalpinus Bianco & Delmastro, 2011	1	SPECIES	ACCEPTED	Animalia	1	Chordata	44			Esociformes	548	Esocidae	7662	Esox	2346628	Esox cisalpinus	6167926	NE
7191718	Coccothraustes coccothraustes coccothraustes	7191718	Coccothraustes coccothraustes coccothraustes	2	SUBSPECIES	ACCEPTED	Animalia	1	Chordata	44	Aves	212	Passeriformes	729	Fringillidae	5242	Coccothraustes	2494310	Coccothraustes coccothraustes	2494329	
2337607	Silurus glanis Linnaeus, 1758	2337607	Silurus glanis Linnaeus, 1758	267	SPECIES	ACCEPTED	Animalia	1	Chordata	44			Siluriformes	708	Siluridae	5168	Silurus	2333535	Silurus glanis	2337607	LC
2480491	Circus macrourus (S.G.Gmelin, 1770)	2480491	Circus macrourus (S.G.Gmelin, 1770)	70	SPECIES	ACCEPTED	Animalia	1	Chordata	44	Aves	212	Accipitriformes	7191147	Accipitridae	2877	Circus	2480481	Circus macrourus	2480491	NT
2480758	Glareola nordmanni Fischer von Waldheim, 1842	2480758	Glareola nordmanni Fischer von Waldheim, 1842	16	SPECIES	ACCEPTED	Animalia	1	Chordata	44	Aves	212	Charadriiformes	7192402	Glareolidae	5245	Glareola	2480753	Glareola nordmanni	2480758	NT
2481075	Microhierax caerulescens (Linnaeus, 1758)	2481075	Microhierax caerulescens (Linnaeus, 1758)	1	SPECIES	ACCEPTED	Animalia	1	Chordata	44	Aves	212	Falconiformes	7191407	Falconidae	5240	Microhierax	2481074	Microhierax caerulescens	2481075	LC
7191109	Somateria mollissima mollissima	7191109	Somateria mollissima mollissima	3	SUBSPECIES	ACCEPTED	Animalia	1	Chordata	44	Aves	212	Anseriformes	1108	Anatidae	2986	Somateria	2498349	Somateria mollissima	2498352	
7193910	Felis silvestris silvestris	7193910	Felis silvestris silvestris	8	SUBSPECIES	ACCEPTED	Animalia	1	Chordata	44	Mammalia	359	Carnivora	732	Felidae	9703	Felis	2435022	Felis silvestris	7964291	LC
2426661	Pelophylax ridibundus (Pallas, 1771)	2426661	Pelophylax ridibundus (Pallas, 1771)	22	SPECIES	ACCEPTED	Animalia	1	Chordata	44	Amphibia	131	Anura	952	Ranidae	6746	Pelophylax	2426629	Pelophylax ridibundus	2426661	LC
2493137	Acrocephalus agricola (Jerdon, 1845)	2493137	Acrocephalus agricola (Jerdon, 1845)	16	SPECIES	ACCEPTED	Animalia	1	Chordata	44	Aves	212	Passeriformes	729	Acrocephalidae	6101019	Acrocephalus	2493112	Acrocephalus agricola	2493137	LC
6171986	Bombycilla garrulus garrulus	6171986	Bombycilla garrulus garrulus	1	SUBSPECIES	ACCEPTED	Animalia	1	Chordata	44	Aves	212	Passeriformes	729	Bombycillidae	5215	Bombycilla	2484604	Bombycilla garrulus	2484605	
6871058	Acanthis cabaret (Müller & Pls, 1776)	8732478	Acanthis flammea cabaret (P.L.Statius Müller, 1776)	998	SPECIES	SYNONYM	Animalia	1	Chordata	44	Aves	212	Passeriformes	729	Fringillidae	5242	Acanthis	6782561	Acanthis flammea	5231630	NE
2436940	Oryctolagus cuniculus (Linnaeus, 1758)	2436940	Oryctolagus cuniculus (Linnaeus, 1758)	463	SPECIES	ACCEPTED	Animalia	1	Chordata	44	Mammalia	359	Lagomorpha	785	Leporidae	9379	Oryctolagus	2436939	Oryctolagus cuniculus	2436940	EN
10478801	Curruca curruca curruca	2492960	Sylvia curruca (Linnaeus, 1758)	3	SUBSPECIES	SYNONYM	Animalia	1	Chordata	44	Aves	212	Passeriformes	729	Sylviidae	5285	Sylvia	2492941	Sylvia curruca	2492960	
2490611	Melanocorypha leucoptera (Pallas, 1811)	2490611	Melanocorypha leucoptera (Pallas, 1811)	15	SPECIES	ACCEPTED	Animalia	1	Chordata	44	Aves	212	Passeriformes	729	Alaudidae	7211	Melanocorypha	2490608	Melanocorypha leucoptera	2490611	LC
5228676	Apus apus (Linnaeus, 1758)	5228676	Apus apus (Linnaeus, 1758)	14520	SPECIES	ACCEPTED	Animalia	1	Chordata	44	Aves	212	Apodiformes	1448	Apodidae	2993	Apus	2235048	Apus apus	5228676	LC
7192595	Picus viridis viridis	7192595	Picus viridis viridis	9	SUBSPECIES	ACCEPTED	Animalia	1	Chordata	44	Aves	212	Piciformes	724	Picidae	9333	Picus	2478487	Picus viridis	2478523	
7341856	Cyanistes caeruleus caeruleus	7341856	Cyanistes caeruleus caeruleus	9	SUBSPECIES	ACCEPTED	Animalia	1	Chordata	44	Aves	212	Passeriformes	729	Paridae	9327	Cyanistes	2487875	Cyanistes caeruleus	2487879	
2351211	Coregonus lavaretus (Linnaeus, 1758)	2351211	Coregonus lavaretus (Linnaeus, 1758)	2	SPECIES	ACCEPTED	Animalia	1	Chordata	44			Salmoniformes	1313	Salmonidae	8615	Coregonus	2350934	Coregonus lavaretus	2351211	VU
4409654	Phoxinus lumaireul (Schinz, 1840)	4409653	Phoxinus phoxinus (Linnaeus, 1758)	132	SPECIES	SYNONYM	Animalia	1	Chordata	44			Cypriniformes	1153	Cyprinidae	7336	Phoxinus	3241387	Phoxinus phoxinus	4409653	LC
9772663	Leptoptilos crumenifer (R.P.Lesson, 1831)	9772663	Leptoptilos crumenifer (R.P.Lesson, 1831)	1	SPECIES	ACCEPTED	Animalia	1	Chordata	44	Aves	212	Ciconiiformes	839	Ciconiidae	9289	Leptoptilos	2481944	Leptoptilos crumenifer	9772663	LC
2458538	Zamenis longissimus (Laurenti, 1768)	2458538	Zamenis longissimus (Laurenti, 1768)	1479	SPECIES	ACCEPTED	Animalia	1	Chordata	44	Squamata	11592253			Colubridae	6172	Zamenis	9014394	Zamenis longissimus	2458538	LC
2481155	Larus ichthyaetus Pallas, 1773	8028588	Ichthyaetus ichthyaetus (Pallas, 1773)	15	SPECIES	SYNONYM	Animalia	1	Chordata	44	Aves	212	Charadriiformes	7192402	Laridae	9316	Ichthyaetus	7237184	Ichthyaetus ichthyaetus	8028588	LC
2482553	Pyrrhocorax graculus (Linnaeus, 1766)	2482553	Pyrrhocorax graculus (Linnaeus, 1766)	8587	SPECIES	ACCEPTED	Animalia	1	Chordata	44	Aves	212	Passeriformes	729	Corvidae	5235	Pyrrhocorax	2482551	Pyrrhocorax graculus	2482553	LC
8798641	Hierophis viridiflavus carbonarius (Bonaparte, 1833)	8798641	Hierophis viridiflavus carbonarius (Bonaparte, 1833)	5	SUBSPECIES	ACCEPTED	Animalia	1	Chordata	44	Squamata	11592253			Colubridae	6172	Hierophis	2458915	Hierophis viridiflavus	2458916	
9415698	Zapornia pusilla intermedia (Hermann, 1804)	6176757	Porzana pusilla intermedia (Hermann, 1804)	2	SUBSPECIES	SYNONYM	Animalia	1	Chordata	44	Aves	212	Gruiformes	1493	Rallidae	9342	Porzana	2474604	Porzana pusilla	2474628	
2479804	Pyrrhura molinae (Massena & Souance, 1854)	2479804	Pyrrhura molinae (Massena & Souance, 1854)	1	SPECIES	ACCEPTED	Animalia	1	Chordata	44	Aves	212	Psittaciformes	1445	Psittacidae	9340	Pyrrhura	2479799	Pyrrhura molinae	2479804	LC
2480204	Pterocles alchata (Linnaeus, 1766)	2480204	Pterocles alchata (Linnaeus, 1766)	15	SPECIES	ACCEPTED	Animalia	1	Chordata	44	Aves	212	Pteroclidiformes	7192749	Pteroclididae	5274	Pterocles	2480192	Pterocles alchata	2480204	LC
2481037	Falco eleonorae Géné, 1839	2481037	Falco eleonorae Géné, 1839	17	SPECIES	ACCEPTED	Animalia	1	Chordata	44	Aves	212	Falconiformes	7191407	Falconidae	5240	Falco	2480996	Falco eleonorae	2481037	LC
6178319	Anser fabalis rossicus Buturlin, 1933	6085485	Anser serrirostris rossicus Buturlin, 1933	1	SUBSPECIES	SYNONYM	Animalia	1	Chordata	44	Aves	212	Anseriformes	1108	Anatidae	2986	Anser	2498016	Anser serrirostris	7340170	
7261816	Eptesicus nilssonii (Keyserling & Blasius, 1839)	7261816	Eptesicus nilssonii (Keyserling & Blasius, 1839)	3709	SPECIES	ACCEPTED	Animalia	1	Chordata	44	Mammalia	359	Chiroptera	734	Vespertilionidae	9368	Eptesicus	2432345	Eptesicus nilssonii	7261816	LC
9606290	Meleagris gallopavo Linnaeus, 1758	9606290	Meleagris gallopavo Linnaeus, 1758	16	SPECIES	ACCEPTED	Animalia	1	Chordata	44	Aves	212	Galliformes	723	Phasianidae	9331	Meleagris	2473548	Meleagris gallopavo	9606290	LC
11544743	Bombina variegata variegata	11544743	Bombina variegata variegata	1	SUBSPECIES	ACCEPTED	Animalia	1	Chordata	44	Amphibia	131	Anura	952	Bombinatoridae	3077	Bombina	2423434	Bombina variegata	2423435	
2437754	Apodemus Kaup, 1829	2437754	Apodemus Kaup, 1829	3	GENUS	ACCEPTED	Animalia	1	Chordata	44	Mammalia	359	Rodentia	1459	Muridae	5510	Apodemus	2437754			NE
2498027	Anser fabalis (Latham, 1787)	2498027	Anser fabalis (Latham, 1787)	17	SPECIES	ACCEPTED	Animalia	1	Chordata	44	Aves	212	Anseriformes	1108	Anatidae	2986	Anser	2498016	Anser fabalis	2498027	LC
2346633	Esox lucius Linnaeus, 1758	2346633	Esox lucius Linnaeus, 1758	1452	SPECIES	ACCEPTED	Animalia	1	Chordata	44			Esociformes	548	Esocidae	7662	Esox	2346628	Esox lucius	2346633	LC
2494622	Carduelis flammea (Linnaeus, 1758)	5231630	Acanthis flammea (Linnaeus, 1758)	15	SPECIES	SYNONYM	Animalia	1	Chordata	44	Aves	212	Passeriformes	729	Fringillidae	5242	Acanthis	6782561	Acanthis flammea	5231630	LC
7340500	Lullula arborea arborea	7340500	Lullula arborea arborea	2	SUBSPECIES	ACCEPTED	Animalia	1	Chordata	44	Aves	212	Passeriformes	729	Alaudidae	7211	Lullula	2490603	Lullula arborea	2490604	
8277073	Alca torda Linnaeus, 1758	8277073	Alca torda Linnaeus, 1758	15	SPECIES	ACCEPTED	Animalia	1	Chordata	44	Aves	212	Charadriiformes	7192402	Alcidae	2985	Alca	2481308	Alca torda	8277073	LC
10943800	Gulosus aristotelis (Linnaeus, 1761)	2481861	Phalacrocorax aristotelis (Linnaeus, 1761)	4	SPECIES	SYNONYM	Animalia	1	Chordata	44	Aves	212	Suliformes	7192775	Phalacrocoracidae	5268	Phalacrocorax	2481854	Phalacrocorax aristotelis	2481861	LC
7429082	Mus musculus Linnaeus, 1758	7429082	Mus musculus Linnaeus, 1758	18	SPECIES	ACCEPTED	Animalia	1	Chordata	44	Mammalia	359	Rodentia	1459	Muridae	5510	Mus	9800657	Mus musculus	7429082	LC
2481819	Gallinago gallinago (Linnaeus, 1758)	2481819	Gallinago gallinago (Linnaeus, 1758)	6486	SPECIES	ACCEPTED	Animalia	1	Chordata	44	Aves	212	Charadriiformes	7192402	Scolopacidae	5282	Gallinago	2481808	Gallinago gallinago	2481819	LC
5231198	Passer montanus (Linnaeus, 1758)	5231198	Passer montanus (Linnaeus, 1758)	13493	SPECIES	ACCEPTED	Animalia	1	Chordata	44	Aves	212	Passeriformes	729	Passeridae	5264	Passer	2492321	Passer montanus	5231198	LC
6091863	Sitta europaea caesia Wolf, 1810	6091863	Sitta europaea caesia Wolf, 1810	3	SUBSPECIES	ACCEPTED	Animalia	1	Chordata	44	Aves	212	Passeriformes	729	Sittidae	5283	Sitta	2484878	Sitta europaea	2484916	
6157050	Graptemys pseudogeographica kohnii (Baur, 1890)	6157050	Graptemys pseudogeographica kohnii (Baur, 1890)	1	SUBSPECIES	ACCEPTED	Animalia	1	Chordata	44	Testudines	11418114			Emydidae	5465	Graptemys	2443072	Graptemys pseudogeographica	9228211	LC
7477624	Clanga clanga (Pallas, 1811)	2480509	Aquila clanga Pallas, 1811	12	SPECIES	SYNONYM	Animalia	1	Chordata	44	Aves	212	Accipitriformes	7191147	Accipitridae	2877	Aquila	2480498	Aquila clanga	2480509	VU
9905940	Aythya ferina x nyroca	9905940	Aythya ferina x nyroca	6	SPECIES	ACCEPTED	Animalia	1	Chordata	44	Aves	212	Anseriformes	1108	Anatidae	2986	Aythya	2498254	Aythya ferina x nyroca	9905940	
2490682	Calandrella rufescens (Vieillot, 1819)	2490682	Calandrella rufescens (Vieillot, 1819)	15	SPECIES	ACCEPTED	Animalia	1	Chordata	44	Aves	212	Passeriformes	729	Alaudidae	7211	Calandrella	2490675	Calandrella rufescens	2490682	NE
2491518	Emberiza aureola Pallas, 1773	2491518	Emberiza aureola Pallas, 1773	15	SPECIES	ACCEPTED	Animalia	1	Chordata	44	Aves	212	Passeriformes	729	Emberizidae	9608	Emberiza	2491468	Emberiza aureola	2491518	CR
8211070	Sciurus vulgaris Linnaeus, 1758	8211070	Sciurus vulgaris Linnaeus, 1758	38346	SPECIES	ACCEPTED	Animalia	1	Chordata	44	Mammalia	359	Rodentia	1459	Sciuridae	9456	Sciurus	2437489	Sciurus vulgaris	8211070	LC
9362027	Mareca strepera (Linnaeus, 1758)	9362027	Mareca strepera (Linnaeus, 1758)	13269	SPECIES	ACCEPTED	Animalia	1	Chordata	44	Aves	212	Anseriformes	1108	Anatidae	2986	Mareca	2498314	Mareca strepera	9362027	LC
2431895	Triturus vulgaris (Linnaeus, 1758)	5218405	Lissotriton vulgaris (Linnaeus, 1758)	1	SPECIES	SYNONYM	Animalia	1	Chordata	44	Amphibia	131	Caudata	953	Salamandridae	6750	Lissotriton	5218404	Lissotriton vulgaris	5218405	LC
2495414	Columba livia J.F.Gmelin, 1789	2495414	Columba livia J.F.Gmelin, 1789	14298	SPECIES	ACCEPTED	Animalia	1	Chordata	44	Aves	212	Columbiformes	1446	Columbidae	5233	Columba	2495404	Columba livia	2495414	LC
5228136	Porphyrio martinica (Linnaeus, 1766)	5228136	Porphyrio martinica (Linnaeus, 1766)	1	SPECIES	ACCEPTED	Animalia	1	Chordata	44	Aves	212	Gruiformes	1493	Rallidae	9342	Porphyrio	3242186	Porphyrio martinica	5228136	LC
7407071	Ficedula hypoleuca hypoleuca	7407071	Ficedula hypoleuca hypoleuca	2	SUBSPECIES	ACCEPTED	Animalia	1	Chordata	44	Aves	212	Passeriformes	729	Muscicapidae	9322	Ficedula	2492596	Ficedula hypoleuca	2492606	
2351045	Coregonus suidteri Fatio, 1885	2351045	Coregonus suidteri Fatio, 1885	2	SPECIES	ACCEPTED	Animalia	1	Chordata	44			Salmoniformes	1313	Salmonidae	8615	Coregonus	2350934	Coregonus suidteri	2351045	LC
2432611	Rhinolophus Lacépède, 1799	2432611	Rhinolophus Lacépède, 1799	5	GENUS	ACCEPTED	Animalia	1	Chordata	44	Mammalia	359	Chiroptera	734	Rhinolophidae	5449	Rhinolophus	2432611			NE
2492700	Irania gutturalis (Guerin-Meneville, 1843)	2492700	Irania gutturalis (Guerin-Meneville, 1843)	1	SPECIES	ACCEPTED	Animalia	1	Chordata	44	Aves	212	Passeriformes	729	Muscicapidae	9322	Irania	2492699	Irania gutturalis	2492700	LC
2497295	Asio flammeus (Pontoppidan, 1763)	2497295	Asio flammeus (Pontoppidan, 1763)	94	SPECIES	ACCEPTED	Animalia	1	Chordata	44	Aves	212	Strigiformes	1450	Strigidae	9348	Asio	8373955	Asio flammeus	2497295	LC
2436436	Homo sapiens Linnaeus, 1758	2436436	Homo sapiens Linnaeus, 1758	2	SPECIES	ACCEPTED	Animalia	1	Chordata	44	Mammalia	359	Primates	798	Hominidae	5483	Homo	2436435	Homo sapiens	2436436	NE
2480372	Elanus caeruleus (Desfontaines, 1789)	2480372	Elanus caeruleus (Desfontaines, 1789)	66	SPECIES	ACCEPTED	Animalia	1	Chordata	44	Aves	212	Accipitriformes	7191147	Accipitridae	2877	Elanus	2480366	Elanus caeruleus	2480372	LC
2482059	Podiceps auritus (Linnaeus, 1758)	2482059	Podiceps auritus (Linnaeus, 1758)	440	SPECIES	ACCEPTED	Animalia	1	Chordata	44	Aves	212	Podicipediformes	7191588	Podicipedidae	9338	Podiceps	2482049	Podiceps auritus	2482059	VU
5232446	Branta bernicla (Linnaeus, 1758)	5232446	Branta bernicla (Linnaeus, 1758)	44	SPECIES	ACCEPTED	Animalia	1	Chordata	44	Aves	212	Anseriformes	1108	Anatidae	2986	Branta	2498190	Branta bernicla	5232446	LC
7192419	Sterna hirundo hirundo	7192419	Sterna hirundo hirundo	8	SUBSPECIES	ACCEPTED	Animalia	1	Chordata	44	Aves	212	Charadriiformes	7192402	Laridae	9316	Sterna	2481227	Sterna hirundo	9367409	
2481749	Calidris minuta (Leisler, 1812)	2481749	Calidris minuta (Leisler, 1812)	650	SPECIES	ACCEPTED	Animalia	1	Chordata	44	Aves	212	Charadriiformes	7192402	Scolopacidae	5282	Calidris	2481739	Calidris minuta	2481749	LC
2491469	Emberiza cineracea C.L.Brehm, 1855	2491469	Emberiza cineracea C.L.Brehm, 1855	15	SPECIES	ACCEPTED	Animalia	1	Chordata	44	Aves	212	Passeriformes	729	Emberizidae	9608	Emberiza	2491468	Emberiza cineracea	2491469	NT
5231190	Passer domesticus (Linnaeus, 1758)	5231190	Passer domesticus (Linnaeus, 1758)	43649	SPECIES	ACCEPTED	Animalia	1	Chordata	44	Aves	212	Passeriformes	729	Passeridae	5264	Passer	2492321	Passer domesticus	5231190	LC
2351200	Coregonus alpinus Fatio, 1885	2351200	Coregonus alpinus Fatio, 1885	1	SPECIES	ACCEPTED	Animalia	1	Chordata	44			Salmoniformes	1313	Salmonidae	8615	Coregonus	2350934	Coregonus alpinus	2351200	LC
2498024	Anser brachyrhynchus Baillon, 1834	2498024	Anser brachyrhynchus Baillon, 1834	67	SPECIES	ACCEPTED	Animalia	1	Chordata	44	Aves	212	Anseriformes	1108	Anatidae	2986	Anser	2498016	Anser brachyrhynchus	2498024	LC
5229166	Milvus Lacepede, 1799	5229166	Milvus Lacepede, 1799	1	GENUS	ACCEPTED	Animalia	1	Chordata	44	Aves	212	Accipitriformes	7191147	Accipitridae	2877	Milvus	5229166			NE
2477804	Picoides tridactylus (Linnaeus, 1758)	2477804	Picoides tridactylus (Linnaeus, 1758)	779	SPECIES	ACCEPTED	Animalia	1	Chordata	44	Aves	212	Piciformes	724	Picidae	9333	Picoides	2477732	Picoides tridactylus	2477804	LC
2480996	Falco Linnaeus, 1758	2480996	Falco Linnaeus, 1758	1	GENUS	ACCEPTED	Animalia	1	Chordata	44	Aves	212	Falconiformes	7191407	Falconidae	5240	Falco	2480996			NE
2487843	Poecile palustris (Linnaeus, 1758)	2487843	Poecile palustris (Linnaeus, 1758)	11015	SPECIES	ACCEPTED	Animalia	1	Chordata	44	Aves	212	Passeriformes	729	Paridae	9327	Poecile	2487782	Poecile palustris	2487843	LC
2498007	Tadorna tadornoides (Jardine & Selby, 1828)	2498007	Tadorna tadornoides (Jardine & Selby, 1828)	1	SPECIES	ACCEPTED	Animalia	1	Chordata	44	Aves	212	Anseriformes	1108	Anatidae	2986	Tadorna	2498006	Tadorna tadornoides	2498007	LC
8151548	Ichthyaetus melanocephalus (Temminck, 1820)	8151548	Ichthyaetus melanocephalus (Temminck, 1820)	1544	SPECIES	ACCEPTED	Animalia	1	Chordata	44	Aves	212	Charadriiformes	7192402	Laridae	9316	Ichthyaetus	7237184	Ichthyaetus melanocephalus	8151548	NE
9478515	Mareca strepera strepera	9478515	Mareca strepera strepera	5	SUBSPECIES	ACCEPTED	Animalia	1	Chordata	44	Aves	212	Anseriformes	1108	Anatidae	2986	Mareca	2498314	Mareca strepera	9362027	
2498177	Netta erythrophthalma (Wied-Neuwied, 1833)	2498177	Netta erythrophthalma (Wied-Neuwied, 1833)	1	SPECIES	ACCEPTED	Animalia	1	Chordata	44	Aves	212	Anseriformes	1108	Anatidae	2986	Netta	2498176	Netta erythrophthalma	2498177	LC
2498238	Melanitta fusca (Linnaeus, 1758)	2498238	Melanitta fusca (Linnaeus, 1758)	532	SPECIES	ACCEPTED	Animalia	1	Chordata	44	Aves	212	Anseriformes	1108	Anatidae	2986	Melanitta	2498237	Melanitta fusca	2498238	VU
5218525	Nyctalus lasiopterus (Schreber, 1780)	5218525	Nyctalus lasiopterus (Schreber, 1780)	9	SPECIES	ACCEPTED	Animalia	1	Chordata	44	Mammalia	359	Chiroptera	734	Vespertilionidae	9368	Nyctalus	5218521	Nyctalus lasiopterus	5218525	VU
7901064	Turdus philomelos C.L.Brehm, 1831	7901064	Turdus philomelos C.L.Brehm, 1831	11460	SPECIES	ACCEPTED	Animalia	1	Chordata	44	Aves	212	Passeriformes	729	Turdidae	5290	Turdus	2490714	Turdus philomelos	7901064	LC
11069672	Passer hispaniolensis italiae (Vieillot, 1817)	8426551	Passer italiae (Vieillot, 1817)	18	SUBSPECIES	SYNONYM	Animalia	1	Chordata	44	Aves	212	Passeriformes	729	Passeridae	5264	Passer	2492321	Passer italiae	8426551	
2441056	Capra hircus Linnaeus, 1758	2441056	Capra hircus Linnaeus, 1758	4	SPECIES	ACCEPTED	Animalia	1	Chordata	44	Mammalia	359	Artiodactyla	731	Bovidae	9614	Capra	2441047	Capra hircus	2441056	NE
2480513	Aquila nipalensis Hodgson, 1833	2480513	Aquila nipalensis Hodgson, 1833	15	SPECIES	ACCEPTED	Animalia	1	Chordata	44	Aves	212	Accipitriformes	7191147	Accipitridae	2877	Aquila	2480498	Aquila nipalensis	2480513	EN
2491490	Emberiza caesia Cretzschmar, 1827	2491490	Emberiza caesia Cretzschmar, 1827	15	SPECIES	ACCEPTED	Animalia	1	Chordata	44	Aves	212	Passeriformes	729	Emberizidae	9608	Emberiza	2491468	Emberiza caesia	2491490	LC
2497266	Athene noctua (Scopoli, 1769)	2497266	Athene noctua (Scopoli, 1769)	95	SPECIES	ACCEPTED	Animalia	1	Chordata	44	Aves	212	Strigiformes	1450	Strigidae	9348	Athene	2497239	Athene noctua	2497266	LC
7060464	Emberiza citrinella citrinella	7060464	Emberiza citrinella citrinella	11	SUBSPECIES	ACCEPTED	Animalia	1	Chordata	44	Aves	212	Passeriformes	729	Emberizidae	9608	Emberiza	2491468	Emberiza citrinella	2491534	
7190968	Ardea cinerea cinerea	7190968	Ardea cinerea cinerea	15	SUBSPECIES	ACCEPTED	Animalia	1	Chordata	44	Aves	212	Pelecaniformes	7190953	Ardeidae	3685	Ardea	2480922	Ardea cinerea	9797180	
2417905	Negaprion acutidens (Rüppell, 1837)	2417905	Negaprion acutidens (Rüppell, 1837)	1	SPECIES	ACCEPTED	Animalia	1	Chordata	44	Elasmobranchii	121	Carcharhiniformes	887	Carcharhinidae	2211	Negaprion	2417904	Negaprion acutidens	2417905	EN
2474113	Rollulus rouloul (Scopoli, 1786)	2474113	Rollulus rouloul (Scopoli, 1786)	1	SPECIES	ACCEPTED	Animalia	1	Chordata	44	Aves	212	Galliformes	723	Phasianidae	9331	Rollulus	2474112	Rollulus rouloul	2474113	VU
2481721	Tringa flavipes (J.F.Gmelin, 1789)	2481721	Tringa flavipes (J.F.Gmelin, 1789)	15	SPECIES	ACCEPTED	Animalia	1	Chordata	44	Aves	212	Charadriiformes	7192402	Scolopacidae	5282	Tringa	2481709	Tringa flavipes	2481721	LC
2493733	Stagonopleura guttata (Shaw, 1796)	2493733	Stagonopleura guttata (Shaw, 1796)	1	SPECIES	ACCEPTED	Animalia	1	Chordata	44	Aves	212	Passeriformes	729	Estrildidae	5709	Stagonopleura	2493730	Stagonopleura guttata	2493733	VU
2498078	Anas aucklandica (G.R.Gray, 1844)	2498078	Anas aucklandica (G.R.Gray, 1844)	1	SPECIES	ACCEPTED	Animalia	1	Chordata	44	Aves	212	Anseriformes	1108	Anatidae	2986	Anas	2498056	Anas aucklandica	2498078	NT
5228232	Balearica pavonina (Linnaeus, 1758)	5228232	Balearica pavonina (Linnaeus, 1758)	2	SPECIES	ACCEPTED	Animalia	1	Chordata	44	Aves	212	Gruiformes	1493	Gruidae	9313	Balearica	2474928	Balearica pavonina	5228232	VU
7825895	Neomys anomalus Cabrera, 1907	7825895	Neomys anomalus Cabrera, 1907	199	SPECIES	ACCEPTED	Animalia	1	Chordata	44	Mammalia	359	Soricomorpha	803	Soricidae	5534	Neomys	2435766	Neomys anomalus	7825895	LC
2480193	Pterocles orientalis (Linnaeus, 1758)	2480193	Pterocles orientalis (Linnaeus, 1758)	15	SPECIES	ACCEPTED	Animalia	1	Chordata	44	Aves	212	Pteroclidiformes	7192749	Pteroclididae	5274	Pterocles	2480192	Pterocles orientalis	2480193	LC
2492956	Sylvia atricapilla (Linnaeus, 1758)	2492956	Sylvia atricapilla (Linnaeus, 1758)	27649	SPECIES	ACCEPTED	Animalia	1	Chordata	44	Aves	212	Passeriformes	729	Sylviidae	5285	Sylvia	2492941	Sylvia atricapilla	2492956	LC
212	Aves	212	Aves	81	CLASS	ACCEPTED	Animalia	1	Chordata	44	Aves	212									NE
2474936	Anthropoides virgo (Linnaeus, 1758)	2474936	Anthropoides virgo (Linnaeus, 1758)	16	SPECIES	ACCEPTED	Animalia	1	Chordata	44	Aves	212	Gruiformes	1493	Gruidae	9313	Anthropoides	2474935	Anthropoides virgo	2474936	LC
2498259	Aythya nyroca (Güldenstädt, 1770)	2498259	Aythya nyroca (Güldenstädt, 1770)	1089	SPECIES	ACCEPTED	Animalia	1	Chordata	44	Aves	212	Anseriformes	1108	Anatidae	2986	Aythya	2498254	Aythya nyroca	2498259	NT
2498265	Aythya marila (Linnaeus, 1761)	2498265	Aythya marila (Linnaeus, 1761)	433	SPECIES	ACCEPTED	Animalia	1	Chordata	44	Aves	212	Anseriformes	1108	Anatidae	2986	Aythya	2498254	Aythya marila	2498265	LC
4409366	Capra aegagrus Erxleben, 1777	4262706	Capra hircus aegagrus Erxleben, 1777	1	SPECIES	SYNONYM	Animalia	1	Chordata	44	Mammalia	359	Artiodactyla	731	Bovidae	9614	Capra	2441047	Capra hircus	2441056	NT
6179327	Streptopelia orientalis meena (Sykes, 1832)	6179327	Streptopelia orientalis meena (Sykes, 1832)	3	SUBSPECIES	ACCEPTED	Animalia	1	Chordata	44	Aves	212	Columbiformes	1446	Columbidae	5233	Streptopelia	2495657	Streptopelia orientalis	2495681	
7342142	Turdus viscivorus viscivorus	7342142	Turdus viscivorus viscivorus	4	SUBSPECIES	ACCEPTED	Animalia	1	Chordata	44	Aves	212	Passeriformes	729	Turdidae	5290	Turdus	2490714	Turdus viscivorus	2490774	
11034996	Curruca curruca (Linnaeus, 1758)	2492960	Sylvia curruca (Linnaeus, 1758)	1555	SPECIES	SYNONYM	Animalia	1	Chordata	44	Aves	212	Passeriformes	729	Sylviidae	5285	Sylvia	2492941	Sylvia curruca	2492960	LC
2427573	Hyla arborea (Linnaeus, 1758)	2427573	Hyla arborea (Linnaeus, 1758)	15324	SPECIES	ACCEPTED	Animalia	1	Chordata	44	Amphibia	131	Anura	952	Hylidae	6735	Hyla	2423589	Hyla arborea	2427573	LC
2432427	Myotis bechsteinii (Kuhl, 1817)	2432427	Myotis bechsteinii (Kuhl, 1817)	2078	SPECIES	ACCEPTED	Animalia	1	Chordata	44	Mammalia	359	Chiroptera	734	Vespertilionidae	9368	Myotis	2432384	Myotis bechsteinii	2432427	NT
2438491	Arvicola terrestris (Linnaeus, 1758)	4265185	Arvicola amphibius (Linnaeus, 1758)	2	SPECIES	SYNONYM	Animalia	1	Chordata	44	Mammalia	359	Rodentia	1459	Cricetidae	3240723	Arvicola	2438490	Arvicola amphibius	4265185	LC
2480909	Botaurus Stephens, 1819	2480909	Botaurus Stephens, 1819	366	GENUS	ACCEPTED	Animalia	1	Chordata	44	Aves	212	Pelecaniformes	7190953	Ardeidae	3685	Botaurus	2480909			NE
2495471	Columba oenas Linnaeus, 1758	2495471	Columba oenas Linnaeus, 1758	3413	SPECIES	ACCEPTED	Animalia	1	Chordata	44	Aves	212	Columbiformes	1446	Columbidae	5233	Columba	2495404	Columba oenas	2495471	LC
2498163	Anser canagicus (Sevastianov, 1802)	2498163	Anser canagicus (Sevastianov, 1802)	1	SPECIES	ACCEPTED	Animalia	1	Chordata	44	Aves	212	Anseriformes	1108	Anatidae	2986	Anser	2498016	Anser canagicus	2498163	NT
5219219	Canis aureus Linnaeus, 1758	5219219	Canis aureus Linnaeus, 1758	69	SPECIES	ACCEPTED	Animalia	1	Chordata	44	Mammalia	359	Carnivora	732	Canidae	9701	Canis	5219142	Canis aureus	5219219	LC
8909809	Emys orbicularis (Linnaeus, 1758)	8909809	Emys orbicularis (Linnaeus, 1758)	356	SPECIES	ACCEPTED	Animalia	1	Chordata	44	Testudines	11418114			Emydidae	5465	Emys	2441657	Emys orbicularis	8909809	NT
9577769	Anas platyrhynchos f. domesticus	9577769	Anas platyrhynchos f. domesticus	529	FORM	ACCEPTED	Animalia	1	Chordata	44	Aves	212	Anseriformes	1108	Anatidae	2986	Anas	2498056	Anas platyrhynchos	9761484	
2438650	Microtus savii (Selys-Longchamps, 1838)	2438650	Microtus savii (Selys-Longchamps, 1838)	50	SPECIES	ACCEPTED	Animalia	1	Chordata	44	Mammalia	359	Rodentia	1459	Cricetidae	3240723	Microtus	2438591	Microtus savii	2438650	LC
2481240	Thalasseus sandvicensis (Latham, 1787)	2481240	Thalasseus sandvicensis (Latham, 1787)	78	SPECIES	ACCEPTED	Animalia	1	Chordata	44	Aves	212	Charadriiformes	7192402	Laridae	9316	Thalasseus	9109074	Thalasseus sandvicensis	2481240	LC
2492509	Tarsiger cyanurus (Pallas, 1773)	2492509	Tarsiger cyanurus (Pallas, 1773)	15	SPECIES	ACCEPTED	Animalia	1	Chordata	44	Aves	212	Passeriformes	729	Muscicapidae	9322	Tarsiger	2492508	Tarsiger cyanurus	2492509	LC
2498190	Branta Scopoli, 1769	2498190	Branta Scopoli, 1769	1	GENUS	ACCEPTED	Animalia	1	Chordata	44	Aves	212	Anseriformes	1108	Anatidae	2986	Branta	2498190			NE
5229044	Psittacula cyanocephala (Linnaeus, 1766)	5229044	Psittacula cyanocephala (Linnaeus, 1766)	1	SPECIES	ACCEPTED	Animalia	1	Chordata	44	Aves	212	Psittaciformes	1445	Psittacidae	9340	Psittacula	2479192	Psittacula cyanocephala	5229044	LC
9317615	Curruca cantillans (Pallas, 1764)	9317615	Curruca cantillans (Pallas, 1764)	20	SPECIES	ACCEPTED	Animalia	1	Chordata	44	Aves	212	Passeriformes	729	Sylviidae	5285	Curruca	7988924	Curruca cantillans	9317615	LC
5789354	Grus paradisea (Lichtenstein & Aah, 1793)	2474937	Anthropoides paradiseus (A.A.H.Lichtenstein, 1793)	1	SPECIES	SYNONYM	Animalia	1	Chordata	44	Aves	212	Gruiformes	1493	Gruidae	9313	Anthropoides	2474935	Anthropoides paradiseus	2474937	VU
6065833	Thalasseus bengalensis (R.Lesson, 1831)	6065833	Thalasseus bengalensis (R.Lesson, 1831)	6	SPECIES	ACCEPTED	Animalia	1	Chordata	44	Aves	212	Charadriiformes	7192402	Laridae	9316	Thalasseus	9109074	Thalasseus bengalensis	6065833	LC
2368185	Cobitis taenia Linnaeus, 1758	2368185	Cobitis taenia Linnaeus, 1758	38	SPECIES	ACCEPTED	Animalia	1	Chordata	44			Cypriniformes	1153	Cobitidae	3385	Cobitis	2349691	Cobitis taenia	2368185	LC
2433009	Tadarida teniotis (Rafinesque, 1814)	2433009	Tadarida teniotis (Rafinesque, 1814)	354	SPECIES	ACCEPTED	Animalia	1	Chordata	44	Mammalia	359	Chiroptera	734	Molossidae	5719	Tadarida	2433008	Tadarida teniotis	2433009	LC
2480350	Pelecanus onocrotalus Linnaeus, 1758	2480350	Pelecanus onocrotalus Linnaeus, 1758	21	SPECIES	ACCEPTED	Animalia	1	Chordata	44	Aves	212	Pelecaniformes	7190953	Pelecanidae	9329	Pelecanus	10650925	Pelecanus onocrotalus	2480350	LC
2481756	Calidris fuscicollis (Vieillot, 1819)	2481756	Calidris fuscicollis (Vieillot, 1819)	3	SPECIES	ACCEPTED	Animalia	1	Chordata	44	Aves	212	Charadriiformes	7192402	Scolopacidae	5282	Calidris	2481739	Calidris fuscicollis	2481756	LC
2492950	Sylvia cantillans (Pallas, 1764)	2492950	Sylvia cantillans (Pallas, 1764)	20	SPECIES	ACCEPTED	Animalia	1	Chordata	44	Aves	212	Passeriformes	729	Sylviidae	5285	Sylvia	2492941	Sylvia cantillans	2492950	LC
2367196	Cyprinus rubrofuscus Lacepède, 1803	2367196	Cyprinus rubrofuscus Lacepède, 1803	4	SPECIES	ACCEPTED	Animalia	1	Chordata	44			Cypriniformes	1153	Cyprinidae	7336	Cyprinus	2347697	Cyprinus rubrofuscus	2367196	LC
2368222	Cobitis bilineata Canestrini, 1865	2368222	Cobitis bilineata Canestrini, 1865	62	SPECIES	ACCEPTED	Animalia	1	Chordata	44			Cypriniformes	1153	Cobitidae	3385	Cobitis	2349691	Cobitis bilineata	2368222	LC
2426612	Alytes obstetricans (Laurenti, 1768)	2426612	Alytes obstetricans (Laurenti, 1768)	15473	SPECIES	ACCEPTED	Animalia	1	Chordata	44	Amphibia	131	Anura	952	Alytidae	6726	Alytes	2426608	Alytes obstetricans	2426612	LC
2497306	Asio otus (Linnaeus, 1758)	2497306	Asio otus (Linnaeus, 1758)	1002	SPECIES	ACCEPTED	Animalia	1	Chordata	44	Aves	212	Strigiformes	1450	Strigidae	9348	Asio	8373955	Asio otus	2497306	LC
7341012	Locustella naevia naevia	7341012	Locustella naevia naevia	7	SUBSPECIES	ACCEPTED	Animalia	1	Chordata	44	Aves	212	Passeriformes	729	Locustellidae	6100825	Locustella	2493547	Locustella naevia	2493548	
2475532	Alcedo atthis (Linnaeus, 1758)	2475532	Alcedo atthis (Linnaeus, 1758)	10855	SPECIES	ACCEPTED	Animalia	1	Chordata	44	Aves	212	Coraciiformes	1447	Alcedinidae	2984	Alcedo	2475493	Alcedo atthis	2475532	LC
2481792	Numenius arquata (Linnaeus, 1758)	2481792	Numenius arquata (Linnaeus, 1758)	4072	SPECIES	ACCEPTED	Animalia	1	Chordata	44	Aves	212	Charadriiformes	7192402	Scolopacidae	5282	Numenius	2481781	Numenius arquata	2481792	NT
2492321	Passer Brisson, 1760	2492321	Passer Brisson, 1760	16	GENUS	ACCEPTED	Animalia	1	Chordata	44	Aves	212	Passeriformes	729	Passeridae	5264	Passer	2492321			NE
5739315	Phoenicurus ochruros (S.G.Gmelin, 1774)	5739315	Phoenicurus ochruros (S.G.Gmelin, 1774)	28169	SPECIES	ACCEPTED	Animalia	1	Chordata	44	Aves	212	Passeriformes	729	Muscicapidae	9322	Phoenicurus	5429347	Phoenicurus ochruros	5739315	LC
2484880	Sitta krueperi Pelzeln, 1863	2484880	Sitta krueperi Pelzeln, 1863	15	SPECIES	ACCEPTED	Animalia	1	Chordata	44	Aves	212	Passeriformes	729	Sittidae	5283	Sitta	2484878	Sitta krueperi	2484880	LC
2496464	Clamator glandarius (Linnaeus, 1758)	2496464	Clamator glandarius (Linnaeus, 1758)	26	SPECIES	ACCEPTED	Animalia	1	Chordata	44	Aves	212	Cuculiformes	1492	Cuculidae	9309	Clamator	2496463	Clamator glandarius	2496464	LC
2441024	Bos primigenius Bojanus, 1827	4262590	Bos taurus primigenius Bojanus, 1827	9	SPECIES	SYNONYM	Animalia	1	Chordata	44	Mammalia	359	Artiodactyla	731	Bovidae	9614	Bos	2441017	Bos taurus	2441022	EX
5209574	Gymnocephalus cernua (Linnaeus, 1758)	5209574	Gymnocephalus cernua (Linnaeus, 1758)	164	SPECIES	ACCEPTED	Animalia	1	Chordata	44			Perciformes	587	Percidae	4481	Gymnocephalus	2382125	Gymnocephalus cernua	5209574	LC
2442941	Trachemys Agassiz, 1857	2442941	Trachemys Agassiz, 1857	1	GENUS	ACCEPTED	Animalia	1	Chordata	44	Testudines	11418114			Emydidae	5465	Trachemys	2442941			NE
2490255	Anthus spinoletta (Linnaeus, 1758)	2490255	Anthus spinoletta (Linnaeus, 1758)	9610	SPECIES	ACCEPTED	Animalia	1	Chordata	44	Aves	212	Passeriformes	729	Motacillidae	5257	Anthus	2490241	Anthus spinoletta	2490255	LC
2498180	Netta rufina (Pallas, 1773)	2498180	Netta rufina (Pallas, 1773)	15486	SPECIES	ACCEPTED	Animalia	1	Chordata	44	Aves	212	Anseriformes	1108	Anatidae	2986	Netta	2498176	Netta rufina	2498180	LC
10498943	Cyanecula svecica (Linnaeus, 1758)	4408732	Luscinia svecica (Linnaeus, 1758)	16	SPECIES	SYNONYM	Animalia	1	Chordata	44	Aves	212	Passeriformes	729	Muscicapidae	9322	Luscinia	5429330	Luscinia svecica	4408732	LC
2426629	Pelophylax Fitzinger, 1843	2426629	Pelophylax Fitzinger, 1843	22539	GENUS	ACCEPTED	Animalia	1	Chordata	44	Amphibia	131	Anura	952	Ranidae	6746	Pelophylax	2426629			NE
2435986	Sorex alpinus Schinz, 1837	2435986	Sorex alpinus Schinz, 1837	395	SPECIES	ACCEPTED	Animalia	1	Chordata	44	Mammalia	359	Soricomorpha	803	Soricidae	5534	Sorex	2435935	Sorex alpinus	2435986	NT
2444339	Vipera aspis (Linnaeus, 1758)	2444339	Vipera aspis (Linnaeus, 1758)	402	SPECIES	ACCEPTED	Animalia	1	Chordata	44	Squamata	11592253			Viperidae	5024	Vipera	2469892	Vipera aspis	2444339	LC
5204034	Oncorhynchus kisutch (Walbaum, 1792)	5204034	Oncorhynchus kisutch (Walbaum, 1792)	2	SPECIES	ACCEPTED	Animalia	1	Chordata	44			Salmoniformes	1313	Salmonidae	8615	Oncorhynchus	2351426	Oncorhynchus kisutch	5204034	NE
9480191	Mareca falcata (Georgi, 1775)	9480191	Mareca falcata (Georgi, 1775)	8	SPECIES	ACCEPTED	Animalia	1	Chordata	44	Aves	212	Anseriformes	1108	Anatidae	2986	Mareca	2498314	Mareca falcata	9480191	NT
9754263	Myotis mystacinus (Kuhl, 1817)	9754263	Myotis mystacinus (Kuhl, 1817)	8082	SPECIES	ACCEPTED	Animalia	1	Chordata	44	Mammalia	359	Chiroptera	734	Vespertilionidae	9368	Myotis	2432384	Myotis mystacinus	9754263	LC
10362259	Leiopicus medius (Linnaeus, 1758)	8773033	Dendrocoptes medius (Linnaeus, 1758)	400	SPECIES	SYNONYM	Animalia	1	Chordata	44	Aves	212	Piciformes	724	Picidae	9333	Dendrocoptes	4850317	Dendrocoptes medius	8773033	LC
9508460	Mareca sibilatrix (Poeppig, 1829)	9508460	Mareca sibilatrix (Poeppig, 1829)	41	SPECIES	ACCEPTED	Animalia	1	Chordata	44	Aves	212	Anseriformes	1108	Anatidae	2986	Mareca	2498314	Mareca sibilatrix	9508460	LC
2436090	Sorex coronatus Millet, 1828	2436090	Sorex coronatus Millet, 1828	103	SPECIES	ACCEPTED	Animalia	1	Chordata	44	Mammalia	359	Soricomorpha	803	Soricidae	5534	Sorex	2435935	Sorex coronatus	2436090	LC
2475419	Merops persicus Pallas, 1773	2475419	Merops persicus Pallas, 1773	16	SPECIES	ACCEPTED	Animalia	1	Chordata	44	Aves	212	Coraciiformes	1447	Meropidae	9320	Merops	2475391	Merops persicus	2475419	LC
9450106	Anas poecilorhyncha J.R.Forster, 1781	9450106	Anas poecilorhyncha J.R.Forster, 1781	2	SPECIES	ACCEPTED	Animalia	1	Chordata	44	Aves	212	Anseriformes	1108	Anatidae	2986	Anas	2498056	Anas poecilorhyncha	9450106	LC
9770031	Agapornis roseicollis (Vieillot, 1818)	9770031	Agapornis roseicollis (Vieillot, 1818)	1	SPECIES	ACCEPTED	Animalia	1	Chordata	44	Aves	212	Psittaciformes	1445	Psittacidae	9340	Agapornis	2479538	Agapornis roseicollis	9770031	LC
729	Passeriformes	729	Passeriformes	1	ORDER	ACCEPTED	Animalia	1	Chordata	44	Aves	212	Passeriformes	729							NE
2489075	Lamprotornis superbus Rüppell, 1845	2489075	Lamprotornis superbus Rüppell, 1845	1	SPECIES	ACCEPTED	Animalia	1	Chordata	44	Aves	212	Passeriformes	729	Sturnidae	9350	Lamprotornis	2489069	Lamprotornis superbus	2489075	LC
2492526	Saxicola torquatus (Linnaeus, 1766)	2492526	Saxicola torquatus (Linnaeus, 1766)	443	SPECIES	ACCEPTED	Animalia	1	Chordata	44	Aves	212	Passeriformes	729	Muscicapidae	9322	Saxicola	2492516	Saxicola torquatus	2492526	LC
2387483	Centropristis striata (Linnaeus, 1758)	2387483	Centropristis striata (Linnaeus, 1758)	1	SPECIES	ACCEPTED	Animalia	1	Chordata	44			Perciformes	587	Serranidae	8597	Centropristis	2385200	Centropristis striata	2387483	LC
2431887	Triturus carnifex (Laurenti, 1768)	2431887	Triturus carnifex (Laurenti, 1768)	762	SPECIES	ACCEPTED	Animalia	1	Chordata	44	Amphibia	131	Caudata	953	Salamandridae	6750	Triturus	2431679	Triturus carnifex	2431887	LC
2435506	Suncus etruscus (Savi, 1822)	2435506	Suncus etruscus (Savi, 1822)	3	SPECIES	ACCEPTED	Animalia	1	Chordata	44	Mammalia	359	Soricomorpha	803	Soricidae	5534	Suncus	2435504	Suncus etruscus	2435506	LC
2443072	Graptemys Agassiz, 1857	2443072	Graptemys Agassiz, 1857	1	GENUS	ACCEPTED	Animalia	1	Chordata	44	Testudines	11418114			Emydidae	5465	Graptemys	2443072			NE
2494708	Carduelis cannabina (Linnaeus, 1758)	8104397	Linaria cannabina (Linnaeus, 1758)	198	SPECIES	SYNONYM	Animalia	1	Chordata	44	Aves	212	Passeriformes	729	Fringillidae	5242	Linaria	8741507	Linaria cannabina	8104397	LC
9350124	Natrix helvetica (Lacépède, 1789)	9350124	Natrix helvetica (Lacépède, 1789)	7923	SPECIES	ACCEPTED	Animalia	1	Chordata	44	Squamata	11592253			Colubridae	6172	Natrix	8971388	Natrix helvetica	9350124	NE
2359706	Rutilus rutilus (Linnaeus, 1758)	2359706	Rutilus rutilus (Linnaeus, 1758)	1841	SPECIES	ACCEPTED	Animalia	1	Chordata	44			Cypriniformes	1153	Cyprinidae	7336	Rutilus	2359646	Rutilus rutilus	2359706	LC
2432218	Pipistrellus Kaup, 1829	2432218	Pipistrellus Kaup, 1829	1252	GENUS	ACCEPTED	Animalia	1	Chordata	44	Mammalia	359	Chiroptera	734	Vespertilionidae	9368	Pipistrellus	2432218			NE
2498084	Anas superciliosa J.F.Gmelin, 1789	2498084	Anas superciliosa J.F.Gmelin, 1789	1	SPECIES	ACCEPTED	Animalia	1	Chordata	44	Aves	212	Anseriformes	1108	Anatidae	2986	Anas	2498056	Anas superciliosa	2498084	LC
4409641	Leuciscus leuciscus (Linnaeus, 1758)	4409641	Leuciscus leuciscus (Linnaeus, 1758)	1001	SPECIES	ACCEPTED	Animalia	1	Chordata	44			Cypriniformes	1153	Cyprinidae	7336	Leuciscus	3241445	Leuciscus leuciscus	4409641	LC
5788869	Oenanthe melanoleuca (Güldenstädt, 1775)	5845302	Oenanthe hispanica melanoleuca (Guldenstadt, 1775)	9	SPECIES	SYNONYM	Animalia	1	Chordata	44	Aves	212	Passeriformes	729	Muscicapidae	9322	Oenanthe	2492483	Oenanthe hispanica	5231235	NE
2362931	Alburnus alborella (De Filippi, 1844)	2363005	Alburnus arborella (Bonaparte, 1841)	15	SPECIES	SYNONYM	Animalia	1	Chordata	44			Cypriniformes	1153	Cyprinidae	7336	Alburnus	2362898	Alburnus arborella	2363005	NE
2497701	Otus scops (Linnaeus, 1758)	2497701	Otus scops (Linnaeus, 1758)	137	SPECIES	ACCEPTED	Animalia	1	Chordata	44	Aves	212	Strigiformes	1450	Strigidae	9348	Otus	2497654	Otus scops	2497701	LC
2481137	Larus ridibundus Linnaeus, 1766	6065824	Chroicocephalus ridibundus (Linnaeus, 1766)	675	SPECIES	SYNONYM	Animalia	1	Chordata	44	Aves	212	Charadriiformes	7192402	Laridae	9316	Chroicocephalus	4848452	Chroicocephalus ridibundus	6065824	LC
2481521	Calonectris diomedea (Scopoli, 1769)	2481521	Calonectris diomedea (Scopoli, 1769)	2	SPECIES	ACCEPTED	Animalia	1	Chordata	44	Aves	212	Procellariiformes	7192755	Procellariidae	9339	Calonectris	2481517	Calonectris diomedea	2481521	LC
2484605	Bombycilla garrulus (Linnaeus, 1758)	2484605	Bombycilla garrulus (Linnaeus, 1758)	112	SPECIES	ACCEPTED	Animalia	1	Chordata	44	Aves	212	Passeriformes	729	Bombycillidae	5215	Bombycilla	2484604	Bombycilla garrulus	2484605	LC
2490714	Turdus Linnaeus, 1758	2490714	Turdus Linnaeus, 1758	1	GENUS	ACCEPTED	Animalia	1	Chordata	44	Aves	212	Passeriformes	729	Turdidae	5290	Turdus	2490714			NE
10630343	Curruca hortensis (J.F.Gmelin, 1789)	2492944	Sylvia hortensis (Gmelin, 1789)	1	SPECIES	SYNONYM	Animalia	1	Chordata	44	Aves	212	Passeriformes	729	Sylviidae	5285	Sylvia	2492941	Sylvia hortensis	2492944	LC
2469188	Podarcis muralis (Laurenti, 1768)	2469188	Podarcis muralis (Laurenti, 1768)	11759	SPECIES	ACCEPTED	Animalia	1	Chordata	44	Squamata	11592253			Lacertidae	5201	Podarcis	2468993	Podarcis muralis	2469188	LC
2482565	Cyanocorax yncas (Boddaert, 1783)	2482565	Cyanocorax yncas (Boddaert, 1783)	1	SPECIES	ACCEPTED	Animalia	1	Chordata	44	Aves	212	Passeriformes	729	Corvidae	5235	Cyanocorax	2482558	Cyanocorax yncas	2482565	LC
7341663	Cettia cetti cetti	7341663	Cettia cetti cetti	3	SUBSPECIES	ACCEPTED	Animalia	1	Chordata	44	Aves	212	Passeriformes	729	Cettiidae	6100900	Cettia	2492997	Cettia cetti	2493012	
2350975	Coregonus heglingus Schinz, 1822	2350975	Coregonus heglingus Schinz, 1822	5	SPECIES	ACCEPTED	Animalia	1	Chordata	44			Salmoniformes	1313	Salmonidae	8615	Coregonus	2350934	Coregonus heglingus	2350975	DD
7190958	Nycticorax nycticorax nycticorax	7190958	Nycticorax nycticorax nycticorax	3	SUBSPECIES	ACCEPTED	Animalia	1	Chordata	44	Aves	212	Pelecaniformes	7190953	Ardeidae	3685	Nycticorax	2480856	Nycticorax nycticorax	2480863	
5201	Lacertidae	5201	Lacertidae	2	FAMILY	ACCEPTED	Animalia	1	Chordata	44	Squamata	11592253			Lacertidae	5201					NE
2480449	Haliaeetus albicilla (Linnaeus, 1758)	2480449	Haliaeetus albicilla (Linnaeus, 1758)	93	SPECIES	ACCEPTED	Animalia	1	Chordata	44	Aves	212	Accipitriformes	7191147	Accipitridae	2877	Haliaeetus	2480444	Haliaeetus albicilla	2480449	LC
4286975	Cyprinus carpio Linnaeus, 1758	4286975	Cyprinus carpio Linnaeus, 1758	1038	SPECIES	ACCEPTED	Animalia	1	Chordata	44			Cypriniformes	1153	Cyprinidae	7336	Cyprinus	2347697	Cyprinus carpio	4286975	VU
5207428	Phoxinus csikii Hankó, 1922	4409653	Phoxinus phoxinus (Linnaeus, 1758)	13	SPECIES	SYNONYM	Animalia	1	Chordata	44			Cypriniformes	1153	Cyprinidae	7336	Phoxinus	3241387	Phoxinus phoxinus	4409653	NE
5739437	Plecotus austriacus (J.Fischer, 1829)	5739437	Plecotus austriacus (J.Fischer, 1829)	788	SPECIES	ACCEPTED	Animalia	1	Chordata	44	Mammalia	359	Chiroptera	734	Vespertilionidae	9368	Plecotus	5428957	Plecotus austriacus	5739437	NT
8104397	Linaria cannabina (Linnaeus, 1758)	8104397	Linaria cannabina (Linnaeus, 1758)	6190	SPECIES	ACCEPTED	Animalia	1	Chordata	44	Aves	212	Passeriformes	729	Fringillidae	5242	Linaria	8741507	Linaria cannabina	8104397	LC
2480757	Glareola pratincola (Linnaeus, 1766)	2480757	Glareola pratincola (Linnaeus, 1766)	28	SPECIES	ACCEPTED	Animalia	1	Chordata	44	Aves	212	Charadriiformes	7192402	Glareolidae	5245	Glareola	2480753	Glareola pratincola	2480757	LC
2498329	Bucephala albeola (Linnaeus, 1758)	2498329	Bucephala albeola (Linnaeus, 1758)	1	SPECIES	ACCEPTED	Animalia	1	Chordata	44	Aves	212	Anseriformes	1108	Anatidae	2986	Bucephala	2498324	Bucephala albeola	2498329	LC
5218464	Pipistrellus kuhlii (Kuhl, 1817)	5218464	Pipistrellus kuhlii (Kuhl, 1817)	3806	SPECIES	ACCEPTED	Animalia	1	Chordata	44	Mammalia	359	Chiroptera	734	Vespertilionidae	9368	Pipistrellus	2432218	Pipistrellus kuhlii	5218464	LC
5218911	Mustela putorius Linnaeus, 1758	5218911	Mustela putorius Linnaeus, 1758	5644	SPECIES	ACCEPTED	Animalia	1	Chordata	44	Mammalia	359	Carnivora	732	Mustelidae	5307	Mustela	2433922	Mustela putorius	5218911	LC
5227966	Lophura nycthemera (Linnaeus, 1758)	5227966	Lophura nycthemera (Linnaeus, 1758)	1	SPECIES	ACCEPTED	Animalia	1	Chordata	44	Aves	212	Galliformes	723	Phasianidae	9331	Lophura	2473973	Lophura nycthemera	5227966	LC
6177491	Picoides tridactylus alpinus C.L.Brehm, 1831	6177491	Picoides tridactylus alpinus C.L.Brehm, 1831	31	SUBSPECIES	ACCEPTED	Animalia	1	Chordata	44	Aves	212	Piciformes	724	Picidae	9333	Picoides	2477732	Picoides tridactylus	2477804	
2421402	Lampetra planeri (Bloch, 1784)	2421402	Lampetra planeri (Bloch, 1784)	632	SPECIES	ACCEPTED	Animalia	1	Chordata	44	Petromyzonti	11881065	Petromyzontiformes	771	Petromyzontidae	2212	Lampetra	2421329	Lampetra planeri	2421402	LC
2482613	Nucifraga caryocatactes (Linnaeus, 1758)	2482613	Nucifraga caryocatactes (Linnaeus, 1758)	7809	SPECIES	ACCEPTED	Animalia	1	Chordata	44	Aves	212	Passeriformes	729	Corvidae	5235	Nucifraga	2482612	Nucifraga caryocatactes	2482613	LC
2491984	Coryphospingus cucullatus (P.L.S.Müller, 1776)	2491984	Coryphospingus cucullatus (P.L.S.Müller, 1776)	2	SPECIES	ACCEPTED	Animalia	1	Chordata	44	Aves	212	Passeriformes	729	Thraupidae	9352	Coryphospingus	2491983	Coryphospingus cucullatus	2491984	LC
2417606	Chiloscyllium griseum Müller & Henle, 1838	2417606	Chiloscyllium griseum Müller & Henle, 1838	1	SPECIES	ACCEPTED	Animalia	1	Chordata	44	Elasmobranchii	121	Orectolobiformes	769	Hemiscylliidae	5883	Chiloscyllium	2417572	Chiloscyllium griseum	2417606	VU
2495093	Cinclus cinclus (Linnaeus, 1758)	2495093	Cinclus cinclus (Linnaeus, 1758)	5127	SPECIES	ACCEPTED	Animalia	1	Chordata	44	Aves	212	Passeriformes	729	Cinclidae	9290	Cinclus	2495086	Cinclus cinclus	2495093	LC
2498167	Anser caerulescens (Linnaeus, 1758)	2498167	Anser caerulescens (Linnaeus, 1758)	2	SPECIES	ACCEPTED	Animalia	1	Chordata	44	Aves	212	Anseriformes	1108	Anatidae	2986	Anser	2498016	Anser caerulescens	2498167	LC
4408954	Bucanetes mongolicus (Swinhoe, 1870)	4408954	Bucanetes mongolicus (Swinhoe, 1870)	15	SPECIES	ACCEPTED	Animalia	1	Chordata	44	Aves	212	Passeriformes	729	Fringillidae	5242	Bucanetes	2494393	Bucanetes mongolicus	4408954	LC
8859142	Passer domesticus italiae (Vieillot, 1817)	8426551	Passer italiae (Vieillot, 1817)	6	SUBSPECIES	SYNONYM	Animalia	1	Chordata	44	Aves	212	Passeriformes	729	Passeridae	5264	Passer	2492321	Passer italiae	8426551	
9185677	Podarcis siculus (Rafinesque-Schmaltz, 1810)	9185677	Podarcis siculus (Rafinesque-Schmaltz, 1810)	142	SPECIES	ACCEPTED	Animalia	1	Chordata	44	Squamata	11592253			Lacertidae	5201	Podarcis	2468993	Podarcis siculus	9185677	LC
5510	Muridae	5510	Muridae	29	FAMILY	ACCEPTED	Animalia	1	Chordata	44	Mammalia	359	Rodentia	1459	Muridae	5510					NE
7571319	Sorex minutus Linnaeus, 1766	7571319	Sorex minutus Linnaeus, 1766	832	SPECIES	ACCEPTED	Animalia	1	Chordata	44	Mammalia	359	Soricomorpha	803	Soricidae	5534	Sorex	2435935	Sorex minutus	7571319	LC
10700636	Curruca iberiae (Svensson, 2013)	10700636	Curruca iberiae (Svensson, 2013)	18	SPECIES	ACCEPTED	Animalia	1	Chordata	44	Aves	212	Passeriformes	729	Sylviidae	5285	Curruca	7988924	Curruca iberiae	10700636	NE
9368	Vespertilionidae	9368	Vespertilionidae	701	FAMILY	ACCEPTED	Animalia	1	Chordata	44	Mammalia	359	Chiroptera	734	Vespertilionidae	9368					NE
2439270	Rattus rattus (Linnaeus, 1758)	2439270	Rattus rattus (Linnaeus, 1758)	238	SPECIES	ACCEPTED	Animalia	1	Chordata	44	Mammalia	359	Rodentia	1459	Muridae	5510	Rattus	2439223	Rattus rattus	2439270	LC
2481181	Larus cachinnans Pallas, 1811	2481181	Larus cachinnans Pallas, 1811	1320	SPECIES	ACCEPTED	Animalia	1	Chordata	44	Aves	212	Charadriiformes	7192402	Laridae	9316	Larus	2481126	Larus cachinnans	2481181	LC
5219858	Ondatra zibethicus (Linnaeus, 1766)	5219858	Ondatra zibethicus (Linnaeus, 1766)	1431	SPECIES	ACCEPTED	Animalia	1	Chordata	44	Mammalia	359	Rodentia	1459	Cricetidae	3240723	Ondatra	5219857	Ondatra zibethicus	5219858	LC
5229380	Puffinus puffinus (Brunnich, 1764)	5229380	Puffinus puffinus (Brunnich, 1764)	23	SPECIES	ACCEPTED	Animalia	1	Chordata	44	Aves	212	Procellariiformes	7192755	Procellariidae	9339	Puffinus	5229335	Puffinus puffinus	5229380	LC
5844999	Aegithalos caudatus europaeus (Hermann, 1804)	5844999	Aegithalos caudatus europaeus (Hermann, 1804)	23	SUBSPECIES	ACCEPTED	Animalia	1	Chordata	44	Aves	212	Passeriformes	729	Aegithalidae	2878	Aegithalos	9270076	Aegithalos caudatus	2495000	
7191065	Coturnix coturnix coturnix	7191065	Coturnix coturnix coturnix	1	SUBSPECIES	ACCEPTED	Animalia	1	Chordata	44	Aves	212	Galliformes	723	Phasianidae	9331	Coturnix	8725725	Coturnix coturnix	2474156	
2346630	Esox reichertii Dybowski, 1869	2346630	Esox reichertii Dybowski, 1869	2	SPECIES	ACCEPTED	Animalia	1	Chordata	44			Esociformes	548	Esocidae	7662	Esox	2346628	Esox reichertii	2346630	LC
2481681	Limosa lapponica (Linnaeus, 1758)	2481681	Limosa lapponica (Linnaeus, 1758)	188	SPECIES	ACCEPTED	Animalia	1	Chordata	44	Aves	212	Charadriiformes	7192402	Scolopacidae	5282	Limosa	2481679	Limosa lapponica	2481681	NT
2491498	Emberiza cia Linnaeus, 1767	2491498	Emberiza cia Linnaeus, 1767	2149	SPECIES	ACCEPTED	Animalia	1	Chordata	44	Aves	212	Passeriformes	729	Emberizidae	9608	Emberiza	2491468	Emberiza cia	2491498	LC
2498015	Tadorna ferruginea (Pallas, 1764)	2498015	Tadorna ferruginea (Pallas, 1764)	3802	SPECIES	ACCEPTED	Animalia	1	Chordata	44	Aves	212	Anseriformes	1108	Anatidae	2986	Tadorna	2498006	Tadorna ferruginea	2498015	LC
2498338	Cygnus columbianus (Ord, 1815)	2498338	Cygnus columbianus (Ord, 1815)	162	SPECIES	ACCEPTED	Animalia	1	Chordata	44	Aves	212	Anseriformes	1108	Anatidae	2986	Cygnus	8996942	Cygnus columbianus	2498338	LC
7342079	Sylvia atricapilla atricapilla	7342079	Sylvia atricapilla atricapilla	8	SUBSPECIES	ACCEPTED	Animalia	1	Chordata	44	Aves	212	Passeriformes	729	Sylviidae	5285	Sylvia	2492941	Sylvia atricapilla	2492956	
10166389	Lynx lynx carpathicus Heptner, 1972	10166389	Lynx lynx carpathicus Heptner, 1972	1	SUBSPECIES	ACCEPTED	Animalia	1	Chordata	44	Mammalia	359	Carnivora	732	Felidae	9703	Lynx	2435239	Lynx lynx	2435240	
2360687	Telestes souffia (Risso, 1827)	2360687	Telestes souffia (Risso, 1827)	422	SPECIES	ACCEPTED	Animalia	1	Chordata	44			Cypriniformes	1153	Cyprinidae	7336	Telestes	2363538	Telestes souffia	2360687	LC
2481110	Phoenicopterus chilensis Molina, 1782	2481110	Phoenicopterus chilensis Molina, 1782	7	SPECIES	ACCEPTED	Animalia	1	Chordata	44	Aves	212	Phoenicopteriformes	7191426	Phoenicopteridae	5269	Phoenicopterus	2481102	Phoenicopterus chilensis	2481110	NT
2481473	Pterodroma feae (Salvadori, 1900)	2481473	Pterodroma feae (Salvadori, 1900)	15	SPECIES	ACCEPTED	Animalia	1	Chordata	44	Aves	212	Procellariiformes	7192755	Procellariidae	9339	Pterodroma	2481443	Pterodroma feae	2481473	NT
2491719	Plectrophenax nivalis (Linnaeus, 1758)	2491719	Plectrophenax nivalis (Linnaeus, 1758)	86	SPECIES	ACCEPTED	Animalia	1	Chordata	44	Aves	212	Passeriformes	729	Calcariidae	6101141	Plectrophenax	2491717	Plectrophenax nivalis	2491719	LC
7191709	Carduelis carduelis carduelis	7191709	Carduelis carduelis carduelis	3	SUBSPECIES	ACCEPTED	Animalia	1	Chordata	44	Aves	212	Passeriformes	729	Fringillidae	5242	Carduelis	2494621	Carduelis carduelis	2494686	
10729360	Columba livia var. domestica J.F.Gmelin, 1789	10729360	Columba livia var. domestica J.F.Gmelin, 1789	1549	VARIETY	ACCEPTED	Animalia	1	Chordata	44	Aves	212	Columbiformes	1446	Columbidae	5233	Columba	2495404	Columba livia	2495414	
2475648	Dacelo novaeguineae (Hermann, 1783)	2475648	Dacelo novaeguineae (Hermann, 1783)	1	SPECIES	ACCEPTED	Animalia	1	Chordata	44	Aves	212	Coraciiformes	1447	Alcedinidae	2984	Dacelo	2475646	Dacelo novaeguineae	2475648	LC
2487866	Poecile montanus (Conrad von Baldenstein, 1827)	2487866	Poecile montanus (Conrad von Baldenstein, 1827)	4636	SPECIES	ACCEPTED	Animalia	1	Chordata	44	Aves	212	Passeriformes	729	Paridae	9327	Poecile	2487782	Poecile montanus	2487866	LC
5218786	Procyon lotor (Linnaeus, 1758)	5218786	Procyon lotor (Linnaeus, 1758)	272	SPECIES	ACCEPTED	Animalia	1	Chordata	44	Mammalia	359	Carnivora	732	Procyonidae	5311	Procyon	2433592	Procyon lotor	5218786	LC
5232162	Glaucidium passerinum (Linnaeus, 1758)	5232162	Glaucidium passerinum (Linnaeus, 1758)	616	SPECIES	ACCEPTED	Animalia	1	Chordata	44	Aves	212	Strigiformes	1450	Strigidae	9348	Glaucidium	2497151	Glaucidium passerinum	5232162	LC
6161327	Natrix tessellata (Laurenti, 1768)	6161327	Natrix tessellata (Laurenti, 1768)	844	SPECIES	ACCEPTED	Animalia	1	Chordata	44	Squamata	11592253			Colubridae	6172	Natrix	8971388	Natrix tessellata	6161327	LC
2432655	Rhinolophus ferrumequinum (Schreber, 1774)	2432655	Rhinolophus ferrumequinum (Schreber, 1774)	3301	SPECIES	ACCEPTED	Animalia	1	Chordata	44	Mammalia	359	Chiroptera	734	Rhinolophidae	5449	Rhinolophus	2432611	Rhinolophus ferrumequinum	2432655	LC
5203999	Thymallus thymallus (Linnaeus, 1758)	5203999	Thymallus thymallus (Linnaeus, 1758)	1419	SPECIES	ACCEPTED	Animalia	1	Chordata	44			Salmoniformes	1313	Salmonidae	8615	Thymallus	5203981	Thymallus thymallus	5203999	LC
8109681	Caprimulgus europaeus Linnaeus, 1758	8109681	Caprimulgus europaeus Linnaeus, 1758	104	SPECIES	ACCEPTED	Animalia	1	Chordata	44	Aves	212	Caprimulgiformes	8510645	Caprimulgidae	5225	Caprimulgus	2496826	Caprimulgus europaeus	8109681	LC
5845763	Phylloscopus trochiloides viridanus Blyth, 1843	5845763	Phylloscopus trochiloides viridanus Blyth, 1843	2	SUBSPECIES	ACCEPTED	Animalia	1	Chordata	44	Aves	212	Passeriformes	729	Phylloscopidae	6100963	Phylloscopus	2493047	Phylloscopus trochiloides	2493084	
7191124	Ciconia ciconia ciconia	7191124	Ciconia ciconia ciconia	3	SUBSPECIES	ACCEPTED	Animalia	1	Chordata	44	Aves	212	Ciconiiformes	839	Ciconiidae	9289	Ciconia	2481908	Ciconia ciconia	2481912	
7340983	Phoenicurus phoenicurus phoenicurus	7340983	Phoenicurus phoenicurus phoenicurus	46	SUBSPECIES	ACCEPTED	Animalia	1	Chordata	44	Aves	212	Passeriformes	729	Muscicapidae	9322	Phoenicurus	5429347	Phoenicurus phoenicurus	5739317	
7567645	Anguis veronensis Pollini, 1818	7567645	Anguis veronensis Pollini, 1818	395	SPECIES	ACCEPTED	Animalia	1	Chordata	44	Squamata	11592253			Anguidae	9198	Anguis	2448256	Anguis veronensis	7567645	NE
2480934	Ardea purpurea Linnaeus, 1766	2480934	Ardea purpurea Linnaeus, 1766	1054	SPECIES	ACCEPTED	Animalia	1	Chordata	44	Aves	212	Pelecaniformes	7190953	Ardeidae	3685	Ardea	2480922	Ardea purpurea	2480934	LC
2494097	Euplectes afer (Gmelin, 1789)	2494097	Euplectes afer (Gmelin, 1789)	6	SPECIES	ACCEPTED	Animalia	1	Chordata	44	Aves	212	Passeriformes	729	Ploceidae	9336	Euplectes	2494085	Euplectes afer	2494097	LC
5220170	Rupicapra rupicapra (Linnaeus, 1758)	5220170	Rupicapra rupicapra (Linnaeus, 1758)	13140	SPECIES	ACCEPTED	Animalia	1	Chordata	44	Mammalia	359	Artiodactyla	731	Bovidae	9614	Rupicapra	5220169	Rupicapra rupicapra	5220170	LC
5229360	Puffinus mauretanicus Lowe, 1921	5229360	Puffinus mauretanicus Lowe, 1921	15	SPECIES	ACCEPTED	Animalia	1	Chordata	44	Aves	212	Procellariiformes	7192755	Procellariidae	9339	Puffinus	5229335	Puffinus mauretanicus	5229360	CR
5231634	Serinus citrinella (Pallas, 1764)	2494632	Carduelis citrinella (Pallas, 1764)	115	SPECIES	SYNONYM	Animalia	1	Chordata	44	Aves	212	Passeriformes	729	Fringillidae	5242	Carduelis	2494621	Carduelis citrinella	2494632	LC
7745240	Lanius collurio Linnaeus, 1758	7745240	Lanius collurio Linnaeus, 1758	4913	SPECIES	ACCEPTED	Animalia	1	Chordata	44	Aves	212	Passeriformes	729	Laniidae	9315	Lanius	2483315	Lanius collurio	7745240	LC
5845399	Motacilla flava cinereocapilla Savi, 1831	5845399	Motacilla flava cinereocapilla Savi, 1831	3	SUBSPECIES	ACCEPTED	Animalia	1	Chordata	44	Aves	212	Passeriformes	729	Motacillidae	5257	Motacilla	2490295	Motacilla flava	9701857	
7060577	Loxia curvirostra curvirostra	7060577	Loxia curvirostra curvirostra	1	SUBSPECIES	ACCEPTED	Animalia	1	Chordata	44	Aves	212	Passeriformes	729	Fringillidae	5242	Loxia	2494150	Loxia curvirostra	9629160	
2433753	Lutra lutra (Linnaeus, 1758)	2433753	Lutra lutra (Linnaeus, 1758)	1202	SPECIES	ACCEPTED	Animalia	1	Chordata	44	Mammalia	359	Carnivora	732	Mustelidae	5307	Lutra	8226627	Lutra lutra	2433753	NT
2487603	Certhia familiaris Linnaeus, 1758	2487603	Certhia familiaris Linnaeus, 1758	4593	SPECIES	ACCEPTED	Animalia	1	Chordata	44	Aves	212	Passeriformes	729	Certhiidae	5227	Certhia	2487601	Certhia familiaris	2487603	LC
2495688	Streptopelia roseogrisea (Sundevall, 1857)	2495688	Streptopelia roseogrisea (Sundevall, 1857)	1	SPECIES	ACCEPTED	Animalia	1	Chordata	44	Aves	212	Columbiformes	1446	Columbidae	5233	Streptopelia	2495657	Streptopelia roseogrisea	2495688	LC
5219173	Canis lupus Linnaeus, 1758	5219173	Canis lupus Linnaeus, 1758	6108	SPECIES	ACCEPTED	Animalia	1	Chordata	44	Mammalia	359	Carnivora	732	Canidae	9701	Canis	5219142	Canis lupus	5219173	LC
8996942	Cygnus Garsault, 1764	8996942	Cygnus Garsault, 1764	1	GENUS	ACCEPTED	Animalia	1	Chordata	44	Aves	212	Anseriformes	1108	Anatidae	2986	Cygnus	8996942			NE
131	Amphibia	131	Amphibia	6	CLASS	ACCEPTED	Animalia	1	Chordata	44	Amphibia	131									NE
2360842	Rhodeus amarus (Bloch, 1782)	2360842	Rhodeus amarus (Bloch, 1782)	252	SPECIES	ACCEPTED	Animalia	1	Chordata	44			Cypriniformes	1153	Cyprinidae	7336	Rhodeus	2360802	Rhodeus amarus	2360842	LC
2480524	Buteo lagopus (Pontoppidan, 1763)	2480524	Buteo lagopus (Pontoppidan, 1763)	53	SPECIES	ACCEPTED	Animalia	1	Chordata	44	Aves	212	Accipitriformes	7191147	Accipitridae	2877	Buteo	2480517	Buteo lagopus	2480524	LC
2493063	Phylloscopus schwarzi (Radde, 1863)	2493063	Phylloscopus schwarzi (Radde, 1863)	1	SPECIES	ACCEPTED	Animalia	1	Chordata	44	Aves	212	Passeriformes	729	Phylloscopidae	6100963	Phylloscopus	2493047	Phylloscopus schwarzi	2493063	LC
2493091	Phylloscopus collybita (Vieillot, 1817)	2493091	Phylloscopus collybita (Vieillot, 1817)	22979	SPECIES	ACCEPTED	Animalia	1	Chordata	44	Aves	212	Passeriformes	729	Phylloscopidae	6100963	Phylloscopus	2493047	Phylloscopus collybita	2493091	LC
2498411	Amazonetta brasiliensis (J.F.Gmelin, 1789)	2498411	Amazonetta brasiliensis (J.F.Gmelin, 1789)	9	SPECIES	ACCEPTED	Animalia	1	Chordata	44	Aves	212	Anseriformes	1108	Anatidae	2986	Amazonetta	2498410	Amazonetta brasiliensis	2498411	LC
2437489	Sciurus Linnaeus, 1758	2437489	Sciurus Linnaeus, 1758	2	GENUS	ACCEPTED	Animalia	1	Chordata	44	Mammalia	359	Rodentia	1459	Sciuridae	9456	Sciurus	2437489			NE
2498305	Oxyura jamaicensis (J.F.Gmelin, 1789)	2498305	Oxyura jamaicensis (J.F.Gmelin, 1789)	66	SPECIES	ACCEPTED	Animalia	1	Chordata	44	Aves	212	Anseriformes	1108	Anatidae	2986	Oxyura	2498299	Oxyura jamaicensis	2498305	LC
7060344	Otus scops scops	7060344	Otus scops scops	1	SUBSPECIES	ACCEPTED	Animalia	1	Chordata	44	Aves	212	Strigiformes	1450	Strigidae	9348	Otus	2497654	Otus scops	2497701	
9629160	Loxia curvirostra Linnaeus, 1758	9629160	Loxia curvirostra Linnaeus, 1758	4819	SPECIES	ACCEPTED	Animalia	1	Chordata	44	Aves	212	Passeriformes	729	Fringillidae	5242	Loxia	2494150	Loxia curvirostra	9629160	LC
1108	Anseriformes	1108	Anseriformes	3	ORDER	ACCEPTED	Animalia	1	Chordata	44	Aves	212	Anseriformes	1108							NE
2475001	Turnix sylvaticus (Desfontaines, 1789)	2475001	Turnix sylvaticus (Desfontaines, 1789)	15	SPECIES	ACCEPTED	Animalia	1	Chordata	44	Aves	212	Charadriiformes	7192402	Turnicidae	9357	Turnix	2474964	Turnix sylvaticus	2475001	LC
2455614	Pantherophis Fitzinger, 1843	2455614	Pantherophis Fitzinger, 1843	1	GENUS	ACCEPTED	Animalia	1	Chordata	44	Squamata	11592253			Colubridae	6172	Pantherophis	2455614			NE
2479329	Platycercus eximius (Shaw, 1792)	2479329	Platycercus eximius (Shaw, 1792)	1	SPECIES	ACCEPTED	Animalia	1	Chordata	44	Aves	212	Psittaciformes	1445	Psittacidae	9340	Platycercus	9623552	Platycercus eximius	2479329	LC
2480384	Gyps rueppellii (A.E.Brehm, 1852)	2480384	Gyps rueppellii (A.E.Brehm, 1852)	1	SPECIES	ACCEPTED	Animalia	1	Chordata	44	Aves	212	Accipitriformes	7191147	Accipitridae	2877	Gyps	2480382	Gyps rueppellii	2480384	CR
2488999	Gracula religiosa Linnaeus, 1758	2488999	Gracula religiosa Linnaeus, 1758	2	SPECIES	ACCEPTED	Animalia	1	Chordata	44	Aves	212	Passeriformes	729	Sturnidae	9350	Gracula	2488998	Gracula religiosa	2488999	LC
2495000	Aegithalos caudatus (Linnaeus, 1758)	2495000	Aegithalos caudatus (Linnaeus, 1758)	11582	SPECIES	DOUBTFUL	Animalia	1	Chordata	44	Aves	212	Passeriformes	729	Aegithalidae	2878	Aegithalos	9270076	Aegithalos caudatus	2495000	LC
5216775	Bufo calamita Laurenti, 1768	2422507	Epidalea calamita (Laurenti, 1768)	5	SPECIES	SYNONYM	Animalia	1	Chordata	44	Amphibia	131	Anura	952	Bufonidae	6727	Epidalea	2422506	Epidalea calamita	2422507	LC
2427598	Hyla intermedia Boulenger, 1882	2427598	Hyla intermedia Boulenger, 1882	732	SPECIES	ACCEPTED	Animalia	1	Chordata	44	Amphibia	131	Anura	952	Hylidae	6735	Hyla	2423589	Hyla intermedia	2427598	LC
2480281	Charadrius morinellus Linnaeus, 1758	2480281	Charadrius morinellus Linnaeus, 1758	17	SPECIES	ACCEPTED	Animalia	1	Chordata	44	Aves	212	Charadriiformes	7192402	Charadriidae	2480210	Charadrius	2480277	Charadrius morinellus	2480281	NE
2480505	Aquila pomarina C.L.Brehm, 1831	2480505	Aquila pomarina C.L.Brehm, 1831	15	SPECIES	ACCEPTED	Animalia	1	Chordata	44	Aves	212	Accipitriformes	7191147	Accipitridae	2877	Aquila	2480498	Aquila pomarina	2480505	LC
2492350	Petronia petronia (Linnaeus, 1766)	2492350	Petronia petronia (Linnaeus, 1766)	16	SPECIES	ACCEPTED	Animalia	1	Chordata	44	Aves	212	Passeriformes	729	Passeridae	5264	Petronia	2492345	Petronia petronia	2492350	LC
2360305	Alburnoides bipunctatus (Bloch, 1782)	2360305	Alburnoides bipunctatus (Bloch, 1782)	1693	SPECIES	ACCEPTED	Animalia	1	Chordata	44			Cypriniformes	1153	Cyprinidae	7336	Alburnoides	2360279	Alburnoides bipunctatus	2360305	NE
2490275	Anthus petrosus (Montagu, 1798)	2490275	Anthus petrosus (Montagu, 1798)	15	SPECIES	ACCEPTED	Animalia	1	Chordata	44	Aves	212	Passeriformes	729	Motacillidae	5257	Anthus	2490241	Anthus petrosus	2490275	LC
2493548	Locustella naevia (Boddaert, 1783)	2493548	Locustella naevia (Boddaert, 1783)	952	SPECIES	ACCEPTED	Animalia	1	Chordata	44	Aves	212	Passeriformes	729	Locustellidae	6100825	Locustella	2493547	Locustella naevia	2493548	LC
4409105	Cygnus bewickii Yarrell, 1830	6178421	Cygnus columbianus bewickii Yarrell, 1830	15	SPECIES	SYNONYM	Animalia	1	Chordata	44	Aves	212	Anseriformes	1108	Anatidae	2986	Cygnus	8996942	Cygnus columbianus	2498338	NE
5231236	Oenanthe leucura (Gmelin, 1789)	5231236	Oenanthe leucura (Gmelin, 1789)	15	SPECIES	ACCEPTED	Animalia	1	Chordata	44	Aves	212	Passeriformes	729	Muscicapidae	9322	Oenanthe	2492483	Oenanthe leucura	5231236	LC
7340321	Prunella modularis modularis	7340321	Prunella modularis modularis	2	SUBSPECIES	ACCEPTED	Animalia	1	Chordata	44	Aves	212	Passeriformes	729	Prunellidae	5273	Prunella	2495070	Prunella modularis	5231763	
2492962	Sylvia melanocephala (Gmelin, 1789)	2492962	Sylvia melanocephala (Gmelin, 1789)	17	SPECIES	ACCEPTED	Animalia	1	Chordata	44	Aves	212	Passeriformes	729	Sylviidae	5285	Sylvia	2492941	Sylvia melanocephala	2492962	LC
2484886	Sitta whiteheadi Sharpe, 1884	2484886	Sitta whiteheadi Sharpe, 1884	15	SPECIES	ACCEPTED	Animalia	1	Chordata	44	Aves	212	Passeriformes	729	Sittidae	5283	Sitta	2484878	Sitta whiteheadi	2484886	VU
2492947	Sylvia rueppelli Temminck, 1823	6100917	Sylvia ruppeli Temminck, 1823	15	SPECIES	SYNONYM	Animalia	1	Chordata	44	Aves	212	Passeriformes	729	Sylviidae	5285	Sylvia	2492941	Sylvia ruppeli	6100917	NE
2498326	Bucephala clangula (Linnaeus, 1758)	2498326	Bucephala clangula (Linnaeus, 1758)	3725	SPECIES	ACCEPTED	Animalia	1	Chordata	44	Aves	212	Anseriformes	1108	Anatidae	2986	Bucephala	2498324	Bucephala clangula	2498326	LC
5229154	Scopus umbretta Gmelin, 1789	5229154	Scopus umbretta Gmelin, 1789	1	SPECIES	ACCEPTED	Animalia	1	Chordata	44	Aves	212	Pelecaniformes	7190953	Scopidae	9345	Scopus	2480344	Scopus umbretta	5229154	LC
5789082	Euodice malabarica (Linnaeus, 1758)	5789082	Euodice malabarica (Linnaeus, 1758)	1	SPECIES	ACCEPTED	Animalia	1	Chordata	44	Aves	212	Passeriformes	729	Estrildidae	5709	Euodice	7340334	Euodice malabarica	5789082	LC
2360575	Chondrostoma soetta Bonaparte, 1840	2360575	Chondrostoma soetta Bonaparte, 1840	18	SPECIES	ACCEPTED	Animalia	1	Chordata	44			Cypriniformes	1153	Cyprinidae	7336	Chondrostoma	2360535	Chondrostoma soetta	2360575	EN
2493220	Hippolais icterina (Vieillot, 1817)	2493220	Hippolais icterina (Vieillot, 1817)	367	SPECIES	ACCEPTED	Animalia	1	Chordata	44	Aves	212	Passeriformes	729	Acrocephalidae	6101019	Hippolais	2493213	Hippolais icterina	2493220	LC
5229264	Sterna bengalensis R.Lesson, 1831	7192410	Thalasseus bengalensis bengalensis	15	SPECIES	SYNONYM	Animalia	1	Chordata	44	Aves	212	Charadriiformes	7192402	Laridae	9316	Thalasseus	9109074	Thalasseus bengalensis	6065833	LC
2435959	Sorex minutissimus Zimmermann, 1780	2435959	Sorex minutissimus Zimmermann, 1780	2	SPECIES	ACCEPTED	Animalia	1	Chordata	44	Mammalia	359	Soricomorpha	803	Soricidae	5534	Sorex	2435935	Sorex minutissimus	2435959	LC
2482519	Corvus albus Statius Muller, 1776	2482519	Corvus albus Statius Muller, 1776	1	SPECIES	ACCEPTED	Animalia	1	Chordata	44	Aves	212	Passeriformes	729	Corvidae	5235	Corvus	2482468	Corvus albus	2482519	LC
2487923	Parus Linnaeus, 1758	2487923	Parus Linnaeus, 1758	12	GENUS	ACCEPTED	Animalia	1	Chordata	44	Aves	212	Passeriformes	729	Paridae	9327	Parus	2487923			NE
2498350	Somateria spectabilis (Linnaeus, 1758)	2498350	Somateria spectabilis (Linnaeus, 1758)	15	SPECIES	ACCEPTED	Animalia	1	Chordata	44	Aves	212	Anseriformes	1108	Anatidae	2986	Somateria	2498349	Somateria spectabilis	2498350	LC
5959143	Bubo scandiacus (Linnaeus, 1758)	5959143	Bubo scandiacus (Linnaeus, 1758)	1	SPECIES	ACCEPTED	Animalia	1	Chordata	44	Aves	212	Strigiformes	1450	Strigidae	9348	Bubo	5959091	Bubo scandiacus	5959143	VU
9187376	Upupa epops epops	9187376	Upupa epops epops	2	SUBSPECIES	ACCEPTED	Animalia	1	Chordata	44	Aves	212	Bucerotiformes	716	Upupidae	5293	Upupa	8349133	Upupa epops	2498415	
10355796	Curruca undata (Boddaert, 1783)	2492949	Sylvia undata (Boddaert, 1783)	2	SPECIES	SYNONYM	Animalia	1	Chordata	44	Aves	212	Passeriformes	729	Sylviidae	5285	Sylvia	2492941	Sylvia undata	2492949	NT
2435998	Sorex antinorii Bonaparte, 1840	2435998	Sorex antinorii Bonaparte, 1840	792	SPECIES	ACCEPTED	Animalia	1	Chordata	44	Mammalia	359	Soricomorpha	803	Soricidae	5534	Sorex	2435935	Sorex antinorii	2435998	LC
5233	Columbidae	5233	Columbidae	3	FAMILY	ACCEPTED	Animalia	1	Chordata	44	Aves	212	Columbiformes	1446	Columbidae	5233					NE
2432416	Myotis myotis (Borkhausen, 1797)	2432416	Myotis myotis (Borkhausen, 1797)	18594	SPECIES	ACCEPTED	Animalia	1	Chordata	44	Mammalia	359	Chiroptera	734	Vespertilionidae	9368	Myotis	2432384	Myotis myotis	2432416	LC
2481062	Falco vespertinus Linnaeus, 1766	2481062	Falco vespertinus Linnaeus, 1766	293	SPECIES	ACCEPTED	Animalia	1	Chordata	44	Aves	212	Falconiformes	7191407	Falconidae	5240	Falco	2480996	Falco vespertinus	2481062	VU
2481703	Xenus cinereus (Güldenstädt, 1775)	2481703	Xenus cinereus (Güldenstädt, 1775)	55	SPECIES	ACCEPTED	Animalia	1	Chordata	44	Aves	212	Charadriiformes	7192402	Scolopacidae	5282	Xenus	2481702	Xenus cinereus	2481703	LC
2482098	Burhinus grallarius (Latham, 1801)	2482098	Burhinus grallarius (Latham, 1801)	1	SPECIES	ACCEPTED	Animalia	1	Chordata	44	Aves	212	Charadriiformes	7192402	Burhinidae	9697	Burhinus	2482094	Burhinus grallarius	2482098	LC
5220126	Capreolus capreolus (Linnaeus, 1758)	5220126	Capreolus capreolus (Linnaeus, 1758)	26948	SPECIES	ACCEPTED	Animalia	1	Chordata	44	Mammalia	359	Artiodactyla	731	Cervidae	5298	Capreolus	2440927	Capreolus capreolus	5220126	LC
2474921	Otis tarda Linnaeus, 1758	2474921	Otis tarda Linnaeus, 1758	16	SPECIES	ACCEPTED	Animalia	1	Chordata	44	Aves	212	Otidiformes	8708973	Otididae	9610	Otis	9715249	Otis tarda	2474921	VU
2494771	Pinicola enucleator (Linnaeus, 1758)	2494771	Pinicola enucleator (Linnaeus, 1758)	16	SPECIES	ACCEPTED	Animalia	1	Chordata	44	Aves	212	Passeriformes	729	Fringillidae	5242	Pinicola	2494768	Pinicola enucleator	2494771	LC
5207400	Phoxinus septimaniae Kottelat, 2007	5207400	Phoxinus septimaniae Kottelat, 2007	1	SPECIES	ACCEPTED	Animalia	1	Chordata	44			Cypriniformes	1153	Cyprinidae	7336	Phoxinus	3241387	Phoxinus septimaniae	5207400	LC
5534	Soricidae	5534	Soricidae	4	FAMILY	ACCEPTED	Animalia	1	Chordata	44	Mammalia	359	Soricomorpha	803	Soricidae	5534					NE
2362881	Leucaspius delineatus (Heckel, 1843)	2362881	Leucaspius delineatus (Heckel, 1843)	68	SPECIES	ACCEPTED	Animalia	1	Chordata	44			Cypriniformes	1153	Cyprinidae	7336	Leucaspius	2362880	Leucaspius delineatus	2362881	LC
2480589	Accipiter gentilis (Linnaeus, 1758)	2480589	Accipiter gentilis (Linnaeus, 1758)	2483	SPECIES	ACCEPTED	Animalia	1	Chordata	44	Aves	212	Accipitriformes	7191147	Accipitridae	2877	Accipiter	9405810	Accipiter gentilis	2480589	LC
2435767	Neomys fodiens (Pennant, 1771)	2435767	Neomys fodiens (Pennant, 1771)	766	SPECIES	ACCEPTED	Animalia	1	Chordata	44	Mammalia	359	Soricomorpha	803	Soricidae	5534	Neomys	2435766	Neomys fodiens	2435767	LC
2481765	Calidris canutus (Linnaeus, 1758)	2481765	Calidris canutus (Linnaeus, 1758)	194	SPECIES	ACCEPTED	Animalia	1	Chordata	44	Aves	212	Charadriiformes	7192402	Scolopacidae	5282	Calidris	2481739	Calidris canutus	2481765	NT
10665553	Rana esculenta Linnaeus, 1758	2426654	Pelophylax lessonae (Camerano, 1882)	28	SPECIES	SYNONYM	Animalia	1	Chordata	44	Amphibia	131	Anura	952	Ranidae	6746	Pelophylax	2426629	Pelophylax lessonae	2426654	LC
2438660	Microtus subterraneus (Selys-Longchamps, 1836)	2438660	Microtus subterraneus (Selys-Longchamps, 1836)	414	SPECIES	ACCEPTED	Animalia	1	Chordata	44	Mammalia	359	Rodentia	1459	Cricetidae	3240723	Microtus	2438591	Microtus subterraneus	2438660	LC
2480975	Sula leucogaster (Boddaert, 1783)	2480975	Sula leucogaster (Boddaert, 1783)	1	SPECIES	ACCEPTED	Animalia	1	Chordata	44	Aves	212	Suliformes	7192775	Sulidae	9351	Sula	2480966	Sula leucogaster	2480975	LC
6172874	Sturnus vulgaris vulgaris	6172874	Sturnus vulgaris vulgaris	6	SUBSPECIES	ACCEPTED	Animalia	1	Chordata	44	Aves	212	Passeriformes	729	Sturnidae	9350	Sturnus	2489099	Sturnus vulgaris	9809229	
7191096	Bucephala clangula clangula	7191096	Bucephala clangula clangula	2	SUBSPECIES	ACCEPTED	Animalia	1	Chordata	44	Aves	212	Anseriformes	1108	Anatidae	2986	Bucephala	2498324	Bucephala clangula	2498326	
7191608	Troglodytes troglodytes troglodytes	7191608	Troglodytes troglodytes troglodytes	1	SUBSPECIES	ACCEPTED	Animalia	1	Chordata	44	Aves	212	Passeriformes	729	Troglodytidae	9355	Troglodytes	2493899	Troglodytes troglodytes	5231438	
7660710	Luscinia megarhynchos C.L.Brehm, 1831	7660710	Luscinia megarhynchos C.L.Brehm, 1831	3722	SPECIES	ACCEPTED	Animalia	1	Chordata	44	Aves	212	Passeriformes	729	Muscicapidae	9322	Luscinia	5429330	Luscinia megarhynchos	7660710	LC
2492196	Melospiza melodia (A.Wilson, 1810)	2492196	Melospiza melodia (A.Wilson, 1810)	1	SPECIES	ACCEPTED	Animalia	1	Chordata	44	Aves	212	Passeriformes	729	Passerellidae	9410667	Melospiza	2492191	Melospiza melodia	2492196	LC
2498064	Anas erythrorhyncha J.F.Gmelin, 1789	2498064	Anas erythrorhyncha J.F.Gmelin, 1789	1	SPECIES	ACCEPTED	Animalia	1	Chordata	44	Aves	212	Anseriformes	1108	Anatidae	2986	Anas	2498056	Anas erythrorhyncha	2498064	LC
9263969	Ichthyosaura alpestris alpestris	2431783	Ichthyosaura alpestris (Laurenti, 1768)	3	SUBSPECIES	SYNONYM	Animalia	1	Chordata	44	Amphibia	131	Caudata	953	Salamandridae	6750	Ichthyosaura	2431782	Ichthyosaura alpestris	2431783	
5282	Scolopacidae	5282	Scolopacidae	1	FAMILY	ACCEPTED	Animalia	1	Chordata	44	Aves	212	Charadriiformes	7192402	Scolopacidae	5282					NE
2412623	Alosa fallax (Lacepède, 1803)	2412623	Alosa fallax (Lacepède, 1803)	1	SPECIES	ACCEPTED	Animalia	1	Chordata	44			Clupeiformes	538	Clupeidae	7332	Alosa	2412615	Alosa fallax	2412623	LC
2435528	Crocidura Wagler, 1832	2435528	Crocidura Wagler, 1832	1	GENUS	ACCEPTED	Animalia	1	Chordata	44	Mammalia	359	Soricomorpha	803	Soricidae	5534	Crocidura	2435528			NE
2481312	Cepphus grylle (Linnaeus, 1758)	2481312	Cepphus grylle (Linnaeus, 1758)	15	SPECIES	ACCEPTED	Animalia	1	Chordata	44	Aves	212	Charadriiformes	7192402	Alcidae	2985	Cepphus	3241982	Cepphus grylle	2481312	LC
7405711	Motacilla aguimp Temminck, 1820	7405711	Motacilla aguimp Temminck, 1820	1	SPECIES	ACCEPTED	Animalia	1	Chordata	44	Aves	212	Passeriformes	729	Motacillidae	5257	Motacilla	2490295	Motacilla aguimp	7405711	NE
2474381	Fulica cristata Gmelin, 1789	2474381	Fulica cristata Gmelin, 1789	15	SPECIES	ACCEPTED	Animalia	1	Chordata	44	Aves	212	Gruiformes	1493	Rallidae	9342	Fulica	2474376	Fulica cristata	2474381	LC
2481748	Calidris alba (Pallas, 1764)	2481748	Calidris alba (Pallas, 1764)	253	SPECIES	ACCEPTED	Animalia	1	Chordata	44	Aves	212	Charadriiformes	7192402	Scolopacidae	5282	Calidris	2481739	Calidris alba	2481748	LC
2489160	Riparia riparia (Linnaeus, 1758)	2489160	Riparia riparia (Linnaeus, 1758)	2349	SPECIES	ACCEPTED	Animalia	1	Chordata	44	Aves	212	Passeriformes	729	Hirundinidae	5248	Riparia	2489158	Riparia riparia	2489160	LC
9367409	Sterna hirundo Linnaeus, 1758	9367409	Sterna hirundo Linnaeus, 1758	4237	SPECIES	ACCEPTED	Animalia	1	Chordata	44	Aves	212	Charadriiformes	7192402	Laridae	9316	Sterna	2481227	Sterna hirundo	9367409	LC
9791464	Colinus virginianus (Linnaeus, 1758)	9791464	Colinus virginianus (Linnaeus, 1758)	16	SPECIES	ACCEPTED	Animalia	1	Chordata	44	Aves	212	Galliformes	723	Odontophoridae	9325	Colinus	2474271	Colinus virginianus	9791464	NT
2441905	Chelydra serpentina (Linnaeus, 1758)	2441905	Chelydra serpentina (Linnaeus, 1758)	3	SPECIES	ACCEPTED	Animalia	1	Chordata	44	Testudines	11418114			Chelydridae	5462	Chelydra	2441904	Chelydra serpentina	2441905	LC
2480578	Accipiter brevipes (Severtzov, 1850)	2480578	Accipiter brevipes (Severtzov, 1850)	15	SPECIES	ACCEPTED	Animalia	1	Chordata	44	Aves	212	Accipitriformes	7191147	Accipitridae	2877	Accipiter	9405810	Accipiter brevipes	2480578	LC
4409010	Parus montanus Conrad von Baldenstein, 1827	4409010	Parus montanus Conrad von Baldenstein, 1827	287	SPECIES	ACCEPTED	Animalia	1	Chordata	44	Aves	212	Passeriformes	729	Paridae	9327	Parus	2487923	Parus montanus	4409010	NE
7193871	Canis lupus lupus	7193871	Canis lupus lupus	1	SUBSPECIES	ACCEPTED	Animalia	1	Chordata	44	Mammalia	359	Carnivora	732	Canidae	9701	Canis	5219142	Canis lupus	5219173	
7826906	Thectocercus acuticaudatus (Vieillot, 1818)	2479089	Aratinga acuticaudata (Vieillot, 1818)	1	SPECIES	SYNONYM	Animalia	1	Chordata	44	Aves	212	Psittaciformes	1445	Psittacidae	9340	Aratinga	2479088	Aratinga acuticaudata	2479089	NE
11040669	Curruca communis communis	2492943	Sylvia communis Latham, 1787	1	SUBSPECIES	SYNONYM	Animalia	1	Chordata	44	Aves	212	Passeriformes	729	Sylviidae	5285	Sylvia	2492941	Sylvia communis	2492943	
2382155	Sander lucioperca (Linnaeus, 1758)	2382155	Sander lucioperca (Linnaeus, 1758)	227	SPECIES	ACCEPTED	Animalia	1	Chordata	44			Perciformes	587	Percidae	4481	Sander	2382151	Sander lucioperca	2382155	LC
2480509	Aquila clanga Pallas, 1811	2480509	Aquila clanga Pallas, 1811	280	SPECIES	ACCEPTED	Animalia	1	Chordata	44	Aves	212	Accipitriformes	7191147	Accipitridae	2877	Aquila	2480498	Aquila clanga	2480509	VU
2474055	Alectoris graeca (Meisner, 1804)	2474055	Alectoris graeca (Meisner, 1804)	677	SPECIES	ACCEPTED	Animalia	1	Chordata	44	Aves	212	Galliformes	723	Phasianidae	9331	Alectoris	2474025	Alectoris graeca	2474055	NT
5228694	Apus unicolor (Jardine, 1830)	5228694	Apus unicolor (Jardine, 1830)	15	SPECIES	ACCEPTED	Animalia	1	Chordata	44	Aves	212	Apodiformes	1448	Apodidae	2993	Apus	2235048	Apus unicolor	5228694	LC
2498396	Dendrocygna viduata (Linnaeus, 1766)	2498396	Dendrocygna viduata (Linnaeus, 1766)	8	SPECIES	ACCEPTED	Animalia	1	Chordata	44	Aves	212	Anseriformes	1108	Anatidae	2986	Dendrocygna	2498392	Dendrocygna viduata	2498396	LC
6159244	Lacerta bilineata bilineata	6159244	Lacerta bilineata bilineata	2	SUBSPECIES	ACCEPTED	Animalia	1	Chordata	44	Squamata	11592253			Lacertidae	5201	Lacerta	2469780	Lacerta bilineata	6159243	
7192166	Oenanthe oenanthe oenanthe	7192166	Oenanthe oenanthe oenanthe	25	SUBSPECIES	ACCEPTED	Animalia	1	Chordata	44	Aves	212	Passeriformes	729	Muscicapidae	9322	Oenanthe	2492483	Oenanthe oenanthe	5231240	
2362524	Tinca tinca (Linnaeus, 1758)	2362524	Tinca tinca (Linnaeus, 1758)	1492	SPECIES	ACCEPTED	Animalia	1	Chordata	44			Cypriniformes	1153	Cyprinidae	7336	Tinca	2362523	Tinca tinca	2362524	LC
12349812	Salariopsis fluviatilis (Asso, 1801)	4409525	Salaria fluviatilis (Asso, 1801)	7	SPECIES	SYNONYM	Animalia	1	Chordata	44			Perciformes	587	Blenniidae	4251	Salaria	2395308	Salaria fluviatilis	4409525	NE
2489076	Lamprotornis caudatus (Statius Muller, 1776)	2489076	Lamprotornis caudatus (Statius Muller, 1776)	1	SPECIES	ACCEPTED	Animalia	1	Chordata	44	Aves	212	Passeriformes	729	Sturnidae	9350	Lamprotornis	2489069	Lamprotornis caudatus	2489076	LC
5229491	Pica pica pica	5229491	Pica pica pica	5	SUBSPECIES	ACCEPTED	Animalia	1	Chordata	44	Aves	212	Passeriformes	729	Corvidae	5235	Pica	7237083	Pica pica	5229490	
6100954	Coloeus monedula (Linnaeus, 1758)	6100954	Coloeus monedula (Linnaeus, 1758)	18	SPECIES	ACCEPTED	Animalia	1	Chordata	44	Aves	212	Passeriformes	729	Corvidae	5235	Coloeus	4852454	Coloeus monedula	6100954	NE
7191094	Mergus merganser merganser	7191094	Mergus merganser merganser	43	SUBSPECIES	ACCEPTED	Animalia	1	Chordata	44	Aves	212	Anseriformes	1108	Anatidae	2986	Mergus	2498368	Mergus merganser	9537647	
2432384	Myotis Kaup, 1829	2432384	Myotis Kaup, 1829	714	GENUS	ACCEPTED	Animalia	1	Chordata	44	Mammalia	359	Chiroptera	734	Vespertilionidae	9368	Myotis	2432384			NE
2481609	Stercorarius pomarinus (Temminck, 1815)	2481609	Stercorarius pomarinus (Temminck, 1815)	59	SPECIES	ACCEPTED	Animalia	1	Chordata	44	Aves	212	Charadriiformes	7192402	Stercorariidae	9347	Stercorarius	2481608	Stercorarius pomarinus	2481609	LC
2490613	Melanocorypha calandra (Linnaeus, 1766)	2490613	Melanocorypha calandra (Linnaeus, 1766)	38	SPECIES	ACCEPTED	Animalia	1	Chordata	44	Aves	212	Passeriformes	729	Alaudidae	7211	Melanocorypha	2490608	Melanocorypha calandra	2490613	LC
5231918	Cuculus canorus Linnaeus, 1758	5231918	Cuculus canorus Linnaeus, 1758	6324	SPECIES	ACCEPTED	Animalia	1	Chordata	44	Aves	212	Cuculiformes	1492	Cuculidae	9309	Cuculus	2336662	Cuculus canorus	5231918	LC
5845582	Chloris chloris (Linnaeus, 1758)	5845582	Chloris chloris (Linnaeus, 1758)	21285	SPECIES	ACCEPTED	Animalia	1	Chordata	44	Aves	212	Passeriformes	729	Fringillidae	5242	Chloris	3241514	Chloris chloris	5845582	LC
7422937	Bubalus bubalis (Linnaeus, 1758)	7422937	Bubalus bubalis (Linnaeus, 1758)	1	SPECIES	ACCEPTED	Animalia	1	Chordata	44	Mammalia	359	Artiodactyla	731	Bovidae	9614	Bubalus	8166441	Bubalus bubalis	7422937	NE
2458916	Hierophis viridiflavus (Lacépède, 1789)	2458916	Hierophis viridiflavus (Lacépède, 1789)	1262	SPECIES	ACCEPTED	Animalia	1	Chordata	44	Squamata	11592253			Colubridae	6172	Hierophis	2458915	Hierophis viridiflavus	2458916	LC
2474776	Tribonyx mortierii Du Bus de Gisignies, 1840	9003282	Gallinula mortierii (Du Bus de Gisignies, 1840)	1	SPECIES	SYNONYM	Animalia	1	Chordata	44	Aves	212	Gruiformes	1493	Rallidae	9342	Gallinula	7918617	Gallinula mortierii	9003282	LC
4352332	Phoenicopterus roseus Pallas, 1811	4352332	Phoenicopterus roseus Pallas, 1811	43	SPECIES	ACCEPTED	Animalia	1	Chordata	44	Aves	212	Phoenicopteriformes	7191426	Phoenicopteridae	5269	Phoenicopterus	2481102	Phoenicopterus roseus	4352332	LC
5219004	Mustela nivalis vulgaris Erxleben, 1777	5219004	Mustela nivalis vulgaris Erxleben, 1777	28	SUBSPECIES	ACCEPTED	Animalia	1	Chordata	44	Mammalia	359	Carnivora	732	Mustelidae	5307	Mustela	2433922	Mustela nivalis	5218987	
2492462	Erithacus rubecula (Linnaeus, 1758)	2492462	Erithacus rubecula (Linnaeus, 1758)	34267	SPECIES	ACCEPTED	Animalia	1	Chordata	44	Aves	212	Passeriformes	729	Muscicapidae	9322	Erithacus	2492460	Erithacus rubecula	2492462	LC
5228033	Chrysolophus amherstiae (Leadbeater, 1829)	5228033	Chrysolophus amherstiae (Leadbeater, 1829)	16	SPECIES	ACCEPTED	Animalia	1	Chordata	44	Aves	212	Galliformes	723	Phasianidae	9331	Chrysolophus	10405331	Chrysolophus amherstiae	5228033	LC
9478399	Curruca subalpina (Temminck, 1820)	9478399	Curruca subalpina (Temminck, 1820)	5	SPECIES	ACCEPTED	Animalia	1	Chordata	44	Aves	212	Passeriformes	729	Sylviidae	5285	Curruca	7988924	Curruca subalpina	9478399	LC
2480297	Charadrius leschenaultii R.Lesson, 1826	2480297	Charadrius leschenaultii R.Lesson, 1826	15	SPECIES	ACCEPTED	Animalia	1	Chordata	44	Aves	212	Charadriiformes	7192402	Charadriidae	2480210	Charadrius	2480277	Charadrius leschenaultii	2480297	LC
4408759	Saxicola rubicola (Linnaeus, 1766)	4408759	Saxicola rubicola (Linnaeus, 1766)	4261	SPECIES	ACCEPTED	Animalia	1	Chordata	44	Aves	212	Passeriformes	729	Muscicapidae	9322	Saxicola	2492516	Saxicola rubicola	4408759	NE
5217160	Bufo bufo (Linnaeus, 1758)	5217160	Bufo bufo (Linnaeus, 1758)	74545	SPECIES	ACCEPTED	Animalia	1	Chordata	44	Amphibia	131	Anura	952	Bufonidae	6727	Bufo	7580221	Bufo bufo	5217160	LC
2481177	Larus pipixcan Wagler, 1831	5846430	Leucophaeus pipixcan (Wagler, 1831)	1	SPECIES	SYNONYM	Animalia	1	Chordata	44	Aves	212	Charadriiformes	7192402	Laridae	9316	Leucophaeus	4352369	Leucophaeus pipixcan	5846430	LC
2491534	Emberiza citrinella Linnaeus, 1758	2491534	Emberiza citrinella Linnaeus, 1758	8322	SPECIES	ACCEPTED	Animalia	1	Chordata	44	Aves	212	Passeriformes	729	Emberizidae	9608	Emberiza	2491468	Emberiza citrinella	2491534	LC
5219200	Canis familiaris Linnaeus, 1758	6164210	Canis lupus familiaris Linnaeus, 1758	11	SPECIES	SYNONYM	Animalia	1	Chordata	44	Mammalia	359	Carnivora	732	Canidae	9701	Canis	5219142	Canis lupus	5219173	NE
5228684	Apus melba (Linnaeus, 1758)	2477411	Tachymarptis melba (Linnaeus, 1758)	22	SPECIES	SYNONYM	Animalia	1	Chordata	44	Aves	212	Apodiformes	1448	Apodidae	2993	Tachymarptis	8540301	Tachymarptis melba	2477411	LC
7348951	Picoides major (Linnaeus, 1758)	2477968	Dendrocopos major (Linnaeus, 1758)	3	SPECIES	SYNONYM	Animalia	1	Chordata	44	Aves	212	Piciformes	724	Picidae	9333	Dendrocopos	2477899	Dendrocopos major	2477968	NE
2490955	Monticola solitarius (Linnaeus, 1758)	2490955	Monticola solitarius (Linnaeus, 1758)	276	SPECIES	ACCEPTED	Animalia	1	Chordata	44	Aves	212	Passeriformes	729	Muscicapidae	9322	Monticola	8156917	Monticola solitarius	2490955	LC
9015784	Dryobates minor (Linnaeus, 1758)	9015784	Dryobates minor (Linnaeus, 1758)	2140	SPECIES	ACCEPTED	Animalia	1	Chordata	44	Aves	212	Piciformes	724	Picidae	9333	Dryobates	8399994	Dryobates minor	9015784	LC
2362030	Ctenopharyngodon idella (Valenciennes, 1844)	2362030	Ctenopharyngodon idella (Valenciennes, 1844)	35	SPECIES	ACCEPTED	Animalia	1	Chordata	44			Cypriniformes	1153	Cyprinidae	7336	Ctenopharyngodon	2362029	Ctenopharyngodon idella	2362030	LC
6065810	Chroicocephalus genei (Brème, 1839)	6065810	Chroicocephalus genei (Brème, 1839)	26	SPECIES	ACCEPTED	Animalia	1	Chordata	44	Aves	212	Charadriiformes	7192402	Laridae	9316	Chroicocephalus	4848452	Chroicocephalus genei	6065810	NE
6087113	Cinclus cinclus aquaticus (Bechstein, 1797)	6087113	Cinclus cinclus aquaticus (Bechstein, 1797)	82	SUBSPECIES	ACCEPTED	Animalia	1	Chordata	44	Aves	212	Passeriformes	729	Cinclidae	9290	Cinclus	2495086	Cinclus cinclus	2495093	
7865305	Turdus torquatus Linnaeus, 1758	7865305	Turdus torquatus Linnaeus, 1758	2998	SPECIES	ACCEPTED	Animalia	1	Chordata	44	Aves	212	Passeriformes	729	Turdidae	5290	Turdus	2490714	Turdus torquatus	7865305	LC
9761484	Anas platyrhynchos Linnaeus, 1758	9761484	Anas platyrhynchos Linnaeus, 1758	46224	SPECIES	ACCEPTED	Animalia	1	Chordata	44	Aves	212	Anseriformes	1108	Anatidae	2986	Anas	2498056	Anas platyrhynchos	9761484	LC
2351064	Coregonus nasus (Pallas, 1776)	2351064	Coregonus nasus (Pallas, 1776)	1	SPECIES	ACCEPTED	Animalia	1	Chordata	44			Salmoniformes	1313	Salmonidae	8615	Coregonus	2350934	Coregonus nasus	2351064	LC
2432564	Vespertilio murinus Linnaeus, 1758	2432564	Vespertilio murinus Linnaeus, 1758	3832	SPECIES	ACCEPTED	Animalia	1	Chordata	44	Mammalia	359	Chiroptera	734	Vespertilionidae	9368	Vespertilio	2432562	Vespertilio murinus	2432564	LC
2482515	Corvus cornix Linnaeus, 1758	2482515	Corvus cornix Linnaeus, 1758	4100	SPECIES	ACCEPTED	Animalia	1	Chordata	44	Aves	212	Passeriformes	729	Corvidae	5235	Corvus	2482468	Corvus cornix	2482515	NE
8256382	Clanga pomarina (C.L.Brehm, 1831)	2480505	Aquila pomarina C.L.Brehm, 1831	3	SPECIES	SYNONYM	Animalia	1	Chordata	44	Aves	212	Accipitriformes	7191147	Accipitridae	2877	Aquila	2480498	Aquila pomarina	2480505	LC
9177355	Falco tinnunculus tinnunculus	9177355	Falco tinnunculus tinnunculus	20	SUBSPECIES	ACCEPTED	Animalia	1	Chordata	44	Aves	212	Falconiformes	7191407	Falconidae	5240	Falco	2480996	Falco tinnunculus	9616058	
2491544	Emberiza pusilla Pallas, 1776	2491544	Emberiza pusilla Pallas, 1776	38	SPECIES	ACCEPTED	Animalia	1	Chordata	44	Aves	212	Passeriformes	729	Emberizidae	9608	Emberiza	2491468	Emberiza pusilla	2491544	LC
5229387	Philomachus pugnax (Linnaeus, 1758)	8250742	Calidris pugnax (Linnaeus, 1758)	15	SPECIES	SYNONYM	Animalia	1	Chordata	44	Aves	212	Charadriiformes	7192402	Scolopacidae	5282	Calidris	2481739	Calidris pugnax	8250742	LC
5846230	Monticola solitarius longirostris (Blyth, 1847)	5846230	Monticola solitarius longirostris (Blyth, 1847)	1	SUBSPECIES	ACCEPTED	Animalia	1	Chordata	44	Aves	212	Passeriformes	729	Muscicapidae	9322	Monticola	8156917	Monticola solitarius	2490955	
9751099	Cairina moschata (Linnaeus, 1758)	9751099	Cairina moschata (Linnaeus, 1758)	176	SPECIES	ACCEPTED	Animalia	1	Chordata	44	Aves	212	Anseriformes	1108	Anatidae	2986	Cairina	2498282	Cairina moschata	9751099	LC
2435654	Crocidura russula (Hermann, 1780)	2435654	Crocidura russula (Hermann, 1780)	2137	SPECIES	ACCEPTED	Animalia	1	Chordata	44	Mammalia	359	Soricomorpha	803	Soricidae	5534	Crocidura	2435528	Crocidura russula	2435654	LC
2478548	Picus canus J.F.Gmelin, 1788	2478548	Picus canus J.F.Gmelin, 1788	735	SPECIES	ACCEPTED	Animalia	1	Chordata	44	Aves	212	Piciformes	724	Picidae	9333	Picus	2478487	Picus canus	2478548	LC
2481962	Gavia immer (Brunnich, 1764)	2481962	Gavia immer (Brunnich, 1764)	288	SPECIES	ACCEPTED	Animalia	1	Chordata	44	Aves	212	Gaviiformes	7192754	Gaviidae	9312	Gavia	2481954	Gavia immer	2481962	LC
2493047	Phylloscopus F.Boie, 1826	2493047	Phylloscopus F.Boie, 1826	1	GENUS	ACCEPTED	Animalia	1	Chordata	44	Aves	212	Passeriformes	729	Phylloscopidae	6100963	Phylloscopus	2493047			NE
2498224	Histrionicus histrionicus (Linnaeus, 1758)	2498224	Histrionicus histrionicus (Linnaeus, 1758)	15	SPECIES	ACCEPTED	Animalia	1	Chordata	44	Aves	212	Anseriformes	1108	Anatidae	2986	Histrionicus	2498223	Histrionicus histrionicus	2498224	LC
4408796	Ptyonoprogne rupestris (Scopoli, 1769)	4408796	Ptyonoprogne rupestris (Scopoli, 1769)	5842	SPECIES	ACCEPTED	Animalia	1	Chordata	44	Aves	212	Passeriformes	729	Hirundinidae	5248	Ptyonoprogne	7340277	Ptyonoprogne rupestris	4408796	LC
5229390	Phalaropus fulicarius (Linnaeus, 1758)	5229390	Phalaropus fulicarius (Linnaeus, 1758)	76	SPECIES	ACCEPTED	Animalia	1	Chordata	44	Aves	212	Charadriiformes	7192402	Scolopacidae	5282	Phalaropus	9549339	Phalaropus fulicarius	5229390	LC
6159273	Lacerta viridis (Laurenti, 1768)	6159273	Lacerta viridis (Laurenti, 1768)	1	SPECIES	ACCEPTED	Animalia	1	Chordata	44	Squamata	11592253			Lacertidae	5201	Lacerta	2469780	Lacerta viridis	6159273	LC
6171845	Turdus merula merula	6171845	Turdus merula merula	12	SUBSPECIES	ACCEPTED	Animalia	1	Chordata	44	Aves	212	Passeriformes	729	Turdidae	5290	Turdus	2490714	Turdus merula	2490719	
2443002	Trachemys scripta (Thunberg In Schoepff, 1792)	2443002	Trachemys scripta (Thunberg In Schoepff, 1792)	424	SPECIES	ACCEPTED	Animalia	1	Chordata	44	Testudines	11418114			Emydidae	5465	Trachemys	2442941	Trachemys scripta	2443002	LC
2492846	Lanius cristatus Linnaeus, 1758	2492846	Lanius cristatus Linnaeus, 1758	2	SPECIES	ACCEPTED	Animalia	1	Chordata	44	Aves	212	Passeriformes	729	Laniidae	9315	Lanius	2483315	Lanius cristatus	2492846	LC
4408970	Pyrrhula murina Godman, 1866	4408970	Pyrrhula murina Godman, 1866	15	SPECIES	ACCEPTED	Animalia	1	Chordata	44	Aves	212	Passeriformes	729	Fringillidae	5242	Pyrrhula	2494529	Pyrrhula murina	4408970	VU
5229221	Sterna caspia Pallas, 1770	2481236	Hydroprogne caspia (Pallas, 1770)	15	SPECIES	SYNONYM	Animalia	1	Chordata	44	Aves	212	Charadriiformes	7192402	Laridae	9316	Hydroprogne	2481219	Hydroprogne caspia	2481236	LC
8203973	Parus cristatus Linnaeus, 1758	2487883	Lophophanes cristatus (Linnaeus, 1758)	477	SPECIES	SYNONYM	Animalia	1	Chordata	44	Aves	212	Passeriformes	729	Paridae	9327	Lophophanes	2487881	Lophophanes cristatus	2487883	LC
2474156	Coturnix coturnix (Linnaeus, 1758)	2474156	Coturnix coturnix (Linnaeus, 1758)	1279	SPECIES	ACCEPTED	Animalia	1	Chordata	44	Aves	212	Galliformes	723	Phasianidae	9331	Coturnix	8725725	Coturnix coturnix	2474156	LC
7193973	Mustela nivalis nivalis	7193973	Mustela nivalis nivalis	73	SUBSPECIES	ACCEPTED	Animalia	1	Chordata	44	Mammalia	359	Carnivora	732	Mustelidae	5307	Mustela	2433922	Mustela nivalis	5218987	
9584698	Falco naumanni J.G.Fleischer, 1818	9584698	Falco naumanni J.G.Fleischer, 1818	21	SPECIES	ACCEPTED	Animalia	1	Chordata	44	Aves	212	Falconiformes	7191407	Falconidae	5240	Falco	2480996	Falco naumanni	9584698	LC
2443597	Mauremys reevesii (Gray, 1831)	2443597	Mauremys reevesii (Gray, 1831)	5	SPECIES	ACCEPTED	Animalia	1	Chordata	44	Testudines	11418114			Geoemydidae	5463	Mauremys	9245902	Mauremys reevesii	2443597	EN
2493095	Phylloscopus inornatus (Blyth, 1842)	2493095	Phylloscopus inornatus (Blyth, 1842)	87	SPECIES	ACCEPTED	Animalia	1	Chordata	44	Aves	212	Passeriformes	729	Phylloscopidae	6100963	Phylloscopus	2493047	Phylloscopus inornatus	2493095	LC
2493124	Acrocephalus melanopogon (Temminck, 1823)	2493124	Acrocephalus melanopogon (Temminck, 1823)	81	SPECIES	ACCEPTED	Animalia	1	Chordata	44	Aves	212	Passeriformes	729	Acrocephalidae	6101019	Acrocephalus	2493112	Acrocephalus melanopogon	2493124	LC
2498375	Mergus serrator Linnaeus, 1758	2498375	Mergus serrator Linnaeus, 1758	1554	SPECIES	ACCEPTED	Animalia	1	Chordata	44	Aves	212	Anseriformes	1108	Anatidae	2986	Mergus	2498368	Mergus serrator	2498375	LC
4409131	Castor fiber Linnaeus, 1758	4409131	Castor fiber Linnaeus, 1758	65963	SPECIES	ACCEPTED	Animalia	1	Chordata	44	Mammalia	359	Rodentia	1459	Castoridae	5493	Castor	3240758	Castor fiber	4409131	LC
7341423	Erithacus rubecula rubecula	7341423	Erithacus rubecula rubecula	2	SUBSPECIES	ACCEPTED	Animalia	1	Chordata	44	Aves	212	Passeriformes	729	Muscicapidae	9322	Erithacus	2492460	Erithacus rubecula	2492462	
2481127	Larus hyperboreus Gunnerus, 1767	2481127	Larus hyperboreus Gunnerus, 1767	19	SPECIES	ACCEPTED	Animalia	1	Chordata	44	Aves	212	Charadriiformes	7192402	Laridae	9316	Larus	2481126	Larus hyperboreus	2481127	LC
2492521	Saxicola rubetra (Linnaeus, 1758)	2492521	Saxicola rubetra (Linnaeus, 1758)	3984	SPECIES	ACCEPTED	Animalia	1	Chordata	44	Aves	212	Passeriformes	729	Muscicapidae	9322	Saxicola	2492516	Saxicola rubetra	2492521	LC
5231817	Columba guinea Linnaeus, 1758	5231817	Columba guinea Linnaeus, 1758	1	SPECIES	ACCEPTED	Animalia	1	Chordata	44	Aves	212	Columbiformes	1446	Columbidae	5233	Columba	2495404	Columba guinea	5231817	LC
6159345	Podarcis muralis maculiventris (Werner, 1891)	6159345	Podarcis muralis maculiventris (Werner, 1891)	4	SUBSPECIES	ACCEPTED	Animalia	1	Chordata	44	Squamata	11592253			Lacertidae	5201	Podarcis	2468993	Podarcis muralis	2469188	
7059753	Gallinula chloropus chloropus	7059753	Gallinula chloropus chloropus	19	SUBSPECIES	ACCEPTED	Animalia	1	Chordata	44	Aves	212	Gruiformes	1493	Rallidae	9342	Gallinula	7918617	Gallinula chloropus	5228199	
2431785	Triturus alpestris (Laurenti, 1768)	2431783	Ichthyosaura alpestris (Laurenti, 1768)	66	SPECIES	SYNONYM	Animalia	1	Chordata	44	Amphibia	131	Caudata	953	Salamandridae	6750	Ichthyosaura	2431782	Ichthyosaura alpestris	2431783	LC
2480773	Plegadis falcinellus (Linnaeus, 1766)	2480773	Plegadis falcinellus (Linnaeus, 1766)	169	SPECIES	ACCEPTED	Animalia	1	Chordata	44	Aves	212	Pelecaniformes	7190953	Threskiornithidae	5288	Plegadis	8171676	Plegadis falcinellus	2480773	LC
2491472	Emberiza leucocephalos S.G.Gmelin, 1771	2491472	Emberiza leucocephalos S.G.Gmelin, 1771	45	SPECIES	ACCEPTED	Animalia	1	Chordata	44	Aves	212	Passeriformes	729	Emberizidae	9608	Emberiza	2491468	Emberiza leucocephalos	2491472	LC
2498343	Cygnus olor (J.F.Gmelin, 1789)	2498343	Cygnus olor (J.F.Gmelin, 1789)	29031	SPECIES	ACCEPTED	Animalia	1	Chordata	44	Aves	212	Anseriformes	1108	Anatidae	2986	Cygnus	8996942	Cygnus olor	2498343	LC
5231766	Prunella atrogularis (Brandt, 1843)	5231766	Prunella atrogularis (Brandt, 1843)	15	SPECIES	ACCEPTED	Animalia	1	Chordata	44	Aves	212	Passeriformes	729	Prunellidae	5273	Prunella	2495070	Prunella atrogularis	5231766	LC
6090361	Luscinia svecica cyanecula (Meisner, 1804)	6090361	Luscinia svecica cyanecula (Meisner, 1804)	9	SUBSPECIES	ACCEPTED	Animalia	1	Chordata	44	Aves	212	Passeriformes	729	Muscicapidae	9322	Luscinia	5429330	Luscinia svecica	4408732	
7952072	Lepus europaeus Pallas, 1778	7952072	Lepus europaeus Pallas, 1778	78521	SPECIES	ACCEPTED	Animalia	1	Chordata	44	Mammalia	359	Lagomorpha	785	Leporidae	9379	Lepus	2436691	Lepus europaeus	7952072	LC
9299354	Zapornia pusilla (Pallas, 1776)	2474628	Porzana pusilla (Pallas, 1776)	47	SPECIES	SYNONYM	Animalia	1	Chordata	44	Aves	212	Gruiformes	1493	Rallidae	9342	Porzana	2474604	Porzana pusilla	2474628	LC
9372299	Anarhynchus alexandrinus	2480311	Charadrius alexandrinus Linnaeus, 1758	31	SPECIES	SYNONYM	Animalia	1	Chordata	44	Aves	212	Charadriiformes	7192402	Charadriidae	2480210	Charadrius	2480277	Charadrius alexandrinus	2480311	NE
9542814	Ovis gmelini Linnaeus, 1758	9542814	Ovis gmelini Linnaeus, 1758	3	SPECIES	ACCEPTED	Animalia	1	Chordata	44	Mammalia	359	Artiodactyla	731	Bovidae	9614	Ovis	9531221	Ovis gmelini	9542814	NE
11380022	Hoplopterus spinosus Linnaeus, 1758	5229142	Vanellus spinosus (Linnaeus, 1758)	15	SPECIES	SYNONYM	Animalia	1	Chordata	44	Aves	212	Charadriiformes	7192402	Charadriidae	2480210	Vanellus	3242344	Vanellus spinosus	5229142	LC
2421219	Lampetra zanandreai Vladykov, 1955	2421217	Lethenteron zanandreai (Vladykov, 1955)	10	SPECIES	SYNONYM	Animalia	1	Chordata	44	Petromyzonti	11881065	Petromyzontiformes	771	Petromyzontidae	2212	Lethenteron	2421216	Lethenteron zanandreai	2421217	LC
2448256	Anguis Linnaeus, 1758	2448256	Anguis Linnaeus, 1758	6	GENUS	ACCEPTED	Animalia	1	Chordata	44	Squamata	11592253			Anguidae	9198	Anguis	2448256			NE
2498255	Aythya ferina (Linnaeus, 1758)	2498255	Aythya ferina (Linnaeus, 1758)	11467	SPECIES	ACCEPTED	Animalia	1	Chordata	44	Aves	212	Anseriformes	1108	Anatidae	2986	Aythya	2498254	Aythya ferina	2498255	VU
7261456	Rupicapra rupicapra rupicapra	7261456	Rupicapra rupicapra rupicapra	139	SUBSPECIES	ACCEPTED	Animalia	1	Chordata	44	Mammalia	359	Artiodactyla	731	Bovidae	9614	Rupicapra	5220169	Rupicapra rupicapra	5220170	
2440891	Equus asinus Linnaeus, 1758	2440891	Equus asinus Linnaeus, 1758	7	SPECIES	ACCEPTED	Animalia	1	Chordata	44	Mammalia	359	Perissodactyla	795	Equidae	5479	Equus	8652950	Equus asinus	2440891	NE
4408732	Luscinia svecica (Linnaeus, 1758)	4408732	Luscinia svecica (Linnaeus, 1758)	422	SPECIES	ACCEPTED	Animalia	1	Chordata	44	Aves	212	Passeriformes	729	Muscicapidae	9322	Luscinia	5429330	Luscinia svecica	4408732	LC
5229045	Psittacula alexandri (Linnaeus, 1758)	5229045	Psittacula alexandri (Linnaeus, 1758)	1	SPECIES	ACCEPTED	Animalia	1	Chordata	44	Aves	212	Psittaciformes	1445	Psittacidae	9340	Psittacula	2479192	Psittacula alexandri	5229045	NT
5231630	Acanthis flammea (Linnaeus, 1758)	5231630	Acanthis flammea (Linnaeus, 1758)	826	SPECIES	ACCEPTED	Animalia	1	Chordata	44	Aves	212	Passeriformes	729	Fringillidae	5242	Acanthis	6782561	Acanthis flammea	5231630	LC
5739539	Barbus barbus (Linnaeus, 1758)	5739539	Barbus barbus (Linnaeus, 1758)	2473	SPECIES	ACCEPTED	Animalia	1	Chordata	44			Cypriniformes	1153	Cyprinidae	7336	Barbus	9183743	Barbus barbus	5739539	LC
7341745	Spinus magellanicus (Vieillot, 1805)	7341745	Spinus magellanicus (Vieillot, 1805)	1	SPECIES	ACCEPTED	Animalia	1	Chordata	44	Aves	212	Passeriformes	729	Fringillidae	5242	Spinus	8051475	Spinus magellanicus	7341745	LC
8250742	Calidris pugnax (Linnaeus, 1758)	8250742	Calidris pugnax (Linnaeus, 1758)	2377	SPECIES	ACCEPTED	Animalia	1	Chordata	44	Aves	212	Charadriiformes	7192402	Scolopacidae	5282	Calidris	2481739	Calidris pugnax	8250742	LC
1446	Columbiformes	1446	Columbiformes	1	ORDER	ACCEPTED	Animalia	1	Chordata	44	Aves	212	Columbiformes	1446							NE
2480510	Aquila adalberti C.L.Brehm, 1861	2480510	Aquila adalberti C.L.Brehm, 1861	15	SPECIES	ACCEPTED	Animalia	1	Chordata	44	Aves	212	Accipitriformes	7191147	Accipitridae	2877	Aquila	2480498	Aquila adalberti	2480510	VU
2481047	Falco peregrinus Tunstall, 1771	2481047	Falco peregrinus Tunstall, 1771	2562	SPECIES	ACCEPTED	Animalia	1	Chordata	44	Aves	212	Falconiformes	7191407	Falconidae	5240	Falco	2480996	Falco peregrinus	2481047	LC
2498046	Chenonetta jubata (Latham, 1801)	2498046	Chenonetta jubata (Latham, 1801)	15	SPECIES	ACCEPTED	Animalia	1	Chordata	44	Aves	212	Anseriformes	1108	Anatidae	2986	Chenonetta	2498045	Chenonetta jubata	2498046	LC
4266346	Myotis alcathoe von Helversen & Heller, 2001	4266346	Myotis alcathoe von Helversen & Heller, 2001	142	SPECIES	ACCEPTED	Animalia	1	Chordata	44	Mammalia	359	Chiroptera	734	Vespertilionidae	9368	Myotis	2432384	Myotis alcathoe	4266346	DD
10091924	Branta hutchinsii × leucopsis	10592115	Branta hutchinsii x leucopsis	1	SPECIES	SYNONYM	Animalia	1	Chordata	44	Aves	212	Anseriformes	1108	Anatidae	2986	Branta	2498190	Branta hutchinsii x leucopsis	10592115	
2431781	Salamandra atra Laurenti, 1768	2431781	Salamandra atra Laurenti, 1768	8985	SPECIES	ACCEPTED	Animalia	1	Chordata	44	Amphibia	131	Caudata	953	Salamandridae	6750	Salamandra	8024525	Salamandra atra	2431781	LC
2433406	Ursus Linnaeus, 1758	2433406	Ursus Linnaeus, 1758	1	GENUS	ACCEPTED	Animalia	1	Chordata	44	Mammalia	359	Carnivora	732	Ursidae	9681	Ursus	2433406			NE
7193950	Ursus arctos arctos	7193950	Ursus arctos arctos	2	SUBSPECIES	ACCEPTED	Animalia	1	Chordata	44	Mammalia	359	Carnivora	732	Ursidae	9681	Ursus	2433406	Ursus arctos	2433433	
7342118	Poecile montanus montanus	7342118	Poecile montanus montanus	31	SUBSPECIES	ACCEPTED	Animalia	1	Chordata	44	Aves	212	Passeriformes	729	Paridae	9327	Poecile	2487782	Poecile montanus	2487866	
8012314	Jynx torquilla Linnaeus, 1758	8012314	Jynx torquilla Linnaeus, 1758	2674	SPECIES	ACCEPTED	Animalia	1	Chordata	44	Aves	212	Piciformes	724	Picidae	9333	Jynx	2478152	Jynx torquilla	8012314	LC
9797617	Motacilla alba alba	9797617	Motacilla alba alba	30	SUBSPECIES	ACCEPTED	Animalia	1	Chordata	44	Aves	212	Passeriformes	729	Motacillidae	5257	Motacilla	2490295	Motacilla alba	9687165	
5707150	Pipistrellus pygmaeus (Leach, 1825)	5707150	Pipistrellus pygmaeus (Leach, 1825)	3980	SPECIES	ACCEPTED	Animalia	1	Chordata	44	Mammalia	359	Chiroptera	734	Vespertilionidae	9368	Pipistrellus	2432218	Pipistrellus pygmaeus	5707150	LC
6091856	Sturnia sinensis (Gmelin, 1788)	6091856	Sturnia sinensis (Gmelin, 1788)	1	SPECIES	ACCEPTED	Animalia	1	Chordata	44	Aves	212	Passeriformes	729	Sturnidae	9350	Sturnia	7341571	Sturnia sinensis	6091856	LC
9384117	Anser anser f. domesticus	9384117	Anser anser f. domesticus	50	FORM	ACCEPTED	Animalia	1	Chordata	44	Aves	212	Anseriformes	1108	Anatidae	2986	Anser	2498016	Anser anser	2498036	
11374585	Sus scrofa domesticus Linnaeus, 1758	11374585	Sus scrofa domesticus Linnaeus, 1758	1	SUBSPECIES	ACCEPTED	Animalia	1	Chordata	44	Mammalia	359	Artiodactyla	731	Suidae	5302	Sus	2441213	Sus scrofa	7705930	
2351191	Coregonus nobilis Haack, 1882	2351191	Coregonus nobilis Haack, 1882	5	SPECIES	ACCEPTED	Animalia	1	Chordata	44			Salmoniformes	1313	Salmonidae	8615	Coregonus	2350934	Coregonus nobilis	2351191	LC
2490737	Turdus pilaris Linnaeus, 1758	2490737	Turdus pilaris Linnaeus, 1758	10477	SPECIES	ACCEPTED	Animalia	1	Chordata	44	Aves	212	Passeriformes	729	Turdidae	5290	Turdus	2490714	Turdus pilaris	2490737	LC
4409525	Salaria fluviatilis (Asso, 1801)	4409525	Salaria fluviatilis (Asso, 1801)	84	SPECIES	ACCEPTED	Animalia	1	Chordata	44			Perciformes	587	Blenniidae	4251	Salaria	2395308	Salaria fluviatilis	4409525	LC
7341266	Acrocephalus scirpaceus scirpaceus	7341266	Acrocephalus scirpaceus scirpaceus	8	SUBSPECIES	ACCEPTED	Animalia	1	Chordata	44	Aves	212	Passeriformes	729	Acrocephalidae	6101019	Acrocephalus	2493112	Acrocephalus scirpaceus	2493118	
2481890	Phalacrocorax carbo (Linnaeus, 1758)	2481890	Phalacrocorax carbo (Linnaeus, 1758)	28929	SPECIES	ACCEPTED	Animalia	1	Chordata	44	Aves	212	Suliformes	7192775	Phalacrocoracidae	5268	Phalacrocorax	2481854	Phalacrocorax carbo	2481890	LC
2482449	Perisoreus infaustus (Linnaeus, 1758)	2482449	Perisoreus infaustus (Linnaeus, 1758)	15	SPECIES	ACCEPTED	Animalia	1	Chordata	44	Aves	212	Passeriformes	729	Corvidae	5235	Perisoreus	2482435	Perisoreus infaustus	2482449	LC
2491726	Lophospingus pusillus (Burmeister, 1860)	2491726	Lophospingus pusillus (Burmeister, 1860)	1	SPECIES	ACCEPTED	Animalia	1	Chordata	44	Aves	212	Passeriformes	729	Thraupidae	9352	Lophospingus	2491724	Lophospingus pusillus	2491726	LC
2493145	Acrocephalus dumetorum Blyth, 1849	2493145	Acrocephalus dumetorum Blyth, 1849	21	SPECIES	ACCEPTED	Animalia	1	Chordata	44	Aves	212	Passeriformes	729	Acrocephalidae	6101019	Acrocephalus	2493112	Acrocephalus dumetorum	2493145	LC
2481800	Actitis hypoleucos (Linnaeus, 1758)	2481800	Actitis hypoleucos (Linnaeus, 1758)	4399	SPECIES	ACCEPTED	Animalia	1	Chordata	44	Aves	212	Charadriiformes	7192402	Scolopacidae	5282	Actitis	2481797	Actitis hypoleucos	2481800	LC
2481958	Gavia stellata (Pontoppidan, 1763)	2481958	Gavia stellata (Pontoppidan, 1763)	304	SPECIES	ACCEPTED	Animalia	1	Chordata	44	Aves	212	Gaviiformes	7192754	Gaviidae	9312	Gavia	2481954	Gavia stellata	2481958	LC
2490246	Anthus trivialis (Linnaeus, 1758)	2490246	Anthus trivialis (Linnaeus, 1758)	3877	SPECIES	ACCEPTED	Animalia	1	Chordata	44	Aves	212	Passeriformes	729	Motacillidae	5257	Anthus	2490241	Anthus trivialis	2490246	LC
2492537	Luscinia calliope (Pallas, 1776)	2492537	Luscinia calliope (Pallas, 1776)	15	SPECIES	ACCEPTED	Animalia	1	Chordata	44	Aves	212	Passeriformes	729	Muscicapidae	9322	Luscinia	5429330	Luscinia calliope	2492537	LC
6180141	Tetrastes bonasia styriacus (von Jordans & Schiebel, 1944)	6180141	Tetrastes bonasia styriacus (von Jordans & Schiebel, 1944)	10	SUBSPECIES	ACCEPTED	Animalia	1	Chordata	44	Aves	212	Galliformes	723	Phasianidae	9331	Tetrastes	2473658	Tetrastes bonasia	2473663	
7964291	Felis silvestris Schreber, 1777	7964291	Felis silvestris Schreber, 1777	3771	SPECIES	ACCEPTED	Animalia	1	Chordata	44	Mammalia	359	Carnivora	732	Felidae	9703	Felis	2435022	Felis silvestris	7964291	LC
2479798	Melopsittacus undulatus (Shaw, 1805)	2479798	Melopsittacus undulatus (Shaw, 1805)	10	SPECIES	ACCEPTED	Animalia	1	Chordata	44	Aves	212	Psittaciformes	1445	Psittacidae	9340	Melopsittacus	2479797	Melopsittacus undulatus	2479798	LC
2480482	Circus aeruginosus (Linnaeus, 1758)	2480482	Circus aeruginosus (Linnaeus, 1758)	3144	SPECIES	ACCEPTED	Animalia	1	Chordata	44	Aves	212	Accipitriformes	7191147	Accipitridae	2877	Circus	2480481	Circus aeruginosus	2480482	LC
2494194	Serinus pusillus (Pallas, 1811)	2494194	Serinus pusillus (Pallas, 1811)	15	SPECIES	ACCEPTED	Animalia	1	Chordata	44	Aves	212	Passeriformes	729	Fringillidae	5242	Serinus	8215044	Serinus pusillus	2494194	LC
8126684	Parus palustris Linnaeus, 1758	2487843	Poecile palustris (Linnaeus, 1758)	440	SPECIES	SYNONYM	Animalia	1	Chordata	44	Aves	212	Passeriformes	729	Paridae	9327	Poecile	2487782	Poecile palustris	2487843	LC
2481202	Pagophila eburnea (Phipps, 1774)	2481202	Pagophila eburnea (Phipps, 1774)	16	SPECIES	ACCEPTED	Animalia	1	Chordata	44	Aves	212	Charadriiformes	7192402	Laridae	9316	Pagophila	2481201	Pagophila eburnea	2481202	NT
2481828	Gallinago stenura (Bonaparte, 1831)	2481828	Gallinago stenura (Bonaparte, 1831)	15	SPECIES	ACCEPTED	Animalia	1	Chordata	44	Aves	212	Charadriiformes	7192402	Scolopacidae	5282	Gallinago	2481808	Gallinago stenura	2481828	LC
2497581	Nyctea scandiaca (Linnaeus, 1758)	5959143	Bubo scandiacus (Linnaeus, 1758)	15	SPECIES	SYNONYM	Animalia	1	Chordata	44	Aves	212	Strigiformes	1450	Strigidae	9348	Bubo	5959091	Bubo scandiacus	5959143	NE
2498262	Aythya novaeseelandiae (J.F.Gmelin, 1789)	2498262	Aythya novaeseelandiae (J.F.Gmelin, 1789)	1	SPECIES	ACCEPTED	Animalia	1	Chordata	44	Aves	212	Anseriformes	1108	Anatidae	2986	Aythya	2498254	Aythya novaeseelandiae	2498262	LC
7341881	Cyanopica cyanus (Pallas, 1776)	7341881	Cyanopica cyanus (Pallas, 1776)	15	SPECIES	ACCEPTED	Animalia	1	Chordata	44	Aves	212	Passeriformes	729	Corvidae	5235	Cyanopica	2482433	Cyanopica cyanus	7341881	LC
2359649	Rutilus aula (Bonaparte, 1841)	7639231	Leucos aula (Bonaparte, 1841)	28	SPECIES	SYNONYM	Animalia	1	Chordata	44			Cypriniformes	1153	Cyprinidae	7336	Leucos	2365816	Leucos aula	7639231	LC
2481342	Uria aalge (Pontoppidan, 1763)	2481342	Uria aalge (Pontoppidan, 1763)	16	SPECIES	ACCEPTED	Animalia	1	Chordata	44	Aves	212	Charadriiformes	7192402	Alcidae	2985	Uria	2481338	Uria aalge	2481342	LC
9461262	Hydrobates leucorhous (Vieillot, 1818)	2482012	Oceanodroma leucorhoa (Vieillot, 1818)	1	SPECIES	SYNONYM	Animalia	1	Chordata	44	Aves	212	Procellariiformes	7192755	Hydrobatidae	5249	Oceanodroma	2481998	Oceanodroma leucorhoa	2482012	VU
2432439	Myotis daubentonii (Kuhl, 1817)	2432439	Myotis daubentonii (Kuhl, 1817)	19864	SPECIES	ACCEPTED	Animalia	1	Chordata	44	Mammalia	359	Chiroptera	734	Vespertilionidae	9368	Myotis	2432384	Myotis daubentonii	2432439	LC
2480500	Aquila heliaca Savigny, 1809	2480500	Aquila heliaca Savigny, 1809	15	SPECIES	ACCEPTED	Animalia	1	Chordata	44	Aves	212	Accipitriformes	7191147	Accipitridae	2877	Aquila	2480498	Aquila heliaca	2480500	VU
2487601	Certhia Linnaeus, 1758	2487601	Certhia Linnaeus, 1758	12	GENUS	ACCEPTED	Animalia	1	Chordata	44	Aves	212	Passeriformes	729	Certhiidae	5227	Certhia	2487601			NE
9566659	Charadrius hiaticula Linnaeus, 1758	9566659	Charadrius hiaticula Linnaeus, 1758	990	SPECIES	ACCEPTED	Animalia	1	Chordata	44	Aves	212	Charadriiformes	7192402	Charadriidae	2480210	Charadrius	2480277	Charadrius hiaticula	9566659	LC
2441110	Ovis aries Linnaeus, 1758	2441110	Ovis aries Linnaeus, 1758	7	SPECIES	ACCEPTED	Animalia	1	Chordata	44	Mammalia	359	Artiodactyla	731	Bovidae	9614	Ovis	9531221	Ovis aries	2441110	NE
2493084	Phylloscopus trochiloides (Sundevall, 1837)	2493084	Phylloscopus trochiloides (Sundevall, 1837)	37	SPECIES	ACCEPTED	Animalia	1	Chordata	44	Aves	212	Passeriformes	729	Phylloscopidae	6100963	Phylloscopus	2493047	Phylloscopus trochiloides	2493084	LC
4409643	Leuciscus idus (Linnaeus, 1758)	4409643	Leuciscus idus (Linnaeus, 1758)	1	SPECIES	ACCEPTED	Animalia	1	Chordata	44			Cypriniformes	1153	Cyprinidae	7336	Leuciscus	3241445	Leuciscus idus	4409643	LC
5231759	Prunella montanella (Pallas, 1776)	5231759	Prunella montanella (Pallas, 1776)	15	SPECIES	ACCEPTED	Animalia	1	Chordata	44	Aves	212	Passeriformes	729	Prunellidae	5273	Prunella	2495070	Prunella montanella	5231759	LC
8898408	Pseudemys concinna (Le Conte, 1830)	8898408	Pseudemys concinna (Le Conte, 1830)	18	SPECIES	ACCEPTED	Animalia	1	Chordata	44	Testudines	11418114			Emydidae	5465	Pseudemys	2443162	Pseudemys concinna	8898408	LC
11050955	Salmo cenerinus Chiereghini, 1847	11050955	Salmo cenerinus Chiereghini, 1847	1	SPECIES	DOUBTFUL	Animalia	1	Chordata	44			Salmoniformes	1313	Salmonidae	8615	Salmo	2347608	Salmo cenerinus	11050955	NE
2435723	Crocidura leucodon (Hermann, 1780)	2435723	Crocidura leucodon (Hermann, 1780)	246	SPECIES	ACCEPTED	Animalia	1	Chordata	44	Mammalia	359	Soricomorpha	803	Soricidae	5534	Crocidura	2435528	Crocidura leucodon	2435723	LC
2474051	Alectoris rufa (Linnaeus, 1758)	2474051	Alectoris rufa (Linnaeus, 1758)	16	SPECIES	ACCEPTED	Animalia	1	Chordata	44	Aves	212	Galliformes	723	Phasianidae	9331	Alectoris	2474025	Alectoris rufa	2474051	NT
2473682	Lyrurus tetrix (Linnaeus, 1758)	2473682	Lyrurus tetrix (Linnaeus, 1758)	1480	SPECIES	ACCEPTED	Animalia	1	Chordata	44	Aves	212	Galliformes	723	Phasianidae	9331	Lyrurus	8692256	Lyrurus tetrix	2473682	LC
2474354	Rhynochetos jubatus J.Verreaux & Des Murs, 1860	2474354	Rhynochetos jubatus J.Verreaux & Des Murs, 1860	1	SPECIES	ACCEPTED	Animalia	1	Chordata	44	Aves	212	Eurypygiformes	8481794	Rhynochetidae	9611	Rhynochetos	2474353	Rhynochetos jubatus	2474354	EN
2480473	Hamirostra melanosternon (Gould, 1841)	2480473	Hamirostra melanosternon (Gould, 1841)	1	SPECIES	ACCEPTED	Animalia	1	Chordata	44	Aves	212	Accipitriformes	7191147	Accipitridae	2877	Hamirostra	2480472	Hamirostra melanosternon	2480473	LC
2480696	Neophron percnopterus (Linnaeus, 1758)	2480696	Neophron percnopterus (Linnaeus, 1758)	21	SPECIES	ACCEPTED	Animalia	1	Chordata	44	Aves	212	Accipitriformes	7191147	Accipitridae	2877	Neophron	2480695	Neophron percnopterus	2480696	EN
2493128	Acrocephalus arundinaceus (Linnaeus, 1758)	2493128	Acrocephalus arundinaceus (Linnaeus, 1758)	1985	SPECIES	ACCEPTED	Animalia	1	Chordata	44	Aves	212	Passeriformes	729	Acrocephalidae	6101019	Acrocephalus	2493112	Acrocephalus arundinaceus	2493128	LC
2497509	Strix uralensis Pallas, 1771	2497509	Strix uralensis Pallas, 1771	15	SPECIES	ACCEPTED	Animalia	1	Chordata	44	Aves	212	Strigiformes	1450	Strigidae	9348	Strix	2497486	Strix uralensis	2497509	LC
7191922	Emberiza cia cia	7191922	Emberiza cia cia	7	SUBSPECIES	ACCEPTED	Animalia	1	Chordata	44	Aves	212	Passeriformes	729	Emberizidae	9608	Emberiza	2491468	Emberiza cia	2491498	
2351128	Coregonus candidus Goll, 1883	2351128	Coregonus candidus Goll, 1883	4	SPECIES	ACCEPTED	Animalia	1	Chordata	44			Salmoniformes	1313	Salmonidae	8615	Coregonus	2350934	Coregonus candidus	2351128	VU
2444308	Vipera ammodytes (Linnaeus, 1758)	2444308	Vipera ammodytes (Linnaeus, 1758)	1	SPECIES	ACCEPTED	Animalia	1	Chordata	44	Squamata	11592253			Viperidae	5024	Vipera	2469892	Vipera ammodytes	2444308	LC
4409002	Parus cyanus Pallas, 1770	2487877	Cyanistes cyanus (Pallas, 1770)	15	SPECIES	SYNONYM	Animalia	1	Chordata	44	Aves	212	Passeriformes	729	Paridae	9327	Cyanistes	2487875	Cyanistes cyanus	2487877	LC
5848702	Salamandra salamandra terrestris Lacépède, 1788	5848702	Salamandra salamandra terrestris Lacépède, 1788	31	SUBSPECIES	ACCEPTED	Animalia	1	Chordata	44	Amphibia	131	Caudata	953	Salamandridae	6750	Salamandra	8024525	Salamandra salamandra	2431776	
2474416	Porphyrio porphyrio (Linnaeus, 1758)	2474416	Porphyrio porphyrio (Linnaeus, 1758)	38	SPECIES	ACCEPTED	Animalia	1	Chordata	44	Aves	212	Gruiformes	1493	Rallidae	9342	Porphyrio	3242186	Porphyrio porphyrio	2474416	LC
2426654	Pelophylax lessonae (Camerano, 1882)	2426654	Pelophylax lessonae (Camerano, 1882)	5	SPECIES	ACCEPTED	Animalia	1	Chordata	44	Amphibia	131	Anura	952	Ranidae	6746	Pelophylax	2426629	Pelophylax lessonae	2426654	LC
2438647	Microtus multiplex (Fatio, 1905)	2438647	Microtus multiplex (Fatio, 1905)	153	SPECIES	ACCEPTED	Animalia	1	Chordata	44	Mammalia	359	Rodentia	1459	Cricetidae	3240723	Microtus	2438591	Microtus multiplex	2438647	LC
2480181	Psittacus erithacus Linnaeus, 1758	2480181	Psittacus erithacus Linnaeus, 1758	1	SPECIES	ACCEPTED	Animalia	1	Chordata	44	Aves	212	Psittaciformes	1445	Psittacidae	9340	Psittacus	2480180	Psittacus erithacus	2480181	EN
2480564	Buteo rufinus (Cretzschmar, 1829)	2480564	Buteo rufinus (Cretzschmar, 1829)	27	SPECIES	ACCEPTED	Animalia	1	Chordata	44	Aves	212	Accipitriformes	7191147	Accipitridae	2877	Buteo	2480517	Buteo rufinus	2480564	LC
2481936	Mycteria ibis (Linnaeus, 1766)	2481936	Mycteria ibis (Linnaeus, 1766)	1	SPECIES	ACCEPTED	Animalia	1	Chordata	44	Aves	212	Ciconiiformes	839	Ciconiidae	9289	Mycteria	2481934	Mycteria ibis	2481936	LC
2484475	Agelaius humeralis (Vigors, 1827)	2484475	Agelaius humeralis (Vigors, 1827)	1	SPECIES	ACCEPTED	Animalia	1	Chordata	44	Aves	212	Passeriformes	729	Icteridae	6176	Agelaius	2484444	Agelaius humeralis	2484475	LC
2498261	Aythya fuligula (Linnaeus, 1758)	2498261	Aythya fuligula (Linnaeus, 1758)	17906	SPECIES	ACCEPTED	Animalia	1	Chordata	44	Aves	212	Anseriformes	1108	Anatidae	2986	Aythya	2498254	Aythya fuligula	2498261	LC
7341602	Phylloscopus collybita collybita	7341602	Phylloscopus collybita collybita	7	SUBSPECIES	ACCEPTED	Animalia	1	Chordata	44	Aves	212	Passeriformes	729	Phylloscopidae	6100963	Phylloscopus	2493047	Phylloscopus collybita	2493091	
2432614	Rhinolophus hipposideros (Bechstein, 1800)	2432614	Rhinolophus hipposideros (Bechstein, 1800)	2935	SPECIES	ACCEPTED	Animalia	1	Chordata	44	Mammalia	359	Chiroptera	734	Rhinolophidae	5449	Rhinolophus	2432611	Rhinolophus hipposideros	2432614	LC
2480353	Pelecanus crispus Bruch, 1832	2480353	Pelecanus crispus Bruch, 1832	19	SPECIES	ACCEPTED	Animalia	1	Chordata	44	Aves	212	Pelecaniformes	7190953	Pelecanidae	9329	Pelecanus	10650925	Pelecanus crispus	2480353	NT
2492865	Lanius isabellinus Hemprich & Ehrenberg, 1833	2492865	Lanius isabellinus Hemprich & Ehrenberg, 1833	4	SPECIES	ACCEPTED	Animalia	1	Chordata	44	Aves	212	Passeriformes	729	Laniidae	9315	Lanius	2483315	Lanius isabellinus	2492865	LC
2438606	Microtus arvalis (Pallas, 1779)	2438606	Microtus arvalis (Pallas, 1779)	3688	SPECIES	ACCEPTED	Animalia	1	Chordata	44	Mammalia	359	Rodentia	1459	Cricetidae	3240723	Microtus	2438591	Microtus arvalis	2438606	LC
2481236	Hydroprogne caspia (Pallas, 1770)	2481236	Hydroprogne caspia (Pallas, 1770)	206	SPECIES	ACCEPTED	Animalia	1	Chordata	44	Aves	212	Charadriiformes	7192402	Laridae	9316	Hydroprogne	2481219	Hydroprogne caspia	2481236	LC
2484589	Regulus Cuvier, 1800	2484589	Regulus Cuvier, 1800	1	GENUS	ACCEPTED	Animalia	1	Chordata	44	Aves	212	Passeriformes	729	Regulidae	5279	Regulus	2484589			NE
2498011	Tadorna variegata (J.F.Gmelin, 1789)	2498011	Tadorna variegata (J.F.Gmelin, 1789)	1	SPECIES	ACCEPTED	Animalia	1	Chordata	44	Aves	212	Anseriformes	1108	Anatidae	2986	Tadorna	2498006	Tadorna variegata	2498011	LC
7191237	Bubo bubo bubo	7191237	Bubo bubo bubo	1	SUBSPECIES	ACCEPTED	Animalia	1	Chordata	44	Aves	212	Strigiformes	1450	Strigidae	9348	Bubo	5959091	Bubo bubo	5959092	
9274012	Spatula querquedula (Linnaeus, 1758)	9274012	Spatula querquedula (Linnaeus, 1758)	2607	SPECIES	ACCEPTED	Animalia	1	Chordata	44	Aves	212	Anseriformes	1108	Anatidae	2986	Spatula	4850990	Spatula querquedula	9274012	LC
2351327	Salvelinus namaycush (Walbaum, 1792)	2351327	Salvelinus namaycush (Walbaum, 1792)	339	SPECIES	ACCEPTED	Animalia	1	Chordata	44			Salmoniformes	1313	Salmonidae	8615	Salvelinus	2351241	Salvelinus namaycush	2351327	NE
2433875	Meles meles (Linnaeus, 1758)	2433875	Meles meles (Linnaeus, 1758)	13075	SPECIES	ACCEPTED	Animalia	1	Chordata	44	Mammalia	359	Carnivora	732	Mustelidae	5307	Meles	2433867	Meles meles	2433875	LC
5228677	Apus apus apus	5228677	Apus apus apus	2	SUBSPECIES	ACCEPTED	Animalia	1	Chordata	44	Aves	212	Apodiformes	1448	Apodidae	2993	Apus	2235048	Apus apus	5228676	
7341662	Aegithalos caudatus caudatus	7341662	Aegithalos caudatus caudatus	22	SUBSPECIES	ACCEPTED	Animalia	1	Chordata	44	Aves	212	Passeriformes	729	Aegithalidae	2878	Aegithalos	9270076	Aegithalos caudatus	2495000	
8316400	Sorex araneus Linnaeus, 1758	8316400	Sorex araneus Linnaeus, 1758	172	SPECIES	ACCEPTED	Animalia	1	Chordata	44	Mammalia	359	Soricomorpha	803	Soricidae	5534	Sorex	2435935	Sorex araneus	8316400	LC
2426789	Rana arvalis Nilsson, 1842	2426789	Rana arvalis Nilsson, 1842	2	SPECIES	ACCEPTED	Animalia	1	Chordata	44	Amphibia	131	Anura	952	Ranidae	6746	Rana	2422253	Rana arvalis	2426789	LC
2439261	Rattus norvegicus (Berkenhout, 1769)	2439261	Rattus norvegicus (Berkenhout, 1769)	1540	SPECIES	ACCEPTED	Animalia	1	Chordata	44	Mammalia	359	Rodentia	1459	Muridae	5510	Rattus	2439223	Rattus norvegicus	2439261	LC
2498151	Anas strepera Linnaeus, 1758	9478515	Mareca strepera strepera	2	SPECIES	SYNONYM	Animalia	1	Chordata	44	Aves	212	Anseriformes	1108	Anatidae	2986	Mareca	2498314	Mareca strepera	9362027	LC
8014966	Falco biarmicus Temminck, 1825	8014966	Falco biarmicus Temminck, 1825	15	SPECIES	ACCEPTED	Animalia	1	Chordata	44	Aves	212	Falconiformes	7191407	Falconidae	5240	Falco	2480996	Falco biarmicus	8014966	LC
9717283	Cecropis daurica (Laxmann, 1769)	9717283	Cecropis daurica (Laxmann, 1769)	32	SPECIES	ACCEPTED	Animalia	1	Chordata	44	Aves	212	Passeriformes	729	Hirundinidae	5248	Cecropis	6085729	Cecropis daurica	9717283	LC
7191372	Fulica atra atra	7191372	Fulica atra atra	23	SUBSPECIES	ACCEPTED	Animalia	1	Chordata	44	Aves	212	Gruiformes	1493	Rallidae	9342	Fulica	2474376	Fulica atra	2474377	
11221569	Serinus canaria domestica	11221569	Serinus canaria domestica	3	SUBSPECIES	ACCEPTED	Animalia	1	Chordata	44	Aves	212	Passeriformes	729	Fringillidae	5242	Serinus	8215044	Serinus canaria	2494303	
2412712	Alosa agone (Scopoli, 1786)	2412712	Alosa agone (Scopoli, 1786)	10	SPECIES	ACCEPTED	Animalia	1	Chordata	44			Clupeiformes	538	Clupeidae	7332	Alosa	2412615	Alosa agone	2412712	LC
2439658	Muscardinus avellanarius (Linnaeus, 1758)	2439658	Muscardinus avellanarius (Linnaeus, 1758)	2071	SPECIES	ACCEPTED	Animalia	1	Chordata	44	Mammalia	359	Rodentia	1459	Gliridae	3240562	Muscardinus	2439657	Muscardinus avellanarius	2439658	LC
2481955	Gavia pacifica (Lawrence, 1858)	2481955	Gavia pacifica (Lawrence, 1858)	11	SPECIES	ACCEPTED	Animalia	1	Chordata	44	Aves	212	Gaviiformes	7192754	Gaviidae	9312	Gavia	2481954	Gavia pacifica	2481955	LC
2498347	Cygnus cygnus (Linnaeus, 1758)	2498347	Cygnus cygnus (Linnaeus, 1758)	1043	SPECIES	ACCEPTED	Animalia	1	Chordata	44	Aves	212	Anseriformes	1108	Anatidae	2986	Cygnus	8996942	Cygnus cygnus	2498347	LC
5229223	Sterna sandvicensis Latham, 1787	2481240	Thalasseus sandvicensis (Latham, 1787)	15	SPECIES	SYNONYM	Animalia	1	Chordata	44	Aves	212	Charadriiformes	7192402	Laridae	9316	Thalasseus	9109074	Thalasseus sandvicensis	2481240	LC
7191178	Gyps fulvus fulvus	7191178	Gyps fulvus fulvus	4	SUBSPECIES	ACCEPTED	Animalia	1	Chordata	44	Aves	212	Accipitriformes	7191147	Accipitridae	2877	Gyps	2480382	Gyps fulvus	2480389	
2474945	Grus antigone (Linnaeus, 1758)	2474945	Grus antigone (Linnaeus, 1758)	2	SPECIES	ACCEPTED	Animalia	1	Chordata	44	Aves	212	Gruiformes	1493	Gruidae	9313	Grus	2474940	Grus antigone	2474945	VU
2484890	Sitta neumayer Michahelles, 1830	2484890	Sitta neumayer Michahelles, 1830	15	SPECIES	ACCEPTED	Animalia	1	Chordata	44	Aves	212	Passeriformes	729	Sittidae	5283	Sitta	2484878	Sitta neumayer	2484890	LC
5211250	Micropterus dolomieu Lacepède, 1802	5211250	Micropterus dolomieu Lacepède, 1802	1	SPECIES	ACCEPTED	Animalia	1	Chordata	44			Perciformes	587	Centrarchidae	8513	Micropterus	2391100	Micropterus dolomieu	5211250	LC
9326020	Gallus gallus (Linnaeus, 1758)	9326020	Gallus gallus (Linnaeus, 1758)	2	SPECIES	ACCEPTED	Animalia	1	Chordata	44	Aves	212	Galliformes	723	Phasianidae	9331	Gallus	2473720	Gallus gallus	9326020	LC
2423435	Bombina variegata (Linnaeus, 1758)	2423435	Bombina variegata (Linnaeus, 1758)	25078	SPECIES	ACCEPTED	Animalia	1	Chordata	44	Amphibia	131	Anura	952	Bombinatoridae	3077	Bombina	2423434	Bombina variegata	2423435	LC
7191245	Asio otus otus	7191245	Asio otus otus	2	SUBSPECIES	ACCEPTED	Animalia	1	Chordata	44	Aves	212	Strigiformes	1450	Strigidae	9348	Asio	8373955	Asio otus	2497306	
5231398	Leiothrix lutea (Scopoli, 1786)	5231398	Leiothrix lutea (Scopoli, 1786)	1	SPECIES	ACCEPTED	Animalia	1	Chordata	44	Aves	212	Passeriformes	729	Leiothrichidae	6101112	Leiothrix	2493374	Leiothrix lutea	5231398	LC
6178421	Cygnus columbianus bewickii Yarrell, 1830	6178421	Cygnus columbianus bewickii Yarrell, 1830	11	SUBSPECIES	ACCEPTED	Animalia	1	Chordata	44	Aves	212	Anseriformes	1108	Anatidae	2986	Cygnus	8996942	Cygnus columbianus	2498338	
2481959	Gavia arctica (Linnaeus, 1758)	2481959	Gavia arctica (Linnaeus, 1758)	1209	SPECIES	ACCEPTED	Animalia	1	Chordata	44	Aves	212	Gaviiformes	7192754	Gaviidae	9312	Gavia	2481954	Gavia arctica	2481959	LC
5959092	Bubo bubo (Linnaeus, 1758)	5959092	Bubo bubo (Linnaeus, 1758)	329	SPECIES	ACCEPTED	Animalia	1	Chordata	44	Aves	212	Strigiformes	1450	Strigidae	9348	Bubo	5959091	Bubo bubo	5959092	LC
7192172	Corvus corax corax	7192172	Corvus corax corax	5	SUBSPECIES	ACCEPTED	Animalia	1	Chordata	44	Aves	212	Passeriformes	729	Corvidae	5235	Corvus	2482468	Corvus corax	2482492	
9040795	Columba palumbus palumbus	9040795	Columba palumbus palumbus	8	SUBSPECIES	ACCEPTED	Animalia	1	Chordata	44	Aves	212	Columbiformes	1446	Columbidae	5233	Columba	2495404	Columba palumbus	2495455	
2445034	Tarentola mauritanica (Linnaeus, 1758)	2445034	Tarentola mauritanica (Linnaeus, 1758)	16	SPECIES	ACCEPTED	Animalia	1	Chordata	44	Squamata	11592253			Phyllodactylidae	5789853	Tarentola	2447584	Tarentola mauritanica	2445034	LC
2491506	Miliaria calandra (Linnaeus, 1758)	7634625	Emberiza calandra Linnaeus, 1758	18	SPECIES	SYNONYM	Animalia	1	Chordata	44	Aves	212	Passeriformes	729	Emberizidae	9608	Emberiza	2491468	Emberiza calandra	7634625	LC
2495406	Columba trocaz Heineken, 1829	2495406	Columba trocaz Heineken, 1829	15	SPECIES	ACCEPTED	Animalia	1	Chordata	44	Aves	212	Columbiformes	1446	Columbidae	5233	Columba	2495404	Columba trocaz	2495406	LC
2498264	Aythya collaris (Donovan, 1809)	2498264	Aythya collaris (Donovan, 1809)	155	SPECIES	ACCEPTED	Animalia	1	Chordata	44	Aves	212	Anseriformes	1108	Anatidae	2986	Aythya	2498254	Aythya collaris	2498264	LC
2498302	Oxyura leucocephala (Scopoli, 1769)	2498302	Oxyura leucocephala (Scopoli, 1769)	19	SPECIES	ACCEPTED	Animalia	1	Chordata	44	Aves	212	Anseriformes	1108	Anatidae	2986	Oxyura	2498299	Oxyura leucocephala	2498302	EN
5231239	Oenanthe xanthoprymna (Hemprich & Ehrenberg, 1833)	5231239	Oenanthe xanthoprymna (Hemprich & Ehrenberg, 1833)	15	SPECIES	ACCEPTED	Animalia	1	Chordata	44	Aves	212	Passeriformes	729	Muscicapidae	9322	Oenanthe	2492483	Oenanthe xanthoprymna	5231239	LC
6085729	Cecropis F.Boie, 1826	6085729	Cecropis F.Boie, 1826	3	GENUS	ACCEPTED	Animalia	1	Chordata	44	Aves	212	Passeriformes	729	Hirundinidae	5248	Cecropis	6085729			NE
9813242	Falco columbarius Linnaeus, 1758	9813242	Falco columbarius Linnaeus, 1758	208	SPECIES	ACCEPTED	Animalia	1	Chordata	44	Aves	212	Falconiformes	7191407	Falconidae	5240	Falco	2480996	Falco columbarius	9813242	LC
10517059	Microtus lavernedii (Crespon, 1844)	10517059	Microtus lavernedii (Crespon, 1844)	22	SPECIES	ACCEPTED	Animalia	1	Chordata	44	Mammalia	359	Rodentia	1459	Cricetidae	3240723	Microtus	2438591	Microtus lavernedii	10517059	NE
5739359	Iduna caligata (Lichtenstein, 1823)	5739359	Iduna caligata (Lichtenstein, 1823)	2	SPECIES	ACCEPTED	Animalia	1	Chordata	44	Aves	212	Passeriformes	729	Acrocephalidae	6101019	Iduna	3241698	Iduna caligata	5739359	LC
2481174	Larus fuscus Linnaeus, 1758	2481174	Larus fuscus Linnaeus, 1758	2054	SPECIES	ACCEPTED	Animalia	1	Chordata	44	Aves	212	Charadriiformes	7192402	Laridae	9316	Larus	2481126	Larus fuscus	2481174	LC
2491557	Emberiza schoeniclus (Linnaeus, 1758)	2491557	Emberiza schoeniclus (Linnaeus, 1758)	9398	SPECIES	ACCEPTED	Animalia	1	Chordata	44	Aves	212	Passeriformes	729	Emberizidae	9608	Emberiza	2491468	Emberiza schoeniclus	2491557	LC
2493118	Acrocephalus scirpaceus (Hermann, 1804)	2493118	Acrocephalus scirpaceus (Hermann, 1804)	6976	SPECIES	ACCEPTED	Animalia	1	Chordata	44	Aves	212	Passeriformes	729	Acrocephalidae	6101019	Acrocephalus	2493112	Acrocephalus scirpaceus	2493118	LC
2498083	Anas querquedula Linnaeus, 1758	9274012	Spatula querquedula (Linnaeus, 1758)	17	SPECIES	SYNONYM	Animalia	1	Chordata	44	Aves	212	Anseriformes	1108	Anatidae	2986	Spatula	4850990	Spatula querquedula	9274012	LC
6542554	Turdus torquatus alpestris (C.L.Brehm, 1831)	6542554	Turdus torquatus alpestris (C.L.Brehm, 1831)	37	SUBSPECIES	ACCEPTED	Animalia	1	Chordata	44	Aves	212	Passeriformes	729	Turdidae	5290	Turdus	2490714	Turdus torquatus	7865305	
7191198	Accipiter nisus nisus	7191198	Accipiter nisus nisus	4	SUBSPECIES	ACCEPTED	Animalia	1	Chordata	44	Aves	212	Accipitriformes	7191147	Accipitridae	2877	Accipiter	9405810	Accipiter nisus	2480637	
2443135	Chrysemys dorsalis Agassiz, 1857	2443135	Chrysemys dorsalis Agassiz, 1857	1	SPECIES	ACCEPTED	Animalia	1	Chordata	44	Testudines	11418114			Emydidae	5465	Chrysemys	9529207	Chrysemys dorsalis	2443135	LC
2481263	Gelochelidon nilotica (J.F.Gmelin, 1789)	2481263	Gelochelidon nilotica (J.F.Gmelin, 1789)	49	SPECIES	ACCEPTED	Animalia	1	Chordata	44	Aves	212	Charadriiformes	7192402	Laridae	9316	Gelochelidon	2481216	Gelochelidon nilotica	2481263	LC
2484918	Tichodroma muraria (Linnaeus, 1766)	2484918	Tichodroma muraria (Linnaeus, 1766)	1336	SPECIES	ACCEPTED	Animalia	1	Chordata	44	Aves	212	Passeriformes	729	Tichodromidae	6101032	Tichodroma	2484917	Tichodroma muraria	2484918	LC
2487871	Periparus ater (Linnaeus, 1758)	2487871	Periparus ater (Linnaeus, 1758)	13434	SPECIES	ACCEPTED	Animalia	1	Chordata	44	Aves	212	Passeriformes	729	Paridae	9327	Periparus	7736104	Periparus ater	2487871	LC
2498384	Callonetta leucophrys (Vieillot, 1816)	2498384	Callonetta leucophrys (Vieillot, 1816)	140	SPECIES	ACCEPTED	Animalia	1	Chordata	44	Aves	212	Anseriformes	1108	Anatidae	2986	Callonetta	2498383	Callonetta leucophrys	2498384	LC
5229135	Vanellus tricolor (Vieillot, 1818)	5229135	Vanellus tricolor (Vieillot, 1818)	1	SPECIES	ACCEPTED	Animalia	1	Chordata	44	Aves	212	Charadriiformes	7192402	Charadriidae	2480210	Vanellus	3242344	Vanellus tricolor	5229135	LC
9705453	Parus major Linnaeus, 1758	9705453	Parus major Linnaeus, 1758	51005	SPECIES	ACCEPTED	Animalia	1	Chordata	44	Aves	212	Passeriformes	729	Paridae	9327	Parus	2487923	Parus major	9705453	LC
9868071	Curruca conspicillata (Temminck, 1820)	2492959	Sylvia conspicillata Temminck, 1820	19	SPECIES	SYNONYM	Animalia	1	Chordata	44	Aves	212	Passeriformes	729	Sylviidae	5285	Sylvia	2492941	Sylvia conspicillata	2492959	LC
5207464	Leuciscus cephalus (Linnaeus, 1758)	2365685	Squalius cephalus (Linnaeus, 1758)	14	SPECIES	SYNONYM	Animalia	1	Chordata	44			Cypriniformes	1153	Cyprinidae	7336	Squalius	2365677	Squalius cephalus	2365685	LC
6089227	Phoenicurus ochruros gibraltariensis (Gmelin, 1789)	6089227	Phoenicurus ochruros gibraltariensis (Gmelin, 1789)	56	SUBSPECIES	ACCEPTED	Animalia	1	Chordata	44	Aves	212	Passeriformes	729	Muscicapidae	9322	Phoenicurus	5429347	Phoenicurus ochruros	5739315	
8347063	Talpa caeca Savi, 1822	8347063	Talpa caeca Savi, 1822	317	SPECIES	ACCEPTED	Animalia	1	Chordata	44	Mammalia	359	Soricomorpha	803	Talpidae	9469	Talpa	2436127	Talpa caeca	8347063	LC
2379089	Neogobius melanostomus (Pallas, 1814)	2379089	Neogobius melanostomus (Pallas, 1814)	50	SPECIES	ACCEPTED	Animalia	1	Chordata	44			Perciformes	587	Gobiidae	4274	Neogobius	2379049	Neogobius melanostomus	2379089	LC
2475365	Coracias garrulus Linnaeus, 1758	2475365	Coracias garrulus Linnaeus, 1758	93	SPECIES	ACCEPTED	Animalia	1	Chordata	44	Aves	212	Coraciiformes	1447	Coraciidae	9307	Coracias	2475359	Coracias garrulus	2475365	LC
7634625	Emberiza calandra Linnaeus, 1758	7634625	Emberiza calandra Linnaeus, 1758	1476	SPECIES	ACCEPTED	Animalia	1	Chordata	44	Aves	212	Passeriformes	729	Emberizidae	9608	Emberiza	2491468	Emberiza calandra	7634625	LC
5218465	Pipistrellus pipistrellus (Schreber, 1774)	5218465	Pipistrellus pipistrellus (Schreber, 1774)	39667	SPECIES	ACCEPTED	Animalia	1	Chordata	44	Mammalia	359	Chiroptera	734	Vespertilionidae	9368	Pipistrellus	2432218	Pipistrellus pipistrellus	5218465	LC
7191896	Anthus spinoletta spinoletta	7191896	Anthus spinoletta spinoletta	33	SUBSPECIES	ACCEPTED	Animalia	1	Chordata	44	Aves	212	Passeriformes	729	Motacillidae	5257	Anthus	2490241	Anthus spinoletta	2490255	
7341247	Acrocephalus arundinaceus arundinaceus	7341247	Acrocephalus arundinaceus arundinaceus	1	SUBSPECIES	ACCEPTED	Animalia	1	Chordata	44	Aves	212	Passeriformes	729	Acrocephalidae	6101019	Acrocephalus	2493112	Acrocephalus arundinaceus	2493128	
9576332	Anser cygnoides f. domesticus	9576332	Anser cygnoides f. domesticus	8	FORM	ACCEPTED	Animalia	1	Chordata	44	Aves	212	Anseriformes	1108	Anatidae	2986	Anser	2498016	Anser cygnoides	2498034	
2366645	Carassius carassius (Linnaeus, 1758)	2366645	Carassius carassius (Linnaeus, 1758)	177	SPECIES	ACCEPTED	Animalia	1	Chordata	44			Cypriniformes	1153	Cyprinidae	7336	Carassius	7396773	Carassius carassius	2366645	LC
2402193	Acipenser naccarii Bonaparte, 1836	2402193	Acipenser naccarii Bonaparte, 1836	3	SPECIES	ACCEPTED	Animalia	1	Chordata	44			Acipenseriformes	1103	Acipenseridae	2947	Acipenser	2340025	Acipenser naccarii	2402193	CR
2432430	Myotis capaccinii (Bonaparte, 1837)	2432430	Myotis capaccinii (Bonaparte, 1837)	2	SPECIES	ACCEPTED	Animalia	1	Chordata	44	Mammalia	359	Chiroptera	734	Vespertilionidae	9368	Myotis	2432384	Myotis capaccinii	2432430	VU
2438616	Microtus agrestis (Linnaeus, 1761)	2438616	Microtus agrestis (Linnaeus, 1761)	46	SPECIES	ACCEPTED	Animalia	1	Chordata	44	Mammalia	359	Rodentia	1459	Cricetidae	3240723	Microtus	2438591	Microtus agrestis	2438616	LC
2473446	Tetraogallus caucasicus (Pallas, 1811)	2473446	Tetraogallus caucasicus (Pallas, 1811)	15	SPECIES	ACCEPTED	Animalia	1	Chordata	44	Aves	212	Galliformes	723	Phasianidae	9331	Tetraogallus	2473441	Tetraogallus caucasicus	2473446	LC
2480863	Nycticorax nycticorax (Linnaeus, 1758)	2480863	Nycticorax nycticorax (Linnaeus, 1758)	982	SPECIES	ACCEPTED	Animalia	1	Chordata	44	Aves	212	Pelecaniformes	7190953	Ardeidae	3685	Nycticorax	2480856	Nycticorax nycticorax	2480863	LC
2498026	Anser erythropus (Linnaeus, 1758)	2498026	Anser erythropus (Linnaeus, 1758)	18	SPECIES	ACCEPTED	Animalia	1	Chordata	44	Aves	212	Anseriformes	1108	Anatidae	2986	Anser	2498016	Anser erythropus	2498026	VU
2498065	Anas flavirostris Vieillot, 1816	2498065	Anas flavirostris Vieillot, 1816	11	SPECIES	ACCEPTED	Animalia	1	Chordata	44	Aves	212	Anseriformes	1108	Anatidae	2986	Anas	2498056	Anas flavirostris	2498065	LC
5228228	Tetrax tetrax (Linnaeus, 1758)	5228228	Tetrax tetrax (Linnaeus, 1758)	27	SPECIES	ACCEPTED	Animalia	1	Chordata	44	Aves	212	Otidiformes	8708973	Otididae	9610	Tetrax	5228227	Tetrax tetrax	5228228	NT
7059109	Cyprinus carpio carpio	4286975	Cyprinus carpio Linnaeus, 1758	6	SUBSPECIES	SYNONYM	Animalia	1	Chordata	44			Cypriniformes	1153	Cyprinidae	7336	Cyprinus	2347697	Cyprinus carpio	4286975	
7341902	Garrulus glandarius glandarius	7341902	Garrulus glandarius glandarius	40	SUBSPECIES	ACCEPTED	Animalia	1	Chordata	44	Aves	212	Passeriformes	729	Corvidae	5235	Garrulus	2482462	Garrulus glandarius	5229493	
2473681	Tetrao mlokosiewiczi Taczanowski, 1875	2473680	Lyrurus mlokosiewiczi (Taczanowski, 1875)	15	SPECIES	SYNONYM	Animalia	1	Chordata	44	Aves	212	Galliformes	723	Phasianidae	9331	Lyrurus	8692256	Lyrurus mlokosiewiczi	2473680	NT
2477950	Dendrocopos minor (Linnaeus, 1758)	9015784	Dryobates minor (Linnaeus, 1758)	48	SPECIES	SYNONYM	Animalia	1	Chordata	44	Aves	212	Piciformes	724	Picidae	9333	Dryobates	8399994	Dryobates minor	9015784	LC
2498352	Somateria mollissima (Linnaeus, 1758)	2498352	Somateria mollissima (Linnaeus, 1758)	1239	SPECIES	ACCEPTED	Animalia	1	Chordata	44	Aves	212	Anseriformes	1108	Anatidae	2986	Somateria	2498349	Somateria mollissima	2498352	NT
6100888	Geokichla sibirica (Pallas, 1776)	6100888	Geokichla sibirica (Pallas, 1776)	1	SPECIES	ACCEPTED	Animalia	1	Chordata	44	Aves	212	Passeriformes	729	Turdidae	5290	Geokichla	8017997	Geokichla sibirica	6100888	LC
2478523	Picus viridis Linnaeus, 1758	2478523	Picus viridis Linnaeus, 1758	17837	SPECIES	ACCEPTED	Animalia	1	Chordata	44	Aves	212	Piciformes	724	Picidae	9333	Picus	2478487	Picus viridis	2478523	LC
2481728	Tringa ochropus Linnaeus, 1758	2481728	Tringa ochropus Linnaeus, 1758	2154	SPECIES	ACCEPTED	Animalia	1	Chordata	44	Aves	212	Charadriiformes	7192402	Scolopacidae	5282	Tringa	2481709	Tringa ochropus	2481728	LC
2481744	Calidris melanotos (Vieillot, 1819)	2481744	Calidris melanotos (Vieillot, 1819)	88	SPECIES	ACCEPTED	Animalia	1	Chordata	44	Aves	212	Charadriiformes	7192402	Scolopacidae	5282	Calidris	2481739	Calidris melanotos	2481744	LC
2480352	Pelecanus rufescens Gmelin, 1789	2480352	Pelecanus rufescens Gmelin, 1789	1	SPECIES	ACCEPTED	Animalia	1	Chordata	44	Aves	212	Pelecaniformes	7190953	Pelecanidae	9329	Pelecanus	10650925	Pelecanus rufescens	2480352	LC
2498415	Upupa epops Linnaeus, 1758	2498415	Upupa epops Linnaeus, 1758	985	SPECIES	ACCEPTED	Animalia	1	Chordata	44	Aves	212	Bucerotiformes	716	Upupidae	5293	Upupa	8349133	Upupa epops	2498415	LC
5207310	Barbus plebejus Bonaparte, 1839	5207310	Barbus plebejus Bonaparte, 1839	40	SPECIES	ACCEPTED	Animalia	1	Chordata	44			Cypriniformes	1153	Cyprinidae	7336	Barbus	9183743	Barbus plebejus	5207310	LC
2480537	Buteo buteo (Linnaeus, 1758)	2480537	Buteo buteo (Linnaeus, 1758)	30059	SPECIES	ACCEPTED	Animalia	1	Chordata	44	Aves	212	Accipitriformes	7191147	Accipitridae	2877	Buteo	2480517	Buteo buteo	2480537	LC
2481035	Falco subbuteo Linnaeus, 1758	2481035	Falco subbuteo Linnaeus, 1758	3320	SPECIES	ACCEPTED	Animalia	1	Chordata	44	Aves	212	Falconiformes	7191407	Falconidae	5240	Falco	2480996	Falco subbuteo	2481035	LC
2492854	Lanius minor Gmelin, 1788	2492854	Lanius minor Gmelin, 1788	32	SPECIES	ACCEPTED	Animalia	1	Chordata	44	Aves	212	Passeriformes	729	Laniidae	9315	Lanius	2483315	Lanius minor	2492854	LC
2494632	Carduelis citrinella (Pallas, 1764)	2494632	Carduelis citrinella (Pallas, 1764)	1891	SPECIES	ACCEPTED	Animalia	1	Chordata	44	Aves	212	Passeriformes	729	Fringillidae	5242	Carduelis	2494621	Carduelis citrinella	2494632	LC
2426805	Rana temporaria Linnaeus, 1758	2426805	Rana temporaria Linnaeus, 1758	99997	SPECIES	ACCEPTED	Animalia	1	Chordata	44	Amphibia	131	Anura	952	Ranidae	6746	Rana	2422253	Rana temporaria	2426805	LC
2437769	Apodemus alpicola Heinrich, 1952	2437769	Apodemus alpicola Heinrich, 1952	220	SPECIES	ACCEPTED	Animalia	1	Chordata	44	Mammalia	359	Rodentia	1459	Muridae	5510	Apodemus	2437754	Apodemus alpicola	2437769	LC
2362635	Scardinius erythrophthalmus (Linnaeus, 1758)	2362635	Scardinius erythrophthalmus (Linnaeus, 1758)	1011	SPECIES	ACCEPTED	Animalia	1	Chordata	44			Cypriniformes	1153	Cyprinidae	7336	Scardinius	2362632	Scardinius erythrophthalmus	2362635	LC
2440669	Phocoena phocoena (Linnaeus, 1758)	2440669	Phocoena phocoena (Linnaeus, 1758)	1	SPECIES	ACCEPTED	Animalia	1	Chordata	44	Mammalia	359	Cetacea	733	Phocoenidae	9361	Phocoena	2440664	Phocoena phocoena	2440669	LC
2474377	Fulica atra Linnaeus, 1758	2474377	Fulica atra Linnaeus, 1758	40199	SPECIES	ACCEPTED	Animalia	1	Chordata	44	Aves	212	Gruiformes	1493	Rallidae	9342	Fulica	2474376	Fulica atra	2474377	LC
2482048	Tachybaptus ruficollis (Pallas, 1764)	2482048	Tachybaptus ruficollis (Pallas, 1764)	16059	SPECIES	ACCEPTED	Animalia	1	Chordata	44	Aves	212	Podicipediformes	7191588	Podicipedidae	9338	Tachybaptus	2482040	Tachybaptus ruficollis	2482048	LC
5218507	Plecotus auritus (Linnaeus, 1758)	5218507	Plecotus auritus (Linnaeus, 1758)	16774	SPECIES	ACCEPTED	Animalia	1	Chordata	44	Mammalia	359	Chiroptera	734	Vespertilionidae	9368	Plecotus	5428957	Plecotus auritus	5218507	LC
5232423	Chloephaga poliocephala P.L.Sclater, 1857	5232423	Chloephaga poliocephala P.L.Sclater, 1857	2	SPECIES	ACCEPTED	Animalia	1	Chordata	44	Aves	212	Anseriformes	1108	Anatidae	2986	Chloephaga	2497988	Chloephaga poliocephala	5232423	LC
6157253	Vipera aspis atra Meisner, 1820	6157253	Vipera aspis atra Meisner, 1820	4	SUBSPECIES	ACCEPTED	Animalia	1	Chordata	44	Squamata	11592253			Viperidae	5024	Vipera	2469892	Vipera aspis	2444339	
8978216	Parus major major	8978216	Parus major major	7	SUBSPECIES	ACCEPTED	Animalia	1	Chordata	44	Aves	212	Passeriformes	729	Paridae	9327	Parus	2487923	Parus major	9705453	
9156140	Fringilla coelebs coelebs	9156140	Fringilla coelebs coelebs	23	SUBSPECIES	ACCEPTED	Animalia	1	Chordata	44	Aves	212	Passeriformes	729	Fringillidae	5242	Fringilla	2494421	Fringilla coelebs	2494422	
11007527	Acrocephalus arundinaceus (Temminck & Schlegel, 1847)	11007527	Acrocephalus arundinaceus (Temminck & Schlegel, 1847)	234	SPECIES	DOUBTFUL	Animalia	1	Chordata	44	Aves	212	Passeriformes	729	Acrocephalidae	6101019	Acrocephalus	2493112	Acrocephalus arundinaceus	11007527	NE
2479555	Agapornis canus (Gmelin, 1788)	2479555	Agapornis canus (Gmelin, 1788)	1	SPECIES	ACCEPTED	Animalia	1	Chordata	44	Aves	212	Psittaciformes	1445	Psittacidae	9340	Agapornis	2479538	Agapornis canus	2479555	LC
2480517	Buteo Lacepede, 1799	2480517	Buteo Lacepede, 1799	1	GENUS	ACCEPTED	Animalia	1	Chordata	44	Aves	212	Accipitriformes	7191147	Accipitridae	2877	Buteo	2480517			
2481353	Fratercula arctica (Linnaeus, 1758)	2481353	Fratercula arctica (Linnaeus, 1758)	15	SPECIES	ACCEPTED	Animalia	1	Chordata	44	Aves	212	Charadriiformes	7192402	Alcidae	2985	Fratercula	2481352	Fratercula arctica	2481353	VU
4820076	Elaphe longissima (Laurenti, 1768)	2458538	Zamenis longissimus (Laurenti, 1768)	1	SPECIES	SYNONYM	Animalia	1	Chordata	44	Squamata	11592253			Colubridae	6172	Zamenis	9014394	Zamenis longissimus	2458538	LC
7179983	Acanthis flammea flammea	7179983	Acanthis flammea flammea	1	SUBSPECIES	ACCEPTED	Animalia	1	Chordata	44	Aves	212	Passeriformes	729	Fringillidae	5242	Acanthis	6782561	Acanthis flammea	5231630	
2473671	Bonasa bonasia (Linnaeus, 1758)	2473663	Tetrastes bonasia (Linnaeus, 1758)	754	SPECIES	SYNONYM	Animalia	1	Chordata	44	Aves	212	Galliformes	723	Phasianidae	9331	Tetrastes	2473658	Tetrastes bonasia	2473663	LC
2492949	Sylvia undata (Boddaert, 1783)	2492949	Sylvia undata (Boddaert, 1783)	15	SPECIES	ACCEPTED	Animalia	1	Chordata	44	Aves	212	Passeriformes	729	Sylviidae	5285	Sylvia	2492941	Sylvia undata	2492949	NT
1493	Gruiformes	1493	Gruiformes	1	ORDER	ACCEPTED	Animalia	1	Chordata	44	Aves	212	Gruiformes	1493							NE
2455615	Pantherophis guttatus (Linnaeus, 1766)	2455615	Pantherophis guttatus (Linnaeus, 1766)	2	SPECIES	ACCEPTED	Animalia	1	Chordata	44	Squamata	11592253			Colubridae	6172	Pantherophis	2455614	Pantherophis guttatus	2455615	LC
2493660	Estrilda astrild (Linnaeus, 1758)	2493660	Estrilda astrild (Linnaeus, 1758)	16	SPECIES	ACCEPTED	Animalia	1	Chordata	44	Aves	212	Passeriformes	729	Estrildidae	5709	Estrilda	2493650	Estrilda astrild	2493660	LC
5228695	Apus pallidus (Shelley, 1870)	5228695	Apus pallidus (Shelley, 1870)	117	SPECIES	ACCEPTED	Animalia	1	Chordata	44	Aves	212	Apodiformes	1448	Apodidae	2993	Apus	2235048	Apus pallidus	5228695	LC
7094923	Milvus milvus milvus	7094923	Milvus milvus milvus	16	SUBSPECIES	ACCEPTED	Animalia	1	Chordata	44	Aves	212	Accipitriformes	7191147	Accipitridae	2877	Milvus	5229166	Milvus milvus	5229168	
2362659	Scardinius hesperidicus Bonaparte, 1845	2362659	Scardinius hesperidicus Bonaparte, 1845	48	SPECIES	ACCEPTED	Animalia	1	Chordata	44			Cypriniformes	1153	Cyprinidae	7336	Scardinius	2362632	Scardinius hesperidicus	2362659	LC
2474621	Porzana porzana (Linnaeus, 1766)	2474621	Porzana porzana (Linnaeus, 1766)	543	SPECIES	ACCEPTED	Animalia	1	Chordata	44	Aves	212	Gruiformes	1493	Rallidae	9342	Porzana	2474604	Porzana porzana	2474621	LC
2492576	Muscicapa striata (Pallas, 1764)	2492576	Muscicapa striata (Pallas, 1764)	4894	SPECIES	ACCEPTED	Animalia	1	Chordata	44	Aves	212	Passeriformes	729	Muscicapidae	9322	Muscicapa	2483240	Muscicapa striata	2492576	LC
7191070	Lyrurus tetrix tetrix	7191070	Lyrurus tetrix tetrix	4	SUBSPECIES	ACCEPTED	Animalia	1	Chordata	44	Aves	212	Galliformes	723	Phasianidae	9331	Lyrurus	8692256	Lyrurus tetrix	2473682	
8920434	Erinaceus europaeus europaeus	5219616	Erinaceus europaeus Linnaeus, 1758	1	SUBSPECIES	SYNONYM	Animalia	1	Chordata	44	Mammalia	359	Erinaceomorpha	829	Erinaceidae	5722	Erinaceus	8216553	Erinaceus europaeus	5219616	
2481957	Gavia adamsii (G.R.Gray, 1859)	2481957	Gavia adamsii (G.R.Gray, 1859)	33	SPECIES	ACCEPTED	Animalia	1	Chordata	44	Aves	212	Gaviiformes	7192754	Gaviidae	9312	Gavia	2481954	Gavia adamsii	2481957	NT
6065844	Leucophaeus atricilla (Linnaeus, 1758)	6065844	Leucophaeus atricilla (Linnaeus, 1758)	21	SPECIES	ACCEPTED	Animalia	1	Chordata	44	Aves	212	Charadriiformes	7192402	Laridae	9316	Leucophaeus	4352369	Leucophaeus atricilla	6065844	NE
7191352	Rallus aquaticus aquaticus	7191352	Rallus aquaticus aquaticus	1	SUBSPECIES	ACCEPTED	Animalia	1	Chordata	44	Aves	212	Gruiformes	1493	Rallidae	9342	Rallus	2474794	Rallus aquaticus	2474831	
5232437	Branta canadensis (Linnaeus, 1758)	5232437	Branta canadensis (Linnaeus, 1758)	214	SPECIES	ACCEPTED	Animalia	1	Chordata	44	Aves	212	Anseriformes	1108	Anatidae	2986	Branta	2498190	Branta canadensis	5232437	LC
9330514	Galerida theklae A.E.Brehm, 1857	9330514	Galerida theklae A.E.Brehm, 1857	15	SPECIES	ACCEPTED	Animalia	1	Chordata	44	Aves	212	Passeriformes	729	Alaudidae	7211	Galerida	2490666	Galerida theklae	9330514	LC
9515886	Hirundo rustica Linnaeus, 1758	9515886	Hirundo rustica Linnaeus, 1758	17363	SPECIES	ACCEPTED	Animalia	1	Chordata	44	Aves	212	Passeriformes	729	Hirundinidae	5248	Hirundo	2489222	Hirundo rustica	9515886	LC
2351548	Salmo rhodanensis Fowler, 1974	2351548	Salmo rhodanensis Fowler, 1974	24	SPECIES	ACCEPTED	Animalia	1	Chordata	44			Salmoniformes	1313	Salmonidae	8615	Salmo	2347608	Salmo rhodanensis	2351548	DD
2437756	Apodemus flavicollis (Melchior, 1834)	2437756	Apodemus flavicollis (Melchior, 1834)	3536	SPECIES	ACCEPTED	Animalia	1	Chordata	44	Mammalia	359	Rodentia	1459	Muridae	5510	Apodemus	2437754	Apodemus flavicollis	2437756	LC
2439683	Eliomys quercinus (Linnaeus, 1766)	2439683	Eliomys quercinus (Linnaeus, 1766)	1450	SPECIES	ACCEPTED	Animalia	1	Chordata	44	Mammalia	359	Rodentia	1459	Gliridae	3240562	Eliomys	2439682	Eliomys quercinus	2439683	NT
2431885	Triturus cristatus (Laurenti, 1768)	2431885	Triturus cristatus (Laurenti, 1768)	5596	SPECIES	ACCEPTED	Animalia	1	Chordata	44	Amphibia	131	Caudata	953	Salamandridae	6750	Triturus	2431679	Triturus cristatus	2431885	LC
2473629	Arborophila brunneopectus (Blyth, 1855)	2473629	Arborophila brunneopectus (Blyth, 1855)	1	SPECIES	ACCEPTED	Animalia	1	Chordata	44	Aves	212	Galliformes	723	Phasianidae	9331	Arborophila	2473604	Arborophila brunneopectus	2473629	LC
5960862	Vipera berus (Linnaeus, 1758)	5960862	Vipera berus (Linnaeus, 1758)	240	SPECIES	ACCEPTED	Animalia	1	Chordata	44	Squamata	11592253			Viperidae	5024	Vipera	2469892	Vipera berus	5960862	LC
6165157	Ovis aries musimon (Pallas, 1811)	6165157	Ovis aries musimon (Pallas, 1811)	5	SUBSPECIES	ACCEPTED	Animalia	1	Chordata	44	Mammalia	359	Artiodactyla	731	Bovidae	9614	Ovis	9531221	Ovis aries	2441110	
7061790	Podarcis muralis muralis	7061790	Podarcis muralis muralis	1	SUBSPECIES	ACCEPTED	Animalia	1	Chordata	44	Squamata	11592253			Lacertidae	5201	Podarcis	2468993	Podarcis muralis	2469188	
9613112	Emberiza melanocephala Scopoli, 1769	9613112	Emberiza melanocephala Scopoli, 1769	36	SPECIES	ACCEPTED	Animalia	1	Chordata	44	Aves	212	Passeriformes	729	Emberizidae	9608	Emberiza	2491468	Emberiza melanocephala	9613112	LC
2494686	Carduelis carduelis (Linnaeus, 1758)	2494686	Carduelis carduelis (Linnaeus, 1758)	22935	SPECIES	ACCEPTED	Animalia	1	Chordata	44	Aves	212	Passeriformes	729	Fringillidae	5242	Carduelis	2494621	Carduelis carduelis	2494686	LC
2474056	Alectoris graeca saxatilis (Bechstein, 1805)	2474056	Alectoris graeca saxatilis (Bechstein, 1805)	13	SUBSPECIES	ACCEPTED	Animalia	1	Chordata	44	Aves	212	Galliformes	723	Phasianidae	9331	Alectoris	2474025	Alectoris graeca	2474055	
2487385	Remiz pendulinus (Linnaeus, 1758)	2487385	Remiz pendulinus (Linnaeus, 1758)	789	SPECIES	ACCEPTED	Animalia	1	Chordata	44	Aves	212	Passeriformes	729	Remizidae	9344	Remiz	2487382	Remiz pendulinus	2487385	LC
5231209	Passer hispaniolensis (Temminck, 1820)	5231209	Passer hispaniolensis (Temminck, 1820)	16	SPECIES	ACCEPTED	Animalia	1	Chordata	44	Aves	212	Passeriformes	729	Passeridae	5264	Passer	2492321	Passer hispaniolensis	5231209	LC
7947730	Phylloscopus tristis Blyth, 1843	7947730	Phylloscopus tristis Blyth, 1843	2	SPECIES	ACCEPTED	Animalia	1	Chordata	44	Aves	212	Passeriformes	729	Phylloscopidae	6100963	Phylloscopus	2493047	Phylloscopus tristis	7947730	LC
2359471	Blicca bjoerkna (Linnaeus, 1758)	2359471	Blicca bjoerkna (Linnaeus, 1758)	208	SPECIES	ACCEPTED	Animalia	1	Chordata	44			Cypriniformes	1153	Cyprinidae	7336	Blicca	2359470	Blicca bjoerkna	2359471	LC
2480740	Cursorius cursor (Latham, 1787)	2480740	Cursorius cursor (Latham, 1787)	1	SPECIES	ACCEPTED	Animalia	1	Chordata	44	Aves	212	Charadriiformes	7192402	Glareolidae	5245	Cursorius	2480739	Cursorius cursor	2480740	LC
2481143	Larus minutus Pallas, 1776	6065841	Hydrocoloeus minutus (Pallas, 1776)	15	SPECIES	SYNONYM	Animalia	1	Chordata	44	Aves	212	Charadriiformes	7192402	Laridae	9316	Hydrocoloeus	4848514	Hydrocoloeus minutus	6065841	LC
2481742	Calidris mauri (Cabanis, 1857)	2481742	Calidris mauri (Cabanis, 1857)	19	SPECIES	ACCEPTED	Animalia	1	Chordata	44	Aves	212	Charadriiformes	7192402	Scolopacidae	5282	Calidris	2481739	Calidris mauri	2481742	LC
2498089	Anas clypeata Linnaeus, 1758	8332393	Spatula clypeata (Linnaeus, 1758)	18	SPECIES	SYNONYM	Animalia	1	Chordata	44	Aves	212	Anseriformes	1108	Anatidae	2986	Spatula	4850990	Spatula clypeata	8332393	LC
2480208	Syrrhaptes paradoxus (Pallas, 1773)	2480208	Syrrhaptes paradoxus (Pallas, 1773)	1	SPECIES	ACCEPTED	Animalia	1	Chordata	44	Aves	212	Pteroclidiformes	7192749	Pteroclididae	5274	Syrrhaptes	2480207	Syrrhaptes paradoxus	2480208	LC
2481121	Chlidonias hybrida (Pallas, 1811)	2481121	Chlidonias hybrida (Pallas, 1811)	241	SPECIES	ACCEPTED	Animalia	1	Chordata	44	Aves	212	Charadriiformes	7192402	Laridae	9316	Chlidonias	2481118	Chlidonias hybrida	2481121	LC
5218987	Mustela nivalis Linnaeus, 1766	5218987	Mustela nivalis Linnaeus, 1766	1909	SPECIES	ACCEPTED	Animalia	1	Chordata	44	Mammalia	359	Carnivora	732	Mustelidae	5307	Mustela	2433922	Mustela nivalis	5218987	LC
5231191	Passer domesticus domesticus	5231191	Passer domesticus domesticus	32	SUBSPECIES	ACCEPTED	Animalia	1	Chordata	44	Aves	212	Passeriformes	729	Passeridae	5264	Passer	2492321	Passer domesticus	5231190	
6486587	Motacilla alba yarrellii Gould, 1837	6486587	Motacilla alba yarrellii Gould, 1837	5	SUBSPECIES	ACCEPTED	Animalia	1	Chordata	44	Aves	212	Passeriformes	729	Motacillidae	5257	Motacilla	2490295	Motacilla alba	9687165	
8740263	Dryobates minor hortorum (C.L.Brehm, 1831)	8740263	Dryobates minor hortorum (C.L.Brehm, 1831)	1	SUBSPECIES	ACCEPTED	Animalia	1	Chordata	44	Aves	212	Piciformes	724	Picidae	9333	Dryobates	8399994	Dryobates minor	9015784	
5204862	Barbatula barbatula (Linnaeus, 1758)	5204862	Barbatula barbatula (Linnaeus, 1758)	15	SPECIES	ACCEPTED	Animalia	1	Chordata	44			Cypriniformes	1153	Nemacheilidae	6759123	Barbatula	2357544	Barbatula barbatula	5204862	LC
7192162	Hirundo rustica rustica	7192162	Hirundo rustica rustica	19	SUBSPECIES	ACCEPTED	Animalia	1	Chordata	44	Aves	212	Passeriformes	729	Hirundinidae	5248	Hirundo	2489222	Hirundo rustica	9515886	
2368319	Paramisgurnus dabryanus Dabry de Thiersant, 1872	2368319	Paramisgurnus dabryanus Dabry de Thiersant, 1872	12	SPECIES	ACCEPTED	Animalia	1	Chordata	44			Cypriniformes	1153	Cobitidae	3385	Paramisgurnus	7756499	Paramisgurnus dabryanus	2368319	NE
2490244	Anthus hodgsoni Richmond, 1907	2490244	Anthus hodgsoni Richmond, 1907	20	SPECIES	ACCEPTED	Animalia	1	Chordata	44	Aves	212	Passeriformes	729	Motacillidae	5257	Anthus	2490241	Anthus hodgsoni	2490244	LC
2494459	Carpodacus erythrinus (Pallas, 1770)	2494459	Carpodacus erythrinus (Pallas, 1770)	349	SPECIES	ACCEPTED	Animalia	1	Chordata	44	Aves	212	Passeriformes	729	Fringillidae	5242	Carpodacus	2494445	Carpodacus erythrinus	2494459	LC
6177939	Limosa limosa limosa	6177939	Limosa limosa limosa	1	SUBSPECIES	ACCEPTED	Animalia	1	Chordata	44	Aves	212	Charadriiformes	7192402	Scolopacidae	5282	Limosa	2481679	Limosa limosa	2481685	
9288935	Spatula rhynchotis (Latham, 1801)	9288935	Spatula rhynchotis (Latham, 1801)	1	SPECIES	ACCEPTED	Animalia	1	Chordata	44	Aves	212	Anseriformes	1108	Anatidae	2986	Spatula	4850990	Spatula rhynchotis	9288935	LC
11004366	Gallus domesticus	9326020	Gallus gallus (Linnaeus, 1758)	7	SPECIES	SYNONYM	Animalia	1	Chordata	44	Aves	212	Galliformes	723	Phasianidae	9331	Gallus	2473720	Gallus gallus	9326020	NE
2480764	Threskiornis aethiopicus (Latham, 1790)	2480764	Threskiornis aethiopicus (Latham, 1790)	70	SPECIES	ACCEPTED	Animalia	1	Chordata	44	Aves	212	Pelecaniformes	7190953	Threskiornithidae	5288	Threskiornis	2480763	Threskiornis aethiopicus	2480764	LC
2489670	Geothlypis trichas (Linnaeus, 1766)	2489670	Geothlypis trichas (Linnaeus, 1766)	50	SPECIES	ACCEPTED	Animalia	1	Chordata	44	Aves	212	Passeriformes	729	Parulidae	5263	Geothlypis	2489637	Geothlypis trichas	2489670	LC
5231763	Prunella modularis (Linnaeus, 1758)	5231763	Prunella modularis (Linnaeus, 1758)	5167	SPECIES	ACCEPTED	Animalia	1	Chordata	44	Aves	212	Passeriformes	729	Prunellidae	5273	Prunella	2495070	Prunella modularis	5231763	LC
6174992	Motacilla cinerea cinerea	6174992	Motacilla cinerea cinerea	3	SUBSPECIES	ACCEPTED	Animalia	1	Chordata	44	Aves	212	Passeriformes	729	Motacillidae	5257	Motacilla	2490295	Motacilla cinerea	2490310	
7705930	Sus scrofa Linnaeus, 1758	7705930	Sus scrofa Linnaeus, 1758	7089	SPECIES	ACCEPTED	Animalia	1	Chordata	44	Mammalia	359	Artiodactyla	731	Suidae	5302	Sus	2441213	Sus scrofa	7705930	LC
8160177	Neomys milleri Mottaz, 1907	8160177	Neomys milleri Mottaz, 1907	2	SPECIES	ACCEPTED	Animalia	1	Chordata	44	Mammalia	359	Soricomorpha	803	Soricidae	5534	Neomys	2435766	Neomys milleri	8160177	NE
9038122	Dendrocoptes medius medius	9038122	Dendrocoptes medius medius	8	SUBSPECIES	ACCEPTED	Animalia	1	Chordata	44	Aves	212	Piciformes	724	Picidae	9333	Dendrocoptes	4850317	Dendrocoptes medius	8773033	
2493012	Cettia cetti (Temminck, 1820)	2493012	Cettia cetti (Temminck, 1820)	123	SPECIES	ACCEPTED	Animalia	1	Chordata	44	Aves	212	Passeriformes	729	Cettiidae	6100900	Cettia	2492997	Cettia cetti	2493012	LC
2495455	Columba palumbus Linnaeus, 1758	2495455	Columba palumbus Linnaeus, 1758	35164	SPECIES	ACCEPTED	Animalia	1	Chordata	44	Aves	212	Columbiformes	1446	Columbidae	5233	Columba	2495404	Columba palumbus	2495455	LC
8750564	Suthora webbiana Gould, 1852	6100921	Sinosuthora webbiana (Gould, 1852)	3	SPECIES	SYNONYM	Animalia	1	Chordata	44	Aves	212	Passeriformes	729	Sylviidae	5285	Sinosuthora	6100920	Sinosuthora webbiana	6100921	LC
9676266	Anas crecca crecca	8214667	Anas crecca Linnaeus, 1758	13	SUBSPECIES	SYNONYM	Animalia	1	Chordata	44	Aves	212	Anseriformes	1108	Anatidae	2986	Anas	2498056	Anas crecca	8214667	
2436127	Talpa Linnaeus, 1758	2436127	Talpa Linnaeus, 1758	9	GENUS	ACCEPTED	Animalia	1	Chordata	44	Mammalia	359	Soricomorpha	803	Talpidae	9469	Talpa	2436127			NE
2473341	Numida meleagris (Linnaeus, 1758)	2473341	Numida meleagris (Linnaeus, 1758)	3	SPECIES	ACCEPTED	Animalia	1	Chordata	44	Aves	212	Galliformes	723	Numididae	5260	Numida	2473340	Numida meleagris	2473341	LC
2479964	Poicephalus senegalus (Linnaeus, 1766)	2479964	Poicephalus senegalus (Linnaeus, 1766)	1	SPECIES	ACCEPTED	Animalia	1	Chordata	44	Aves	212	Psittaciformes	1445	Psittacidae	9340	Poicephalus	2479946	Poicephalus senegalus	2479964	LC
6092830	Spinus spinus (Linnaeus, 1758)	6092830	Spinus spinus (Linnaeus, 1758)	8663	SPECIES	ACCEPTED	Animalia	1	Chordata	44	Aves	212	Passeriformes	729	Fringillidae	5242	Spinus	8051475	Spinus spinus	6092830	LC
6540376	Motacilla flava thunbergi Billberg, 1828	6540376	Motacilla flava thunbergi Billberg, 1828	4	SUBSPECIES	ACCEPTED	Animalia	1	Chordata	44	Aves	212	Passeriformes	729	Motacillidae	5257	Motacilla	2490295	Motacilla flava	9701857	
2498257	Aythya affinis (Eyton, 1838)	2498257	Aythya affinis (Eyton, 1838)	14	SPECIES	ACCEPTED	Animalia	1	Chordata	44	Aves	212	Anseriformes	1108	Anatidae	2986	Aythya	2498254	Aythya affinis	2498257	LC
2498285	Mergellus albellus (Linnaeus, 1758)	2498285	Mergellus albellus (Linnaeus, 1758)	248	SPECIES	ACCEPTED	Animalia	1	Chordata	44	Aves	212	Anseriformes	1108	Anatidae	2986	Mergellus	2498284	Mergellus albellus	2498285	LC
5219019	Mustela erminea Linnaeus, 1758	5219019	Mustela erminea Linnaeus, 1758	14194	SPECIES	ACCEPTED	Animalia	1	Chordata	44	Mammalia	359	Carnivora	732	Mustelidae	5307	Mustela	2433922	Mustela erminea	5219019	LC
6178511	Tachymarptis melba melba	6178511	Tachymarptis melba melba	2	SUBSPECIES	ACCEPTED	Animalia	1	Chordata	44	Aves	212	Apodiformes	1448	Apodidae	2993	Tachymarptis	8540301	Tachymarptis melba	2477411	
2432470	Myotis emarginatus (E.Geoffroy, 1806)	2432470	Myotis emarginatus (E.Geoffroy, 1806)	8307	SPECIES	ACCEPTED	Animalia	1	Chordata	44	Mammalia	359	Chiroptera	734	Vespertilionidae	9368	Myotis	2432384	Myotis emarginatus	2432470	LC
2436886	Sylvilagus floridanus (J.A.Allen, 1890)	2436886	Sylvilagus floridanus (J.A.Allen, 1890)	6	SPECIES	ACCEPTED	Animalia	1	Chordata	44	Mammalia	359	Lagomorpha	785	Leporidae	9379	Sylvilagus	2436839	Sylvilagus floridanus	2436886	LC
2481835	Lymnocryptes minimus (Brünnich, 1764)	2481835	Lymnocryptes minimus (Brünnich, 1764)	279	SPECIES	ACCEPTED	Animalia	1	Chordata	44	Aves	212	Charadriiformes	7192402	Scolopacidae	5282	Lymnocryptes	2481834	Lymnocryptes minimus	2481835	LC
2490681	Calandrella brachydactyla (Leisler, 1814)	2490681	Calandrella brachydactyla (Leisler, 1814)	70	SPECIES	ACCEPTED	Animalia	1	Chordata	44	Aves	212	Passeriformes	729	Alaudidae	7211	Calandrella	2490675	Calandrella brachydactyla	2490681	LC
2493549	Locustella fluviatilis (Wolf, 1810)	2493549	Locustella fluviatilis (Wolf, 1810)	26	SPECIES	ACCEPTED	Animalia	1	Chordata	44	Aves	212	Passeriformes	729	Locustellidae	6100825	Locustella	2493547	Locustella fluviatilis	2493549	LC
2494701	Carduelis spinus (Linnaeus, 1758)	6092830	Spinus spinus (Linnaeus, 1758)	98	SPECIES	SYNONYM	Animalia	1	Chordata	44	Aves	212	Passeriformes	729	Fringillidae	5242	Spinus	8051475	Spinus spinus	6092830	LC
6540362	Motacilla flava feldegg Michahelles, 1830	6540362	Motacilla flava feldegg Michahelles, 1830	3	SUBSPECIES	ACCEPTED	Animalia	1	Chordata	44	Aves	212	Passeriformes	729	Motacillidae	5257	Motacilla	2490295	Motacilla flava	9701857	
2480347	Balaeniceps rex Gould, 1850	2480347	Balaeniceps rex Gould, 1850	1	SPECIES	ACCEPTED	Animalia	1	Chordata	44	Aves	212	Pelecaniformes	7190953	Balaenicipitidae	4287242	Balaeniceps	2480346	Balaeniceps rex	2480347	VU
2481714	Tringa totanus (Linnaeus, 1758)	2481714	Tringa totanus (Linnaeus, 1758)	867	SPECIES	ACCEPTED	Animalia	1	Chordata	44	Aves	212	Charadriiformes	7192402	Scolopacidae	5282	Tringa	2481709	Tringa totanus	2481714	LC
2481740	Calidris temminckii (Leisler, 1812)	2481740	Calidris temminckii (Leisler, 1812)	271	SPECIES	ACCEPTED	Animalia	1	Chordata	44	Aves	212	Charadriiformes	7192402	Scolopacidae	5282	Calidris	2481739	Calidris temminckii	2481740	LC
2498010	Tadorna cana (J.F.Gmelin, 1789)	2498010	Tadorna cana (J.F.Gmelin, 1789)	18	SPECIES	ACCEPTED	Animalia	1	Chordata	44	Aves	212	Anseriformes	1108	Anatidae	2986	Tadorna	2498006	Tadorna cana	2498010	LC
5844008	Gallinula comeri (J.A.Allen, 1892)	5844008	Gallinula comeri (J.A.Allen, 1892)	2	SPECIES	ACCEPTED	Animalia	1	Chordata	44	Aves	212	Gruiformes	1493	Rallidae	9342	Gallinula	7918617	Gallinula comeri	5844008	VU
7668711	Linaria flavirostris (Linnaeus, 1758)	7668711	Linaria flavirostris (Linnaeus, 1758)	1	SPECIES	ACCEPTED	Animalia	1	Chordata	44	Aves	212	Passeriformes	729	Fringillidae	5242	Linaria	8741507	Linaria flavirostris	7668711	LC
8773033	Dendrocoptes medius (Linnaeus, 1758)	8773033	Dendrocoptes medius (Linnaeus, 1758)	1192	SPECIES	ACCEPTED	Animalia	1	Chordata	44	Aves	212	Piciformes	724	Picidae	9333	Dendrocoptes	4850317	Dendrocoptes medius	8773033	NE
2426662	Rana ridibunda Pallas, 1771	2426661	Pelophylax ridibundus (Pallas, 1771)	11	SPECIES	SYNONYM	Animalia	1	Chordata	44	Amphibia	131	Anura	952	Ranidae	6746	Pelophylax	2426629	Pelophylax ridibundus	2426661	LC
2480332	Pluvialis apricaria (Linnaeus, 1758)	2480332	Pluvialis apricaria (Linnaeus, 1758)	176	SPECIES	ACCEPTED	Animalia	1	Chordata	44	Aves	212	Charadriiformes	7192402	Charadriidae	2480210	Pluvialis	2480326	Pluvialis apricaria	2480332	LC
2480495	Circus pygargus (Linnaeus, 1758)	2480495	Circus pygargus (Linnaeus, 1758)	209	SPECIES	ACCEPTED	Animalia	1	Chordata	44	Aves	212	Accipitriformes	7191147	Accipitridae	2877	Circus	2480481	Circus pygargus	2480495	LC
2481178	Larus genei Brème, 1839	6065810	Chroicocephalus genei (Brème, 1839)	15	SPECIES	SYNONYM	Animalia	1	Chordata	44	Aves	212	Charadriiformes	7192402	Laridae	9316	Chroicocephalus	4848452	Chroicocephalus genei	6065810	LC
2482001	Oceanodroma castro (Harcourt, 1851)	2482001	Oceanodroma castro (Harcourt, 1851)	15	SPECIES	ACCEPTED	Animalia	1	Chordata	44	Aves	212	Procellariiformes	7192755	Hydrobatidae	5249	Oceanodroma	2481998	Oceanodroma castro	2482001	LC
2482051	Podiceps grisegena (Boddaert, 1783)	2482051	Podiceps grisegena (Boddaert, 1783)	798	SPECIES	ACCEPTED	Animalia	1	Chordata	44	Aves	212	Podicipediformes	7191588	Podicipedidae	9338	Podiceps	2482049	Podiceps grisegena	2482051	LC
7341988	Muscicapa striata striata	7341988	Muscicapa striata striata	15	SUBSPECIES	ACCEPTED	Animalia	1	Chordata	44	Aves	212	Passeriformes	729	Muscicapidae	9322	Muscicapa	2483240	Muscicapa striata	2492576	
8249990	Ardenna grisea (J.F.Gmelin, 1789)	5739277	Puffinus griseus (Gmelin, 1789)	2	SPECIES	SYNONYM	Animalia	1	Chordata	44	Aves	212	Procellariiformes	7192755	Procellariidae	9339	Puffinus	5229335	Puffinus griseus	5739277	NT
2481798	Actitis macularius (Linnaeus, 1766)	2481798	Actitis macularius (Linnaeus, 1766)	83	SPECIES	ACCEPTED	Animalia	1	Chordata	44	Aves	212	Charadriiformes	7192402	Scolopacidae	5282	Actitis	2481797	Actitis macularius	2481798	LC
5229252	Sterna fuscata Linnaeus, 1766	7192429	Onychoprion fuscatus fuscatus	15	SPECIES	SYNONYM	Animalia	1	Chordata	44	Aves	212	Charadriiformes	7192402	Laridae	9316	Onychoprion	3241980	Onychoprion fuscatus	5789284	LC
7261469	Sus scrofa scrofa	7261469	Sus scrofa scrofa	1	SUBSPECIES	ACCEPTED	Animalia	1	Chordata	44	Mammalia	359	Artiodactyla	731	Suidae	5302	Sus	2441213	Sus scrofa	7705930	
8867685	Coloeus monedula monedula	8867685	Coloeus monedula monedula	1	SUBSPECIES	ACCEPTED	Animalia	1	Chordata	44	Aves	212	Passeriformes	729	Corvidae	5235	Coloeus	4852454	Coloeus monedula	6100954	
2351271	Salvelinus fontinalis (Mitchill, 1814)	2351271	Salvelinus fontinalis (Mitchill, 1814)	494	SPECIES	ACCEPTED	Animalia	1	Chordata	44			Salmoniformes	1313	Salmonidae	8615	Salvelinus	2351241	Salvelinus fontinalis	2351271	NE
2426788	Rana latastei Boulenger, 1879	2426788	Rana latastei Boulenger, 1879	452	SPECIES	ACCEPTED	Animalia	1	Chordata	44	Amphibia	131	Anura	952	Ranidae	6746	Rana	2422253	Rana latastei	2426788	VU
2475215	Musophaga violacea Isert, 1788	2475215	Musophaga violacea Isert, 1788	1	SPECIES	ACCEPTED	Animalia	1	Chordata	44	Aves	212	Musophagiformes	1444	Musophagidae	5258	Musophaga	2475213	Musophaga violacea	2475215	LC
2480308	Charadrius asiaticus Pallas, 1773	2480308	Charadrius asiaticus Pallas, 1773	15	SPECIES	ACCEPTED	Animalia	1	Chordata	44	Aves	212	Charadriiformes	7192402	Charadriidae	2480210	Charadrius	2480277	Charadrius asiaticus	2480308	LC
6100921	Sinosuthora webbiana (Gould, 1852)	6100921	Sinosuthora webbiana (Gould, 1852)	1	SPECIES	ACCEPTED	Animalia	1	Chordata	44	Aves	212	Passeriformes	729	Sylviidae	5285	Sinosuthora	6100920	Sinosuthora webbiana	6100921	LC
7191157	Buteo buteo buteo	7191157	Buteo buteo buteo	29	SUBSPECIES	ACCEPTED	Animalia	1	Chordata	44	Aves	212	Accipitriformes	7191147	Accipitridae	2877	Buteo	2480517	Buteo buteo	2480537	
2492960	Sylvia curruca (Linnaeus, 1758)	2492960	Sylvia curruca (Linnaeus, 1758)	1340	SPECIES	ACCEPTED	Animalia	1	Chordata	44	Aves	212	Passeriformes	729	Sylviidae	5285	Sylvia	2492941	Sylvia curruca	2492960	LC
5228199	Gallinula chloropus (Linnaeus, 1758)	5228199	Gallinula chloropus (Linnaeus, 1758)	16109	SPECIES	ACCEPTED	Animalia	1	Chordata	44	Aves	212	Gruiformes	1493	Rallidae	9342	Gallinula	7918617	Gallinula chloropus	5228199	LC
5229377	Puffinus yelkouan (Acerbi, 1827)	5229377	Puffinus yelkouan (Acerbi, 1827)	16	SPECIES	ACCEPTED	Animalia	1	Chordata	44	Aves	212	Procellariiformes	7192755	Procellariidae	9339	Puffinus	5229335	Puffinus yelkouan	5229377	VU
7193629	Carassius auratus auratus	4286942	Carassius auratus (Linnaeus, 1758)	2	SUBSPECIES	SYNONYM	Animalia	1	Chordata	44			Cypriniformes	1153	Cyprinidae	7336	Carassius	7396773	Carassius auratus	4286942	
10095118	Microcarbo pygmaeus (Pallas, 1773)	10095118	Microcarbo pygmaeus (Pallas, 1773)	314	SPECIES	ACCEPTED	Animalia	1	Chordata	44	Aves	212	Suliformes	7192775	Phalacrocoracidae	5268	Microcarbo	8296977	Microcarbo pygmaeus	10095118	LC
2493551	Locustella luscinioides (Savi, 1824)	2493551	Locustella luscinioides (Savi, 1824)	1449	SPECIES	ACCEPTED	Animalia	1	Chordata	44	Aves	212	Passeriformes	729	Locustellidae	6100825	Locustella	2493547	Locustella luscinioides	2493551	LC
4284021	Salvelinus alpinus (Linnaeus, 1758)	4284021	Salvelinus alpinus (Linnaeus, 1758)	3	SPECIES	ACCEPTED	Animalia	1	Chordata	44			Salmoniformes	1313	Salmonidae	8615	Salvelinus	2351241	Salvelinus alpinus	4284021	LC
7340996	Locustella luscinioides luscinioides	7340996	Locustella luscinioides luscinioides	4	SUBSPECIES	ACCEPTED	Animalia	1	Chordata	44	Aves	212	Passeriformes	729	Locustellidae	6100825	Locustella	2493547	Locustella luscinioides	2493551	
9258044	Pelophylax lessonae lessonae	9258044	Pelophylax lessonae lessonae	2	SUBSPECIES	ACCEPTED	Animalia	1	Chordata	44	Amphibia	131	Anura	952	Ranidae	6746	Pelophylax	2426629	Pelophylax lessonae	2426654	
9529916	Bufotes viridis (Laurenti, 1768)	9529916	Bufotes viridis (Laurenti, 1768)	33	SPECIES	ACCEPTED	Animalia	1	Chordata	44	Amphibia	131	Anura	952	Bufonidae	6727	Bufotes	4817029	Bufotes viridis	9529916	LC
2478026	Dendrocopos medius (Linnaeus, 1758)	8773033	Dendrocoptes medius (Linnaeus, 1758)	31	SPECIES	SYNONYM	Animalia	1	Chordata	44	Aves	212	Piciformes	724	Picidae	9333	Dendrocoptes	4850317	Dendrocoptes medius	8773033	LC
4408785	Zoothera aurea (Holandre, 1825)	4408785	Zoothera aurea (Holandre, 1825)	15	SPECIES	ACCEPTED	Animalia	1	Chordata	44	Aves	212	Passeriformes	729	Turdidae	5290	Zoothera	2490889	Zoothera aurea	4408785	LC
6164290	Vulpes vulpes crucigera (Bechstein, 1789)	6164290	Vulpes vulpes crucigera (Bechstein, 1789)	27	SUBSPECIES	ACCEPTED	Animalia	1	Chordata	44	Mammalia	359	Carnivora	732	Canidae	9701	Vulpes	5219234	Vulpes vulpes	5219243	
7341448	Tichodroma muraria muraria	7341448	Tichodroma muraria muraria	3	SUBSPECIES	ACCEPTED	Animalia	1	Chordata	44	Aves	212	Passeriformes	729	Tichodromidae	6101032	Tichodroma	2484917	Tichodroma muraria	2484918	
2362486	Hypophthalmichthys nobilis (Richardson, 1845)	2362486	Hypophthalmichthys nobilis (Richardson, 1845)	7	SPECIES	ACCEPTED	Animalia	1	Chordata	44			Cypriniformes	1153	Cyprinidae	7336	Hypophthalmichthys	2362472	Hypophthalmichthys nobilis	2362486	DD
2480327	Pluvialis squatarola (Linnaeus, 1758)	2480327	Pluvialis squatarola (Linnaeus, 1758)	217	SPECIES	ACCEPTED	Animalia	1	Chordata	44	Aves	212	Charadriiformes	7192402	Charadriidae	2480210	Pluvialis	2480326	Pluvialis squatarola	2480327	LC
2493219	Hippolais olivetorum (Strickland, 1837)	2493219	Hippolais olivetorum (Strickland, 1837)	15	SPECIES	ACCEPTED	Animalia	1	Chordata	44	Aves	212	Passeriformes	729	Acrocephalidae	6101019	Hippolais	2493213	Hippolais olivetorum	2493219	LC
2494642	Carduelis chloris (Linnaeus, 1758)	5845582	Chloris chloris (Linnaeus, 1758)	392	SPECIES	SYNONYM	Animalia	1	Chordata	44	Aves	212	Passeriformes	729	Fringillidae	5242	Chloris	3241514	Chloris chloris	5845582	LC
6159346	Podarcis muralis nigriventris Bonaparte, 1838	6159346	Podarcis muralis nigriventris Bonaparte, 1838	12	SUBSPECIES	ACCEPTED	Animalia	1	Chordata	44	Squamata	11592253			Lacertidae	5201	Podarcis	2468993	Podarcis muralis	2469188	
8722993	Phelsuma v-nigra comoraegrandensis Meier, 1986	8722993	Phelsuma v-nigra comoraegrandensis Meier, 1986	1	SUBSPECIES	ACCEPTED	Animalia	1	Chordata	44	Squamata	11592253			Gekkonidae	5666	Phelsuma	2447418	Phelsuma nigra	2447511	
2474863	Chlamydotis macqueenii (J.E.Gray, 1832)	2474863	Chlamydotis macqueenii (J.E.Gray, 1832)	1	SPECIES	ACCEPTED	Animalia	1	Chordata	44	Aves	212	Otidiformes	8708973	Otididae	9610	Chlamydotis	2474862	Chlamydotis macqueenii	2474863	VU
2481743	Calidris maritima (Brünnich, 1764)	2481743	Calidris maritima (Brünnich, 1764)	29	SPECIES	ACCEPTED	Animalia	1	Chordata	44	Aves	212	Charadriiformes	7192402	Scolopacidae	5282	Calidris	2481739	Calidris maritima	2481743	LC
2489005	Acridotheres tristis (Linnaeus, 1766)	2489005	Acridotheres tristis (Linnaeus, 1766)	15	SPECIES	ACCEPTED	Animalia	1	Chordata	44	Aves	212	Passeriformes	729	Sturnidae	9350	Acridotheres	2489003	Acridotheres tristis	2489005	LC
2493071	Phylloscopus borealis (J.H.Blasius, 1858)	2493071	Phylloscopus borealis (J.H.Blasius, 1858)	15	SPECIES	ACCEPTED	Animalia	1	Chordata	44	Aves	212	Passeriformes	729	Phylloscopidae	6100963	Phylloscopus	2493047	Phylloscopus borealis	2493071	LC
6093744	Lophophanes cristatus mitratus (C.L.Brehm, 1831)	6093744	Lophophanes cristatus mitratus (C.L.Brehm, 1831)	9	SUBSPECIES	ACCEPTED	Animalia	1	Chordata	44	Aves	212	Passeriformes	729	Paridae	9327	Lophophanes	2487881	Lophophanes cristatus	2487883	
6157026	Trachemys scripta elegans (Wied, 1838)	6157026	Trachemys scripta elegans (Wied, 1838)	167	SUBSPECIES	ACCEPTED	Animalia	1	Chordata	44	Testudines	11418114			Emydidae	5465	Trachemys	2442941	Trachemys scripta	2443002	LC
2375447	Padogobius bonelli (Bonaparte, 1846)	2375447	Padogobius bonelli (Bonaparte, 1846)	26	SPECIES	ACCEPTED	Animalia	1	Chordata	44			Perciformes	587	Gobiidae	4274	Padogobius	2375442	Padogobius bonelli	2375447	LC
2490669	Galerida cristata (Linnaeus, 1758)	2490669	Galerida cristata (Linnaeus, 1758)	23	SPECIES	ACCEPTED	Animalia	1	Chordata	44	Aves	212	Passeriformes	729	Alaudidae	7211	Galerida	2490666	Galerida cristata	2490669	LC
2493698	Amandava amandava (Linnaeus, 1758)	2493698	Amandava amandava (Linnaeus, 1758)	16	SPECIES	ACCEPTED	Animalia	1	Chordata	44	Aves	212	Passeriformes	729	Estrildidae	5709	Amandava	2493695	Amandava amandava	2493698	LC
5218887	Martes foina (Erxleben, 1777)	5218887	Martes foina (Erxleben, 1777)	35618	SPECIES	ACCEPTED	Animalia	1	Chordata	44	Mammalia	359	Carnivora	732	Mustelidae	5307	Martes	2433765	Martes foina	5218887	LC
5231245	Oenanthe isabellina (Temminck, 1829)	5231245	Oenanthe isabellina (Temminck, 1829)	18	SPECIES	ACCEPTED	Animalia	1	Chordata	44	Aves	212	Passeriformes	729	Muscicapidae	9322	Oenanthe	2492483	Oenanthe isabellina	5231245	LC
8140485	Perca fluviatilis Linnaeus, 1758	8140485	Perca fluviatilis Linnaeus, 1758	2427	SPECIES	ACCEPTED	Animalia	1	Chordata	44			Perciformes	587	Percidae	4481	Perca	2334781	Perca fluviatilis	8140485	LC
2986	Anatidae	2986	Anatidae	102	FAMILY	ACCEPTED	Animalia	1	Chordata	44	Aves	212	Anseriformes	1108	Anatidae	2986					NE
6750	Salamandridae	6750	Salamandridae	1	FAMILY	ACCEPTED	Animalia	1	Chordata	44	Amphibia	131	Caudata	953	Salamandridae	6750					NE
2477872	Dryocopus martius (Linnaeus, 1758)	2477872	Dryocopus martius (Linnaeus, 1758)	5755	SPECIES	ACCEPTED	Animalia	1	Chordata	44	Aves	212	Piciformes	724	Picidae	9333	Dryocopus	2477865	Dryocopus martius	2477872	LC
6174994	Motacilla flava flava	6174994	Motacilla flava flava	20	SUBSPECIES	ACCEPTED	Animalia	1	Chordata	44	Aves	212	Passeriformes	729	Motacillidae	5257	Motacilla	2490295	Motacilla flava	9701857	
8426551	Passer italiae (Vieillot, 1817)	8426551	Passer italiae (Vieillot, 1817)	3002	SPECIES	ACCEPTED	Animalia	1	Chordata	44	Aves	212	Passeriformes	729	Passeridae	5264	Passer	2492321	Passer italiae	8426551	VU
2482513	Corvus frugilegus Linnaeus, 1758	2482513	Corvus frugilegus Linnaeus, 1758	7681	SPECIES	ACCEPTED	Animalia	1	Chordata	44	Aves	212	Passeriformes	729	Corvidae	5235	Corvus	2482468	Corvus frugilegus	2482513	LC
2495494	Geopelia cuneata (Latham, 1801)	2495494	Geopelia cuneata (Latham, 1801)	3	SPECIES	ACCEPTED	Animalia	1	Chordata	44	Aves	212	Columbiformes	1446	Columbidae	5233	Geopelia	2495485	Geopelia cuneata	2495494	LC
5206720	Barbus caninus Bonaparte, 1839	5206720	Barbus caninus Bonaparte, 1839	59	SPECIES	ACCEPTED	Animalia	1	Chordata	44			Cypriniformes	1153	Cyprinidae	7336	Barbus	9183743	Barbus caninus	5206720	EN
5231235	Oenanthe hispanica (Linnaeus, 1758)	5231235	Oenanthe hispanica (Linnaeus, 1758)	16	SPECIES	ACCEPTED	Animalia	1	Chordata	44	Aves	212	Passeriformes	729	Muscicapidae	9322	Oenanthe	2492483	Oenanthe hispanica	5231235	LC
9465111	Anthus richardi Vieillot, 1818	9465111	Anthus richardi Vieillot, 1818	14	SPECIES	ACCEPTED	Animalia	1	Chordata	44	Aves	212	Passeriformes	729	Motacillidae	5257	Anthus	2490241	Anthus richardi	9465111	LC
9583342	Spatula puna (Tschudi, 1844)	9583342	Spatula puna (Tschudi, 1844)	1	SPECIES	ACCEPTED	Animalia	1	Chordata	44	Aves	212	Anseriformes	1108	Anatidae	2986	Spatula	4850990	Spatula puna	9583342	LC
2480339	Thinornis G.R.Gray, 1844	2480339	Thinornis G.R.Gray, 1844	25	GENUS	ACCEPTED	Animalia	1	Chordata	44	Aves	212	Charadriiformes	7192402	Charadriidae	2480210	Thinornis	2480339			NE
2482552	Pyrrhocorax pyrrhocorax (Linnaeus, 1758)	2482552	Pyrrhocorax pyrrhocorax (Linnaeus, 1758)	291	SPECIES	ACCEPTED	Animalia	1	Chordata	44	Aves	212	Passeriformes	729	Corvidae	5235	Pyrrhocorax	2482551	Pyrrhocorax pyrrhocorax	2482552	LC
2492605	Ficedula parva (Bechstein, 1792)	2492605	Ficedula parva (Bechstein, 1792)	22	SPECIES	ACCEPTED	Animalia	1	Chordata	44	Aves	212	Passeriformes	729	Muscicapidae	9322	Ficedula	2492596	Ficedula parva	2492605	LC
2366634	Carassius gibelio (Bloch, 1782)	2366634	Carassius gibelio (Bloch, 1782)	57	SPECIES	ACCEPTED	Animalia	1	Chordata	44			Cypriniformes	1153	Cyprinidae	7336	Carassius	7396773	Carassius gibelio	2366634	NE
2426760	Rana dalmatina Fitzinger, 1838	2426760	Rana dalmatina Fitzinger, 1838	14	SPECIES	ACCEPTED	Animalia	1	Chordata	44	Amphibia	131	Anura	952	Ranidae	6746	Rana	2422253	Rana dalmatina	2426760	NE
2435240	Lynx lynx (Linnaeus, 1758)	2435240	Lynx lynx (Linnaeus, 1758)	29591	SPECIES	ACCEPTED	Animalia	1	Chordata	44	Mammalia	359	Carnivora	732	Felidae	9703	Lynx	2435239	Lynx lynx	2435240	LC
2481991	Pelagodroma marina (Latham, 1790)	2481991	Pelagodroma marina (Latham, 1790)	15	SPECIES	ACCEPTED	Animalia	1	Chordata	44	Aves	212	Procellariiformes	7192755	Hydrobatidae	5249	Pelagodroma	9374203	Pelagodroma marina	2481991	LC
2490266	Anthus pratensis (Linnaeus, 1758)	2490266	Anthus pratensis (Linnaeus, 1758)	3182	SPECIES	ACCEPTED	Animalia	1	Chordata	44	Aves	212	Passeriformes	729	Motacillidae	5257	Anthus	2490241	Anthus pratensis	2490266	LC
2494329	Coccothraustes coccothraustes (Linnaeus, 1758)	2494329	Coccothraustes coccothraustes (Linnaeus, 1758)	4624	SPECIES	ACCEPTED	Animalia	1	Chordata	44	Aves	212	Passeriformes	729	Fringillidae	5242	Coccothraustes	2494310	Coccothraustes coccothraustes	2494329	LC
6175765	Alcedo atthis ispida Linnaeus, 1758	6175765	Alcedo atthis ispida Linnaeus, 1758	2	SUBSPECIES	ACCEPTED	Animalia	1	Chordata	44	Aves	212	Coraciiformes	1447	Alcedinidae	2984	Alcedo	2475493	Alcedo atthis	2475532	
9496048	Spatula hottentota (Eyton, 1838)	9496048	Spatula hottentota (Eyton, 1838)	2	SPECIES	ACCEPTED	Animalia	1	Chordata	44	Aves	212	Anseriformes	1108	Anatidae	2986	Spatula	4850990	Spatula hottentota	9496048	LC
2481780	Limicola falcinellus (Pontoppidan, 1763)	7537888	Calidris falcinellus (Pontoppidan, 1763)	15	SPECIES	SYNONYM	Animalia	1	Chordata	44	Aves	212	Charadriiformes	7192402	Scolopacidae	5282	Calidris	2481739	Calidris falcinellus	7537888	LC
2480506	Aquila chrysaetos (Linnaeus, 1758)	2480506	Aquila chrysaetos (Linnaeus, 1758)	3845	SPECIES	ACCEPTED	Animalia	1	Chordata	44	Aves	212	Accipitriformes	7191147	Accipitridae	2877	Aquila	2480498	Aquila chrysaetos	2480506	LC
2493591	Padda oryzivora (Linnaeus, 1758)	4845776	Lonchura oryzivora (Linnaeus, 1758)	2	SPECIES	SYNONYM	Animalia	1	Chordata	44	Aves	212	Passeriformes	729	Estrildidae	5709	Lonchura	2493593	Lonchura oryzivora	4845776	EN
7807208	Cottus gobio Linnaeus, 1758	7807208	Cottus gobio Linnaeus, 1758	6471	SPECIES	ACCEPTED	Animalia	1	Chordata	44			Scorpaeniformes	590	Cottidae	8621	Cottus	2334066	Cottus gobio	7807208	LC
9685907	Falco sparverius Linnaeus, 1758	9685907	Falco sparverius Linnaeus, 1758	1	SPECIES	ACCEPTED	Animalia	1	Chordata	44	Aves	212	Falconiformes	7191407	Falconidae	5240	Falco	2480996	Falco sparverius	9685907	LC
2433765	Martes Pinel, 1792	2433765	Martes Pinel, 1792	1	GENUS	ACCEPTED	Animalia	1	Chordata	44	Mammalia	359	Carnivora	732	Mustelidae	5307	Martes	2433765			NE
2491482	Emberiza hortulana Linnaeus, 1758	2491482	Emberiza hortulana Linnaeus, 1758	304	SPECIES	ACCEPTED	Animalia	1	Chordata	44	Aves	212	Passeriformes	729	Emberizidae	9608	Emberiza	2491468	Emberiza hortulana	2491482	LC
5229147	Vanellus leucurus (M.H.K.Lichtenstein, 1823)	5229147	Vanellus leucurus (M.H.K.Lichtenstein, 1823)	15	SPECIES	ACCEPTED	Animalia	1	Chordata	44	Aves	212	Charadriiformes	7192402	Charadriidae	2480210	Vanellus	3242344	Vanellus leucurus	5229147	LC
8732478	Acanthis flammea cabaret (P.L.Statius Müller, 1776)	8732478	Acanthis flammea cabaret (P.L.Statius Müller, 1776)	354	SUBSPECIES	ACCEPTED	Animalia	1	Chordata	44	Aves	212	Passeriformes	729	Fringillidae	5242	Acanthis	6782561	Acanthis flammea	5231630	
